episode,epsilon,total_reward,steps,success,wall_hits,penalty_entries,key_obtained,energy_left,end_event
0,0.05,86.0,48,1,4,0,1,2,GOAL_REACHED
1,0.05,73.0,49,1,7,0,1,1,GOAL_REACHED
2,0.05,-44.0,50,0,6,0,1,0,ENERGY_DEPLETED
3,0.05,106.0,44,1,0,0,1,6,GOAL_REACHED
4,0.05,98.0,44,1,2,0,1,6,GOAL_REACHED
5,0.05,90.0,44,1,4,0,1,6,GOAL_REACHED
6,0.05,90.0,44,1,4,0,1,6,GOAL_REACHED
7,0.05,99.0,47,1,1,0,1,3,GOAL_REACHED
8,0.05,90.0,44,1,4,0,1,6,GOAL_REACHED
9,0.05,72.0,46,1,8,0,1,4,GOAL_REACHED
10,0.05,102.0,48,1,0,0,1,2,GOAL_REACHED
11,0.05,-41.0,50,0,3,1,1,0,ENERGY_DEPLETED
12,0.05,84.0,50,1,4,0,1,0,GOAL_REACHED
13,0.05,81.0,49,1,5,0,1,1,GOAL_REACHED
14,0.05,83.0,50,1,2,1,1,0,GOAL_REACHED
15,0.05,98.0,44,1,2,0,1,6,GOAL_REACHED
16,0.05,83.0,47,1,5,0,1,3,GOAL_REACHED
17,0.05,84.0,50,1,4,0,1,0,GOAL_REACHED
18,0.05,-32.0,50,0,3,0,1,0,ENERGY_DEPLETED
19,0.05,90.0,44,1,4,0,1,6,GOAL_REACHED
20,0.05,-40.0,50,0,4,0,1,0,ENERGY_DEPLETED
21,0.05,91.0,47,1,3,0,1,3,GOAL_REACHED
22,0.05,94.0,48,1,2,0,1,2,GOAL_REACHED
23,0.05,95.0,46,1,0,1,1,4,GOAL_REACHED
24,0.05,-28.0,50,0,2,0,1,0,ENERGY_DEPLETED
25,0.05,-48.0,50,0,7,0,1,0,ENERGY_DEPLETED
26,0.05,-44.0,50,0,5,0,1,0,ENERGY_DEPLETED
27,0.05,-32.0,50,0,3,0,1,0,ENERGY_DEPLETED
28,0.05,-32.0,50,0,3,0,1,0,ENERGY_DEPLETED
29,0.05,76.0,50,1,6,0,1,0,GOAL_REACHED
30,0.05,-44.0,50,0,6,0,1,0,ENERGY_DEPLETED
31,0.05,-32.0,50,0,3,0,1,0,ENERGY_DEPLETED
32,0.05,-53.0,50,0,6,1,1,0,ENERGY_DEPLETED
33,0.05,-28.0,50,0,2,0,1,0,ENERGY_DEPLETED
34,0.05,96.0,46,1,2,0,1,4,GOAL_REACHED
35,0.05,-36.0,50,0,4,0,1,0,ENERGY_DEPLETED
36,0.05,86.0,48,1,4,0,1,2,GOAL_REACHED
37,0.05,85.0,48,1,2,1,1,2,GOAL_REACHED
38,0.05,86.0,48,1,4,0,1,2,GOAL_REACHED
39,0.05,94.0,48,1,2,0,1,2,GOAL_REACHED
40,0.05,-24.0,50,0,1,0,1,0,ENERGY_DEPLETED
41,0.05,-62.0,50,0,6,2,1,0,ENERGY_DEPLETED
42,0.05,88.0,46,1,4,0,1,4,GOAL_REACHED
43,0.05,-40.0,50,0,5,0,1,0,ENERGY_DEPLETED
44,0.05,84.0,50,1,4,0,1,0,GOAL_REACHED
45,0.05,84.0,50,1,4,0,1,0,GOAL_REACHED
46,0.05,84.0,50,1,4,0,1,0,GOAL_REACHED
47,0.05,-32.0,50,0,3,0,1,0,ENERGY_DEPLETED
48,0.05,75.0,50,1,4,1,1,0,GOAL_REACHED
49,0.05,-40.0,50,0,5,0,1,0,ENERGY_DEPLETED
50,0.05,91.0,47,1,3,0,1,3,GOAL_REACHED
51,0.05,-54.0,50,0,4,2,1,0,ENERGY_DEPLETED
52,0.05,-53.0,50,0,6,1,1,0,ENERGY_DEPLETED
53,0.05,77.0,48,1,4,1,1,2,GOAL_REACHED
54,0.05,-32.0,50,0,3,0,1,0,ENERGY_DEPLETED
55,0.05,88.0,46,1,4,0,1,4,GOAL_REACHED
56,0.05,92.0,50,1,2,0,1,0,GOAL_REACHED
57,0.05,-24.0,50,0,1,0,1,0,ENERGY_DEPLETED
58,0.05,89.0,49,1,3,0,1,1,GOAL_REACHED
59,0.05,97.0,49,1,1,0,1,1,GOAL_REACHED
60,0.05,88.0,46,1,4,0,1,4,GOAL_REACHED
61,0.05,-33.0,50,0,1,1,1,0,ENERGY_DEPLETED
62,0.05,-53.0,50,0,6,1,1,0,ENERGY_DEPLETED
63,0.05,-41.0,50,0,3,0,1,0,ENERGY_DEPLETED
64,0.05,96.0,46,1,2,0,1,4,GOAL_REACHED
65,0.05,91.0,47,1,3,0,1,3,GOAL_REACHED
66,0.05,102.0,48,1,0,0,1,2,GOAL_REACHED
67,0.05,-40.0,50,0,5,0,1,0,ENERGY_DEPLETED
68,0.05,-41.0,50,0,3,1,1,0,ENERGY_DEPLETED
69,0.05,87.0,46,1,2,1,1,4,GOAL_REACHED
70,0.05,89.0,49,1,3,0,1,1,GOAL_REACHED
71,0.05,98.0,44,1,2,0,1,6,GOAL_REACHED
72,0.05,94.0,48,1,2,0,1,2,GOAL_REACHED
73,0.05,98.0,44,1,2,0,1,6,GOAL_REACHED
74,0.05,-57.0,50,0,7,1,1,0,ENERGY_DEPLETED
75,0.05,84.0,50,1,4,0,1,0,GOAL_REACHED
76,0.05,92.0,50,1,2,0,1,0,GOAL_REACHED
77,0.05,96.0,46,1,2,0,1,4,GOAL_REACHED
78,0.05,90.0,44,1,4,0,1,6,GOAL_REACHED
79,0.05,98.0,44,1,2,0,1,6,GOAL_REACHED
80,0.05,-46.0,50,0,2,2,1,0,ENERGY_DEPLETED
81,0.05,97.0,49,1,1,0,1,1,GOAL_REACHED
82,0.05,-40.0,50,0,5,0,1,0,ENERGY_DEPLETED
83,0.05,83.0,50,1,2,1,1,0,GOAL_REACHED
84,0.05,-24.0,50,0,1,0,1,0,ENERGY_DEPLETED
85,0.05,84.0,50,1,4,0,1,0,GOAL_REACHED
86,0.05,-32.0,50,0,3,0,1,0,ENERGY_DEPLETED
87,0.05,96.0,46,1,2,0,1,4,GOAL_REACHED
88,0.05,80.0,46,1,6,0,1,4,GOAL_REACHED
89,0.05,-59.0,50,0,3,3,1,0,ENERGY_DEPLETED
90,0.05,76.0,50,1,6,0,1,0,GOAL_REACHED
91,0.05,89.0,49,1,3,0,1,1,GOAL_REACHED
92,0.05,80.0,49,1,3,1,1,1,GOAL_REACHED
93,0.05,92.0,50,1,2,0,1,0,GOAL_REACHED
94,0.05,-40.0,50,0,5,0,1,0,ENERGY_DEPLETED
95,0.05,-44.0,50,0,6,0,1,0,ENERGY_DEPLETED
96,0.05,106.0,44,1,0,0,1,6,GOAL_REACHED
97,0.05,-36.0,50,0,4,0,1,0,ENERGY_DEPLETED
98,0.05,78.0,48,1,6,0,1,2,GOAL_REACHED
99,0.05,88.0,46,1,4,0,1,4,GOAL_REACHED
100,0.05,-24.0,50,0,1,0,1,0,ENERGY_DEPLETED
101,0.05,80.0,46,1,6,0,1,4,GOAL_REACHED
102,0.05,88.0,46,1,4,0,1,4,GOAL_REACHED
103,0.05,-36.0,50,0,4,0,1,0,ENERGY_DEPLETED
104,0.05,-24.0,50,0,1,0,1,0,ENERGY_DEPLETED
105,0.05,99.0,47,1,1,0,1,3,GOAL_REACHED
106,0.05,-40.0,50,0,5,0,1,0,ENERGY_DEPLETED
107,0.05,88.0,46,1,4,0,1,4,GOAL_REACHED
108,0.05,-24.0,50,0,1,0,1,0,ENERGY_DEPLETED
109,0.05,96.0,46,1,2,0,1,4,GOAL_REACHED
110,0.05,-32.0,50,0,2,0,1,0,ENERGY_DEPLETED
111,0.05,-45.0,50,0,4,1,1,0,ENERGY_DEPLETED
112,0.05,96.0,46,1,2,0,1,4,GOAL_REACHED
113,0.05,-36.0,50,0,4,0,1,0,ENERGY_DEPLETED
114,0.05,98.0,44,1,2,0,1,6,GOAL_REACHED
115,0.05,-32.0,50,0,3,0,1,0,ENERGY_DEPLETED
116,0.05,98.0,44,1,2,0,1,6,GOAL_REACHED
117,0.05,77.0,48,1,4,1,1,2,GOAL_REACHED
118,0.05,75.0,50,1,4,1,1,0,GOAL_REACHED
119,0.05,-52.0,50,0,7,0,1,0,ENERGY_DEPLETED
120,0.05,-40.0,50,0,5,0,1,0,ENERGY_DEPLETED
121,0.05,-32.0,50,0,3,0,1,0,ENERGY_DEPLETED
122,0.05,88.0,46,1,4,0,1,4,GOAL_REACHED
123,0.05,84.0,50,1,4,0,1,0,GOAL_REACHED
124,0.05,-28.0,50,0,2,0,1,0,ENERGY_DEPLETED
125,0.05,96.0,46,1,2,0,1,4,GOAL_REACHED
126,0.05,-33.0,50,0,1,1,1,0,ENERGY_DEPLETED
127,0.05,98.0,44,1,2,0,1,6,GOAL_REACHED
128,0.05,84.0,50,1,4,0,1,0,GOAL_REACHED
129,0.05,80.0,46,1,6,0,1,4,GOAL_REACHED
130,0.05,80.0,46,1,6,0,1,4,GOAL_REACHED
131,0.05,95.0,46,1,0,1,1,4,GOAL_REACHED
132,0.05,89.0,49,1,3,0,1,1,GOAL_REACHED
133,0.05,-40.0,50,0,5,0,1,0,ENERGY_DEPLETED
134,0.05,-32.0,50,0,3,0,1,0,ENERGY_DEPLETED
135,0.05,-36.0,50,0,4,0,1,0,ENERGY_DEPLETED
136,0.05,91.0,47,1,3,0,1,3,GOAL_REACHED
137,0.05,104.0,46,1,0,0,1,4,GOAL_REACHED
138,0.05,86.0,48,1,4,0,1,2,GOAL_REACHED
139,0.05,-32.0,50,0,3,0,1,0,ENERGY_DEPLETED
140,0.05,96.0,46,1,2,0,1,4,GOAL_REACHED
141,0.05,96.0,46,1,2,0,1,4,GOAL_REACHED
142,0.05,-36.0,50,0,4,0,1,0,ENERGY_DEPLETED
143,0.05,-56.0,50,0,8,0,1,0,ENERGY_DEPLETED
144,0.05,-28.0,50,0,2,0,1,0,ENERGY_DEPLETED
145,0.05,86.0,48,1,4,0,1,2,GOAL_REACHED
146,0.05,-60.0,50,0,10,0,1,0,ENERGY_DEPLETED
147,0.05,-28.0,50,0,2,0,1,0,ENERGY_DEPLETED
148,0.05,98.0,44,1,2,0,1,6,GOAL_REACHED
149,0.05,80.0,46,1,6,0,1,4,GOAL_REACHED
150,0.05,88.0,46,1,4,0,1,4,GOAL_REACHED
151,0.05,-32.0,50,0,3,0,1,0,ENERGY_DEPLETED
152,0.05,94.0,48,1,2,0,1,2,GOAL_REACHED
153,0.05,90.0,44,1,4,0,1,6,GOAL_REACHED
154,0.05,102.0,48,1,0,0,1,2,GOAL_REACHED
155,0.05,89.0,44,1,2,1,1,6,GOAL_REACHED
156,0.05,-37.0,50,0,2,1,1,0,ENERGY_DEPLETED
157,0.05,-28.0,50,0,2,0,1,0,ENERGY_DEPLETED
158,0.05,-45.0,50,0,4,1,1,0,ENERGY_DEPLETED
159,0.05,94.0,48,1,2,0,1,2,GOAL_REACHED
160,0.05,-32.0,50,0,3,0,1,0,ENERGY_DEPLETED
161,0.05,-28.0,50,0,2,0,1,0,ENERGY_DEPLETED
162,0.05,75.0,48,1,0,3,1,2,GOAL_REACHED
163,0.05,91.0,47,1,3,0,1,3,GOAL_REACHED
164,0.05,-24.0,50,0,1,0,1,0,ENERGY_DEPLETED
165,0.05,94.0,48,1,2,0,1,2,GOAL_REACHED
166,0.05,-40.0,50,0,5,0,1,0,ENERGY_DEPLETED
167,0.05,-40.0,50,0,5,0,1,0,ENERGY_DEPLETED
168,0.05,-60.0,50,0,10,0,1,0,ENERGY_DEPLETED
169,0.05,-49.0,50,0,4,1,1,0,ENERGY_DEPLETED
170,0.05,83.0,47,1,5,0,1,3,GOAL_REACHED
171,0.05,96.0,46,1,2,0,1,4,GOAL_REACHED
172,0.05,96.0,46,1,2,0,1,4,GOAL_REACHED
173,0.05,87.0,46,1,2,1,1,4,GOAL_REACHED
174,0.05,88.0,46,1,4,0,1,4,GOAL_REACHED
175,0.05,80.0,46,1,6,0,1,4,GOAL_REACHED
176,0.05,-40.0,50,0,5,0,1,0,ENERGY_DEPLETED
177,0.05,96.0,46,1,2,0,1,4,GOAL_REACHED
178,0.05,91.0,47,1,3,0,1,3,GOAL_REACHED
179,0.05,96.0,46,1,2,0,1,4,GOAL_REACHED
180,0.05,-28.0,50,0,2,0,1,0,ENERGY_DEPLETED
181,0.05,88.0,46,1,4,0,1,4,GOAL_REACHED
182,0.05,106.0,44,1,0,0,1,6,GOAL_REACHED
183,0.05,-48.0,50,0,7,0,1,0,ENERGY_DEPLETED
184,0.05,88.0,46,1,4,0,1,4,GOAL_REACHED
185,0.05,91.0,50,1,0,1,1,0,GOAL_REACHED
186,0.05,86.0,48,1,4,0,1,2,GOAL_REACHED
187,0.05,88.0,46,1,4,0,1,4,GOAL_REACHED
188,0.05,-24.0,50,0,1,0,1,0,ENERGY_DEPLETED
189,0.05,-45.0,50,0,4,1,1,0,ENERGY_DEPLETED
190,0.05,98.0,44,1,2,0,1,6,GOAL_REACHED
191,0.05,86.0,48,1,4,0,1,2,GOAL_REACHED
192,0.05,90.0,44,1,4,0,1,6,GOAL_REACHED
193,0.05,97.0,49,1,1,0,1,1,GOAL_REACHED
194,0.05,81.0,49,1,5,0,1,1,GOAL_REACHED
195,0.05,-24.0,50,0,1,0,1,0,ENERGY_DEPLETED
196,0.05,88.0,46,1,4,0,1,4,GOAL_REACHED
197,0.05,-28.0,50,0,2,0,1,0,ENERGY_DEPLETED
198,0.05,76.0,50,1,6,0,1,0,GOAL_REACHED
199,0.05,-48.0,50,0,7,0,1,0,ENERGY_DEPLETED
200,0.05,-32.0,50,0,3,0,1,0,ENERGY_DEPLETED
201,0.05,-32.0,50,0,3,0,1,0,ENERGY_DEPLETED
202,0.05,-28.0,50,0,2,0,1,0,ENERGY_DEPLETED
203,0.05,-24.0,50,0,1,0,1,0,ENERGY_DEPLETED
204,0.05,99.0,47,1,1,0,1,3,GOAL_REACHED
205,0.05,-20.0,50,0,0,0,1,0,ENERGY_DEPLETED
206,0.05,84.0,50,1,4,0,1,0,GOAL_REACHED
207,0.05,-28.0,50,0,2,0,1,0,ENERGY_DEPLETED
208,0.05,80.0,46,1,6,0,1,4,GOAL_REACHED
209,0.05,-45.0,50,0,4,1,1,0,ENERGY_DEPLETED
210,0.05,76.0,50,1,6,0,1,0,GOAL_REACHED
211,0.05,91.0,47,1,3,0,1,3,GOAL_REACHED
212,0.05,-32.0,50,0,3,0,1,0,ENERGY_DEPLETED
213,0.05,-28.0,50,0,2,0,1,0,ENERGY_DEPLETED
214,0.05,65.0,49,1,9,0,1,1,GOAL_REACHED
215,0.05,84.0,50,1,4,0,1,0,GOAL_REACHED
216,0.05,-48.0,50,0,7,0,1,0,ENERGY_DEPLETED
217,0.05,97.0,49,1,1,0,1,1,GOAL_REACHED
218,0.05,76.0,50,1,6,0,1,0,GOAL_REACHED
219,0.05,-40.0,50,0,5,0,1,0,ENERGY_DEPLETED
220,0.05,88.0,49,1,1,1,1,1,GOAL_REACHED
221,0.05,86.0,48,1,4,0,1,2,GOAL_REACHED
222,0.05,-44.0,50,0,6,0,1,0,ENERGY_DEPLETED
223,0.05,81.0,49,1,5,0,1,1,GOAL_REACHED
224,0.05,-28.0,50,0,2,0,1,0,ENERGY_DEPLETED
225,0.05,83.0,47,1,5,0,1,3,GOAL_REACHED
226,0.05,-37.0,50,0,2,1,1,0,ENERGY_DEPLETED
227,0.05,-20.0,50,0,0,0,1,0,ENERGY_DEPLETED
228,0.05,96.0,46,1,2,0,1,4,GOAL_REACHED
229,0.05,80.0,46,1,6,0,1,4,GOAL_REACHED
230,0.05,-36.0,50,0,4,0,1,0,ENERGY_DEPLETED
231,0.05,88.0,46,1,4,0,1,4,GOAL_REACHED
232,0.05,89.0,49,1,3,0,1,1,GOAL_REACHED
233,0.05,102.0,48,1,0,0,1,2,GOAL_REACHED
234,0.05,98.0,44,1,2,0,1,6,GOAL_REACHED
235,0.05,-48.0,50,0,7,0,1,0,ENERGY_DEPLETED
236,0.05,-58.0,50,0,5,2,1,0,ENERGY_DEPLETED
237,0.05,-60.0,50,0,10,0,1,0,ENERGY_DEPLETED
238,0.05,-32.0,50,0,3,0,1,0,ENERGY_DEPLETED
239,0.05,80.0,46,1,6,0,1,4,GOAL_REACHED
240,0.05,-32.0,50,0,3,0,1,0,ENERGY_DEPLETED
241,0.05,-32.0,50,0,3,0,1,0,ENERGY_DEPLETED
242,0.05,-40.0,50,0,5,0,1,0,ENERGY_DEPLETED
243,0.05,89.0,49,1,3,0,1,1,GOAL_REACHED
244,0.05,81.0,49,1,5,0,1,1,GOAL_REACHED
245,0.05,91.0,47,1,3,0,1,3,GOAL_REACHED
246,0.05,75.0,47,1,7,0,1,3,GOAL_REACHED
247,0.05,-32.0,50,0,3,0,1,0,ENERGY_DEPLETED
248,0.05,91.0,47,1,3,0,1,3,GOAL_REACHED
249,0.05,-41.0,50,0,3,1,1,0,ENERGY_DEPLETED
250,0.05,-36.0,50,0,4,0,1,0,ENERGY_DEPLETED
251,0.05,71.0,46,1,6,1,1,4,GOAL_REACHED
252,0.05,80.0,49,1,3,1,1,1,GOAL_REACHED
253,0.05,-24.0,50,0,1,0,1,0,ENERGY_DEPLETED
254,0.05,84.0,50,1,4,0,1,0,GOAL_REACHED
255,0.05,-45.0,50,0,4,1,1,0,ENERGY_DEPLETED
256,0.05,-48.0,50,0,7,0,1,0,ENERGY_DEPLETED
257,0.05,-32.0,50,0,3,0,1,0,ENERGY_DEPLETED
258,0.05,-52.0,50,0,8,0,1,0,ENERGY_DEPLETED
259,0.05,-32.0,50,0,3,0,1,0,ENERGY_DEPLETED
260,0.05,89.0,49,1,3,0,1,1,GOAL_REACHED
261,0.05,88.0,46,1,4,0,1,4,GOAL_REACHED
262,0.05,84.0,50,1,4,0,1,0,GOAL_REACHED
263,0.05,88.0,46,1,4,0,1,4,GOAL_REACHED
264,0.05,86.0,48,1,4,0,1,2,GOAL_REACHED
265,0.05,-32.0,50,0,3,0,1,0,ENERGY_DEPLETED
266,0.05,81.0,49,1,5,0,1,1,GOAL_REACHED
267,0.05,-24.0,50,0,1,0,1,0,ENERGY_DEPLETED
268,0.05,-33.0,50,0,0,1,1,0,ENERGY_DEPLETED
269,0.05,91.0,47,1,3,0,1,3,GOAL_REACHED
270,0.05,88.0,46,1,4,0,1,4,GOAL_REACHED
271,0.05,91.0,47,1,3,0,1,3,GOAL_REACHED
272,0.05,-44.0,50,0,6,0,1,0,ENERGY_DEPLETED
273,0.05,89.0,49,1,3,0,1,1,GOAL_REACHED
274,0.05,83.0,47,1,5,0,1,3,GOAL_REACHED
275,0.05,-40.0,50,0,5,0,1,0,ENERGY_DEPLETED
276,0.05,100.0,50,1,0,0,1,0,GOAL_REACHED
277,0.05,86.0,48,1,4,0,1,2,GOAL_REACHED
278,0.05,-40.0,50,0,5,0,1,0,ENERGY_DEPLETED
279,0.05,-45.0,50,0,4,1,1,0,ENERGY_DEPLETED
280,0.05,73.0,49,1,7,0,1,1,GOAL_REACHED
281,0.05,84.0,50,1,4,0,1,0,GOAL_REACHED
282,0.05,-56.0,50,0,9,0,1,0,ENERGY_DEPLETED
283,0.05,-36.0,50,0,4,0,1,0,ENERGY_DEPLETED
284,0.05,-32.0,50,0,3,0,1,0,ENERGY_DEPLETED
285,0.05,81.0,49,1,5,0,1,1,GOAL_REACHED
286,0.05,83.0,47,1,5,0,1,3,GOAL_REACHED
287,0.05,-36.0,50,0,4,0,1,0,ENERGY_DEPLETED
288,0.05,86.0,48,1,4,0,1,2,GOAL_REACHED
289,0.05,96.0,46,1,2,0,1,4,GOAL_REACHED
290,0.05,96.0,46,1,2,0,1,4,GOAL_REACHED
291,0.05,100.0,50,1,0,0,1,0,GOAL_REACHED
292,0.05,-40.0,50,0,5,0,1,0,ENERGY_DEPLETED
293,0.05,76.0,50,1,6,0,1,0,GOAL_REACHED
294,0.05,92.0,50,1,2,0,1,0,GOAL_REACHED
295,0.05,96.0,46,1,2,0,1,4,GOAL_REACHED
296,0.05,-24.0,50,0,1,0,1,0,ENERGY_DEPLETED
297,0.05,92.0,50,1,2,0,1,0,GOAL_REACHED
298,0.05,67.0,50,1,6,1,1,0,GOAL_REACHED
299,0.05,76.0,50,1,6,0,1,0,GOAL_REACHED
300,0.05,90.0,47,1,1,1,1,3,GOAL_REACHED
301,0.05,-48.0,50,0,7,0,1,0,ENERGY_DEPLETED
302,0.05,-28.0,50,0,2,0,1,0,ENERGY_DEPLETED
303,0.05,-28.0,50,0,2,0,1,0,ENERGY_DEPLETED
304,0.05,-24.0,50,0,1,0,1,0,ENERGY_DEPLETED
305,0.05,88.0,46,1,4,0,1,4,GOAL_REACHED
306,0.05,97.0,49,1,1,0,1,1,GOAL_REACHED
307,0.05,96.0,46,1,2,0,1,4,GOAL_REACHED
308,0.05,80.0,49,1,3,1,1,1,GOAL_REACHED
309,0.05,92.0,50,1,2,0,1,0,GOAL_REACHED
310,0.05,88.0,46,1,4,0,1,4,GOAL_REACHED
311,0.05,83.0,47,1,5,0,1,3,GOAL_REACHED
312,0.05,-44.0,50,0,6,0,1,0,ENERGY_DEPLETED
313,0.05,92.0,50,1,2,0,1,0,GOAL_REACHED
314,0.05,104.0,46,1,0,0,1,4,GOAL_REACHED
315,0.05,88.0,46,1,4,0,1,4,GOAL_REACHED
316,0.05,104.0,46,1,0,0,1,4,GOAL_REACHED
317,0.05,-40.0,50,0,5,0,1,0,ENERGY_DEPLETED
318,0.05,84.0,50,1,4,0,1,0,GOAL_REACHED
319,0.05,83.0,47,1,5,0,1,3,GOAL_REACHED
320,0.05,94.0,48,1,2,0,1,2,GOAL_REACHED
321,0.05,84.0,50,1,4,0,1,0,GOAL_REACHED
322,0.05,94.0,48,1,2,0,1,2,GOAL_REACHED
323,0.05,83.0,47,1,5,0,1,3,GOAL_REACHED
324,0.05,91.0,47,1,3,0,1,3,GOAL_REACHED
325,0.05,-24.0,50,0,1,0,1,0,ENERGY_DEPLETED
326,0.05,70.0,48,1,8,0,1,2,GOAL_REACHED
327,0.05,-36.0,50,0,4,0,1,0,ENERGY_DEPLETED
328,0.05,-40.0,50,0,5,0,1,0,ENERGY_DEPLETED
329,0.05,-44.0,50,0,6,0,1,0,ENERGY_DEPLETED
330,0.05,-48.0,50,0,6,0,1,0,ENERGY_DEPLETED
331,0.05,97.0,49,1,1,0,1,1,GOAL_REACHED
332,0.05,-61.0,50,0,8,1,1,0,ENERGY_DEPLETED
333,0.05,91.0,47,1,3,0,1,3,GOAL_REACHED
334,0.05,104.0,46,1,0,0,1,4,GOAL_REACHED
335,0.05,-36.0,50,0,4,0,1,0,ENERGY_DEPLETED
336,0.05,-32.0,50,0,3,0,1,0,ENERGY_DEPLETED
337,0.05,96.0,46,1,2,0,1,4,GOAL_REACHED
338,0.05,89.0,49,1,3,0,1,1,GOAL_REACHED
339,0.05,86.0,48,1,4,0,1,2,GOAL_REACHED
340,0.05,-32.0,50,0,3,0,1,0,ENERGY_DEPLETED
341,0.05,75.0,47,1,7,0,1,3,GOAL_REACHED
342,0.05,-32.0,50,0,3,0,1,0,ENERGY_DEPLETED
343,0.05,-32.0,50,0,3,0,1,0,ENERGY_DEPLETED
344,0.05,90.0,44,1,4,0,1,6,GOAL_REACHED
345,0.05,84.0,50,1,4,0,1,0,GOAL_REACHED
346,0.05,-24.0,50,0,1,0,1,0,ENERGY_DEPLETED
347,0.05,-36.0,50,0,4,0,1,0,ENERGY_DEPLETED
348,0.05,81.0,49,1,5,0,1,1,GOAL_REACHED
349,0.05,-32.0,50,0,3,0,1,0,ENERGY_DEPLETED
350,0.05,77.0,48,1,4,1,1,2,GOAL_REACHED
351,0.05,-28.0,50,0,2,0,1,0,ENERGY_DEPLETED
352,0.05,89.0,49,1,3,0,1,1,GOAL_REACHED
353,0.05,-64.0,50,0,11,0,1,0,ENERGY_DEPLETED
354,0.05,80.0,46,1,6,0,1,4,GOAL_REACHED
355,0.05,96.0,46,1,2,0,1,4,GOAL_REACHED
356,0.05,81.0,49,1,5,0,1,1,GOAL_REACHED
357,0.05,-44.0,50,0,6,0,1,0,ENERGY_DEPLETED
358,0.05,-28.0,50,0,2,0,1,0,ENERGY_DEPLETED
359,0.05,-40.0,50,0,4,0,1,0,ENERGY_DEPLETED
360,0.05,88.0,46,1,4,0,1,4,GOAL_REACHED
361,0.05,87.0,46,1,2,1,1,4,GOAL_REACHED
362,0.05,-36.0,50,0,4,0,1,0,ENERGY_DEPLETED
363,0.05,-65.0,50,0,9,1,1,0,ENERGY_DEPLETED
364,0.05,-28.0,50,0,2,0,1,0,ENERGY_DEPLETED
365,0.05,-36.0,50,0,4,0,1,0,ENERGY_DEPLETED
366,0.05,104.0,46,1,0,0,1,4,GOAL_REACHED
367,0.05,80.0,46,1,6,0,1,4,GOAL_REACHED
368,0.05,89.0,49,1,3,0,1,1,GOAL_REACHED
369,0.05,78.0,48,1,6,0,1,2,GOAL_REACHED
370,0.05,88.0,46,1,4,0,1,4,GOAL_REACHED
371,0.05,-24.0,50,0,1,0,1,0,ENERGY_DEPLETED
372,0.05,80.0,46,1,6,0,1,4,GOAL_REACHED
373,0.05,-49.0,50,0,5,1,1,0,ENERGY_DEPLETED
374,0.05,-48.0,50,0,7,0,1,0,ENERGY_DEPLETED
375,0.05,-48.0,50,0,6,0,1,0,ENERGY_DEPLETED
376,0.05,76.0,50,1,6,0,1,0,GOAL_REACHED
377,0.05,75.0,50,1,4,1,1,0,GOAL_REACHED
378,0.05,99.0,47,1,1,0,1,3,GOAL_REACHED
379,0.05,88.0,46,1,4,0,1,4,GOAL_REACHED
380,0.05,-41.0,50,0,3,1,1,0,ENERGY_DEPLETED
381,0.05,94.0,48,1,2,0,1,2,GOAL_REACHED
382,0.05,-40.0,50,0,5,0,1,0,ENERGY_DEPLETED
383,0.05,87.0,46,1,2,1,1,4,GOAL_REACHED
384,0.05,-60.0,50,0,9,0,1,0,ENERGY_DEPLETED
385,0.05,83.0,47,1,5,0,1,3,GOAL_REACHED
386,0.05,96.0,46,1,2,0,1,4,GOAL_REACHED
387,0.05,-36.0,50,0,4,0,1,0,ENERGY_DEPLETED
388,0.05,80.0,46,1,6,0,1,4,GOAL_REACHED
389,0.05,-28.0,50,0,2,0,1,0,ENERGY_DEPLETED
390,0.05,-45.0,50,0,4,1,1,0,ENERGY_DEPLETED
391,0.05,73.0,49,1,7,0,1,1,GOAL_REACHED
392,0.05,-24.0,50,0,1,0,1,0,ENERGY_DEPLETED
393,0.05,85.0,48,1,2,1,1,2,GOAL_REACHED
394,0.05,-37.0,50,0,2,1,1,0,ENERGY_DEPLETED
395,0.05,-41.0,50,0,3,1,1,0,ENERGY_DEPLETED
396,0.05,88.0,46,1,4,0,1,4,GOAL_REACHED
397,0.05,-36.0,50,0,4,0,1,0,ENERGY_DEPLETED
398,0.05,-32.0,50,0,3,0,1,0,ENERGY_DEPLETED
399,0.05,87.0,46,1,2,1,1,4,GOAL_REACHED
400,0.05,-28.0,50,0,2,0,1,0,ENERGY_DEPLETED
401,0.05,84.0,50,1,4,0,1,0,GOAL_REACHED
402,0.05,85.0,48,1,2,1,1,2,GOAL_REACHED
403,0.05,97.0,49,1,1,0,1,1,GOAL_REACHED
404,0.05,-24.0,50,0,1,0,1,0,ENERGY_DEPLETED
405,0.05,83.0,47,1,5,0,1,3,GOAL_REACHED
406,0.05,-49.0,50,0,5,1,1,0,ENERGY_DEPLETED
407,0.05,84.0,50,1,4,0,1,0,GOAL_REACHED
408,0.05,96.0,46,1,2,0,1,4,GOAL_REACHED
409,0.05,-45.0,50,0,4,1,1,0,ENERGY_DEPLETED
410,0.05,-28.0,50,0,2,0,1,0,ENERGY_DEPLETED
411,0.05,91.0,47,1,3,0,1,3,GOAL_REACHED
412,0.05,80.0,49,1,3,1,1,1,GOAL_REACHED
413,0.05,94.0,48,1,2,0,1,2,GOAL_REACHED
414,0.05,-32.0,50,0,3,0,1,0,ENERGY_DEPLETED
415,0.05,-36.0,50,0,4,0,1,0,ENERGY_DEPLETED
416,0.05,104.0,46,1,0,0,1,4,GOAL_REACHED
417,0.05,99.0,47,1,1,0,1,3,GOAL_REACHED
418,0.05,94.0,48,1,2,0,1,2,GOAL_REACHED
419,0.05,78.0,48,1,6,0,1,2,GOAL_REACHED
420,0.05,92.0,50,1,2,0,1,0,GOAL_REACHED
421,0.05,-32.0,50,0,3,0,1,0,ENERGY_DEPLETED
422,0.05,79.0,46,1,4,1,1,4,GOAL_REACHED
423,0.05,-28.0,50,0,2,0,1,0,ENERGY_DEPLETED
424,0.05,88.0,46,1,4,0,1,4,GOAL_REACHED
425,0.05,59.0,50,1,8,1,1,0,GOAL_REACHED
426,0.05,76.0,48,1,2,2,1,2,GOAL_REACHED
427,0.05,86.0,48,1,4,0,1,2,GOAL_REACHED
428,0.05,-45.0,50,0,4,1,1,0,ENERGY_DEPLETED
429,0.05,75.0,50,1,4,1,1,0,GOAL_REACHED
430,0.05,89.0,49,1,3,0,1,1,GOAL_REACHED
431,0.05,86.0,48,1,4,0,1,2,GOAL_REACHED
432,0.05,71.0,46,1,6,1,1,4,GOAL_REACHED
433,0.05,76.0,50,1,6,0,1,0,GOAL_REACHED
434,0.05,-48.0,50,0,7,0,1,0,ENERGY_DEPLETED
435,0.05,91.0,47,1,3,0,1,3,GOAL_REACHED
436,0.05,-40.0,50,0,5,0,1,0,ENERGY_DEPLETED
437,0.05,81.0,49,1,5,0,1,1,GOAL_REACHED
438,0.05,92.0,50,1,2,0,1,0,GOAL_REACHED
439,0.05,79.0,46,1,4,1,1,4,GOAL_REACHED
440,0.05,-40.0,50,0,5,0,1,0,ENERGY_DEPLETED
441,0.05,96.0,46,1,2,0,1,4,GOAL_REACHED
442,0.05,86.0,48,1,4,0,1,2,GOAL_REACHED
443,0.05,-28.0,50,0,2,0,1,0,ENERGY_DEPLETED
444,0.05,-40.0,50,0,5,0,1,0,ENERGY_DEPLETED
445,0.05,-49.0,50,0,5,1,1,0,ENERGY_DEPLETED
446,0.05,-36.0,50,0,4,0,1,0,ENERGY_DEPLETED
447,0.05,96.0,46,1,2,0,1,4,GOAL_REACHED
448,0.05,94.0,48,1,2,0,1,2,GOAL_REACHED
449,0.05,-53.0,50,0,6,1,1,0,ENERGY_DEPLETED
450,0.05,-40.0,50,0,5,0,1,0,ENERGY_DEPLETED
451,0.05,94.0,48,1,2,0,1,2,GOAL_REACHED
452,0.05,81.0,49,1,5,0,1,1,GOAL_REACHED
453,0.05,-36.0,50,0,4,0,1,0,ENERGY_DEPLETED
454,0.05,-48.0,50,0,6,0,1,0,ENERGY_DEPLETED
455,0.05,-36.0,50,0,4,0,1,0,ENERGY_DEPLETED
456,0.05,91.0,47,1,3,0,1,3,GOAL_REACHED
457,0.05,91.0,47,1,3,0,1,3,GOAL_REACHED
458,0.05,81.0,49,1,5,0,1,1,GOAL_REACHED
459,0.05,88.0,46,1,4,0,1,4,GOAL_REACHED
460,0.05,96.0,46,1,2,0,1,4,GOAL_REACHED
461,0.05,94.0,48,1,2,0,1,2,GOAL_REACHED
462,0.05,102.0,48,1,0,0,1,2,GOAL_REACHED
463,0.05,96.0,46,1,2,0,1,4,GOAL_REACHED
464,0.05,-41.0,50,0,3,1,1,0,ENERGY_DEPLETED
465,0.05,-28.0,50,0,2,0,1,0,ENERGY_DEPLETED
466,0.05,96.0,46,1,2,0,1,4,GOAL_REACHED
467,0.05,-40.0,50,0,5,0,1,0,ENERGY_DEPLETED
468,0.05,-52.0,50,0,7,0,1,0,ENERGY_DEPLETED
469,0.05,76.0,50,1,6,0,1,0,GOAL_REACHED
470,0.05,88.0,46,1,4,0,1,4,GOAL_REACHED
471,0.05,-40.0,50,0,5,0,1,0,ENERGY_DEPLETED
472,0.05,99.0,47,1,1,0,1,3,GOAL_REACHED
473,0.05,88.0,46,1,4,0,1,4,GOAL_REACHED
474,0.05,-32.0,50,0,3,0,1,0,ENERGY_DEPLETED
475,0.05,-28.0,50,0,2,0,1,0,ENERGY_DEPLETED
476,0.05,89.0,49,1,3,0,1,1,GOAL_REACHED
477,0.05,-32.0,50,0,3,0,1,0,ENERGY_DEPLETED
478,0.05,89.0,49,1,3,0,1,1,GOAL_REACHED
479,0.05,86.0,48,1,4,0,1,2,GOAL_REACHED
480,0.05,88.0,46,1,4,0,1,4,GOAL_REACHED
481,0.05,102.0,48,1,0,0,1,2,GOAL_REACHED
482,0.05,-54.0,50,0,4,2,1,0,ENERGY_DEPLETED
483,0.05,81.0,49,1,5,0,1,1,GOAL_REACHED
484,0.05,83.0,47,1,5,0,1,3,GOAL_REACHED
485,0.05,90.0,47,1,1,1,1,3,GOAL_REACHED
486,0.05,84.0,50,1,4,0,1,0,GOAL_REACHED
487,0.05,86.0,48,1,4,0,1,2,GOAL_REACHED
488,0.05,78.0,48,1,6,0,1,2,GOAL_REACHED
489,0.05,83.0,47,1,5,0,1,3,GOAL_REACHED
490,0.05,96.0,46,1,2,0,1,4,GOAL_REACHED
491,0.05,96.0,46,1,2,0,1,4,GOAL_REACHED
492,0.05,91.0,47,1,3,0,1,3,GOAL_REACHED
493,0.05,75.0,47,1,7,0,1,3,GOAL_REACHED
494,0.05,86.0,48,1,4,0,1,2,GOAL_REACHED
495,0.05,96.0,46,1,2,0,1,4,GOAL_REACHED
496,0.05,-44.0,50,0,6,0,1,0,ENERGY_DEPLETED
497,0.05,91.0,47,1,3,0,1,3,GOAL_REACHED
498,0.05,96.0,46,1,2,0,1,4,GOAL_REACHED
499,0.05,97.0,49,1,1,0,1,1,GOAL_REACHED
500,0.05,88.0,46,1,4,0,1,4,GOAL_REACHED
501,0.05,106.0,44,1,0,0,1,6,GOAL_REACHED
502,0.05,-33.0,50,0,1,1,1,0,ENERGY_DEPLETED
503,0.05,-29.0,50,0,0,1,1,0,ENERGY_DEPLETED
504,0.05,76.0,50,1,6,0,1,0,GOAL_REACHED
505,0.05,-44.0,50,0,6,0,1,0,ENERGY_DEPLETED
506,0.05,-48.0,50,0,6,0,1,0,ENERGY_DEPLETED
507,0.05,88.0,46,1,4,0,1,4,GOAL_REACHED
508,0.05,-40.0,50,0,4,0,1,0,ENERGY_DEPLETED
509,0.05,99.0,47,1,1,0,1,3,GOAL_REACHED
510,0.05,91.0,47,1,3,0,1,3,GOAL_REACHED
511,0.05,99.0,47,1,1,0,1,3,GOAL_REACHED
512,0.05,67.0,50,1,6,1,1,0,GOAL_REACHED
513,0.05,-42.0,50,0,1,2,1,0,ENERGY_DEPLETED
514,0.05,99.0,47,1,1,0,1,3,GOAL_REACHED
515,0.05,88.0,46,1,4,0,1,4,GOAL_REACHED
516,0.05,-45.0,50,0,4,1,1,0,ENERGY_DEPLETED
517,0.05,-28.0,50,0,2,0,1,0,ENERGY_DEPLETED
518,0.05,-41.0,50,0,3,1,1,0,ENERGY_DEPLETED
519,0.05,-32.0,50,0,3,0,1,0,ENERGY_DEPLETED
520,0.05,-32.0,50,0,3,0,1,0,ENERGY_DEPLETED
521,0.05,83.0,47,1,5,0,1,3,GOAL_REACHED
522,0.05,83.0,47,1,5,0,1,3,GOAL_REACHED
523,0.05,83.0,47,1,5,0,1,3,GOAL_REACHED
524,0.05,-56.0,50,0,8,0,1,0,ENERGY_DEPLETED
525,0.05,91.0,47,1,3,0,1,3,GOAL_REACHED
526,0.05,-48.0,50,0,7,0,1,0,ENERGY_DEPLETED
527,0.05,88.0,46,1,4,0,1,4,GOAL_REACHED
528,0.05,96.0,46,1,2,0,1,4,GOAL_REACHED
529,0.05,83.0,47,1,5,0,1,3,GOAL_REACHED
530,0.05,-40.0,50,0,5,0,1,0,ENERGY_DEPLETED
531,0.05,89.0,49,1,3,0,1,1,GOAL_REACHED
532,0.05,-32.0,50,0,3,0,1,0,ENERGY_DEPLETED
533,0.05,96.0,46,1,2,0,1,4,GOAL_REACHED
534,0.05,84.0,50,1,4,0,1,0,GOAL_REACHED
535,0.05,86.0,48,1,4,0,1,2,GOAL_REACHED
536,0.05,59.0,50,1,8,1,1,0,GOAL_REACHED
537,0.05,81.0,49,1,5,0,1,1,GOAL_REACHED
538,0.05,96.0,46,1,2,0,1,4,GOAL_REACHED
539,0.05,-24.0,50,0,1,0,1,0,ENERGY_DEPLETED
540,0.05,-40.0,50,0,5,0,1,0,ENERGY_DEPLETED
541,0.05,-36.0,50,0,4,0,1,0,ENERGY_DEPLETED
542,0.05,-28.0,50,0,2,0,1,0,ENERGY_DEPLETED
543,0.05,83.0,47,1,5,0,1,3,GOAL_REACHED
544,0.05,89.0,49,1,3,0,1,1,GOAL_REACHED
545,0.05,-48.0,50,0,7,0,1,0,ENERGY_DEPLETED
546,0.05,92.0,50,1,2,0,1,0,GOAL_REACHED
547,0.05,84.0,50,1,4,0,1,0,GOAL_REACHED
548,0.05,-32.0,50,0,2,0,1,0,ENERGY_DEPLETED
549,0.05,94.0,48,1,2,0,1,2,GOAL_REACHED
550,0.05,75.0,47,1,7,0,1,3,GOAL_REACHED
551,0.05,-56.0,50,0,8,0,1,0,ENERGY_DEPLETED
552,0.05,83.0,47,1,5,0,1,3,GOAL_REACHED
553,0.05,84.0,50,1,4,0,1,0,GOAL_REACHED
554,0.05,69.0,48,1,6,1,1,2,GOAL_REACHED
555,0.05,91.0,47,1,3,0,1,3,GOAL_REACHED
556,0.05,83.0,47,1,5,0,1,3,GOAL_REACHED
557,0.05,75.0,47,1,7,0,1,3,GOAL_REACHED
558,0.05,86.0,48,1,4,0,1,2,GOAL_REACHED
559,0.05,-32.0,50,0,3,0,1,0,ENERGY_DEPLETED
560,0.05,98.0,44,1,2,0,1,6,GOAL_REACHED
561,0.05,84.0,50,1,4,0,1,0,GOAL_REACHED
562,0.05,92.0,50,1,2,0,1,0,GOAL_REACHED
563,0.05,-48.0,50,0,7,0,1,0,ENERGY_DEPLETED
564,0.05,96.0,46,1,2,0,1,4,GOAL_REACHED
565,0.05,88.0,46,1,4,0,1,4,GOAL_REACHED
566,0.05,80.0,46,1,6,0,1,4,GOAL_REACHED
567,0.05,-32.0,50,0,3,0,1,0,ENERGY_DEPLETED
568,0.05,102.0,48,1,0,0,1,2,GOAL_REACHED
569,0.05,92.0,50,1,2,0,1,0,GOAL_REACHED
570,0.05,96.0,46,1,2,0,1,4,GOAL_REACHED
571,0.05,-20.0,50,0,0,0,1,0,ENERGY_DEPLETED
572,0.05,96.0,46,1,2,0,1,4,GOAL_REACHED
573,0.05,88.0,46,1,4,0,1,4,GOAL_REACHED
574,0.05,-20.0,50,0,0,0,1,0,ENERGY_DEPLETED
575,0.05,102.0,48,1,0,0,1,2,GOAL_REACHED
576,0.05,92.0,50,1,2,0,1,0,GOAL_REACHED
577,0.05,-61.0,50,0,8,1,1,0,ENERGY_DEPLETED
578,0.05,-28.0,50,0,2,0,1,0,ENERGY_DEPLETED
579,0.05,96.0,46,1,2,0,1,4,GOAL_REACHED
580,0.05,92.0,50,1,2,0,1,0,GOAL_REACHED
581,0.05,89.0,49,1,3,0,1,1,GOAL_REACHED
582,0.05,-44.0,50,0,5,0,1,0,ENERGY_DEPLETED
583,0.05,-28.0,50,0,2,0,1,0,ENERGY_DEPLETED
584,0.05,92.0,50,1,2,0,1,0,GOAL_REACHED
585,0.05,-40.0,50,0,5,0,1,0,ENERGY_DEPLETED
586,0.05,100.0,50,1,0,0,1,0,GOAL_REACHED
587,0.05,-32.0,50,0,3,0,1,0,ENERGY_DEPLETED
588,0.05,-28.0,50,0,2,0,1,0,ENERGY_DEPLETED
589,0.05,-24.0,50,0,1,0,1,0,ENERGY_DEPLETED
590,0.05,85.0,48,1,2,1,1,2,GOAL_REACHED
591,0.05,94.0,48,1,2,0,1,2,GOAL_REACHED
592,0.05,88.0,46,1,4,0,1,4,GOAL_REACHED
593,0.05,76.0,50,1,6,0,1,0,GOAL_REACHED
594,0.05,-36.0,50,0,4,0,1,0,ENERGY_DEPLETED
595,0.05,96.0,46,1,2,0,1,4,GOAL_REACHED
596,0.05,-50.0,50,0,3,2,1,0,ENERGY_DEPLETED
597,0.05,-41.0,50,0,3,1,1,0,ENERGY_DEPLETED
598,0.05,-60.0,50,0,10,0,1,0,ENERGY_DEPLETED
599,0.05,94.0,48,1,2,0,1,2,GOAL_REACHED
600,0.05,-48.0,50,0,6,0,1,0,ENERGY_DEPLETED
601,0.05,91.0,47,1,3,0,1,3,GOAL_REACHED
602,0.05,82.0,47,1,3,1,1,3,GOAL_REACHED
603,0.05,-48.0,50,0,7,0,1,0,ENERGY_DEPLETED
604,0.05,83.0,50,1,2,1,1,0,GOAL_REACHED
605,0.05,62.0,48,1,10,0,1,2,GOAL_REACHED
606,0.05,84.0,50,1,4,0,1,0,GOAL_REACHED
607,0.05,96.0,46,1,2,0,1,4,GOAL_REACHED
608,0.05,64.0,49,1,7,1,1,1,GOAL_REACHED
609,0.05,-32.0,50,0,3,0,1,0,ENERGY_DEPLETED
610,0.05,-48.0,50,0,7,0,1,0,ENERGY_DEPLETED
611,0.05,-44.0,50,0,6,0,1,0,ENERGY_DEPLETED
612,0.05,104.0,46,1,0,0,1,4,GOAL_REACHED
613,0.05,80.0,46,1,6,0,1,4,GOAL_REACHED
614,0.05,-37.0,50,0,2,1,1,0,ENERGY_DEPLETED
615,0.05,68.0,50,1,8,0,1,0,GOAL_REACHED
616,0.05,99.0,47,1,1,0,1,3,GOAL_REACHED
617,0.05,-44.0,50,0,6,0,1,0,ENERGY_DEPLETED
618,0.05,80.0,46,1,6,0,1,4,GOAL_REACHED
619,0.05,83.0,47,1,5,0,1,3,GOAL_REACHED
620,0.05,86.0,48,1,4,0,1,2,GOAL_REACHED
621,0.05,-36.0,50,0,4,0,1,0,ENERGY_DEPLETED
622,0.05,86.0,48,1,4,0,1,2,GOAL_REACHED
623,0.05,91.0,47,1,3,0,1,3,GOAL_REACHED
624,0.05,-40.0,50,0,5,0,1,0,ENERGY_DEPLETED
625,0.05,-54.0,50,0,4,2,1,0,ENERGY_DEPLETED
626,0.05,-28.0,50,0,2,0,1,0,ENERGY_DEPLETED
627,0.05,-36.0,50,0,4,0,1,0,ENERGY_DEPLETED
628,0.05,88.0,46,1,4,0,1,4,GOAL_REACHED
629,0.05,-32.0,50,0,3,0,1,0,ENERGY_DEPLETED
630,0.05,83.0,47,1,5,0,1,3,GOAL_REACHED
631,0.05,90.0,47,1,1,1,1,3,GOAL_REACHED
632,0.05,-40.0,50,0,5,0,1,0,ENERGY_DEPLETED
633,0.05,96.0,46,1,2,0,1,4,GOAL_REACHED
634,0.05,-36.0,50,0,4,0,1,0,ENERGY_DEPLETED
635,0.05,86.0,48,1,4,0,1,2,GOAL_REACHED
636,0.05,-28.0,50,0,2,0,1,0,ENERGY_DEPLETED
637,0.05,86.0,48,1,4,0,1,2,GOAL_REACHED
638,0.05,-48.0,50,0,7,0,1,0,ENERGY_DEPLETED
639,0.05,86.0,48,1,4,0,1,2,GOAL_REACHED
640,0.05,94.0,48,1,2,0,1,2,GOAL_REACHED
641,0.05,96.0,46,1,2,0,1,4,GOAL_REACHED
642,0.05,-32.0,50,0,3,0,1,0,ENERGY_DEPLETED
643,0.05,102.0,48,1,0,0,1,2,GOAL_REACHED
644,0.05,70.0,48,1,8,0,1,2,GOAL_REACHED
645,0.05,-49.0,50,0,5,1,1,0,ENERGY_DEPLETED
646,0.05,96.0,46,1,2,0,1,4,GOAL_REACHED
647,0.05,90.0,44,1,4,0,1,6,GOAL_REACHED
648,0.05,80.0,46,1,6,0,1,4,GOAL_REACHED
649,0.05,81.0,49,1,5,0,1,1,GOAL_REACHED
650,0.05,-90.0,50,0,5,0,0,0,ENERGY_DEPLETED
651,0.05,-57.0,50,0,7,1,1,0,ENERGY_DEPLETED
652,0.05,90.0,44,1,4,0,1,6,GOAL_REACHED
653,0.05,-32.0,50,0,3,0,1,0,ENERGY_DEPLETED
654,0.05,59.0,50,1,8,1,1,0,GOAL_REACHED
655,0.05,94.0,48,1,2,0,1,2,GOAL_REACHED
656,0.05,74.0,47,1,5,1,1,3,GOAL_REACHED
657,0.05,96.0,46,1,2,0,1,4,GOAL_REACHED
658,0.05,97.0,44,1,0,1,1,6,GOAL_REACHED
659,0.05,88.0,46,1,4,0,1,4,GOAL_REACHED
660,0.05,-28.0,50,0,2,0,1,0,ENERGY_DEPLETED
661,0.05,-44.0,50,0,6,0,1,0,ENERGY_DEPLETED
662,0.05,92.0,50,1,2,0,1,0,GOAL_REACHED
663,0.05,-28.0,50,0,2,0,1,0,ENERGY_DEPLETED
664,0.05,79.0,46,1,4,1,1,4,GOAL_REACHED
665,0.05,83.0,47,1,5,0,1,3,GOAL_REACHED
666,0.05,100.0,50,1,0,0,1,0,GOAL_REACHED
667,0.05,102.0,48,1,0,0,1,2,GOAL_REACHED
668,0.05,96.0,46,1,2,0,1,4,GOAL_REACHED
669,0.05,92.0,50,1,2,0,1,0,GOAL_REACHED
670,0.05,-56.0,50,0,9,0,1,0,ENERGY_DEPLETED
671,0.05,-24.0,50,0,1,0,1,0,ENERGY_DEPLETED
672,0.05,68.0,50,1,8,0,1,0,GOAL_REACHED
673,0.05,94.0,48,1,2,0,1,2,GOAL_REACHED
674,0.05,96.0,46,1,2,0,1,4,GOAL_REACHED
675,0.05,104.0,46,1,0,0,1,4,GOAL_REACHED
676,0.05,82.0,50,1,0,2,1,0,GOAL_REACHED
677,0.05,74.0,47,1,5,1,1,3,GOAL_REACHED
678,0.05,-40.0,50,0,5,0,1,0,ENERGY_DEPLETED
679,0.05,68.0,50,1,8,0,1,0,GOAL_REACHED
680,0.05,90.0,47,1,1,1,1,3,GOAL_REACHED
681,0.05,88.0,46,1,4,0,1,4,GOAL_REACHED
682,0.05,83.0,47,1,5,0,1,3,GOAL_REACHED
683,0.05,-44.0,50,0,6,0,1,0,ENERGY_DEPLETED
684,0.05,88.0,46,1,4,0,1,4,GOAL_REACHED
685,0.05,75.0,50,1,4,1,1,0,GOAL_REACHED
686,0.05,94.0,48,1,2,0,1,2,GOAL_REACHED
687,0.05,65.0,49,1,9,0,1,1,GOAL_REACHED
688,0.05,-24.0,50,0,1,0,1,0,ENERGY_DEPLETED
689,0.05,98.0,44,1,2,0,1,6,GOAL_REACHED
690,0.05,94.0,48,1,2,0,1,2,GOAL_REACHED
691,0.05,94.0,48,1,2,0,1,2,GOAL_REACHED
692,0.05,96.0,46,1,2,0,1,4,GOAL_REACHED
693,0.05,-48.0,50,0,7,0,1,0,ENERGY_DEPLETED
694,0.05,-49.0,50,0,4,1,1,0,ENERGY_DEPLETED
695,0.05,78.0,48,1,6,0,1,2,GOAL_REACHED
696,0.05,-32.0,50,0,3,0,1,0,ENERGY_DEPLETED
697,0.05,70.0,48,1,8,0,1,2,GOAL_REACHED
698,0.05,-44.0,50,0,6,0,1,0,ENERGY_DEPLETED
699,0.05,75.0,47,1,7,0,1,3,GOAL_REACHED
700,0.05,99.0,47,1,1,0,1,3,GOAL_REACHED
701,0.05,-40.0,50,0,5,0,1,0,ENERGY_DEPLETED
702,0.05,84.0,50,1,4,0,1,0,GOAL_REACHED
703,0.05,-41.0,50,0,3,1,1,0,ENERGY_DEPLETED
704,0.05,87.0,46,1,2,1,1,4,GOAL_REACHED
705,0.05,-44.0,50,0,6,0,1,0,ENERGY_DEPLETED
706,0.05,-40.0,50,0,4,0,1,0,ENERGY_DEPLETED
707,0.05,78.0,48,1,6,0,1,2,GOAL_REACHED
708,0.05,-62.0,50,0,6,2,1,0,ENERGY_DEPLETED
709,0.05,-54.0,50,0,3,2,1,0,ENERGY_DEPLETED
710,0.05,-40.0,50,0,5,0,1,0,ENERGY_DEPLETED
711,0.05,81.0,49,1,5,0,1,1,GOAL_REACHED
712,0.05,-40.0,50,0,5,0,1,0,ENERGY_DEPLETED
713,0.05,86.0,48,1,4,0,1,2,GOAL_REACHED
714,0.05,86.0,48,1,4,0,1,2,GOAL_REACHED
715,0.05,-82.0,50,0,3,0,0,0,ENERGY_DEPLETED
716,0.05,86.0,48,1,4,0,1,2,GOAL_REACHED
717,0.05,98.0,44,1,2,0,1,6,GOAL_REACHED
718,0.05,94.0,48,1,2,0,1,2,GOAL_REACHED
719,0.05,68.0,50,1,8,0,1,0,GOAL_REACHED
720,0.05,96.0,46,1,2,0,1,4,GOAL_REACHED
721,0.05,77.0,48,1,4,1,1,2,GOAL_REACHED
722,0.05,94.0,48,1,2,0,1,2,GOAL_REACHED
723,0.05,-24.0,50,0,1,0,1,0,ENERGY_DEPLETED
724,0.05,-59.0,50,0,3,3,1,0,ENERGY_DEPLETED
725,0.05,-28.0,50,0,2,0,1,0,ENERGY_DEPLETED
726,0.05,88.0,46,1,4,0,1,4,GOAL_REACHED
727,0.05,-32.0,50,0,3,0,1,0,ENERGY_DEPLETED
728,0.05,89.0,49,1,3,0,1,1,GOAL_REACHED
729,0.05,-44.0,50,0,6,0,1,0,ENERGY_DEPLETED
730,0.05,86.0,48,1,4,0,1,2,GOAL_REACHED
731,0.05,98.0,44,1,2,0,1,6,GOAL_REACHED
732,0.05,98.0,44,1,2,0,1,6,GOAL_REACHED
733,0.05,80.0,46,1,6,0,1,4,GOAL_REACHED
734,0.05,-28.0,50,0,2,0,1,0,ENERGY_DEPLETED
735,0.05,91.0,47,1,3,0,1,3,GOAL_REACHED
736,0.05,83.0,50,1,2,1,1,0,GOAL_REACHED
737,0.05,-40.0,50,0,5,0,1,0,ENERGY_DEPLETED
738,0.05,-57.0,50,0,6,1,1,0,ENERGY_DEPLETED
739,0.05,81.0,49,1,5,0,1,1,GOAL_REACHED
740,0.05,96.0,46,1,2,0,1,4,GOAL_REACHED
741,0.05,92.0,50,1,2,0,1,0,GOAL_REACHED
742,0.05,-40.0,50,0,5,0,1,0,ENERGY_DEPLETED
743,0.05,86.0,48,1,4,0,1,2,GOAL_REACHED
744,0.05,76.0,50,1,6,0,1,0,GOAL_REACHED
745,0.05,88.0,46,1,4,0,1,4,GOAL_REACHED
746,0.05,-32.0,50,0,3,0,1,0,ENERGY_DEPLETED
747,0.05,-57.0,50,0,6,1,1,0,ENERGY_DEPLETED
748,0.05,-40.0,50,0,4,0,1,0,ENERGY_DEPLETED
749,0.05,-36.0,50,0,4,0,1,0,ENERGY_DEPLETED
750,0.05,-36.0,50,0,4,0,1,0,ENERGY_DEPLETED
751,0.05,-29.0,50,0,0,1,1,0,ENERGY_DEPLETED
752,0.05,88.0,46,1,4,0,1,4,GOAL_REACHED
753,0.05,-61.0,50,0,7,1,1,0,ENERGY_DEPLETED
754,0.05,75.0,47,1,7,0,1,3,GOAL_REACHED
755,0.05,-24.0,50,0,1,0,1,0,ENERGY_DEPLETED
756,0.05,96.0,46,1,2,0,1,4,GOAL_REACHED
757,0.05,79.0,46,1,4,1,1,4,GOAL_REACHED
758,0.05,89.0,49,1,3,0,1,1,GOAL_REACHED
759,0.05,-44.0,50,0,6,0,1,0,ENERGY_DEPLETED
760,0.05,94.0,48,1,2,0,1,2,GOAL_REACHED
761,0.05,88.0,46,1,4,0,1,4,GOAL_REACHED
762,0.05,86.0,48,1,4,0,1,2,GOAL_REACHED
763,0.05,91.0,47,1,3,0,1,3,GOAL_REACHED
764,0.05,78.0,48,1,6,0,1,2,GOAL_REACHED
765,0.05,81.0,49,1,5,0,1,1,GOAL_REACHED
766,0.05,92.0,50,1,2,0,1,0,GOAL_REACHED
767,0.05,81.0,49,1,5,0,1,1,GOAL_REACHED
768,0.05,83.0,47,1,5,0,1,3,GOAL_REACHED
769,0.05,84.0,50,1,4,0,1,0,GOAL_REACHED
770,0.05,-32.0,50,0,3,0,1,0,ENERGY_DEPLETED
771,0.05,-40.0,50,0,5,0,1,0,ENERGY_DEPLETED
772,0.05,99.0,47,1,1,0,1,3,GOAL_REACHED
773,0.05,64.0,49,1,7,1,1,1,GOAL_REACHED
774,0.05,-54.0,50,0,4,2,1,0,ENERGY_DEPLETED
775,0.05,92.0,50,1,2,0,1,0,GOAL_REACHED
776,0.05,87.0,46,1,2,1,1,4,GOAL_REACHED
777,0.05,96.0,46,1,2,0,1,4,GOAL_REACHED
778,0.05,83.0,47,1,5,0,1,3,GOAL_REACHED
779,0.05,-28.0,50,0,2,0,1,0,ENERGY_DEPLETED
780,0.05,99.0,47,1,1,0,1,3,GOAL_REACHED
781,0.05,88.0,46,1,4,0,1,4,GOAL_REACHED
782,0.05,-24.0,50,0,1,0,1,0,ENERGY_DEPLETED
783,0.05,94.0,48,1,2,0,1,2,GOAL_REACHED
784,0.05,-40.0,50,0,5,0,1,0,ENERGY_DEPLETED
785,0.05,102.0,48,1,0,0,1,2,GOAL_REACHED
786,0.05,-36.0,50,0,4,0,1,0,ENERGY_DEPLETED
787,0.05,104.0,46,1,0,0,1,4,GOAL_REACHED
788,0.05,-40.0,50,0,4,0,1,0,ENERGY_DEPLETED
789,0.05,-24.0,50,0,1,0,1,0,ENERGY_DEPLETED
790,0.05,-24.0,50,0,1,0,1,0,ENERGY_DEPLETED
791,0.05,-32.0,50,0,3,0,1,0,ENERGY_DEPLETED
792,0.05,75.0,47,1,7,0,1,3,GOAL_REACHED
793,0.05,96.0,46,1,2,0,1,4,GOAL_REACHED
794,0.05,-61.0,50,0,8,1,1,0,ENERGY_DEPLETED
795,0.05,96.0,46,1,2,0,1,4,GOAL_REACHED
796,0.05,65.0,49,1,9,0,1,1,GOAL_REACHED
797,0.05,89.0,49,1,3,0,1,1,GOAL_REACHED
798,0.05,96.0,46,1,2,0,1,4,GOAL_REACHED
799,0.05,96.0,46,1,2,0,1,4,GOAL_REACHED
800,0.05,88.0,46,1,4,0,1,4,GOAL_REACHED
801,0.05,89.0,49,1,3,0,1,1,GOAL_REACHED
802,0.05,76.0,50,1,6,0,1,0,GOAL_REACHED
803,0.05,-40.0,50,0,5,0,1,0,ENERGY_DEPLETED
804,0.05,104.0,46,1,0,0,1,4,GOAL_REACHED
805,0.05,86.0,48,1,4,0,1,2,GOAL_REACHED
806,0.05,88.0,46,1,4,0,1,4,GOAL_REACHED
807,0.05,-36.0,50,0,4,0,1,0,ENERGY_DEPLETED
808,0.05,-24.0,50,0,1,0,1,0,ENERGY_DEPLETED
809,0.05,88.0,46,1,4,0,1,4,GOAL_REACHED
810,0.05,81.0,49,1,5,0,1,1,GOAL_REACHED
811,0.05,-44.0,50,0,6,0,1,0,ENERGY_DEPLETED
812,0.05,91.0,47,1,3,0,1,3,GOAL_REACHED
813,0.05,94.0,48,1,2,0,1,2,GOAL_REACHED
814,0.05,94.0,48,1,2,0,1,2,GOAL_REACHED
815,0.05,77.0,48,1,4,1,1,2,GOAL_REACHED
816,0.05,-32.0,50,0,2,0,1,0,ENERGY_DEPLETED
817,0.05,-44.0,50,0,6,0,1,0,ENERGY_DEPLETED
818,0.05,96.0,46,1,2,0,1,4,GOAL_REACHED
819,0.05,91.0,47,1,3,0,1,3,GOAL_REACHED
820,0.05,97.0,49,1,1,0,1,1,GOAL_REACHED
821,0.05,-44.0,50,0,6,0,1,0,ENERGY_DEPLETED
822,0.05,-28.0,50,0,2,0,1,0,ENERGY_DEPLETED
823,0.05,86.0,48,1,4,0,1,2,GOAL_REACHED
824,0.05,76.0,50,1,6,0,1,0,GOAL_REACHED
825,0.05,96.0,46,1,2,0,1,4,GOAL_REACHED
826,0.05,-45.0,50,0,4,1,1,0,ENERGY_DEPLETED
827,0.05,83.0,47,1,5,0,1,3,GOAL_REACHED
828,0.05,-24.0,50,0,1,0,1,0,ENERGY_DEPLETED
829,0.05,-74.0,50,0,1,0,0,0,ENERGY_DEPLETED
830,0.05,88.0,46,1,4,0,1,4,GOAL_REACHED
831,0.05,-49.0,50,0,5,1,1,0,ENERGY_DEPLETED
832,0.05,-36.0,50,0,4,0,1,0,ENERGY_DEPLETED
833,0.05,90.0,44,1,4,0,1,6,GOAL_REACHED
834,0.05,83.0,47,1,5,0,1,3,GOAL_REACHED
835,0.05,102.0,48,1,0,0,1,2,GOAL_REACHED
836,0.05,84.0,50,1,4,0,1,0,GOAL_REACHED
837,0.05,-40.0,50,0,5,0,1,0,ENERGY_DEPLETED
838,0.05,98.0,44,1,2,0,1,6,GOAL_REACHED
839,0.05,-24.0,50,0,1,0,1,0,ENERGY_DEPLETED
840,0.05,-59.0,50,0,3,3,1,0,ENERGY_DEPLETED
841,0.05,-48.0,50,0,7,0,1,0,ENERGY_DEPLETED
842,0.05,-32.0,50,0,3,0,1,0,ENERGY_DEPLETED
843,0.05,-32.0,50,0,3,0,1,0,ENERGY_DEPLETED
844,0.05,-37.0,50,0,2,1,1,0,ENERGY_DEPLETED
845,0.05,96.0,46,1,2,0,1,4,GOAL_REACHED
846,0.05,-28.0,50,0,2,0,1,0,ENERGY_DEPLETED
847,0.05,96.0,46,1,2,0,1,4,GOAL_REACHED
848,0.05,-32.0,50,0,3,0,1,0,ENERGY_DEPLETED
849,0.05,87.0,46,1,2,1,1,4,GOAL_REACHED
850,0.05,81.0,49,1,5,0,1,1,GOAL_REACHED
851,0.05,-37.0,50,0,2,1,1,0,ENERGY_DEPLETED
852,0.05,-36.0,50,0,4,0,1,0,ENERGY_DEPLETED
853,0.05,-65.0,50,0,8,1,1,0,ENERGY_DEPLETED
854,0.05,75.0,47,1,7,0,1,3,GOAL_REACHED
855,0.05,-32.0,50,0,3,0,1,0,ENERGY_DEPLETED
856,0.05,94.0,48,1,2,0,1,2,GOAL_REACHED
857,0.05,-36.0,50,0,4,0,1,0,ENERGY_DEPLETED
858,0.05,-32.0,50,0,3,0,1,0,ENERGY_DEPLETED
859,0.05,88.0,46,1,4,0,1,4,GOAL_REACHED
860,0.05,88.0,46,1,4,0,1,4,GOAL_REACHED
861,0.05,-48.0,50,0,6,0,1,0,ENERGY_DEPLETED
862,0.05,81.0,49,1,5,0,1,1,GOAL_REACHED
863,0.05,88.0,46,1,4,0,1,4,GOAL_REACHED
864,0.05,-40.0,50,0,4,0,1,0,ENERGY_DEPLETED
865,0.05,-40.0,50,0,4,0,1,0,ENERGY_DEPLETED
866,0.05,76.0,50,1,6,0,1,0,GOAL_REACHED
867,0.05,-32.0,50,0,3,0,1,0,ENERGY_DEPLETED
868,0.05,-44.0,50,0,6,0,1,0,ENERGY_DEPLETED
869,0.05,-32.0,50,0,3,0,1,0,ENERGY_DEPLETED
870,0.05,76.0,50,1,6,0,1,0,GOAL_REACHED
871,0.05,91.0,47,1,3,0,1,3,GOAL_REACHED
872,0.05,83.0,47,1,5,0,1,3,GOAL_REACHED
873,0.05,84.0,50,1,4,0,1,0,GOAL_REACHED
874,0.05,94.0,48,1,2,0,1,2,GOAL_REACHED
875,0.05,81.0,49,1,5,0,1,1,GOAL_REACHED
876,0.05,-32.0,50,0,3,0,1,0,ENERGY_DEPLETED
877,0.05,85.0,48,1,2,1,1,2,GOAL_REACHED
878,0.05,80.0,46,1,6,0,1,4,GOAL_REACHED
879,0.05,83.0,47,1,5,0,1,3,GOAL_REACHED
880,0.05,-48.0,50,0,7,0,1,0,ENERGY_DEPLETED
881,0.05,84.0,50,1,4,0,1,0,GOAL_REACHED
882,0.05,91.0,47,1,3,0,1,3,GOAL_REACHED
883,0.05,98.0,44,1,2,0,1,6,GOAL_REACHED
884,0.05,94.0,48,1,2,0,1,2,GOAL_REACHED
885,0.05,76.0,50,1,6,0,1,0,GOAL_REACHED
886,0.05,81.0,49,1,5,0,1,1,GOAL_REACHED
887,0.05,98.0,44,1,2,0,1,6,GOAL_REACHED
888,0.05,81.0,49,1,5,0,1,1,GOAL_REACHED
889,0.05,-48.0,50,0,7,0,1,0,ENERGY_DEPLETED
890,0.05,94.0,48,1,2,0,1,2,GOAL_REACHED
891,0.05,-28.0,50,0,2,0,1,0,ENERGY_DEPLETED
892,0.05,85.0,48,1,2,1,1,2,GOAL_REACHED
893,0.05,89.0,49,1,3,0,1,1,GOAL_REACHED
894,0.05,-57.0,50,0,6,1,1,0,ENERGY_DEPLETED
895,0.05,86.0,48,1,4,0,1,2,GOAL_REACHED
896,0.05,89.0,49,1,3,0,1,1,GOAL_REACHED
897,0.05,96.0,46,1,2,0,1,4,GOAL_REACHED
898,0.05,96.0,46,1,2,0,1,4,GOAL_REACHED
899,0.05,-24.0,50,0,1,0,1,0,ENERGY_DEPLETED
900,0.05,-41.0,50,0,3,1,1,0,ENERGY_DEPLETED
901,0.05,102.0,48,1,0,0,1,2,GOAL_REACHED
902,0.05,-32.0,50,0,3,0,1,0,ENERGY_DEPLETED
903,0.05,96.0,46,1,2,0,1,4,GOAL_REACHED
904,0.05,-36.0,50,0,4,0,1,0,ENERGY_DEPLETED
905,0.05,94.0,48,1,2,0,1,2,GOAL_REACHED
906,0.05,104.0,46,1,0,0,1,4,GOAL_REACHED
907,0.05,96.0,46,1,2,0,1,4,GOAL_REACHED
908,0.05,86.0,48,1,4,0,1,2,GOAL_REACHED
909,0.05,-28.0,50,0,2,0,1,0,ENERGY_DEPLETED
910,0.05,-40.0,50,0,5,0,1,0,ENERGY_DEPLETED
911,0.05,96.0,46,1,2,0,1,4,GOAL_REACHED
912,0.05,-24.0,50,0,1,0,1,0,ENERGY_DEPLETED
913,0.05,86.0,48,1,4,0,1,2,GOAL_REACHED
914,0.05,91.0,47,1,3,0,1,3,GOAL_REACHED
915,0.05,100.0,50,1,0,0,1,0,GOAL_REACHED
916,0.05,94.0,48,1,2,0,1,2,GOAL_REACHED
917,0.05,89.0,49,1,3,0,1,1,GOAL_REACHED
918,0.05,96.0,46,1,2,0,1,4,GOAL_REACHED
919,0.05,-32.0,50,0,3,0,1,0,ENERGY_DEPLETED
920,0.05,-40.0,50,0,5,0,1,0,ENERGY_DEPLETED
921,0.05,74.0,47,1,5,1,1,3,GOAL_REACHED
922,0.05,83.0,50,1,2,1,1,0,GOAL_REACHED
923,0.05,76.0,50,1,6,0,1,0,GOAL_REACHED
924,0.05,-32.0,50,0,3,0,1,0,ENERGY_DEPLETED
925,0.05,82.0,47,1,3,1,1,3,GOAL_REACHED
926,0.05,84.0,50,1,4,0,1,0,GOAL_REACHED
927,0.05,88.0,46,1,4,0,1,4,GOAL_REACHED
928,0.05,88.0,46,1,4,0,1,4,GOAL_REACHED
929,0.05,91.0,47,1,3,0,1,3,GOAL_REACHED
930,0.05,83.0,47,1,5,0,1,3,GOAL_REACHED
931,0.05,92.0,50,1,2,0,1,0,GOAL_REACHED
932,0.05,80.0,46,1,6,0,1,4,GOAL_REACHED
933,0.05,-32.0,50,0,3,0,1,0,ENERGY_DEPLETED
934,0.05,-44.0,50,0,6,0,1,0,ENERGY_DEPLETED
935,0.05,-36.0,50,0,4,0,1,0,ENERGY_DEPLETED
936,0.05,88.0,46,1,4,0,1,4,GOAL_REACHED
937,0.05,88.0,49,1,1,1,1,1,GOAL_REACHED
938,0.05,-41.0,50,0,3,1,1,0,ENERGY_DEPLETED
939,0.05,88.0,46,1,4,0,1,4,GOAL_REACHED
940,0.05,-24.0,50,0,1,0,1,0,ENERGY_DEPLETED
941,0.05,80.0,46,1,6,0,1,4,GOAL_REACHED
942,0.05,81.0,49,1,5,0,1,1,GOAL_REACHED
943,0.05,72.0,46,1,8,0,1,4,GOAL_REACHED
944,0.05,99.0,47,1,1,0,1,3,GOAL_REACHED
945,0.05,-28.0,50,0,2,0,1,0,ENERGY_DEPLETED
946,0.05,-36.0,50,0,4,0,1,0,ENERGY_DEPLETED
947,0.05,91.0,47,1,3,0,1,3,GOAL_REACHED
948,0.05,-32.0,50,0,3,0,1,0,ENERGY_DEPLETED
949,0.05,-40.0,50,0,5,0,1,0,ENERGY_DEPLETED
950,0.05,88.0,46,1,4,0,1,4,GOAL_REACHED
951,0.05,96.0,46,1,2,0,1,4,GOAL_REACHED
952,0.05,88.0,46,1,4,0,1,4,GOAL_REACHED
953,0.05,-45.0,50,0,4,1,1,0,ENERGY_DEPLETED
954,0.05,-44.0,50,0,6,0,1,0,ENERGY_DEPLETED
955,0.05,94.0,48,1,2,0,1,2,GOAL_REACHED
956,0.05,-32.0,50,0,3,0,1,0,ENERGY_DEPLETED
957,0.05,-48.0,50,0,7,0,1,0,ENERGY_DEPLETED
958,0.05,-40.0,50,0,4,0,1,0,ENERGY_DEPLETED
959,0.05,75.0,50,1,4,1,1,0,GOAL_REACHED
960,0.05,96.0,46,1,2,0,1,4,GOAL_REACHED
961,0.05,-32.0,50,0,2,0,1,0,ENERGY_DEPLETED
962,0.05,86.0,48,1,4,0,1,2,GOAL_REACHED
963,0.05,106.0,44,1,0,0,1,6,GOAL_REACHED
964,0.05,-37.0,50,0,2,1,1,0,ENERGY_DEPLETED
965,0.05,76.0,50,1,6,0,1,0,GOAL_REACHED
966,0.05,-50.0,50,0,3,2,1,0,ENERGY_DEPLETED
967,0.05,-24.0,50,0,1,0,1,0,ENERGY_DEPLETED
968,0.05,96.0,46,1,2,0,1,4,GOAL_REACHED
969,0.05,-36.0,50,0,4,0,1,0,ENERGY_DEPLETED
970,0.05,-28.0,50,0,2,0,1,0,ENERGY_DEPLETED
971,0.05,-44.0,50,0,6,0,1,0,ENERGY_DEPLETED
972,0.05,83.0,47,1,5,0,1,3,GOAL_REACHED
973,0.05,86.0,48,1,4,0,1,2,GOAL_REACHED
974,0.05,98.0,44,1,2,0,1,6,GOAL_REACHED
975,0.05,-56.0,50,0,9,0,1,0,ENERGY_DEPLETED
976,0.05,76.0,50,1,6,0,1,0,GOAL_REACHED
977,0.05,-32.0,50,0,3,0,1,0,ENERGY_DEPLETED
978,0.05,-37.0,50,0,2,1,1,0,ENERGY_DEPLETED
979,0.05,75.0,47,1,7,0,1,3,GOAL_REACHED
980,0.05,94.0,48,1,2,0,1,2,GOAL_REACHED
981,0.05,78.0,48,1,6,0,1,2,GOAL_REACHED
982,0.05,-44.0,50,0,6,0,1,0,ENERGY_DEPLETED
983,0.05,86.0,48,1,4,0,1,2,GOAL_REACHED
984,0.05,94.0,48,1,2,0,1,2,GOAL_REACHED
985,0.05,97.0,49,1,1,0,1,1,GOAL_REACHED
986,0.05,96.0,46,1,2,0,1,4,GOAL_REACHED
987,0.05,89.0,44,1,2,1,1,6,GOAL_REACHED
988,0.05,77.0,48,1,4,1,1,2,GOAL_REACHED
989,0.05,-61.0,50,0,8,1,1,0,ENERGY_DEPLETED
990,0.05,-28.0,50,0,2,0,1,0,ENERGY_DEPLETED
991,0.05,96.0,46,1,2,0,1,4,GOAL_REACHED
992,0.05,-32.0,50,0,3,0,1,0,ENERGY_DEPLETED
993,0.05,96.0,46,1,2,0,1,4,GOAL_REACHED
994,0.05,-36.0,50,0,4,0,1,0,ENERGY_DEPLETED
995,0.05,93.0,48,1,0,1,1,2,GOAL_REACHED
996,0.05,-20.0,50,0,0,0,1,0,ENERGY_DEPLETED
997,0.05,-32.0,50,0,3,0,1,0,ENERGY_DEPLETED
998,0.05,-32.0,50,0,3,0,1,0,ENERGY_DEPLETED
999,0.05,91.0,47,1,3,0,1,3,GOAL_REACHED
1000,0.05,-24.0,50,0,1,0,1,0,ENERGY_DEPLETED
1001,0.05,100.0,50,1,0,0,1,0,GOAL_REACHED
1002,0.05,94.0,48,1,2,0,1,2,GOAL_REACHED
1003,0.05,-28.0,50,0,2,0,1,0,ENERGY_DEPLETED
1004,0.05,96.0,46,1,2,0,1,4,GOAL_REACHED
1005,0.05,67.0,50,1,6,1,1,0,GOAL_REACHED
1006,0.05,-28.0,50,0,2,0,1,0,ENERGY_DEPLETED
1007,0.05,75.0,50,1,4,1,1,0,GOAL_REACHED
1008,0.05,-36.0,50,0,4,0,1,0,ENERGY_DEPLETED
1009,0.05,99.0,47,1,1,0,1,3,GOAL_REACHED
1010,0.05,-36.0,50,0,4,0,1,0,ENERGY_DEPLETED
1011,0.05,-28.0,50,0,2,0,1,0,ENERGY_DEPLETED
1012,0.05,84.0,50,1,4,0,1,0,GOAL_REACHED
1013,0.05,88.0,46,1,4,0,1,4,GOAL_REACHED
1014,0.05,92.0,50,1,2,0,1,0,GOAL_REACHED
1015,0.05,91.0,47,1,3,0,1,3,GOAL_REACHED
1016,0.05,88.0,46,1,4,0,1,4,GOAL_REACHED
1017,0.05,-45.0,50,0,4,1,1,0,ENERGY_DEPLETED
1018,0.05,90.0,44,1,4,0,1,6,GOAL_REACHED
1019,0.05,96.0,46,1,2,0,1,4,GOAL_REACHED
1020,0.05,102.0,48,1,0,0,1,2,GOAL_REACHED
1021,0.05,84.0,50,1,4,0,1,0,GOAL_REACHED
1022,0.05,88.0,46,1,4,0,1,4,GOAL_REACHED
1023,0.05,91.0,47,1,3,0,1,3,GOAL_REACHED
1024,0.05,92.0,50,1,2,0,1,0,GOAL_REACHED
1025,0.05,83.0,47,1,5,0,1,3,GOAL_REACHED
1026,0.05,59.0,50,1,8,1,1,0,GOAL_REACHED
1027,0.05,-36.0,50,0,4,0,1,0,ENERGY_DEPLETED
1028,0.05,76.0,50,1,6,0,1,0,GOAL_REACHED
1029,0.05,-48.0,50,0,7,0,1,0,ENERGY_DEPLETED
1030,0.05,74.0,47,1,5,1,1,3,GOAL_REACHED
1031,0.05,-48.0,50,0,7,0,1,0,ENERGY_DEPLETED
1032,0.05,74.0,47,1,5,1,1,3,GOAL_REACHED
1033,0.05,104.0,46,1,0,0,1,4,GOAL_REACHED
1034,0.05,-40.0,50,0,5,0,1,0,ENERGY_DEPLETED
1035,0.05,83.0,50,1,2,1,1,0,GOAL_REACHED
1036,0.05,-32.0,50,0,2,0,1,0,ENERGY_DEPLETED
1037,0.05,-40.0,50,0,4,0,1,0,ENERGY_DEPLETED
1038,0.05,83.0,47,1,5,0,1,3,GOAL_REACHED
1039,0.05,91.0,47,1,3,0,1,3,GOAL_REACHED
1040,0.05,86.0,48,1,4,0,1,2,GOAL_REACHED
1041,0.05,-32.0,50,0,3,0,1,0,ENERGY_DEPLETED
1042,0.05,-54.0,50,0,4,2,1,0,ENERGY_DEPLETED
1043,0.05,-24.0,50,0,1,0,1,0,ENERGY_DEPLETED
1044,0.05,68.0,50,1,8,0,1,0,GOAL_REACHED
1045,0.05,84.0,50,1,4,0,1,0,GOAL_REACHED
1046,0.05,96.0,46,1,2,0,1,4,GOAL_REACHED
1047,0.05,86.0,48,1,4,0,1,2,GOAL_REACHED
1048,0.05,-40.0,50,0,4,0,1,0,ENERGY_DEPLETED
1049,0.05,86.0,48,1,4,0,1,2,GOAL_REACHED
1050,0.05,78.0,48,1,6,0,1,2,GOAL_REACHED
1051,0.05,87.0,46,1,2,1,1,4,GOAL_REACHED
1052,0.05,93.0,48,1,0,1,1,2,GOAL_REACHED
1053,0.05,60.0,50,1,10,0,1,0,GOAL_REACHED
1054,0.05,-40.0,50,0,5,0,1,0,ENERGY_DEPLETED
1055,0.05,-36.0,50,0,4,0,1,0,ENERGY_DEPLETED
1056,0.05,86.0,48,1,4,0,1,2,GOAL_REACHED
1057,0.05,-48.0,50,0,6,0,1,0,ENERGY_DEPLETED
1058,0.05,84.0,50,1,4,0,1,0,GOAL_REACHED
1059,0.05,99.0,47,1,1,0,1,3,GOAL_REACHED
1060,0.05,-44.0,50,0,6,0,1,0,ENERGY_DEPLETED
1061,0.05,104.0,46,1,0,0,1,4,GOAL_REACHED
1062,0.05,69.0,48,1,6,1,1,2,GOAL_REACHED
1063,0.05,-37.0,50,0,2,1,1,0,ENERGY_DEPLETED
1064,0.05,99.0,47,1,1,0,1,3,GOAL_REACHED
1065,0.05,103.0,43,1,1,0,1,7,GOAL_REACHED
1066,0.05,-44.0,50,0,6,0,1,0,ENERGY_DEPLETED
1067,0.05,-32.0,50,0,3,0,1,0,ENERGY_DEPLETED
1068,0.05,75.0,50,1,4,1,1,0,GOAL_REACHED
1069,0.05,90.0,47,1,1,1,1,3,GOAL_REACHED
1070,0.05,91.0,47,1,3,0,1,3,GOAL_REACHED
1071,0.05,-20.0,50,0,0,0,1,0,ENERGY_DEPLETED
1072,0.05,-53.0,50,0,6,1,1,0,ENERGY_DEPLETED
1073,0.05,83.0,47,1,5,0,1,3,GOAL_REACHED
1074,0.05,-24.0,50,0,1,0,1,0,ENERGY_DEPLETED
1075,0.05,-48.0,50,0,7,0,1,0,ENERGY_DEPLETED
1076,0.05,-28.0,50,0,2,0,1,0,ENERGY_DEPLETED
1077,0.05,-20.0,50,0,0,0,1,0,ENERGY_DEPLETED
1078,0.05,-41.0,50,0,3,1,1,0,ENERGY_DEPLETED
1079,0.05,78.0,48,1,6,0,1,2,GOAL_REACHED
1080,0.05,-45.0,50,0,4,1,1,0,ENERGY_DEPLETED
1081,0.05,73.0,49,1,7,0,1,1,GOAL_REACHED
1082,0.05,83.0,47,1,5,0,1,3,GOAL_REACHED
1083,0.05,-45.0,50,0,4,1,1,0,ENERGY_DEPLETED
1084,0.05,92.0,50,1,2,0,1,0,GOAL_REACHED
1085,0.05,76.0,50,1,6,0,1,0,GOAL_REACHED
1086,0.05,96.0,46,1,2,0,1,4,GOAL_REACHED
1087,0.05,76.0,50,1,6,0,1,0,GOAL_REACHED
1088,0.05,88.0,46,1,4,0,1,4,GOAL_REACHED
1089,0.05,-36.0,50,0,4,0,1,0,ENERGY_DEPLETED
1090,0.05,91.0,47,1,3,0,1,3,GOAL_REACHED
1091,0.05,-44.0,50,0,6,0,1,0,ENERGY_DEPLETED
1092,0.05,75.0,50,1,4,1,1,0,GOAL_REACHED
1093,0.05,83.0,47,1,5,0,1,3,GOAL_REACHED
1094,0.05,-36.0,50,0,4,0,1,0,ENERGY_DEPLETED
1095,0.05,91.0,47,1,3,0,1,3,GOAL_REACHED
1096,0.05,74.0,47,1,5,1,1,3,GOAL_REACHED
1097,0.05,62.0,48,1,10,0,1,2,GOAL_REACHED
1098,0.05,88.0,46,1,4,0,1,4,GOAL_REACHED
1099,0.05,-48.0,50,0,6,0,1,0,ENERGY_DEPLETED
1100,0.05,91.0,47,1,3,0,1,3,GOAL_REACHED
1101,0.05,-44.0,50,0,5,0,1,0,ENERGY_DEPLETED
1102,0.05,84.0,50,1,4,0,1,0,GOAL_REACHED
1103,0.05,-40.0,50,0,5,0,1,0,ENERGY_DEPLETED
1104,0.05,-32.0,50,0,3,0,1,0,ENERGY_DEPLETED
1105,0.05,88.0,46,1,4,0,1,4,GOAL_REACHED
1106,0.05,-36.0,50,0,4,0,1,0,ENERGY_DEPLETED
1107,0.05,91.0,47,1,3,0,1,3,GOAL_REACHED
1108,0.05,-24.0,50,0,1,0,1,0,ENERGY_DEPLETED
1109,0.05,84.0,50,1,4,0,1,0,GOAL_REACHED
1110,0.05,-45.0,50,0,4,1,1,0,ENERGY_DEPLETED
1111,0.05,-62.0,50,0,6,2,1,0,ENERGY_DEPLETED
1112,0.05,84.0,50,1,4,0,1,0,GOAL_REACHED
1113,0.05,-32.0,50,0,2,0,1,0,ENERGY_DEPLETED
1114,0.05,76.0,50,1,6,0,1,0,GOAL_REACHED
1115,0.05,81.0,49,1,5,0,1,1,GOAL_REACHED
1116,0.05,-46.0,50,0,2,2,1,0,ENERGY_DEPLETED
1117,0.05,78.0,48,1,6,0,1,2,GOAL_REACHED
1118,0.05,83.0,47,1,5,0,1,3,GOAL_REACHED
1119,0.05,68.0,50,1,8,0,1,0,GOAL_REACHED
1120,0.05,80.0,46,1,6,0,1,4,GOAL_REACHED
1121,0.05,88.0,46,1,4,0,1,4,GOAL_REACHED
1122,0.05,-41.0,50,0,2,1,1,0,ENERGY_DEPLETED
1123,0.05,66.0,50,1,4,2,1,0,GOAL_REACHED
1124,0.05,-36.0,50,0,4,0,1,0,ENERGY_DEPLETED
1125,0.05,-40.0,50,0,5,0,1,0,ENERGY_DEPLETED
1126,0.05,-36.0,50,0,4,0,1,0,ENERGY_DEPLETED
1127,0.05,86.0,48,1,4,0,1,2,GOAL_REACHED
1128,0.05,88.0,46,1,4,0,1,4,GOAL_REACHED
1129,0.05,-40.0,50,0,5,0,1,0,ENERGY_DEPLETED
1130,0.05,96.0,46,1,2,0,1,4,GOAL_REACHED
1131,0.05,-40.0,50,0,5,0,1,0,ENERGY_DEPLETED
1132,0.05,100.0,50,1,0,0,1,0,GOAL_REACHED
1133,0.05,-44.0,50,0,6,0,1,0,ENERGY_DEPLETED
1134,0.05,88.0,46,1,4,0,1,4,GOAL_REACHED
1135,0.05,91.0,47,1,3,0,1,3,GOAL_REACHED
1136,0.05,79.0,46,1,4,1,1,4,GOAL_REACHED
1137,0.05,86.0,48,1,4,0,1,2,GOAL_REACHED
1138,0.05,-36.0,50,0,4,0,1,0,ENERGY_DEPLETED
1139,0.05,-48.0,50,0,7,0,1,0,ENERGY_DEPLETED
1140,0.05,-36.0,50,0,4,0,1,0,ENERGY_DEPLETED
1141,0.05,-44.0,50,0,6,0,1,0,ENERGY_DEPLETED
1142,0.05,99.0,47,1,1,0,1,3,GOAL_REACHED
1143,0.05,-36.0,50,0,4,0,1,0,ENERGY_DEPLETED
1144,0.05,104.0,46,1,0,0,1,4,GOAL_REACHED
1145,0.05,78.0,48,1,6,0,1,2,GOAL_REACHED
1146,0.05,70.0,48,1,8,0,1,2,GOAL_REACHED
1147,0.05,99.0,47,1,1,0,1,3,GOAL_REACHED
1148,0.05,-36.0,50,0,4,0,1,0,ENERGY_DEPLETED
1149,0.05,-33.0,50,0,1,1,1,0,ENERGY_DEPLETED
1150,0.05,88.0,46,1,4,0,1,4,GOAL_REACHED
1151,0.05,65.0,49,1,9,0,1,1,GOAL_REACHED
1152,0.05,102.0,48,1,0,0,1,2,GOAL_REACHED
1153,0.05,-36.0,50,0,4,0,1,0,ENERGY_DEPLETED
1154,0.05,75.0,47,1,7,0,1,3,GOAL_REACHED
1155,0.05,78.0,48,1,6,0,1,2,GOAL_REACHED
1156,0.05,75.0,50,1,4,1,1,0,GOAL_REACHED
1157,0.05,-44.0,50,0,6,0,1,0,ENERGY_DEPLETED
1158,0.05,82.0,47,1,3,1,1,3,GOAL_REACHED
1159,0.05,-53.0,50,0,6,1,1,0,ENERGY_DEPLETED
1160,0.05,88.0,46,1,4,0,1,4,GOAL_REACHED
1161,0.05,-32.0,50,0,2,0,1,0,ENERGY_DEPLETED
1162,0.05,59.0,50,1,8,1,1,0,GOAL_REACHED
1163,0.05,76.0,50,1,6,0,1,0,GOAL_REACHED
1164,0.05,80.0,46,1,6,0,1,4,GOAL_REACHED
1165,0.05,-24.0,50,0,1,0,1,0,ENERGY_DEPLETED
1166,0.05,71.0,46,1,6,1,1,4,GOAL_REACHED
1167,0.05,89.0,49,1,3,0,1,1,GOAL_REACHED
1168,0.05,-40.0,50,0,5,0,1,0,ENERGY_DEPLETED
1169,0.05,-40.0,50,0,5,0,1,0,ENERGY_DEPLETED
1170,0.05,101.0,45,1,1,0,1,5,GOAL_REACHED
1171,0.05,74.0,47,1,5,1,1,3,GOAL_REACHED
1172,0.05,75.0,50,1,4,1,1,0,GOAL_REACHED
1173,0.05,78.0,48,1,6,0,1,2,GOAL_REACHED
1174,0.05,94.0,48,1,2,0,1,2,GOAL_REACHED
1175,0.05,-48.0,50,0,7,0,1,0,ENERGY_DEPLETED
1176,0.05,-24.0,50,0,0,0,1,0,ENERGY_DEPLETED
1177,0.05,92.0,50,1,2,0,1,0,GOAL_REACHED
1178,0.05,80.0,46,1,6,0,1,4,GOAL_REACHED
1179,0.05,-20.0,50,0,0,0,1,0,ENERGY_DEPLETED
1180,0.05,-37.0,50,0,2,1,1,0,ENERGY_DEPLETED
1181,0.05,-37.0,50,0,2,1,1,0,ENERGY_DEPLETED
1182,0.05,-40.0,50,0,5,0,1,0,ENERGY_DEPLETED
1183,0.05,-36.0,50,0,4,0,1,0,ENERGY_DEPLETED
1184,0.05,-28.0,50,0,2,0,1,0,ENERGY_DEPLETED
1185,0.05,-41.0,50,0,2,1,1,0,ENERGY_DEPLETED
1186,0.05,96.0,46,1,2,0,1,4,GOAL_REACHED
1187,0.05,92.0,50,1,2,0,1,0,GOAL_REACHED
1188,0.05,85.0,48,1,2,1,1,2,GOAL_REACHED
1189,0.05,83.0,47,1,5,0,1,3,GOAL_REACHED
1190,0.05,84.0,50,1,4,0,1,0,GOAL_REACHED
1191,0.05,84.0,50,1,4,0,1,0,GOAL_REACHED
1192,0.05,-24.0,50,0,1,0,1,0,ENERGY_DEPLETED
1193,0.05,-46.0,50,0,2,2,1,0,ENERGY_DEPLETED
1194,0.05,-44.0,50,0,6,0,1,0,ENERGY_DEPLETED
1195,0.05,-28.0,50,0,2,0,1,0,ENERGY_DEPLETED
1196,0.05,75.0,50,1,4,1,1,0,GOAL_REACHED
1197,0.05,-57.0,50,0,7,1,1,0,ENERGY_DEPLETED
1198,0.05,-36.0,50,0,4,0,1,0,ENERGY_DEPLETED
1199,0.05,99.0,47,1,1,0,1,3,GOAL_REACHED
1200,0.05,-24.0,50,0,1,0,1,0,ENERGY_DEPLETED
1201,0.05,91.0,47,1,3,0,1,3,GOAL_REACHED
1202,0.05,-36.0,50,0,4,0,1,0,ENERGY_DEPLETED
1203,0.05,92.0,50,1,2,0,1,0,GOAL_REACHED
1204,0.05,91.0,47,1,3,0,1,3,GOAL_REACHED
1205,0.05,84.0,50,1,4,0,1,0,GOAL_REACHED
1206,0.05,-32.0,50,0,3,0,1,0,ENERGY_DEPLETED
1207,0.05,-37.0,50,0,2,1,1,0,ENERGY_DEPLETED
1208,0.05,-32.0,50,0,3,0,1,0,ENERGY_DEPLETED
1209,0.05,89.0,49,1,3,0,1,1,GOAL_REACHED
1210,0.05,99.0,47,1,1,0,1,3,GOAL_REACHED
1211,0.05,72.0,49,1,5,1,1,1,GOAL_REACHED
1212,0.05,-56.0,50,0,8,0,1,0,ENERGY_DEPLETED
1213,0.05,76.0,50,1,6,0,1,0,GOAL_REACHED
1214,0.05,-32.0,50,0,3,0,1,0,ENERGY_DEPLETED
1215,0.05,79.0,46,1,4,1,1,4,GOAL_REACHED
1216,0.05,-40.0,50,0,4,0,1,0,ENERGY_DEPLETED
1217,0.05,-32.0,50,0,3,0,1,0,ENERGY_DEPLETED
1218,0.05,91.0,47,1,3,0,1,3,GOAL_REACHED
1219,0.05,94.0,48,1,2,0,1,2,GOAL_REACHED
1220,0.05,-56.0,50,0,9,0,1,0,ENERGY_DEPLETED
1221,0.05,85.0,45,1,5,0,1,5,GOAL_REACHED
1222,0.05,94.0,48,1,2,0,1,2,GOAL_REACHED
1223,0.05,84.0,50,1,4,0,1,0,GOAL_REACHED
1224,0.05,86.0,48,1,4,0,1,2,GOAL_REACHED
1225,0.05,83.0,47,1,5,0,1,3,GOAL_REACHED
1226,0.05,-36.0,50,0,4,0,1,0,ENERGY_DEPLETED
1227,0.05,68.0,50,1,8,0,1,0,GOAL_REACHED
1228,0.05,84.0,50,1,4,0,1,0,GOAL_REACHED
1229,0.05,91.0,47,1,3,0,1,3,GOAL_REACHED
1230,0.05,78.0,48,1,6,0,1,2,GOAL_REACHED
1231,0.05,68.0,50,1,8,0,1,0,GOAL_REACHED
1232,0.05,84.0,50,1,4,0,1,0,GOAL_REACHED
1233,0.05,96.0,46,1,2,0,1,4,GOAL_REACHED
1234,0.05,91.0,47,1,3,0,1,3,GOAL_REACHED
1235,0.05,83.0,47,1,5,0,1,3,GOAL_REACHED
1236,0.05,86.0,48,1,4,0,1,2,GOAL_REACHED
1237,0.05,-36.0,50,0,4,0,1,0,ENERGY_DEPLETED
1238,0.05,-41.0,50,0,3,1,1,0,ENERGY_DEPLETED
1239,0.05,-28.0,50,0,2,0,1,0,ENERGY_DEPLETED
1240,0.05,84.0,50,1,4,0,1,0,GOAL_REACHED
1241,0.05,92.0,50,1,2,0,1,0,GOAL_REACHED
1242,0.05,84.0,50,1,4,0,1,0,GOAL_REACHED
1243,0.05,91.0,47,1,3,0,1,3,GOAL_REACHED
1244,0.05,86.0,48,1,4,0,1,2,GOAL_REACHED
1245,0.05,-28.0,50,0,2,0,1,0,ENERGY_DEPLETED
1246,0.05,-36.0,50,0,4,0,1,0,ENERGY_DEPLETED
1247,0.05,-40.0,50,0,4,0,1,0,ENERGY_DEPLETED
1248,0.05,-40.0,50,0,5,0,1,0,ENERGY_DEPLETED
1249,0.05,104.0,46,1,0,0,1,4,GOAL_REACHED
1250,0.05,74.0,47,1,5,1,1,3,GOAL_REACHED
1251,0.05,-28.0,50,0,2,0,1,0,ENERGY_DEPLETED
1252,0.05,94.0,48,1,2,0,1,2,GOAL_REACHED
1253,0.05,-40.0,50,0,5,0,1,0,ENERGY_DEPLETED
1254,0.05,91.0,47,1,3,0,1,3,GOAL_REACHED
1255,0.05,-45.0,50,0,4,1,1,0,ENERGY_DEPLETED
1256,0.05,86.0,48,1,4,0,1,2,GOAL_REACHED
1257,0.05,86.0,48,1,4,0,1,2,GOAL_REACHED
1258,0.05,84.0,50,1,4,0,1,0,GOAL_REACHED
1259,0.05,88.0,46,1,4,0,1,4,GOAL_REACHED
1260,0.05,-44.0,50,0,6,0,1,0,ENERGY_DEPLETED
1261,0.05,-49.0,50,0,5,1,1,0,ENERGY_DEPLETED
1262,0.05,85.0,48,1,2,1,1,2,GOAL_REACHED
1263,0.05,-48.0,50,0,6,0,1,0,ENERGY_DEPLETED
1264,0.05,93.0,45,1,3,0,1,5,GOAL_REACHED
1265,0.05,-36.0,50,0,3,0,1,0,ENERGY_DEPLETED
1266,0.05,-32.0,50,0,3,0,1,0,ENERGY_DEPLETED
1267,0.05,96.0,46,1,2,0,1,4,GOAL_REACHED
1268,0.05,-36.0,50,0,4,0,1,0,ENERGY_DEPLETED
1269,0.05,-32.0,50,0,3,0,1,0,ENERGY_DEPLETED
1270,0.05,-32.0,50,0,3,0,1,0,ENERGY_DEPLETED
1271,0.05,-33.0,50,0,1,1,1,0,ENERGY_DEPLETED
1272,0.05,89.0,49,1,3,0,1,1,GOAL_REACHED
1273,0.05,91.0,47,1,3,0,1,3,GOAL_REACHED
1274,0.05,-44.0,50,0,6,0,1,0,ENERGY_DEPLETED
1275,0.05,-44.0,50,0,6,0,1,0,ENERGY_DEPLETED
1276,0.05,94.0,48,1,2,0,1,2,GOAL_REACHED
1277,0.05,-48.0,50,0,7,0,1,0,ENERGY_DEPLETED
1278,0.05,86.0,48,1,4,0,1,2,GOAL_REACHED
1279,0.05,91.0,47,1,3,0,1,3,GOAL_REACHED
1280,0.05,-53.0,50,0,6,1,1,0,ENERGY_DEPLETED
1281,0.05,94.0,48,1,2,0,1,2,GOAL_REACHED
1282,0.05,96.0,46,1,2,0,1,4,GOAL_REACHED
1283,0.05,87.0,46,1,2,1,1,4,GOAL_REACHED
1284,0.05,86.0,48,1,4,0,1,2,GOAL_REACHED
1285,0.05,-36.0,50,0,4,0,1,0,ENERGY_DEPLETED
1286,0.05,-32.0,50,0,3,0,1,0,ENERGY_DEPLETED
1287,0.05,78.0,48,1,6,0,1,2,GOAL_REACHED
1288,0.05,84.0,50,1,4,0,1,0,GOAL_REACHED
1289,0.05,-44.0,50,0,6,0,1,0,ENERGY_DEPLETED
1290,0.05,96.0,46,1,2,0,1,4,GOAL_REACHED
1291,0.05,-28.0,50,0,2,0,1,0,ENERGY_DEPLETED
1292,0.05,84.0,50,1,4,0,1,0,GOAL_REACHED
1293,0.05,67.0,50,1,6,1,1,0,GOAL_REACHED
1294,0.05,-48.0,50,0,7,0,1,0,ENERGY_DEPLETED
1295,0.05,88.0,46,1,4,0,1,4,GOAL_REACHED
1296,0.05,96.0,46,1,2,0,1,4,GOAL_REACHED
1297,0.05,91.0,47,1,3,0,1,3,GOAL_REACHED
1298,0.05,96.0,46,1,2,0,1,4,GOAL_REACHED
1299,0.05,-44.0,50,0,6,0,1,0,ENERGY_DEPLETED
1300,0.05,-40.0,50,0,5,0,1,0,ENERGY_DEPLETED
1301,0.05,-32.0,50,0,3,0,1,0,ENERGY_DEPLETED
1302,0.05,92.0,50,1,2,0,1,0,GOAL_REACHED
1303,0.05,-32.0,50,0,3,0,1,0,ENERGY_DEPLETED
1304,0.05,104.0,46,1,0,0,1,4,GOAL_REACHED
1305,0.05,80.0,46,1,6,0,1,4,GOAL_REACHED
1306,0.05,-36.0,50,0,4,0,1,0,ENERGY_DEPLETED
1307,0.05,-36.0,50,0,4,0,1,0,ENERGY_DEPLETED
1308,0.05,88.0,46,1,4,0,1,4,GOAL_REACHED
1309,0.05,-28.0,50,0,2,0,1,0,ENERGY_DEPLETED
1310,0.05,88.0,46,1,4,0,1,4,GOAL_REACHED
1311,0.05,-44.0,50,0,6,0,1,0,ENERGY_DEPLETED
1312,0.05,-49.0,50,0,4,1,1,0,ENERGY_DEPLETED
1313,0.05,84.0,50,1,4,0,1,0,GOAL_REACHED
1314,0.05,96.0,46,1,2,0,1,4,GOAL_REACHED
1315,0.05,-40.0,50,0,5,0,1,0,ENERGY_DEPLETED
1316,0.05,-62.0,50,0,6,2,1,0,ENERGY_DEPLETED
1317,0.05,-44.0,50,0,5,0,1,0,ENERGY_DEPLETED
1318,0.05,96.0,46,1,2,0,1,4,GOAL_REACHED
1319,0.05,70.0,48,1,8,0,1,2,GOAL_REACHED
1320,0.05,-52.0,50,0,7,0,1,0,ENERGY_DEPLETED
1321,0.05,-61.0,50,0,8,1,1,0,ENERGY_DEPLETED
1322,0.05,96.0,46,1,2,0,1,4,GOAL_REACHED
1323,0.05,-41.0,50,0,3,1,1,0,ENERGY_DEPLETED
1324,0.05,-49.0,50,0,5,1,1,0,ENERGY_DEPLETED
1325,0.05,-36.0,50,0,4,0,1,0,ENERGY_DEPLETED
1326,0.05,67.0,50,1,6,1,1,0,GOAL_REACHED
1327,0.05,84.0,50,1,4,0,1,0,GOAL_REACHED
1328,0.05,-36.0,50,0,4,0,1,0,ENERGY_DEPLETED
1329,0.05,81.0,49,1,5,0,1,1,GOAL_REACHED
1330,0.05,-32.0,50,0,3,0,1,0,ENERGY_DEPLETED
1331,0.05,88.0,46,1,4,0,1,4,GOAL_REACHED
1332,0.05,81.0,49,1,5,0,1,1,GOAL_REACHED
1333,0.05,84.0,50,1,4,0,1,0,GOAL_REACHED
1334,0.05,75.0,50,1,4,1,1,0,GOAL_REACHED
1335,0.05,80.0,49,1,3,1,1,1,GOAL_REACHED
1336,0.05,86.0,48,1,4,0,1,2,GOAL_REACHED
1337,0.05,100.0,50,1,0,0,1,0,GOAL_REACHED
1338,0.05,-28.0,50,0,2,0,1,0,ENERGY_DEPLETED
1339,0.05,67.0,50,1,6,1,1,0,GOAL_REACHED
1340,0.05,76.0,50,1,6,0,1,0,GOAL_REACHED
1341,0.05,85.0,48,1,2,1,1,2,GOAL_REACHED
1342,0.05,70.0,48,1,8,0,1,2,GOAL_REACHED
1343,0.05,86.0,48,1,4,0,1,2,GOAL_REACHED
1344,0.05,-32.0,50,0,3,0,1,0,ENERGY_DEPLETED
1345,0.05,-44.0,50,0,6,0,1,0,ENERGY_DEPLETED
1346,0.05,-36.0,50,0,4,0,1,0,ENERGY_DEPLETED
1347,0.05,80.0,46,1,6,0,1,4,GOAL_REACHED
1348,0.05,-32.0,50,0,3,0,1,0,ENERGY_DEPLETED
1349,0.05,84.0,50,1,4,0,1,0,GOAL_REACHED
1350,0.05,77.0,48,1,4,1,1,2,GOAL_REACHED
1351,0.05,83.0,50,1,2,1,1,0,GOAL_REACHED
1352,0.05,94.0,48,1,2,0,1,2,GOAL_REACHED
1353,0.05,-44.0,50,0,6,0,1,0,ENERGY_DEPLETED
1354,0.05,75.0,47,1,7,0,1,3,GOAL_REACHED
1355,0.05,104.0,46,1,0,0,1,4,GOAL_REACHED
1356,0.05,-44.0,50,0,6,0,1,0,ENERGY_DEPLETED
1357,0.05,67.0,50,1,6,1,1,0,GOAL_REACHED
1358,0.05,94.0,48,1,2,0,1,2,GOAL_REACHED
1359,0.05,86.0,48,1,4,0,1,2,GOAL_REACHED
1360,0.05,-32.0,50,0,2,0,1,0,ENERGY_DEPLETED
1361,0.05,83.0,50,1,2,1,1,0,GOAL_REACHED
1362,0.05,-50.0,50,0,3,2,1,0,ENERGY_DEPLETED
1363,0.05,-32.0,50,0,3,0,1,0,ENERGY_DEPLETED
1364,0.05,83.0,47,1,5,0,1,3,GOAL_REACHED
1365,0.05,-40.0,50,0,4,0,1,0,ENERGY_DEPLETED
1366,0.05,88.0,46,1,4,0,1,4,GOAL_REACHED
1367,0.05,-41.0,50,0,2,1,1,0,ENERGY_DEPLETED
1368,0.05,-28.0,50,0,2,0,1,0,ENERGY_DEPLETED
1369,0.05,96.0,46,1,2,0,1,4,GOAL_REACHED
1370,0.05,96.0,46,1,2,0,1,4,GOAL_REACHED
1371,0.05,-32.0,50,0,3,0,1,0,ENERGY_DEPLETED
1372,0.05,80.0,46,1,6,0,1,4,GOAL_REACHED
1373,0.05,-32.0,50,0,3,0,1,0,ENERGY_DEPLETED
1374,0.05,78.0,48,1,6,0,1,2,GOAL_REACHED
1375,0.05,80.0,49,1,3,1,1,1,GOAL_REACHED
1376,0.05,94.0,48,1,2,0,1,2,GOAL_REACHED
1377,0.05,93.0,48,1,0,1,1,2,GOAL_REACHED
1378,0.05,80.0,46,1,6,0,1,4,GOAL_REACHED
1379,0.05,-32.0,50,0,3,0,1,0,ENERGY_DEPLETED
1380,0.05,-56.0,50,0,8,0,1,0,ENERGY_DEPLETED
1381,0.05,84.0,50,1,4,0,1,0,GOAL_REACHED
1382,0.05,-32.0,50,0,3,0,1,0,ENERGY_DEPLETED
1383,0.05,83.0,47,1,5,0,1,3,GOAL_REACHED
1384,0.05,-52.0,50,0,8,0,1,0,ENERGY_DEPLETED
1385,0.05,-48.0,50,0,7,0,1,0,ENERGY_DEPLETED
1386,0.05,64.0,49,1,7,1,1,1,GOAL_REACHED
1387,0.05,84.0,50,1,4,0,1,0,GOAL_REACHED
1388,0.05,88.0,46,1,4,0,1,4,GOAL_REACHED
1389,0.05,-36.0,50,0,4,0,1,0,ENERGY_DEPLETED
1390,0.05,92.0,50,1,2,0,1,0,GOAL_REACHED
1391,0.05,99.0,47,1,1,0,1,3,GOAL_REACHED
1392,0.05,75.0,47,1,7,0,1,3,GOAL_REACHED
1393,0.05,102.0,48,1,0,0,1,2,GOAL_REACHED
1394,0.05,86.0,48,1,4,0,1,2,GOAL_REACHED
1395,0.05,80.0,46,1,6,0,1,4,GOAL_REACHED
1396,0.05,104.0,46,1,0,0,1,4,GOAL_REACHED
1397,0.05,-40.0,50,0,4,0,1,0,ENERGY_DEPLETED
1398,0.05,-44.0,50,0,6,0,1,0,ENERGY_DEPLETED
1399,0.05,86.0,48,1,4,0,1,2,GOAL_REACHED
1400,0.05,-36.0,50,0,4,0,1,0,ENERGY_DEPLETED
1401,0.05,96.0,46,1,2,0,1,4,GOAL_REACHED
1402,0.05,96.0,46,1,2,0,1,4,GOAL_REACHED
1403,0.05,-28.0,50,0,2,0,1,0,ENERGY_DEPLETED
1404,0.05,-41.0,50,0,3,1,1,0,ENERGY_DEPLETED
1405,0.05,66.0,50,1,4,2,1,0,GOAL_REACHED
1406,0.05,94.0,48,1,2,0,1,2,GOAL_REACHED
1407,0.05,-52.0,50,0,8,0,1,0,ENERGY_DEPLETED
1408,0.05,-52.0,50,0,8,0,1,0,ENERGY_DEPLETED
1409,0.05,-37.0,50,0,2,1,1,0,ENERGY_DEPLETED
1410,0.05,-24.0,50,0,1,0,1,0,ENERGY_DEPLETED
1411,0.05,-32.0,50,0,3,0,1,0,ENERGY_DEPLETED
1412,0.05,70.0,48,1,8,0,1,2,GOAL_REACHED
1413,0.05,-41.0,50,0,3,1,1,0,ENERGY_DEPLETED
1414,0.05,88.0,46,1,4,0,1,4,GOAL_REACHED
1415,0.05,78.0,48,1,6,0,1,2,GOAL_REACHED
1416,0.05,-40.0,50,0,5,0,1,0,ENERGY_DEPLETED
1417,0.05,-20.0,50,0,0,0,1,0,ENERGY_DEPLETED
1418,0.05,79.0,46,1,4,1,1,4,GOAL_REACHED
1419,0.05,88.0,46,1,4,0,1,4,GOAL_REACHED
1420,0.05,87.0,46,1,2,1,1,4,GOAL_REACHED
1421,0.05,-53.0,50,0,6,1,1,0,ENERGY_DEPLETED
1422,0.05,80.0,46,1,6,0,1,4,GOAL_REACHED
1423,0.05,81.0,49,1,5,0,1,1,GOAL_REACHED
1424,0.05,86.0,48,1,4,0,1,2,GOAL_REACHED
1425,0.05,-24.0,50,0,1,0,1,0,ENERGY_DEPLETED
1426,0.05,94.0,48,1,2,0,1,2,GOAL_REACHED
1427,0.05,78.0,48,1,6,0,1,2,GOAL_REACHED
1428,0.05,-58.0,50,0,5,2,1,0,ENERGY_DEPLETED
1429,0.05,-24.0,50,0,1,0,1,0,ENERGY_DEPLETED
1430,0.05,86.0,48,1,4,0,1,2,GOAL_REACHED
1431,0.05,-20.0,50,0,0,0,1,0,ENERGY_DEPLETED
1432,0.05,-40.0,50,0,5,0,1,0,ENERGY_DEPLETED
1433,0.05,-32.0,50,0,3,0,1,0,ENERGY_DEPLETED
1434,0.05,-36.0,50,0,4,0,1,0,ENERGY_DEPLETED
1435,0.05,-32.0,50,0,3,0,1,0,ENERGY_DEPLETED
1436,0.05,-40.0,50,0,5,0,1,0,ENERGY_DEPLETED
1437,0.05,-32.0,50,0,3,0,1,0,ENERGY_DEPLETED
1438,0.05,80.0,46,1,6,0,1,4,GOAL_REACHED
1439,0.05,83.0,47,1,5,0,1,3,GOAL_REACHED
1440,0.05,81.0,49,1,5,0,1,1,GOAL_REACHED
1441,0.05,67.0,50,1,6,1,1,0,GOAL_REACHED
1442,0.05,96.0,46,1,2,0,1,4,GOAL_REACHED
1443,0.05,-24.0,50,0,1,0,1,0,ENERGY_DEPLETED
1444,0.05,82.0,47,1,3,1,1,3,GOAL_REACHED
1445,0.05,91.0,47,1,3,0,1,3,GOAL_REACHED
1446,0.05,77.0,48,1,4,1,1,2,GOAL_REACHED
1447,0.05,86.0,48,1,4,0,1,2,GOAL_REACHED
1448,0.05,-40.0,50,0,5,0,1,0,ENERGY_DEPLETED
1449,0.05,84.0,50,1,4,0,1,0,GOAL_REACHED
1450,0.05,-53.0,50,0,6,1,1,0,ENERGY_DEPLETED
1451,0.05,-28.0,50,0,2,0,1,0,ENERGY_DEPLETED
1452,0.05,77.0,48,1,4,1,1,2,GOAL_REACHED
1453,0.05,81.0,49,1,5,0,1,1,GOAL_REACHED
1454,0.05,92.0,50,1,2,0,1,0,GOAL_REACHED
1455,0.05,79.0,46,1,4,1,1,4,GOAL_REACHED
1456,0.05,94.0,48,1,2,0,1,2,GOAL_REACHED
1457,0.05,80.0,46,1,6,0,1,4,GOAL_REACHED
1458,0.05,104.0,46,1,0,0,1,4,GOAL_REACHED
1459,0.05,86.0,48,1,4,0,1,2,GOAL_REACHED
1460,0.05,92.0,50,1,2,0,1,0,GOAL_REACHED
1461,0.05,-36.0,50,0,4,0,1,0,ENERGY_DEPLETED
1462,0.05,94.0,48,1,2,0,1,2,GOAL_REACHED
1463,0.05,-28.0,50,0,2,0,1,0,ENERGY_DEPLETED
1464,0.05,-32.0,50,0,3,0,1,0,ENERGY_DEPLETED
1465,0.05,-36.0,50,0,4,0,1,0,ENERGY_DEPLETED
1466,0.05,104.0,46,1,0,0,1,4,GOAL_REACHED
1467,0.05,88.0,46,1,4,0,1,4,GOAL_REACHED
1468,0.05,99.0,47,1,1,0,1,3,GOAL_REACHED
1469,0.05,94.0,48,1,2,0,1,2,GOAL_REACHED
1470,0.05,75.0,50,1,4,1,1,0,GOAL_REACHED
1471,0.05,78.0,48,1,6,0,1,2,GOAL_REACHED
1472,0.05,86.0,48,1,4,0,1,2,GOAL_REACHED
1473,0.05,-44.0,50,0,6,0,1,0,ENERGY_DEPLETED
1474,0.05,81.0,49,1,5,0,1,1,GOAL_REACHED
1475,0.05,84.0,50,1,4,0,1,0,GOAL_REACHED
1476,0.05,-24.0,50,0,1,0,1,0,ENERGY_DEPLETED
1477,0.05,-54.0,50,0,4,2,1,0,ENERGY_DEPLETED
1478,0.05,80.0,46,1,6,0,1,4,GOAL_REACHED
1479,0.05,96.0,46,1,2,0,1,4,GOAL_REACHED
1480,0.05,86.0,48,1,4,0,1,2,GOAL_REACHED
1481,0.05,59.0,50,1,8,1,1,0,GOAL_REACHED
1482,0.05,-28.0,50,0,2,0,1,0,ENERGY_DEPLETED
1483,0.05,82.0,47,1,3,1,1,3,GOAL_REACHED
1484,0.05,104.0,46,1,0,0,1,4,GOAL_REACHED
1485,0.05,92.0,50,1,2,0,1,0,GOAL_REACHED
1486,0.05,80.0,46,1,6,0,1,4,GOAL_REACHED
1487,0.05,91.0,50,1,0,1,1,0,GOAL_REACHED
1488,0.05,-49.0,50,0,4,1,1,0,ENERGY_DEPLETED
1489,0.05,-32.0,50,0,3,0,1,0,ENERGY_DEPLETED
1490,0.05,88.0,46,1,4,0,1,4,GOAL_REACHED
1491,0.05,88.0,46,1,4,0,1,4,GOAL_REACHED
1492,0.05,-36.0,50,0,4,0,1,0,ENERGY_DEPLETED
1493,0.05,-44.0,50,0,6,0,1,0,ENERGY_DEPLETED
1494,0.05,76.0,50,1,6,0,1,0,GOAL_REACHED
1495,0.05,-28.0,50,0,2,0,1,0,ENERGY_DEPLETED
1496,0.05,-32.0,50,0,3,0,1,0,ENERGY_DEPLETED
1497,0.05,-32.0,50,0,3,0,1,0,ENERGY_DEPLETED
1498,0.05,-57.0,50,0,6,1,1,0,ENERGY_DEPLETED
1499,0.05,-40.0,50,0,5,0,1,0,ENERGY_DEPLETED
1500,0.05,-32.0,50,0,3,0,1,0,ENERGY_DEPLETED
1501,0.05,-41.0,50,0,3,1,1,0,ENERGY_DEPLETED
1502,0.05,-40.0,50,0,4,0,1,0,ENERGY_DEPLETED
1503,0.05,-24.0,50,0,1,0,1,0,ENERGY_DEPLETED
1504,0.05,92.0,50,1,2,0,1,0,GOAL_REACHED
1505,0.05,-44.0,50,0,6,0,1,0,ENERGY_DEPLETED
1506,0.05,84.0,50,1,4,0,1,0,GOAL_REACHED
1507,0.05,-32.0,50,0,3,0,1,0,ENERGY_DEPLETED
1508,0.05,78.0,48,1,6,0,1,2,GOAL_REACHED
1509,0.05,87.0,46,1,2,1,1,4,GOAL_REACHED
1510,0.05,70.0,46,1,4,2,1,4,GOAL_REACHED
1511,0.05,-36.0,50,0,4,0,1,0,ENERGY_DEPLETED
1512,0.05,-36.0,50,0,4,0,1,0,ENERGY_DEPLETED
1513,0.05,104.0,46,1,0,0,1,4,GOAL_REACHED
1514,0.05,-33.0,50,0,1,1,1,0,ENERGY_DEPLETED
1515,0.05,92.0,50,1,2,0,1,0,GOAL_REACHED
1516,0.05,-37.0,50,0,2,1,1,0,ENERGY_DEPLETED
1517,0.05,81.0,49,1,5,0,1,1,GOAL_REACHED
1518,0.05,-28.0,50,0,2,0,1,0,ENERGY_DEPLETED
1519,0.05,96.0,46,1,2,0,1,4,GOAL_REACHED
1520,0.05,94.0,48,1,2,0,1,2,GOAL_REACHED
1521,0.05,-28.0,50,0,2,0,1,0,ENERGY_DEPLETED
1522,0.05,81.0,49,1,5,0,1,1,GOAL_REACHED
1523,0.05,-28.0,50,0,2,0,1,0,ENERGY_DEPLETED
1524,0.05,92.0,50,1,2,0,1,0,GOAL_REACHED
1525,0.05,88.0,46,1,4,0,1,4,GOAL_REACHED
1526,0.05,-32.0,50,0,3,0,1,0,ENERGY_DEPLETED
1527,0.05,75.0,47,1,7,0,1,3,GOAL_REACHED
1528,0.05,-36.0,50,0,4,0,1,0,ENERGY_DEPLETED
1529,0.05,-32.0,50,0,2,0,1,0,ENERGY_DEPLETED
1530,0.05,91.0,47,1,3,0,1,3,GOAL_REACHED
1531,0.05,-36.0,50,0,4,0,1,0,ENERGY_DEPLETED
1532,0.05,-28.0,50,0,2,0,1,0,ENERGY_DEPLETED
1533,0.05,-36.0,50,0,4,0,1,0,ENERGY_DEPLETED
1534,0.05,-32.0,50,0,3,0,1,0,ENERGY_DEPLETED
1535,0.05,-56.0,50,0,8,0,1,0,ENERGY_DEPLETED
1536,0.05,79.0,46,1,4,1,1,4,GOAL_REACHED
1537,0.05,-65.0,50,0,9,1,1,0,ENERGY_DEPLETED
1538,0.05,-32.0,50,0,3,0,1,0,ENERGY_DEPLETED
1539,0.05,-49.0,50,0,4,1,1,0,ENERGY_DEPLETED
1540,0.05,-28.0,50,0,2,0,1,0,ENERGY_DEPLETED
1541,0.05,-44.0,50,0,6,0,1,0,ENERGY_DEPLETED
1542,0.05,94.0,48,1,2,0,1,2,GOAL_REACHED
1543,0.05,-36.0,50,0,4,0,1,0,ENERGY_DEPLETED
1544,0.05,68.0,48,1,4,2,1,2,GOAL_REACHED
1545,0.05,-40.0,50,0,5,0,1,0,ENERGY_DEPLETED
1546,0.05,-36.0,50,0,4,0,1,0,ENERGY_DEPLETED
1547,0.05,-57.0,50,0,6,1,1,0,ENERGY_DEPLETED
1548,0.05,78.0,48,1,6,0,1,2,GOAL_REACHED
1549,0.05,-36.0,50,0,4,0,1,0,ENERGY_DEPLETED
1550,0.05,91.0,47,1,3,0,1,3,GOAL_REACHED
1551,0.05,-49.0,50,0,5,1,1,0,ENERGY_DEPLETED
1552,0.05,67.0,50,1,6,1,1,0,GOAL_REACHED
1553,0.05,86.0,48,1,4,0,1,2,GOAL_REACHED
1554,0.05,96.0,46,1,2,0,1,4,GOAL_REACHED
1555,0.05,-28.0,50,0,2,0,1,0,ENERGY_DEPLETED
1556,0.05,77.0,48,1,4,1,1,2,GOAL_REACHED
1557,0.05,94.0,48,1,2,0,1,2,GOAL_REACHED
1558,0.05,75.0,50,1,4,1,1,0,GOAL_REACHED
1559,0.05,81.0,49,1,5,0,1,1,GOAL_REACHED
1560,0.05,88.0,46,1,4,0,1,4,GOAL_REACHED
1561,0.05,92.0,50,1,2,0,1,0,GOAL_REACHED
1562,0.05,-45.0,50,0,4,1,1,0,ENERGY_DEPLETED
1563,0.05,91.0,47,1,3,0,1,3,GOAL_REACHED
1564,0.05,89.0,49,1,3,0,1,1,GOAL_REACHED
1565,0.05,-40.0,50,0,5,0,1,0,ENERGY_DEPLETED
1566,0.05,62.0,48,1,10,0,1,2,GOAL_REACHED
1567,0.05,-36.0,50,0,4,0,1,0,ENERGY_DEPLETED
1568,0.05,-49.0,50,0,4,1,1,0,ENERGY_DEPLETED
1569,0.05,80.0,49,1,3,1,1,1,GOAL_REACHED
1570,0.05,81.0,49,1,5,0,1,1,GOAL_REACHED
1571,0.05,-44.0,50,0,6,0,1,0,ENERGY_DEPLETED
1572,0.05,83.0,50,1,2,1,1,0,GOAL_REACHED
1573,0.05,94.0,48,1,2,0,1,2,GOAL_REACHED
1574,0.05,-49.0,50,0,5,1,1,0,ENERGY_DEPLETED
1575,0.05,89.0,49,1,3,0,1,1,GOAL_REACHED
1576,0.05,76.0,50,1,6,0,1,0,GOAL_REACHED
1577,0.05,-36.0,50,0,4,0,1,0,ENERGY_DEPLETED
1578,0.05,-32.0,50,0,3,0,1,0,ENERGY_DEPLETED
1579,0.05,-48.0,50,0,7,0,1,0,ENERGY_DEPLETED
1580,0.05,-40.0,50,0,4,0,1,0,ENERGY_DEPLETED
1581,0.05,59.0,50,1,8,1,1,0,GOAL_REACHED
1582,0.05,81.0,49,1,5,0,1,1,GOAL_REACHED
1583,0.05,-40.0,50,0,4,0,1,0,ENERGY_DEPLETED
1584,0.05,-36.0,50,0,4,0,1,0,ENERGY_DEPLETED
1585,0.05,66.0,50,1,4,2,1,0,GOAL_REACHED
1586,0.05,-50.0,50,0,3,2,1,0,ENERGY_DEPLETED
1587,0.05,-45.0,50,0,4,1,1,0,ENERGY_DEPLETED
1588,0.05,91.0,47,1,3,0,1,3,GOAL_REACHED
1589,0.05,80.0,49,1,3,1,1,1,GOAL_REACHED
1590,0.05,96.0,46,1,2,0,1,4,GOAL_REACHED
1591,0.05,84.0,50,1,4,0,1,0,GOAL_REACHED
1592,0.05,72.0,49,1,5,1,1,1,GOAL_REACHED
1593,0.05,92.0,50,1,2,0,1,0,GOAL_REACHED
1594,0.05,83.0,50,1,2,1,1,0,GOAL_REACHED
1595,0.05,-28.0,50,0,2,0,1,0,ENERGY_DEPLETED
1596,0.05,96.0,46,1,2,0,1,4,GOAL_REACHED
1597,0.05,78.0,48,1,6,0,1,2,GOAL_REACHED
1598,0.05,-53.0,50,0,6,1,1,0,ENERGY_DEPLETED
1599,0.05,94.0,48,1,2,0,1,2,GOAL_REACHED
1600,0.05,-36.0,50,0,4,0,1,0,ENERGY_DEPLETED
1601,0.05,78.0,48,1,6,0,1,2,GOAL_REACHED
1602,0.05,-36.0,50,0,4,0,1,0,ENERGY_DEPLETED
1603,0.05,-28.0,50,0,2,0,1,0,ENERGY_DEPLETED
1604,0.05,88.0,46,1,4,0,1,4,GOAL_REACHED
1605,0.05,-36.0,50,0,4,0,1,0,ENERGY_DEPLETED
1606,0.05,92.0,50,1,2,0,1,0,GOAL_REACHED
1607,0.05,94.0,48,1,2,0,1,2,GOAL_REACHED
1608,0.05,78.0,48,1,6,0,1,2,GOAL_REACHED
1609,0.05,75.0,47,1,7,0,1,3,GOAL_REACHED
1610,0.05,84.0,50,1,4,0,1,0,GOAL_REACHED
1611,0.05,79.0,46,1,4,1,1,4,GOAL_REACHED
1612,0.05,96.0,46,1,2,0,1,4,GOAL_REACHED
1613,0.05,86.0,48,1,4,0,1,2,GOAL_REACHED
1614,0.05,-52.0,50,0,8,0,1,0,ENERGY_DEPLETED
1615,0.05,88.0,46,1,4,0,1,4,GOAL_REACHED
1616,0.05,80.0,46,1,6,0,1,4,GOAL_REACHED
1617,0.05,-36.0,50,0,4,0,1,0,ENERGY_DEPLETED
1618,0.05,84.0,50,1,4,0,1,0,GOAL_REACHED
1619,0.05,86.0,48,1,4,0,1,2,GOAL_REACHED
1620,0.05,-45.0,50,0,4,1,1,0,ENERGY_DEPLETED
1621,0.05,89.0,49,1,3,0,1,1,GOAL_REACHED
1622,0.05,96.0,46,1,2,0,1,4,GOAL_REACHED
1623,0.05,-41.0,50,0,3,1,1,0,ENERGY_DEPLETED
1624,0.05,94.0,48,1,2,0,1,2,GOAL_REACHED
1625,0.05,50.0,50,1,8,2,1,0,GOAL_REACHED
1626,0.05,85.0,48,1,2,1,1,2,GOAL_REACHED
1627,0.05,86.0,48,1,4,0,1,2,GOAL_REACHED
1628,0.05,-28.0,50,0,2,0,1,0,ENERGY_DEPLETED
1629,0.05,-36.0,50,0,4,0,1,0,ENERGY_DEPLETED
1630,0.05,-36.0,50,0,4,0,1,0,ENERGY_DEPLETED
1631,0.05,88.0,46,1,4,0,1,4,GOAL_REACHED
1632,0.05,-37.0,50,0,2,1,1,0,ENERGY_DEPLETED
1633,0.05,-32.0,50,0,3,0,1,0,ENERGY_DEPLETED
1634,0.05,-28.0,50,0,2,0,1,0,ENERGY_DEPLETED
1635,0.05,-28.0,50,0,2,0,1,0,ENERGY_DEPLETED
1636,0.05,96.0,46,1,2,0,1,4,GOAL_REACHED
1637,0.05,94.0,48,1,2,0,1,2,GOAL_REACHED
1638,0.05,84.0,50,1,4,0,1,0,GOAL_REACHED
1639,0.05,-46.0,50,0,2,2,1,0,ENERGY_DEPLETED
1640,0.05,88.0,46,1,4,0,1,4,GOAL_REACHED
1641,0.05,99.0,47,1,1,0,1,3,GOAL_REACHED
1642,0.05,-59.0,50,0,3,3,1,0,ENERGY_DEPLETED
1643,0.05,-44.0,50,0,6,0,1,0,ENERGY_DEPLETED
1644,0.05,94.0,48,1,2,0,1,2,GOAL_REACHED
1645,0.05,94.0,48,1,2,0,1,2,GOAL_REACHED
1646,0.05,91.0,47,1,3,0,1,3,GOAL_REACHED
1647,0.05,-40.0,50,0,5,0,1,0,ENERGY_DEPLETED
1648,0.05,84.0,50,1,4,0,1,0,GOAL_REACHED
1649,0.05,-44.0,50,0,6,0,1,0,ENERGY_DEPLETED
1650,0.05,-24.0,50,0,0,0,1,0,ENERGY_DEPLETED
1651,0.05,-36.0,50,0,4,0,1,0,ENERGY_DEPLETED
1652,0.05,-32.0,50,0,3,0,1,0,ENERGY_DEPLETED
1653,0.05,102.0,48,1,0,0,1,2,GOAL_REACHED
1654,0.05,96.0,46,1,2,0,1,4,GOAL_REACHED
1655,0.05,76.0,50,1,6,0,1,0,GOAL_REACHED
1656,0.05,-32.0,50,0,3,0,1,0,ENERGY_DEPLETED
1657,0.05,96.0,46,1,2,0,1,4,GOAL_REACHED
1658,0.05,-32.0,50,0,3,0,1,0,ENERGY_DEPLETED
1659,0.05,-36.0,50,0,3,0,1,0,ENERGY_DEPLETED
1660,0.05,94.0,48,1,2,0,1,2,GOAL_REACHED
1661,0.05,-36.0,50,0,4,0,1,0,ENERGY_DEPLETED
1662,0.05,89.0,49,1,3,0,1,1,GOAL_REACHED
1663,0.05,-32.0,50,0,3,0,1,0,ENERGY_DEPLETED
1664,0.05,82.0,47,1,3,1,1,3,GOAL_REACHED
1665,0.05,76.0,50,1,6,0,1,0,GOAL_REACHED
1666,0.05,76.0,50,1,6,0,1,0,GOAL_REACHED
1667,0.05,-28.0,50,0,2,0,1,0,ENERGY_DEPLETED
1668,0.05,-44.0,50,0,6,0,1,0,ENERGY_DEPLETED
1669,0.05,96.0,46,1,2,0,1,4,GOAL_REACHED
1670,0.05,-40.0,50,0,5,0,1,0,ENERGY_DEPLETED
1671,0.05,92.0,50,1,2,0,1,0,GOAL_REACHED
1672,0.05,-20.0,50,0,0,0,1,0,ENERGY_DEPLETED
1673,0.05,-32.0,50,0,2,0,1,0,ENERGY_DEPLETED
1674,0.05,72.0,49,1,5,1,1,1,GOAL_REACHED
1675,0.05,96.0,46,1,2,0,1,4,GOAL_REACHED
1676,0.05,-40.0,50,0,4,0,1,0,ENERGY_DEPLETED
1677,0.05,75.0,50,1,4,1,1,0,GOAL_REACHED
1678,0.05,-36.0,50,0,4,0,1,0,ENERGY_DEPLETED
1679,0.05,-63.0,50,0,4,3,1,0,ENERGY_DEPLETED
1680,0.05,-42.0,50,0,0,2,1,0,ENERGY_DEPLETED
1681,0.05,88.0,46,1,4,0,1,4,GOAL_REACHED
1682,0.05,88.0,46,1,4,0,1,4,GOAL_REACHED
1683,0.05,-36.0,50,0,4,0,1,0,ENERGY_DEPLETED
1684,0.05,-48.0,50,0,6,0,1,0,ENERGY_DEPLETED
1685,0.05,94.0,48,1,2,0,1,2,GOAL_REACHED
1686,0.05,-32.0,50,0,3,0,1,0,ENERGY_DEPLETED
1687,0.05,-32.0,50,0,3,0,1,0,ENERGY_DEPLETED
1688,0.05,-45.0,50,0,4,1,1,0,ENERGY_DEPLETED
1689,0.05,80.0,46,1,6,0,1,4,GOAL_REACHED
1690,0.05,-40.0,50,0,5,0,1,0,ENERGY_DEPLETED
1691,0.05,83.0,47,1,5,0,1,3,GOAL_REACHED
1692,0.05,80.0,46,1,6,0,1,4,GOAL_REACHED
1693,0.05,-36.0,50,0,4,0,1,0,ENERGY_DEPLETED
1694,0.05,88.0,46,1,4,0,1,4,GOAL_REACHED
1695,0.05,84.0,50,1,4,0,1,0,GOAL_REACHED
1696,0.05,78.0,48,1,6,0,1,2,GOAL_REACHED
1697,0.05,91.0,47,1,3,0,1,3,GOAL_REACHED
1698,0.05,-48.0,50,0,6,0,1,0,ENERGY_DEPLETED
1699,0.05,95.0,46,1,0,1,1,4,GOAL_REACHED
1700,0.05,-20.0,50,0,0,0,1,0,ENERGY_DEPLETED
1701,0.05,96.0,46,1,2,0,1,4,GOAL_REACHED
1702,0.05,83.0,47,1,5,0,1,3,GOAL_REACHED
1703,0.05,91.0,47,1,3,0,1,3,GOAL_REACHED
1704,0.05,96.0,46,1,2,0,1,4,GOAL_REACHED
1705,0.05,-44.0,50,0,6,0,1,0,ENERGY_DEPLETED
1706,0.05,-36.0,50,0,4,0,1,0,ENERGY_DEPLETED
1707,0.05,-41.0,50,0,2,1,1,0,ENERGY_DEPLETED
1708,0.05,99.0,47,1,1,0,1,3,GOAL_REACHED
1709,0.05,77.0,48,1,4,1,1,2,GOAL_REACHED
1710,0.05,84.0,50,1,4,0,1,0,GOAL_REACHED
1711,0.05,-36.0,50,0,4,0,1,0,ENERGY_DEPLETED
1712,0.05,-28.0,50,0,2,0,1,0,ENERGY_DEPLETED
1713,0.05,83.0,47,1,5,0,1,3,GOAL_REACHED
1714,0.05,-36.0,50,0,4,0,1,0,ENERGY_DEPLETED
1715,0.05,-32.0,50,0,3,0,1,0,ENERGY_DEPLETED
1716,0.05,75.0,50,1,4,1,1,0,GOAL_REACHED
1717,0.05,89.0,49,1,3,0,1,1,GOAL_REACHED
1718,0.05,-28.0,50,0,2,0,1,0,ENERGY_DEPLETED
1719,0.05,66.0,50,1,4,2,1,0,GOAL_REACHED
1720,0.05,-28.0,50,0,2,0,1,0,ENERGY_DEPLETED
1721,0.05,-40.0,50,0,5,0,1,0,ENERGY_DEPLETED
1722,0.05,-48.0,50,0,7,0,1,0,ENERGY_DEPLETED
1723,0.05,-53.0,50,0,6,1,1,0,ENERGY_DEPLETED
1724,0.05,84.0,50,1,4,0,1,0,GOAL_REACHED
1725,0.05,67.0,50,1,6,1,1,0,GOAL_REACHED
1726,0.05,75.0,47,1,7,0,1,3,GOAL_REACHED
1727,0.05,82.0,47,1,3,1,1,3,GOAL_REACHED
1728,0.05,-40.0,50,0,5,0,1,0,ENERGY_DEPLETED
1729,0.05,96.0,46,1,2,0,1,4,GOAL_REACHED
1730,0.05,77.0,48,1,4,1,1,2,GOAL_REACHED
1731,0.05,-32.0,50,0,3,0,1,0,ENERGY_DEPLETED
1732,0.05,-28.0,50,0,2,0,1,0,ENERGY_DEPLETED
1733,0.05,-45.0,50,0,4,1,1,0,ENERGY_DEPLETED
1734,0.05,-45.0,50,0,4,1,1,0,ENERGY_DEPLETED
1735,0.05,-48.0,50,0,7,0,1,0,ENERGY_DEPLETED
1736,0.05,86.0,48,1,4,0,1,2,GOAL_REACHED
1737,0.05,-32.0,50,0,3,0,1,0,ENERGY_DEPLETED
1738,0.05,83.0,47,1,5,0,1,3,GOAL_REACHED
1739,0.05,-44.0,50,0,6,0,1,0,ENERGY_DEPLETED
1740,0.05,-32.0,50,0,2,0,1,0,ENERGY_DEPLETED
1741,0.05,-54.0,50,0,4,2,1,0,ENERGY_DEPLETED
1742,0.05,-40.0,50,0,5,0,1,0,ENERGY_DEPLETED
1743,0.05,88.0,46,1,4,0,1,4,GOAL_REACHED
1744,0.05,-56.0,50,0,9,0,1,0,ENERGY_DEPLETED
1745,0.05,96.0,46,1,2,0,1,4,GOAL_REACHED
1746,0.05,-36.0,50,0,4,0,1,0,ENERGY_DEPLETED
1747,0.05,-32.0,50,0,3,0,1,0,ENERGY_DEPLETED
1748,0.05,60.0,48,1,6,2,1,2,GOAL_REACHED
1749,0.05,88.0,46,1,4,0,1,4,GOAL_REACHED
1750,0.05,-20.0,50,0,0,0,1,0,ENERGY_DEPLETED
1751,0.05,71.0,49,1,3,2,1,1,GOAL_REACHED
1752,0.05,-32.0,50,0,3,0,1,0,ENERGY_DEPLETED
1753,0.05,84.0,50,1,4,0,1,0,GOAL_REACHED
1754,0.05,81.0,49,1,5,0,1,1,GOAL_REACHED
1755,0.05,89.0,49,1,3,0,1,1,GOAL_REACHED
1756,0.05,73.0,49,1,7,0,1,1,GOAL_REACHED
1757,0.05,86.0,48,1,4,0,1,2,GOAL_REACHED
1758,0.05,-32.0,50,0,2,0,1,0,ENERGY_DEPLETED
1759,0.05,90.0,47,1,1,1,1,3,GOAL_REACHED
1760,0.05,-28.0,50,0,2,0,1,0,ENERGY_DEPLETED
1761,0.05,-32.0,50,0,3,0,1,0,ENERGY_DEPLETED
1762,0.05,-32.0,50,0,3,0,1,0,ENERGY_DEPLETED
1763,0.05,-24.0,50,0,1,0,1,0,ENERGY_DEPLETED
1764,0.05,78.0,48,1,6,0,1,2,GOAL_REACHED
1765,0.05,96.0,46,1,2,0,1,4,GOAL_REACHED
1766,0.05,75.0,47,1,7,0,1,3,GOAL_REACHED
1767,0.05,-36.0,50,0,4,0,1,0,ENERGY_DEPLETED
1768,0.05,-36.0,50,0,4,0,1,0,ENERGY_DEPLETED
1769,0.05,-28.0,50,0,2,0,1,0,ENERGY_DEPLETED
1770,0.05,84.0,50,1,4,0,1,0,GOAL_REACHED
1771,0.05,94.0,48,1,2,0,1,2,GOAL_REACHED
1772,0.05,76.0,50,1,6,0,1,0,GOAL_REACHED
1773,0.05,-28.0,50,0,2,0,1,0,ENERGY_DEPLETED
1774,0.05,-48.0,50,0,7,0,1,0,ENERGY_DEPLETED
1775,0.05,82.0,47,1,3,1,1,3,GOAL_REACHED
1776,0.05,-44.0,50,0,6,0,1,0,ENERGY_DEPLETED
1777,0.05,83.0,47,1,5,0,1,3,GOAL_REACHED
1778,0.05,89.0,49,1,3,0,1,1,GOAL_REACHED
1779,0.05,84.0,50,1,4,0,1,0,GOAL_REACHED
1780,0.05,78.0,48,1,6,0,1,2,GOAL_REACHED
1781,0.05,76.0,50,1,6,0,1,0,GOAL_REACHED
1782,0.05,84.0,50,1,4,0,1,0,GOAL_REACHED
1783,0.05,-28.0,50,0,2,0,1,0,ENERGY_DEPLETED
1784,0.05,-32.0,50,0,3,0,1,0,ENERGY_DEPLETED
1785,0.05,96.0,46,1,2,0,1,4,GOAL_REACHED
1786,0.05,78.0,46,1,2,2,1,4,GOAL_REACHED
1787,0.05,91.0,47,1,3,0,1,3,GOAL_REACHED
1788,0.05,-40.0,50,0,5,0,1,0,ENERGY_DEPLETED
1789,0.05,-36.0,50,0,4,0,1,0,ENERGY_DEPLETED
1790,0.05,-36.0,50,0,4,0,1,0,ENERGY_DEPLETED
1791,0.05,-32.0,50,0,3,0,1,0,ENERGY_DEPLETED
1792,0.05,92.0,50,1,2,0,1,0,GOAL_REACHED
1793,0.05,75.0,50,1,4,1,1,0,GOAL_REACHED
1794,0.05,-28.0,50,0,2,0,1,0,ENERGY_DEPLETED
1795,0.05,70.0,48,1,8,0,1,2,GOAL_REACHED
1796,0.05,-57.0,50,0,7,1,1,0,ENERGY_DEPLETED
1797,0.05,-28.0,50,0,2,0,1,0,ENERGY_DEPLETED
1798,0.05,92.0,50,1,2,0,1,0,GOAL_REACHED
1799,0.05,80.0,46,1,6,0,1,4,GOAL_REACHED
1800,0.05,72.0,49,1,5,1,1,1,GOAL_REACHED
1801,0.05,-36.0,50,0,4,0,1,0,ENERGY_DEPLETED
1802,0.05,88.0,46,1,4,0,1,4,GOAL_REACHED
1803,0.05,-32.0,50,0,3,0,1,0,ENERGY_DEPLETED
1804,0.05,88.0,46,1,4,0,1,4,GOAL_REACHED
1805,0.05,94.0,48,1,2,0,1,2,GOAL_REACHED
1806,0.05,-44.0,50,0,6,0,1,0,ENERGY_DEPLETED
1807,0.05,92.0,50,1,2,0,1,0,GOAL_REACHED
1808,0.05,91.0,47,1,3,0,1,3,GOAL_REACHED
1809,0.05,94.0,48,1,2,0,1,2,GOAL_REACHED
1810,0.05,92.0,50,1,2,0,1,0,GOAL_REACHED
1811,0.05,96.0,46,1,2,0,1,4,GOAL_REACHED
1812,0.05,79.0,46,1,4,1,1,4,GOAL_REACHED
1813,0.05,91.0,47,1,3,0,1,3,GOAL_REACHED
1814,0.05,91.0,47,1,3,0,1,3,GOAL_REACHED
1815,0.05,91.0,47,1,3,0,1,3,GOAL_REACHED
1816,0.05,-36.0,50,0,4,0,1,0,ENERGY_DEPLETED
1817,0.05,89.0,49,1,3,0,1,1,GOAL_REACHED
1818,0.05,91.0,47,1,3,0,1,3,GOAL_REACHED
1819,0.05,-44.0,50,0,6,0,1,0,ENERGY_DEPLETED
1820,0.05,86.0,48,1,4,0,1,2,GOAL_REACHED
1821,0.05,-49.0,50,0,4,1,1,0,ENERGY_DEPLETED
1822,0.05,83.0,50,1,2,1,1,0,GOAL_REACHED
1823,0.05,84.0,50,1,4,0,1,0,GOAL_REACHED
1824,0.05,59.0,50,1,8,1,1,0,GOAL_REACHED
1825,0.05,76.0,50,1,6,0,1,0,GOAL_REACHED
1826,0.05,92.0,50,1,2,0,1,0,GOAL_REACHED
1827,0.05,-40.0,50,0,4,0,1,0,ENERGY_DEPLETED
1828,0.05,-40.0,50,0,4,0,1,0,ENERGY_DEPLETED
1829,0.05,80.0,46,1,6,0,1,4,GOAL_REACHED
1830,0.05,97.0,49,1,1,0,1,1,GOAL_REACHED
1831,0.05,81.0,49,1,5,0,1,1,GOAL_REACHED
1832,0.05,91.0,47,1,3,0,1,3,GOAL_REACHED
1833,0.05,97.0,49,1,1,0,1,1,GOAL_REACHED
1834,0.05,84.0,50,1,4,0,1,0,GOAL_REACHED
1835,0.05,96.0,46,1,2,0,1,4,GOAL_REACHED
1836,0.05,-49.0,50,0,5,1,1,0,ENERGY_DEPLETED
1837,0.05,88.0,46,1,4,0,1,4,GOAL_REACHED
1838,0.05,104.0,46,1,0,0,1,4,GOAL_REACHED
1839,0.05,-28.0,50,0,2,0,1,0,ENERGY_DEPLETED
1840,0.05,86.0,48,1,4,0,1,2,GOAL_REACHED
1841,0.05,-24.0,50,0,1,0,1,0,ENERGY_DEPLETED
1842,0.05,-37.0,50,0,2,1,1,0,ENERGY_DEPLETED
1843,0.05,99.0,47,1,1,0,1,3,GOAL_REACHED
1844,0.05,-44.0,50,0,6,0,1,0,ENERGY_DEPLETED
1845,0.05,94.0,48,1,2,0,1,2,GOAL_REACHED
1846,0.05,76.0,50,1,6,0,1,0,GOAL_REACHED
1847,0.05,-58.0,50,0,5,2,1,0,ENERGY_DEPLETED
1848,0.05,-49.0,50,0,5,1,1,0,ENERGY_DEPLETED
1849,0.05,-44.0,50,0,6,0,1,0,ENERGY_DEPLETED
1850,0.05,81.0,49,1,5,0,1,1,GOAL_REACHED
1851,0.05,-48.0,50,0,7,0,1,0,ENERGY_DEPLETED
1852,0.05,-32.0,50,0,3,0,1,0,ENERGY_DEPLETED
1853,0.05,81.0,49,1,5,0,1,1,GOAL_REACHED
1854,0.05,-44.0,50,0,6,0,1,0,ENERGY_DEPLETED
1855,0.05,-32.0,50,0,3,0,1,0,ENERGY_DEPLETED
1856,0.05,-32.0,50,0,3,0,1,0,ENERGY_DEPLETED
1857,0.05,83.0,47,1,5,0,1,3,GOAL_REACHED
1858,0.05,96.0,46,1,2,0,1,4,GOAL_REACHED
1859,0.05,-36.0,50,0,4,0,1,0,ENERGY_DEPLETED
1860,0.05,-90.0,50,0,5,0,0,0,ENERGY_DEPLETED
1861,0.05,-70.0,50,0,8,2,1,0,ENERGY_DEPLETED
1862,0.05,86.0,48,1,4,0,1,2,GOAL_REACHED
1863,0.05,75.0,47,1,7,0,1,3,GOAL_REACHED
1864,0.05,-40.0,50,0,4,0,1,0,ENERGY_DEPLETED
1865,0.05,85.0,48,1,2,1,1,2,GOAL_REACHED
1866,0.05,-40.0,50,0,4,0,1,0,ENERGY_DEPLETED
1867,0.05,-44.0,50,0,6,0,1,0,ENERGY_DEPLETED
1868,0.05,-28.0,50,0,2,0,1,0,ENERGY_DEPLETED
1869,0.05,76.0,50,1,6,0,1,0,GOAL_REACHED
1870,0.05,91.0,47,1,3,0,1,3,GOAL_REACHED
1871,0.05,79.0,46,1,4,1,1,4,GOAL_REACHED
1872,0.05,93.0,48,1,0,1,1,2,GOAL_REACHED
1873,0.05,96.0,46,1,2,0,1,4,GOAL_REACHED
1874,0.05,-37.0,50,0,2,1,1,0,ENERGY_DEPLETED
1875,0.05,-44.0,50,0,6,0,1,0,ENERGY_DEPLETED
1876,0.05,-20.0,50,0,0,0,1,0,ENERGY_DEPLETED
1877,0.05,96.0,46,1,2,0,1,4,GOAL_REACHED
1878,0.05,-37.0,50,0,2,1,1,0,ENERGY_DEPLETED
1879,0.05,-61.0,50,0,8,1,1,0,ENERGY_DEPLETED
1880,0.05,88.0,46,1,4,0,1,4,GOAL_REACHED
1881,0.05,-36.0,50,0,4,0,1,0,ENERGY_DEPLETED
1882,0.05,-40.0,50,0,4,0,1,0,ENERGY_DEPLETED
1883,0.05,91.0,47,1,3,0,1,3,GOAL_REACHED
1884,0.05,88.0,49,1,1,1,1,1,GOAL_REACHED
1885,0.05,-62.0,50,0,6,2,1,0,ENERGY_DEPLETED
1886,0.05,-57.0,50,0,7,1,1,0,ENERGY_DEPLETED
1887,0.05,-40.0,50,0,4,0,1,0,ENERGY_DEPLETED
1888,0.05,75.0,50,1,4,1,1,0,GOAL_REACHED
1889,0.05,80.0,46,1,6,0,1,4,GOAL_REACHED
1890,0.05,-48.0,50,0,7,0,1,0,ENERGY_DEPLETED
1891,0.05,88.0,46,1,4,0,1,4,GOAL_REACHED
1892,0.05,-51.0,50,0,0,3,1,0,ENERGY_DEPLETED
1893,0.05,-28.0,50,0,2,0,1,0,ENERGY_DEPLETED
1894,0.05,-36.0,50,0,4,0,1,0,ENERGY_DEPLETED
1895,0.05,81.0,49,1,5,0,1,1,GOAL_REACHED
1896,0.05,-32.0,50,0,3,0,1,0,ENERGY_DEPLETED
1897,0.05,-37.0,50,0,2,1,1,0,ENERGY_DEPLETED
1898,0.05,-24.0,50,0,1,0,1,0,ENERGY_DEPLETED
1899,0.05,-40.0,50,0,5,0,1,0,ENERGY_DEPLETED
1900,0.05,78.0,48,1,6,0,1,2,GOAL_REACHED
1901,0.05,-48.0,50,0,7,0,1,0,ENERGY_DEPLETED
1902,0.05,96.0,46,1,2,0,1,4,GOAL_REACHED
1903,0.05,-32.0,50,0,2,0,1,0,ENERGY_DEPLETED
1904,0.05,96.0,46,1,2,0,1,4,GOAL_REACHED
1905,0.05,-57.0,50,0,7,1,1,0,ENERGY_DEPLETED
1906,0.05,89.0,49,1,3,0,1,1,GOAL_REACHED
1907,0.05,-24.0,50,0,1,0,1,0,ENERGY_DEPLETED
1908,0.05,84.0,50,1,4,0,1,0,GOAL_REACHED
1909,0.05,-44.0,50,0,6,0,1,0,ENERGY_DEPLETED
1910,0.05,75.0,47,1,7,0,1,3,GOAL_REACHED
1911,0.05,-32.0,50,0,2,0,1,0,ENERGY_DEPLETED
1912,0.05,-28.0,50,0,2,0,1,0,ENERGY_DEPLETED
1913,0.05,-44.0,50,0,6,0,1,0,ENERGY_DEPLETED
1914,0.05,-32.0,50,0,3,0,1,0,ENERGY_DEPLETED
1915,0.05,89.0,49,1,3,0,1,1,GOAL_REACHED
1916,0.05,-32.0,50,0,3,0,1,0,ENERGY_DEPLETED
1917,0.05,89.0,49,1,3,0,1,1,GOAL_REACHED
1918,0.05,80.0,46,1,6,0,1,4,GOAL_REACHED
1919,0.05,-28.0,50,0,2,0,1,0,ENERGY_DEPLETED
1920,0.05,-40.0,50,0,5,0,1,0,ENERGY_DEPLETED
1921,0.05,92.0,50,1,2,0,1,0,GOAL_REACHED
1922,0.05,-28.0,50,0,2,0,1,0,ENERGY_DEPLETED
1923,0.05,88.0,46,1,4,0,1,4,GOAL_REACHED
1924,0.05,92.0,50,1,2,0,1,0,GOAL_REACHED
1925,0.05,99.0,47,1,1,0,1,3,GOAL_REACHED
1926,0.05,99.0,47,1,1,0,1,3,GOAL_REACHED
1927,0.05,83.0,47,1,5,0,1,3,GOAL_REACHED
1928,0.05,88.0,46,1,4,0,1,4,GOAL_REACHED
1929,0.05,73.0,49,1,7,0,1,1,GOAL_REACHED
1930,0.05,97.0,49,1,1,0,1,1,GOAL_REACHED
1931,0.05,83.0,47,1,5,0,1,3,GOAL_REACHED
1932,0.05,-37.0,50,0,2,1,1,0,ENERGY_DEPLETED
1933,0.05,-36.0,50,0,4,0,1,0,ENERGY_DEPLETED
1934,0.05,-36.0,50,0,4,0,1,0,ENERGY_DEPLETED
1935,0.05,-36.0,50,0,4,0,1,0,ENERGY_DEPLETED
1936,0.05,-36.0,50,0,4,0,1,0,ENERGY_DEPLETED
1937,0.05,-28.0,50,0,2,0,1,0,ENERGY_DEPLETED
1938,0.05,96.0,46,1,2,0,1,4,GOAL_REACHED
1939,0.05,83.0,47,1,5,0,1,3,GOAL_REACHED
1940,0.05,86.0,48,1,4,0,1,2,GOAL_REACHED
1941,0.05,89.0,49,1,3,0,1,1,GOAL_REACHED
1942,0.05,-40.0,50,0,5,0,1,0,ENERGY_DEPLETED
1943,0.05,89.0,49,1,3,0,1,1,GOAL_REACHED
1944,0.05,-41.0,50,0,3,1,1,0,ENERGY_DEPLETED
1945,0.05,-32.0,50,0,3,0,1,0,ENERGY_DEPLETED
1946,0.05,86.0,48,1,4,0,1,2,GOAL_REACHED
1947,0.05,-57.0,50,0,7,1,1,0,ENERGY_DEPLETED
1948,0.05,-41.0,50,0,3,1,1,0,ENERGY_DEPLETED
1949,0.05,67.0,50,1,6,1,1,0,GOAL_REACHED
1950,0.05,81.0,49,1,5,0,1,1,GOAL_REACHED
1951,0.05,89.0,49,1,3,0,1,1,GOAL_REACHED
1952,0.05,91.0,47,1,3,0,1,3,GOAL_REACHED
1953,0.05,-40.0,50,0,5,0,1,0,ENERGY_DEPLETED
1954,0.05,-32.0,50,0,3,0,1,0,ENERGY_DEPLETED
1955,0.05,-24.0,50,0,1,0,1,0,ENERGY_DEPLETED
1956,0.05,92.0,50,1,2,0,1,0,GOAL_REACHED
1957,0.05,-36.0,50,0,4,0,1,0,ENERGY_DEPLETED
1958,0.05,-28.0,50,0,2,0,1,0,ENERGY_DEPLETED
1959,0.05,-40.0,50,0,5,0,1,0,ENERGY_DEPLETED
1960,0.05,83.0,47,1,5,0,1,3,GOAL_REACHED
1961,0.05,83.0,47,1,5,0,1,3,GOAL_REACHED
1962,0.05,-37.0,50,0,2,1,1,0,ENERGY_DEPLETED
1963,0.05,96.0,46,1,2,0,1,4,GOAL_REACHED
1964,0.05,75.0,47,1,7,0,1,3,GOAL_REACHED
1965,0.05,96.0,46,1,2,0,1,4,GOAL_REACHED
1966,0.05,-37.0,50,0,2,1,1,0,ENERGY_DEPLETED
1967,0.05,-32.0,50,0,3,0,1,0,ENERGY_DEPLETED
1968,0.05,94.0,48,1,2,0,1,2,GOAL_REACHED
1969,0.05,-44.0,50,0,6,0,1,0,ENERGY_DEPLETED
1970,0.05,89.0,49,1,3,0,1,1,GOAL_REACHED
1971,0.05,91.0,47,1,3,0,1,3,GOAL_REACHED
1972,0.05,-40.0,50,0,4,0,1,0,ENERGY_DEPLETED
1973,0.05,-24.0,50,0,1,0,1,0,ENERGY_DEPLETED
1974,0.05,84.0,50,1,4,0,1,0,GOAL_REACHED
1975,0.05,92.0,50,1,2,0,1,0,GOAL_REACHED
1976,0.05,87.0,46,1,2,1,1,4,GOAL_REACHED
1977,0.05,83.0,47,1,5,0,1,3,GOAL_REACHED
1978,0.05,-49.0,50,0,5,1,1,0,ENERGY_DEPLETED
1979,0.05,-32.0,50,0,3,0,1,0,ENERGY_DEPLETED
1980,0.05,88.0,46,1,4,0,1,4,GOAL_REACHED
1981,0.05,78.0,48,1,6,0,1,2,GOAL_REACHED
1982,0.05,-36.0,50,0,4,0,1,0,ENERGY_DEPLETED
1983,0.05,-56.0,50,0,9,0,1,0,ENERGY_DEPLETED
1984,0.05,-48.0,50,0,7,0,1,0,ENERGY_DEPLETED
1985,0.05,88.0,46,1,4,0,1,4,GOAL_REACHED
1986,0.05,-32.0,50,0,3,0,1,0,ENERGY_DEPLETED
1987,0.05,104.0,46,1,0,0,1,4,GOAL_REACHED
1988,0.05,-44.0,50,0,6,0,1,0,ENERGY_DEPLETED
1989,0.05,-57.0,50,0,7,1,1,0,ENERGY_DEPLETED
1990,0.05,99.0,47,1,1,0,1,3,GOAL_REACHED
1991,0.05,96.0,46,1,2,0,1,4,GOAL_REACHED
1992,0.05,-40.0,50,0,5,0,1,0,ENERGY_DEPLETED
1993,0.05,-52.0,50,0,8,0,1,0,ENERGY_DEPLETED
1994,0.05,-40.0,50,0,5,0,1,0,ENERGY_DEPLETED
1995,0.05,79.0,46,1,4,1,1,4,GOAL_REACHED
1996,0.05,-36.0,50,0,4,0,1,0,ENERGY_DEPLETED
1997,0.05,-45.0,50,0,4,1,1,0,ENERGY_DEPLETED
1998,0.05,84.0,50,1,4,0,1,0,GOAL_REACHED
1999,0.05,-32.0,50,0,3,0,1,0,ENERGY_DEPLETED
2000,0.05,77.0,48,1,4,1,1,2,GOAL_REACHED
2001,0.05,80.0,46,1,6,0,1,4,GOAL_REACHED
2002,0.05,88.0,46,1,4,0,1,4,GOAL_REACHED
2003,0.05,-48.0,50,0,6,0,1,0,ENERGY_DEPLETED
2004,0.05,96.0,46,1,2,0,1,4,GOAL_REACHED
2005,0.05,83.0,50,1,2,1,1,0,GOAL_REACHED
2006,0.05,-32.0,50,0,3,0,1,0,ENERGY_DEPLETED
2007,0.05,-28.0,50,0,2,0,1,0,ENERGY_DEPLETED
2008,0.05,-36.0,50,0,4,0,1,0,ENERGY_DEPLETED
2009,0.05,-45.0,50,0,4,1,1,0,ENERGY_DEPLETED
2010,0.05,-24.0,50,0,1,0,1,0,ENERGY_DEPLETED
2011,0.05,94.0,48,1,2,0,1,2,GOAL_REACHED
2012,0.05,96.0,46,1,2,0,1,4,GOAL_REACHED
2013,0.05,72.0,46,1,8,0,1,4,GOAL_REACHED
2014,0.05,88.0,46,1,4,0,1,4,GOAL_REACHED
2015,0.05,-20.0,50,0,0,0,1,0,ENERGY_DEPLETED
2016,0.05,-53.0,50,0,6,1,1,0,ENERGY_DEPLETED
2017,0.05,104.0,46,1,0,0,1,4,GOAL_REACHED
2018,0.05,-44.0,50,0,6,0,1,0,ENERGY_DEPLETED
2019,0.05,88.0,46,1,4,0,1,4,GOAL_REACHED
2020,0.05,-37.0,50,0,2,1,1,0,ENERGY_DEPLETED
2021,0.05,96.0,46,1,2,0,1,4,GOAL_REACHED
2022,0.05,81.0,49,1,5,0,1,1,GOAL_REACHED
2023,0.05,75.0,50,1,4,1,1,0,GOAL_REACHED
2024,0.05,84.0,50,1,4,0,1,0,GOAL_REACHED
2025,0.05,-40.0,50,0,5,0,1,0,ENERGY_DEPLETED
2026,0.05,-41.0,50,0,3,1,1,0,ENERGY_DEPLETED
2027,0.05,-33.0,50,0,1,1,1,0,ENERGY_DEPLETED
2028,0.05,-36.0,50,0,4,0,1,0,ENERGY_DEPLETED
2029,0.05,-58.0,50,0,5,2,1,0,ENERGY_DEPLETED
2030,0.05,95.0,46,1,0,1,1,4,GOAL_REACHED
2031,0.05,-36.0,50,0,4,0,1,0,ENERGY_DEPLETED
2032,0.05,91.0,47,1,3,0,1,3,GOAL_REACHED
2033,0.05,-24.0,50,0,1,0,1,0,ENERGY_DEPLETED
2034,0.05,81.0,49,1,5,0,1,1,GOAL_REACHED
2035,0.05,81.0,49,1,5,0,1,1,GOAL_REACHED
2036,0.05,86.0,48,1,4,0,1,2,GOAL_REACHED
2037,0.05,92.0,50,1,2,0,1,0,GOAL_REACHED
2038,0.05,-41.0,50,0,3,1,1,0,ENERGY_DEPLETED
2039,0.05,-28.0,50,0,2,0,1,0,ENERGY_DEPLETED
2040,0.05,-40.0,50,0,5,0,1,0,ENERGY_DEPLETED
2041,0.05,-36.0,50,0,4,0,1,0,ENERGY_DEPLETED
2042,0.05,96.0,46,1,2,0,1,4,GOAL_REACHED
2043,0.05,-28.0,50,0,2,0,1,0,ENERGY_DEPLETED
2044,0.05,88.0,46,1,4,0,1,4,GOAL_REACHED
2045,0.05,-44.0,50,0,6,0,1,0,ENERGY_DEPLETED
2046,0.05,-37.0,50,0,2,1,1,0,ENERGY_DEPLETED
2047,0.05,91.0,47,1,3,0,1,3,GOAL_REACHED
2048,0.05,75.0,47,1,7,0,1,3,GOAL_REACHED
2049,0.05,-32.0,50,0,3,0,1,0,ENERGY_DEPLETED
2050,0.05,-32.0,50,0,3,0,1,0,ENERGY_DEPLETED
2051,0.05,96.0,46,1,2,0,1,4,GOAL_REACHED
2052,0.05,-40.0,50,0,5,0,1,0,ENERGY_DEPLETED
2053,0.05,96.0,46,1,2,0,1,4,GOAL_REACHED
2054,0.05,-40.0,50,0,5,0,1,0,ENERGY_DEPLETED
2055,0.05,88.0,46,1,4,0,1,4,GOAL_REACHED
2056,0.05,65.0,49,1,9,0,1,1,GOAL_REACHED
2057,0.05,-28.0,50,0,2,0,1,0,ENERGY_DEPLETED
2058,0.05,83.0,47,1,5,0,1,3,GOAL_REACHED
2059,0.05,-45.0,50,0,4,1,1,0,ENERGY_DEPLETED
2060,0.05,-32.0,50,0,3,0,1,0,ENERGY_DEPLETED
2061,0.05,84.0,50,1,4,0,1,0,GOAL_REACHED
2062,0.05,-40.0,50,0,5,0,1,0,ENERGY_DEPLETED
2063,0.05,86.0,48,1,4,0,1,2,GOAL_REACHED
2064,0.05,84.0,50,1,4,0,1,0,GOAL_REACHED
2065,0.05,77.0,48,1,4,1,1,2,GOAL_REACHED
2066,0.05,-41.0,50,0,3,1,1,0,ENERGY_DEPLETED
2067,0.05,91.0,47,1,3,0,1,3,GOAL_REACHED
2068,0.05,-58.0,50,0,5,2,1,0,ENERGY_DEPLETED
2069,0.05,-28.0,50,0,2,0,1,0,ENERGY_DEPLETED
2070,0.05,88.0,46,1,4,0,1,4,GOAL_REACHED
2071,0.05,96.0,46,1,2,0,1,4,GOAL_REACHED
2072,0.05,-32.0,50,0,3,0,1,0,ENERGY_DEPLETED
2073,0.05,-32.0,50,0,3,0,1,0,ENERGY_DEPLETED
2074,0.05,87.0,46,1,2,1,1,4,GOAL_REACHED
2075,0.05,99.0,47,1,1,0,1,3,GOAL_REACHED
2076,0.05,-32.0,50,0,3,0,1,0,ENERGY_DEPLETED
2077,0.05,89.0,49,1,3,0,1,1,GOAL_REACHED
2078,0.05,91.0,47,1,3,0,1,3,GOAL_REACHED
2079,0.05,-37.0,50,0,2,1,1,0,ENERGY_DEPLETED
2080,0.05,97.0,49,1,1,0,1,1,GOAL_REACHED
2081,0.05,-40.0,50,0,5,0,1,0,ENERGY_DEPLETED
2082,0.05,-40.0,50,0,5,0,1,0,ENERGY_DEPLETED
2083,0.05,-28.0,50,0,2,0,1,0,ENERGY_DEPLETED
2084,0.05,89.0,49,1,3,0,1,1,GOAL_REACHED
2085,0.05,-28.0,50,0,2,0,1,0,ENERGY_DEPLETED
2086,0.05,-45.0,50,0,4,1,1,0,ENERGY_DEPLETED
2087,0.05,104.0,46,1,0,0,1,4,GOAL_REACHED
2088,0.05,-32.0,50,0,3,0,1,0,ENERGY_DEPLETED
2089,0.05,92.0,50,1,2,0,1,0,GOAL_REACHED
2090,0.05,86.0,48,1,4,0,1,2,GOAL_REACHED
2091,0.05,96.0,46,1,2,0,1,4,GOAL_REACHED
2092,0.05,86.0,48,1,4,0,1,2,GOAL_REACHED
2093,0.05,91.0,47,1,3,0,1,3,GOAL_REACHED
2094,0.05,76.0,50,1,6,0,1,0,GOAL_REACHED
2095,0.05,-20.0,50,0,0,0,1,0,ENERGY_DEPLETED
2096,0.05,86.0,48,1,4,0,1,2,GOAL_REACHED
2097,0.05,-57.0,50,0,7,1,1,0,ENERGY_DEPLETED
2098,0.05,96.0,46,1,2,0,1,4,GOAL_REACHED
2099,0.05,77.0,48,1,4,1,1,2,GOAL_REACHED
2100,0.05,-20.0,50,0,0,0,1,0,ENERGY_DEPLETED
2101,0.05,96.0,46,1,2,0,1,4,GOAL_REACHED
2102,0.05,-52.0,50,0,8,0,1,0,ENERGY_DEPLETED
2103,0.05,76.0,50,1,6,0,1,0,GOAL_REACHED
2104,0.05,84.0,50,1,4,0,1,0,GOAL_REACHED
2105,0.05,-36.0,50,0,4,0,1,0,ENERGY_DEPLETED
2106,0.05,-41.0,50,0,3,1,1,0,ENERGY_DEPLETED
2107,0.05,88.0,46,1,4,0,1,4,GOAL_REACHED
2108,0.05,81.0,49,1,5,0,1,1,GOAL_REACHED
2109,0.05,80.0,46,1,6,0,1,4,GOAL_REACHED
2110,0.05,83.0,50,1,2,1,1,0,GOAL_REACHED
2111,0.05,-41.0,50,0,3,1,1,0,ENERGY_DEPLETED
2112,0.05,81.0,49,1,5,0,1,1,GOAL_REACHED
2113,0.05,96.0,46,1,2,0,1,4,GOAL_REACHED
2114,0.05,94.0,48,1,2,0,1,2,GOAL_REACHED
2115,0.05,84.0,50,1,4,0,1,0,GOAL_REACHED
2116,0.05,80.0,46,1,6,0,1,4,GOAL_REACHED
2117,0.05,-24.0,50,0,1,0,1,0,ENERGY_DEPLETED
2118,0.05,-28.0,50,0,2,0,1,0,ENERGY_DEPLETED
2119,0.05,-44.0,50,0,6,0,1,0,ENERGY_DEPLETED
2120,0.05,-40.0,50,0,5,0,1,0,ENERGY_DEPLETED
2121,0.05,104.0,46,1,0,0,1,4,GOAL_REACHED
2122,0.05,81.0,49,1,5,0,1,1,GOAL_REACHED
2123,0.05,92.0,50,1,2,0,1,0,GOAL_REACHED
2124,0.05,94.0,48,1,2,0,1,2,GOAL_REACHED
2125,0.05,-44.0,50,0,6,0,1,0,ENERGY_DEPLETED
2126,0.05,83.0,50,1,2,1,1,0,GOAL_REACHED
2127,0.05,-32.0,50,0,3,0,1,0,ENERGY_DEPLETED
2128,0.05,-48.0,50,0,7,0,1,0,ENERGY_DEPLETED
2129,0.05,86.0,48,1,4,0,1,2,GOAL_REACHED
2130,0.05,-37.0,50,0,2,1,1,0,ENERGY_DEPLETED
2131,0.05,86.0,48,1,4,0,1,2,GOAL_REACHED
2132,0.05,104.0,46,1,0,0,1,4,GOAL_REACHED
2133,0.05,75.0,47,1,7,0,1,3,GOAL_REACHED
2134,0.05,-28.0,50,0,2,0,1,0,ENERGY_DEPLETED
2135,0.05,-28.0,50,0,2,0,1,0,ENERGY_DEPLETED
2136,0.05,102.0,48,1,0,0,1,2,GOAL_REACHED
2137,0.05,79.0,46,1,4,1,1,4,GOAL_REACHED
2138,0.05,-36.0,50,0,4,0,1,0,ENERGY_DEPLETED
2139,0.05,-32.0,50,0,3,0,1,0,ENERGY_DEPLETED
2140,0.05,83.0,50,1,2,1,1,0,GOAL_REACHED
2141,0.05,76.0,50,1,6,0,1,0,GOAL_REACHED
2142,0.05,99.0,47,1,1,0,1,3,GOAL_REACHED
2143,0.05,96.0,46,1,2,0,1,4,GOAL_REACHED
2144,0.05,92.0,50,1,2,0,1,0,GOAL_REACHED
2145,0.05,-32.0,50,0,3,0,1,0,ENERGY_DEPLETED
2146,0.05,89.0,49,1,3,0,1,1,GOAL_REACHED
2147,0.05,-66.0,50,0,6,2,1,0,ENERGY_DEPLETED
2148,0.05,-24.0,50,0,1,0,1,0,ENERGY_DEPLETED
2149,0.05,96.0,46,1,2,0,1,4,GOAL_REACHED
2150,0.05,-37.0,50,0,2,1,1,0,ENERGY_DEPLETED
2151,0.05,92.0,50,1,2,0,1,0,GOAL_REACHED
2152,0.05,92.0,50,1,2,0,1,0,GOAL_REACHED
2153,0.05,-48.0,50,0,7,0,1,0,ENERGY_DEPLETED
2154,0.05,91.0,47,1,3,0,1,3,GOAL_REACHED
2155,0.05,-36.0,50,0,4,0,1,0,ENERGY_DEPLETED
2156,0.05,96.0,46,1,2,0,1,4,GOAL_REACHED
2157,0.05,-24.0,50,0,1,0,1,0,ENERGY_DEPLETED
2158,0.05,94.0,48,1,2,0,1,2,GOAL_REACHED
2159,0.05,91.0,47,1,3,0,1,3,GOAL_REACHED
2160,0.05,-44.0,50,0,6,0,1,0,ENERGY_DEPLETED
2161,0.05,89.0,49,1,3,0,1,1,GOAL_REACHED
2162,0.05,91.0,47,1,3,0,1,3,GOAL_REACHED
2163,0.05,-56.0,50,0,9,0,1,0,ENERGY_DEPLETED
2164,0.05,89.0,49,1,3,0,1,1,GOAL_REACHED
2165,0.05,89.0,49,1,3,0,1,1,GOAL_REACHED
2166,0.05,-28.0,50,0,2,0,1,0,ENERGY_DEPLETED
2167,0.05,96.0,46,1,2,0,1,4,GOAL_REACHED
2168,0.05,99.0,47,1,1,0,1,3,GOAL_REACHED
2169,0.05,86.0,48,1,4,0,1,2,GOAL_REACHED
2170,0.05,-48.0,50,0,6,0,1,0,ENERGY_DEPLETED
2171,0.05,96.0,46,1,2,0,1,4,GOAL_REACHED
2172,0.05,91.0,47,1,3,0,1,3,GOAL_REACHED
2173,0.05,75.0,47,1,7,0,1,3,GOAL_REACHED
2174,0.05,-28.0,50,0,2,0,1,0,ENERGY_DEPLETED
2175,0.05,86.0,48,1,4,0,1,2,GOAL_REACHED
2176,0.05,-32.0,50,0,3,0,1,0,ENERGY_DEPLETED
2177,0.05,83.0,47,1,5,0,1,3,GOAL_REACHED
2178,0.05,86.0,48,1,4,0,1,2,GOAL_REACHED
2179,0.05,104.0,46,1,0,0,1,4,GOAL_REACHED
2180,0.05,-53.0,50,0,6,1,1,0,ENERGY_DEPLETED
2181,0.05,91.0,47,1,3,0,1,3,GOAL_REACHED
2182,0.05,91.0,47,1,3,0,1,3,GOAL_REACHED
2183,0.05,-41.0,50,0,2,1,1,0,ENERGY_DEPLETED
2184,0.05,-20.0,50,0,0,0,1,0,ENERGY_DEPLETED
2185,0.05,76.0,50,1,6,0,1,0,GOAL_REACHED
2186,0.05,89.0,49,1,3,0,1,1,GOAL_REACHED
2187,0.05,-44.0,50,0,6,0,1,0,ENERGY_DEPLETED
2188,0.05,75.0,47,1,7,0,1,3,GOAL_REACHED
2189,0.05,-49.0,50,0,5,1,1,0,ENERGY_DEPLETED
2190,0.05,-32.0,50,0,3,0,1,0,ENERGY_DEPLETED
2191,0.05,74.0,47,1,5,1,1,3,GOAL_REACHED
2192,0.05,-20.0,50,0,0,0,1,0,ENERGY_DEPLETED
2193,0.05,-24.0,50,0,1,0,1,0,ENERGY_DEPLETED
2194,0.05,96.0,46,1,2,0,1,4,GOAL_REACHED
2195,0.05,81.0,49,1,5,0,1,1,GOAL_REACHED
2196,0.05,96.0,46,1,2,0,1,4,GOAL_REACHED
2197,0.05,88.0,46,1,4,0,1,4,GOAL_REACHED
2198,0.05,83.0,47,1,5,0,1,3,GOAL_REACHED
2199,0.05,-32.0,50,0,2,0,1,0,ENERGY_DEPLETED
2200,0.05,88.0,46,1,4,0,1,4,GOAL_REACHED
2201,0.05,-36.0,50,0,4,0,1,0,ENERGY_DEPLETED
2202,0.05,-36.0,50,0,4,0,1,0,ENERGY_DEPLETED
2203,0.05,92.0,50,1,2,0,1,0,GOAL_REACHED
2204,0.05,-44.0,50,0,6,0,1,0,ENERGY_DEPLETED
2205,0.05,88.0,46,1,4,0,1,4,GOAL_REACHED
2206,0.05,-24.0,50,0,1,0,1,0,ENERGY_DEPLETED
2207,0.05,-28.0,50,0,2,0,1,0,ENERGY_DEPLETED
2208,0.05,88.0,46,1,4,0,1,4,GOAL_REACHED
2209,0.05,89.0,49,1,3,0,1,1,GOAL_REACHED
2210,0.05,86.0,48,1,4,0,1,2,GOAL_REACHED
2211,0.05,96.0,46,1,2,0,1,4,GOAL_REACHED
2212,0.05,88.0,46,1,4,0,1,4,GOAL_REACHED
2213,0.05,-44.0,50,0,6,0,1,0,ENERGY_DEPLETED
2214,0.05,-40.0,50,0,5,0,1,0,ENERGY_DEPLETED
2215,0.05,-41.0,50,0,3,1,1,0,ENERGY_DEPLETED
2216,0.05,91.0,47,1,3,0,1,3,GOAL_REACHED
2217,0.05,-28.0,50,0,2,0,1,0,ENERGY_DEPLETED
2218,0.05,-32.0,50,0,3,0,1,0,ENERGY_DEPLETED
2219,0.05,-44.0,50,0,6,0,1,0,ENERGY_DEPLETED
2220,0.05,89.0,49,1,3,0,1,1,GOAL_REACHED
2221,0.05,89.0,49,1,3,0,1,1,GOAL_REACHED
2222,0.05,-40.0,50,0,5,0,1,0,ENERGY_DEPLETED
2223,0.05,96.0,46,1,2,0,1,4,GOAL_REACHED
2224,0.05,83.0,47,1,5,0,1,3,GOAL_REACHED
2225,0.05,96.0,46,1,2,0,1,4,GOAL_REACHED
2226,0.05,-40.0,50,0,5,0,1,0,ENERGY_DEPLETED
2227,0.05,99.0,47,1,1,0,1,3,GOAL_REACHED
2228,0.05,81.0,49,1,5,0,1,1,GOAL_REACHED
2229,0.05,-36.0,50,0,4,0,1,0,ENERGY_DEPLETED
2230,0.05,-36.0,50,0,4,0,1,0,ENERGY_DEPLETED
2231,0.05,-58.0,50,0,5,2,1,0,ENERGY_DEPLETED
2232,0.05,-32.0,50,0,2,0,1,0,ENERGY_DEPLETED
2233,0.05,86.0,48,1,4,0,1,2,GOAL_REACHED
2234,0.05,-33.0,50,0,1,1,1,0,ENERGY_DEPLETED
2235,0.05,-44.0,50,0,6,0,1,0,ENERGY_DEPLETED
2236,0.05,88.0,46,1,4,0,1,4,GOAL_REACHED
2237,0.05,83.0,47,1,5,0,1,3,GOAL_REACHED
2238,0.05,97.0,49,1,1,0,1,1,GOAL_REACHED
2239,0.05,84.0,50,1,4,0,1,0,GOAL_REACHED
2240,0.05,80.0,46,1,6,0,1,4,GOAL_REACHED
2241,0.05,-36.0,50,0,4,0,1,0,ENERGY_DEPLETED
2242,0.05,-32.0,50,0,3,0,1,0,ENERGY_DEPLETED
2243,0.05,-32.0,50,0,3,0,1,0,ENERGY_DEPLETED
2244,0.05,85.0,48,1,2,1,1,2,GOAL_REACHED
2245,0.05,78.0,48,1,6,0,1,2,GOAL_REACHED
2246,0.05,88.0,46,1,4,0,1,4,GOAL_REACHED
2247,0.05,65.0,49,1,9,0,1,1,GOAL_REACHED
2248,0.05,66.0,47,1,7,1,1,3,GOAL_REACHED
2249,0.05,-36.0,50,0,4,0,1,0,ENERGY_DEPLETED
2250,0.05,-45.0,50,0,4,1,1,0,ENERGY_DEPLETED
2251,0.05,-28.0,50,0,2,0,1,0,ENERGY_DEPLETED
2252,0.05,-40.0,50,0,4,0,1,0,ENERGY_DEPLETED
2253,0.05,81.0,49,1,5,0,1,1,GOAL_REACHED
2254,0.05,97.0,49,1,1,0,1,1,GOAL_REACHED
2255,0.05,86.0,48,1,4,0,1,2,GOAL_REACHED
2256,0.05,84.0,50,1,4,0,1,0,GOAL_REACHED
2257,0.05,91.0,47,1,3,0,1,3,GOAL_REACHED
2258,0.05,88.0,46,1,4,0,1,4,GOAL_REACHED
2259,0.05,74.0,50,1,2,2,1,0,GOAL_REACHED
2260,0.05,-54.0,50,0,4,2,1,0,ENERGY_DEPLETED
2261,0.05,79.0,46,1,4,1,1,4,GOAL_REACHED
2262,0.05,-24.0,50,0,1,0,1,0,ENERGY_DEPLETED
2263,0.05,-32.0,50,0,3,0,1,0,ENERGY_DEPLETED
2264,0.05,-36.0,50,0,4,0,1,0,ENERGY_DEPLETED
2265,0.05,97.0,49,1,1,0,1,1,GOAL_REACHED
2266,0.05,83.0,47,1,5,0,1,3,GOAL_REACHED
2267,0.05,88.0,46,1,4,0,1,4,GOAL_REACHED
2268,0.05,-44.0,50,0,6,0,1,0,ENERGY_DEPLETED
2269,0.05,-32.0,50,0,3,0,1,0,ENERGY_DEPLETED
2270,0.05,83.0,47,1,5,0,1,3,GOAL_REACHED
2271,0.05,88.0,46,1,4,0,1,4,GOAL_REACHED
2272,0.05,84.0,50,1,4,0,1,0,GOAL_REACHED
2273,0.05,81.0,49,1,5,0,1,1,GOAL_REACHED
2274,0.05,88.0,46,1,4,0,1,4,GOAL_REACHED
2275,0.05,-36.0,50,0,4,0,1,0,ENERGY_DEPLETED
2276,0.05,72.0,49,1,5,1,1,1,GOAL_REACHED
2277,0.05,89.0,49,1,3,0,1,1,GOAL_REACHED
2278,0.05,-32.0,50,0,3,0,1,0,ENERGY_DEPLETED
2279,0.05,-40.0,50,0,5,0,1,0,ENERGY_DEPLETED
2280,0.05,-32.0,50,0,3,0,1,0,ENERGY_DEPLETED
2281,0.05,94.0,48,1,2,0,1,2,GOAL_REACHED
2282,0.05,100.0,50,1,0,0,1,0,GOAL_REACHED
2283,0.05,83.0,50,1,2,1,1,0,GOAL_REACHED
2284,0.05,-36.0,50,0,4,0,1,0,ENERGY_DEPLETED
2285,0.05,-28.0,50,0,2,0,1,0,ENERGY_DEPLETED
2286,0.05,91.0,47,1,3,0,1,3,GOAL_REACHED
2287,0.05,91.0,47,1,3,0,1,3,GOAL_REACHED
2288,0.05,-28.0,50,0,2,0,1,0,ENERGY_DEPLETED
2289,0.05,80.0,49,1,3,1,1,1,GOAL_REACHED
2290,0.05,-48.0,50,0,6,0,1,0,ENERGY_DEPLETED
2291,0.05,84.0,50,1,4,0,1,0,GOAL_REACHED
2292,0.05,91.0,47,1,3,0,1,3,GOAL_REACHED
2293,0.05,-44.0,50,0,6,0,1,0,ENERGY_DEPLETED
2294,0.05,-28.0,50,0,2,0,1,0,ENERGY_DEPLETED
2295,0.05,-24.0,50,0,1,0,1,0,ENERGY_DEPLETED
2296,0.05,75.0,47,1,7,0,1,3,GOAL_REACHED
2297,0.05,84.0,50,1,4,0,1,0,GOAL_REACHED
2298,0.05,89.0,49,1,3,0,1,1,GOAL_REACHED
2299,0.05,-36.0,50,0,4,0,1,0,ENERGY_DEPLETED
2300,0.05,-28.0,50,0,2,0,1,0,ENERGY_DEPLETED
2301,0.05,91.0,47,1,3,0,1,3,GOAL_REACHED
2302,0.05,-32.0,50,0,3,0,1,0,ENERGY_DEPLETED
2303,0.05,-36.0,50,0,4,0,1,0,ENERGY_DEPLETED
2304,0.05,-36.0,50,0,4,0,1,0,ENERGY_DEPLETED
2305,0.05,-41.0,50,0,3,1,1,0,ENERGY_DEPLETED
2306,0.05,81.0,49,1,5,0,1,1,GOAL_REACHED
2307,0.05,-41.0,50,0,3,1,1,0,ENERGY_DEPLETED
2308,0.05,-32.0,50,0,2,0,1,0,ENERGY_DEPLETED
2309,0.05,75.0,47,1,7,0,1,3,GOAL_REACHED
2310,0.05,89.0,49,1,3,0,1,1,GOAL_REACHED
2311,0.05,-32.0,50,0,3,0,1,0,ENERGY_DEPLETED
2312,0.05,-24.0,50,0,1,0,1,0,ENERGY_DEPLETED
2313,0.05,67.0,50,1,6,1,1,0,GOAL_REACHED
2314,0.05,89.0,49,1,3,0,1,1,GOAL_REACHED
2315,0.05,-28.0,50,0,2,0,1,0,ENERGY_DEPLETED
2316,0.05,-49.0,50,0,5,1,1,0,ENERGY_DEPLETED
2317,0.05,-40.0,50,0,4,0,1,0,ENERGY_DEPLETED
2318,0.05,-28.0,50,0,2,0,1,0,ENERGY_DEPLETED
2319,0.05,84.0,50,1,4,0,1,0,GOAL_REACHED
2320,0.05,66.0,50,1,4,2,1,0,GOAL_REACHED
2321,0.05,-20.0,50,0,0,0,1,0,ENERGY_DEPLETED
2322,0.05,-44.0,50,0,6,0,1,0,ENERGY_DEPLETED
2323,0.05,94.0,48,1,2,0,1,2,GOAL_REACHED
2324,0.05,91.0,47,1,3,0,1,3,GOAL_REACHED
2325,0.05,-36.0,50,0,4,0,1,0,ENERGY_DEPLETED
2326,0.05,96.0,46,1,2,0,1,4,GOAL_REACHED
2327,0.05,75.0,47,1,7,0,1,3,GOAL_REACHED
2328,0.05,88.0,46,1,4,0,1,4,GOAL_REACHED
2329,0.05,80.0,49,1,3,1,1,1,GOAL_REACHED
2330,0.05,92.0,50,1,2,0,1,0,GOAL_REACHED
2331,0.05,72.0,46,1,8,0,1,4,GOAL_REACHED
2332,0.05,86.0,48,1,4,0,1,2,GOAL_REACHED
2333,0.05,-32.0,50,0,3,0,1,0,ENERGY_DEPLETED
2334,0.05,104.0,46,1,0,0,1,4,GOAL_REACHED
2335,0.05,104.0,46,1,0,0,1,4,GOAL_REACHED
2336,0.05,-49.0,50,0,5,1,1,0,ENERGY_DEPLETED
2337,0.05,76.0,50,1,6,0,1,0,GOAL_REACHED
2338,0.05,-57.0,50,0,7,1,1,0,ENERGY_DEPLETED
2339,0.05,88.0,46,1,4,0,1,4,GOAL_REACHED
2340,0.05,71.0,46,1,6,1,1,4,GOAL_REACHED
2341,0.05,-44.0,50,0,6,0,1,0,ENERGY_DEPLETED
2342,0.05,72.0,46,1,8,0,1,4,GOAL_REACHED
2343,0.05,96.0,46,1,2,0,1,4,GOAL_REACHED
2344,0.05,-40.0,50,0,5,0,1,0,ENERGY_DEPLETED
2345,0.05,96.0,46,1,2,0,1,4,GOAL_REACHED
2346,0.05,67.0,50,1,6,1,1,0,GOAL_REACHED
2347,0.05,-32.0,50,0,3,0,1,0,ENERGY_DEPLETED
2348,0.05,86.0,48,1,4,0,1,2,GOAL_REACHED
2349,0.05,82.0,47,1,3,1,1,3,GOAL_REACHED
2350,0.05,78.0,48,1,6,0,1,2,GOAL_REACHED
2351,0.05,76.0,50,1,6,0,1,0,GOAL_REACHED
2352,0.05,-32.0,50,0,3,0,1,0,ENERGY_DEPLETED
2353,0.05,88.0,46,1,4,0,1,4,GOAL_REACHED
2354,0.05,-48.0,50,0,6,0,1,0,ENERGY_DEPLETED
2355,0.05,-40.0,50,0,5,0,1,0,ENERGY_DEPLETED
2356,0.05,-49.0,50,0,5,1,1,0,ENERGY_DEPLETED
2357,0.05,94.0,48,1,2,0,1,2,GOAL_REACHED
2358,0.05,-24.0,50,0,1,0,1,0,ENERGY_DEPLETED
2359,0.05,89.0,49,1,3,0,1,1,GOAL_REACHED
2360,0.05,-24.0,50,0,1,0,1,0,ENERGY_DEPLETED
2361,0.05,91.0,47,1,3,0,1,3,GOAL_REACHED
2362,0.05,83.0,47,1,5,0,1,3,GOAL_REACHED
2363,0.05,-36.0,50,0,4,0,1,0,ENERGY_DEPLETED
2364,0.05,-48.0,50,0,7,0,1,0,ENERGY_DEPLETED
2365,0.05,97.0,49,1,1,0,1,1,GOAL_REACHED
2366,0.05,88.0,46,1,4,0,1,4,GOAL_REACHED
2367,0.05,75.0,50,1,4,1,1,0,GOAL_REACHED
2368,0.05,-40.0,50,0,5,0,1,0,ENERGY_DEPLETED
2369,0.05,-48.0,50,0,7,0,1,0,ENERGY_DEPLETED
2370,0.05,74.0,50,1,2,2,1,0,GOAL_REACHED
2371,0.05,-32.0,50,0,3,0,1,0,ENERGY_DEPLETED
2372,0.05,88.0,46,1,4,0,1,4,GOAL_REACHED
2373,0.05,-33.0,50,0,1,1,1,0,ENERGY_DEPLETED
2374,0.05,84.0,50,1,4,0,1,0,GOAL_REACHED
2375,0.05,-28.0,50,0,2,0,1,0,ENERGY_DEPLETED
2376,0.05,-36.0,50,0,4,0,1,0,ENERGY_DEPLETED
2377,0.05,-40.0,50,0,5,0,1,0,ENERGY_DEPLETED
2378,0.05,81.0,49,1,5,0,1,1,GOAL_REACHED
2379,0.05,-32.0,50,0,3,0,1,0,ENERGY_DEPLETED
2380,0.05,-37.0,50,0,2,1,1,0,ENERGY_DEPLETED
2381,0.05,-32.0,50,0,3,0,1,0,ENERGY_DEPLETED
2382,0.05,88.0,46,1,4,0,1,4,GOAL_REACHED
2383,0.05,96.0,46,1,2,0,1,4,GOAL_REACHED
2384,0.05,-28.0,50,0,2,0,1,0,ENERGY_DEPLETED
2385,0.05,92.0,50,1,2,0,1,0,GOAL_REACHED
2386,0.05,77.0,48,1,4,1,1,2,GOAL_REACHED
2387,0.05,91.0,47,1,3,0,1,3,GOAL_REACHED
2388,0.05,88.0,46,1,4,0,1,4,GOAL_REACHED
2389,0.05,96.0,46,1,2,0,1,4,GOAL_REACHED
2390,0.05,89.0,49,1,3,0,1,1,GOAL_REACHED
2391,0.05,-45.0,50,0,4,1,1,0,ENERGY_DEPLETED
2392,0.05,-20.0,50,0,0,0,1,0,ENERGY_DEPLETED
2393,0.05,-24.0,50,0,0,0,1,0,ENERGY_DEPLETED
2394,0.05,92.0,50,1,2,0,1,0,GOAL_REACHED
2395,0.05,83.0,47,1,5,0,1,3,GOAL_REACHED
2396,0.05,74.0,47,1,5,1,1,3,GOAL_REACHED
2397,0.05,-48.0,50,0,6,0,1,0,ENERGY_DEPLETED
2398,0.05,79.0,46,1,4,1,1,4,GOAL_REACHED
2399,0.05,75.0,47,1,7,0,1,3,GOAL_REACHED
2400,0.05,91.0,47,1,3,0,1,3,GOAL_REACHED
2401,0.05,80.0,46,1,6,0,1,4,GOAL_REACHED
2402,0.05,96.0,46,1,2,0,1,4,GOAL_REACHED
2403,0.05,80.0,46,1,6,0,1,4,GOAL_REACHED
2404,0.05,-48.0,50,0,7,0,1,0,ENERGY_DEPLETED
2405,0.05,96.0,46,1,2,0,1,4,GOAL_REACHED
2406,0.05,88.0,46,1,4,0,1,4,GOAL_REACHED
2407,0.05,-28.0,50,0,2,0,1,0,ENERGY_DEPLETED
2408,0.05,91.0,47,1,3,0,1,3,GOAL_REACHED
2409,0.05,89.0,49,1,3,0,1,1,GOAL_REACHED
2410,0.05,-46.0,50,0,2,2,1,0,ENERGY_DEPLETED
2411,0.05,96.0,46,1,2,0,1,4,GOAL_REACHED
2412,0.05,81.0,49,1,5,0,1,1,GOAL_REACHED
2413,0.05,94.0,48,1,2,0,1,2,GOAL_REACHED
2414,0.05,-40.0,50,0,5,0,1,0,ENERGY_DEPLETED
2415,0.05,99.0,47,1,1,0,1,3,GOAL_REACHED
2416,0.05,-41.0,50,0,3,1,1,0,ENERGY_DEPLETED
2417,0.05,78.0,48,1,6,0,1,2,GOAL_REACHED
2418,0.05,72.0,49,1,5,1,1,1,GOAL_REACHED
2419,0.05,89.0,49,1,3,0,1,1,GOAL_REACHED
2420,0.05,81.0,49,1,5,0,1,1,GOAL_REACHED
2421,0.05,90.0,47,1,1,1,1,3,GOAL_REACHED
2422,0.05,-28.0,50,0,2,0,1,0,ENERGY_DEPLETED
2423,0.05,97.0,49,1,1,0,1,1,GOAL_REACHED
2424,0.05,-44.0,50,0,6,0,1,0,ENERGY_DEPLETED
2425,0.05,84.0,50,1,4,0,1,0,GOAL_REACHED
2426,0.05,88.0,46,1,4,0,1,4,GOAL_REACHED
2427,0.05,80.0,46,1,6,0,1,4,GOAL_REACHED
2428,0.05,-40.0,50,0,4,0,1,0,ENERGY_DEPLETED
2429,0.05,-24.0,50,0,1,0,1,0,ENERGY_DEPLETED
2430,0.05,68.0,50,1,8,0,1,0,GOAL_REACHED
2431,0.05,-44.0,50,0,6,0,1,0,ENERGY_DEPLETED
2432,0.05,75.0,47,1,7,0,1,3,GOAL_REACHED
2433,0.05,-40.0,50,0,5,0,1,0,ENERGY_DEPLETED
2434,0.05,-32.0,50,0,3,0,1,0,ENERGY_DEPLETED
2435,0.05,-40.0,50,0,5,0,1,0,ENERGY_DEPLETED
2436,0.05,88.0,46,1,4,0,1,4,GOAL_REACHED
2437,0.05,-32.0,50,0,3,0,1,0,ENERGY_DEPLETED
2438,0.05,-49.0,50,0,5,1,1,0,ENERGY_DEPLETED
2439,0.05,-40.0,50,0,5,0,1,0,ENERGY_DEPLETED
2440,0.05,-44.0,50,0,6,0,1,0,ENERGY_DEPLETED
2441,0.05,-32.0,50,0,3,0,1,0,ENERGY_DEPLETED
2442,0.05,-46.0,50,0,2,2,1,0,ENERGY_DEPLETED
2443,0.05,-32.0,50,0,3,0,1,0,ENERGY_DEPLETED
2444,0.05,-28.0,50,0,2,0,1,0,ENERGY_DEPLETED
2445,0.05,89.0,49,1,3,0,1,1,GOAL_REACHED
2446,0.05,-36.0,50,0,4,0,1,0,ENERGY_DEPLETED
2447,0.05,-32.0,50,0,3,0,1,0,ENERGY_DEPLETED
2448,0.05,-48.0,50,0,6,0,1,0,ENERGY_DEPLETED
2449,0.05,82.0,47,1,3,1,1,3,GOAL_REACHED
2450,0.05,-32.0,50,0,3,0,1,0,ENERGY_DEPLETED
2451,0.05,88.0,46,1,4,0,1,4,GOAL_REACHED
2452,0.05,88.0,46,1,4,0,1,4,GOAL_REACHED
2453,0.05,96.0,46,1,2,0,1,4,GOAL_REACHED
2454,0.05,104.0,46,1,0,0,1,4,GOAL_REACHED
2455,0.05,84.0,50,1,4,0,1,0,GOAL_REACHED
2456,0.05,92.0,50,1,2,0,1,0,GOAL_REACHED
2457,0.05,83.0,47,1,5,0,1,3,GOAL_REACHED
2458,0.05,-32.0,50,0,3,0,1,0,ENERGY_DEPLETED
2459,0.05,91.0,50,1,0,1,1,0,GOAL_REACHED
2460,0.05,-48.0,50,0,7,0,1,0,ENERGY_DEPLETED
2461,0.05,-24.0,50,0,1,0,1,0,ENERGY_DEPLETED
2462,0.05,96.0,46,1,2,0,1,4,GOAL_REACHED
2463,0.05,-28.0,50,0,2,0,1,0,ENERGY_DEPLETED
2464,0.05,-41.0,50,0,3,1,1,0,ENERGY_DEPLETED
2465,0.05,75.0,50,1,4,1,1,0,GOAL_REACHED
2466,0.05,-32.0,50,0,3,0,1,0,ENERGY_DEPLETED
2467,0.05,-44.0,50,0,6,0,1,0,ENERGY_DEPLETED
2468,0.05,-28.0,50,0,2,0,1,0,ENERGY_DEPLETED
2469,0.05,-32.0,50,0,3,0,1,0,ENERGY_DEPLETED
2470,0.05,-32.0,50,0,3,0,1,0,ENERGY_DEPLETED
2471,0.05,88.0,46,1,4,0,1,4,GOAL_REACHED
2472,0.05,84.0,50,1,4,0,1,0,GOAL_REACHED
2473,0.05,-24.0,50,0,1,0,1,0,ENERGY_DEPLETED
2474,0.05,88.0,46,1,4,0,1,4,GOAL_REACHED
2475,0.05,76.0,50,1,6,0,1,0,GOAL_REACHED
2476,0.05,76.0,48,1,2,2,1,2,GOAL_REACHED
2477,0.05,-20.0,50,0,0,0,1,0,ENERGY_DEPLETED
2478,0.05,-37.0,50,0,2,1,1,0,ENERGY_DEPLETED
2479,0.05,94.0,48,1,2,0,1,2,GOAL_REACHED
2480,0.05,65.0,49,1,9,0,1,1,GOAL_REACHED
2481,0.05,-44.0,50,0,6,0,1,0,ENERGY_DEPLETED
2482,0.05,94.0,48,1,2,0,1,2,GOAL_REACHED
2483,0.05,97.0,49,1,1,0,1,1,GOAL_REACHED
2484,0.05,-52.0,50,0,8,0,1,0,ENERGY_DEPLETED
2485,0.05,-36.0,50,0,4,0,1,0,ENERGY_DEPLETED
2486,0.05,-32.0,50,0,3,0,1,0,ENERGY_DEPLETED
2487,0.05,88.0,46,1,4,0,1,4,GOAL_REACHED
2488,0.05,-44.0,50,0,6,0,1,0,ENERGY_DEPLETED
2489,0.05,-36.0,50,0,4,0,1,0,ENERGY_DEPLETED
2490,0.05,88.0,46,1,4,0,1,4,GOAL_REACHED
2491,0.05,84.0,50,1,4,0,1,0,GOAL_REACHED
2492,0.05,80.0,46,1,6,0,1,4,GOAL_REACHED
2493,0.05,86.0,48,1,4,0,1,2,GOAL_REACHED
2494,0.05,72.0,46,1,8,0,1,4,GOAL_REACHED
2495,0.05,92.0,50,1,2,0,1,0,GOAL_REACHED
2496,0.05,-24.0,50,0,1,0,1,0,ENERGY_DEPLETED
2497,0.05,-28.0,50,0,2,0,1,0,ENERGY_DEPLETED
2498,0.05,83.0,47,1,5,0,1,3,GOAL_REACHED
2499,0.05,83.0,47,1,5,0,1,3,GOAL_REACHED
2500,0.05,82.0,47,1,3,1,1,3,GOAL_REACHED
2501,0.05,-48.0,50,0,7,0,1,0,ENERGY_DEPLETED
2502,0.05,-28.0,50,0,2,0,1,0,ENERGY_DEPLETED
2503,0.05,-40.0,50,0,5,0,1,0,ENERGY_DEPLETED
2504,0.05,96.0,46,1,2,0,1,4,GOAL_REACHED
2505,0.05,-48.0,50,0,6,0,1,0,ENERGY_DEPLETED
2506,0.05,-20.0,50,0,0,0,1,0,ENERGY_DEPLETED
2507,0.05,94.0,48,1,2,0,1,2,GOAL_REACHED
2508,0.05,-40.0,50,0,5,0,1,0,ENERGY_DEPLETED
2509,0.05,92.0,50,1,2,0,1,0,GOAL_REACHED
2510,0.05,-36.0,50,0,4,0,1,0,ENERGY_DEPLETED
2511,0.05,96.0,46,1,2,0,1,4,GOAL_REACHED
2512,0.05,-40.0,50,0,5,0,1,0,ENERGY_DEPLETED
2513,0.05,-56.0,50,0,8,0,1,0,ENERGY_DEPLETED
2514,0.05,-32.0,50,0,3,0,1,0,ENERGY_DEPLETED
2515,0.05,-36.0,50,0,4,0,1,0,ENERGY_DEPLETED
2516,0.05,-55.0,50,0,2,3,1,0,ENERGY_DEPLETED
2517,0.05,74.0,47,1,5,1,1,3,GOAL_REACHED
2518,0.05,-28.0,50,0,2,0,1,0,ENERGY_DEPLETED
2519,0.05,-40.0,50,0,5,0,1,0,ENERGY_DEPLETED
2520,0.05,-40.0,50,0,4,0,1,0,ENERGY_DEPLETED
2521,0.05,80.0,46,1,6,0,1,4,GOAL_REACHED
2522,0.05,96.0,46,1,2,0,1,4,GOAL_REACHED
2523,0.05,83.0,47,1,5,0,1,3,GOAL_REACHED
2524,0.05,77.0,48,1,4,1,1,2,GOAL_REACHED
2525,0.05,84.0,50,1,4,0,1,0,GOAL_REACHED
2526,0.05,88.0,46,1,4,0,1,4,GOAL_REACHED
2527,0.05,-20.0,50,0,0,0,1,0,ENERGY_DEPLETED
2528,0.05,-28.0,50,0,2,0,1,0,ENERGY_DEPLETED
2529,0.05,-28.0,50,0,2,0,1,0,ENERGY_DEPLETED
2530,0.05,72.0,49,1,5,1,1,1,GOAL_REACHED
2531,0.05,-24.0,50,0,1,0,1,0,ENERGY_DEPLETED
2532,0.05,-54.0,50,0,4,2,1,0,ENERGY_DEPLETED
2533,0.05,-45.0,50,0,4,1,1,0,ENERGY_DEPLETED
2534,0.05,-40.0,50,0,4,0,1,0,ENERGY_DEPLETED
2535,0.05,71.0,46,1,6,1,1,4,GOAL_REACHED
2536,0.05,77.0,46,1,0,3,1,4,GOAL_REACHED
2537,0.05,-32.0,50,0,3,0,1,0,ENERGY_DEPLETED
2538,0.05,-48.0,50,0,7,0,1,0,ENERGY_DEPLETED
2539,0.05,-44.0,50,0,6,0,1,0,ENERGY_DEPLETED
2540,0.05,89.0,49,1,3,0,1,1,GOAL_REACHED
2541,0.05,89.0,49,1,3,0,1,1,GOAL_REACHED
2542,0.05,92.0,50,1,2,0,1,0,GOAL_REACHED
2543,0.05,96.0,46,1,2,0,1,4,GOAL_REACHED
2544,0.05,-66.0,50,0,6,2,1,0,ENERGY_DEPLETED
2545,0.05,-55.0,50,0,2,3,1,0,ENERGY_DEPLETED
2546,0.05,96.0,46,1,2,0,1,4,GOAL_REACHED
2547,0.05,-40.0,50,0,5,0,1,0,ENERGY_DEPLETED
2548,0.05,80.0,46,1,6,0,1,4,GOAL_REACHED
2549,0.05,86.0,48,1,4,0,1,2,GOAL_REACHED
2550,0.05,81.0,49,1,5,0,1,1,GOAL_REACHED
2551,0.05,91.0,47,1,3,0,1,3,GOAL_REACHED
2552,0.05,88.0,46,1,4,0,1,4,GOAL_REACHED
2553,0.05,-28.0,50,0,2,0,1,0,ENERGY_DEPLETED
2554,0.05,87.0,46,1,2,1,1,4,GOAL_REACHED
2555,0.05,-32.0,50,0,2,0,1,0,ENERGY_DEPLETED
2556,0.05,91.0,47,1,3,0,1,3,GOAL_REACHED
2557,0.05,102.0,48,1,0,0,1,2,GOAL_REACHED
2558,0.05,-28.0,50,0,2,0,1,0,ENERGY_DEPLETED
2559,0.05,86.0,48,1,4,0,1,2,GOAL_REACHED
2560,0.05,96.0,46,1,2,0,1,4,GOAL_REACHED
2561,0.05,94.0,48,1,2,0,1,2,GOAL_REACHED
2562,0.05,83.0,47,1,5,0,1,3,GOAL_REACHED
2563,0.05,91.0,47,1,3,0,1,3,GOAL_REACHED
2564,0.05,-32.0,50,0,3,0,1,0,ENERGY_DEPLETED
2565,0.05,85.0,48,1,2,1,1,2,GOAL_REACHED
2566,0.05,89.0,49,1,3,0,1,1,GOAL_REACHED
2567,0.05,-24.0,50,0,1,0,1,0,ENERGY_DEPLETED
2568,0.05,-32.0,50,0,3,0,1,0,ENERGY_DEPLETED
2569,0.05,89.0,49,1,3,0,1,1,GOAL_REACHED
2570,0.05,64.0,49,1,7,1,1,1,GOAL_REACHED
2571,0.05,83.0,50,1,2,1,1,0,GOAL_REACHED
2572,0.05,86.0,48,1,4,0,1,2,GOAL_REACHED
2573,0.05,-41.0,50,0,3,1,1,0,ENERGY_DEPLETED
2574,0.05,84.0,50,1,4,0,1,0,GOAL_REACHED
2575,0.05,96.0,46,1,2,0,1,4,GOAL_REACHED
2576,0.05,-32.0,50,0,3,0,1,0,ENERGY_DEPLETED
2577,0.05,88.0,46,1,4,0,1,4,GOAL_REACHED
2578,0.05,75.0,50,1,4,1,1,0,GOAL_REACHED
2579,0.05,86.0,48,1,4,0,1,2,GOAL_REACHED
2580,0.05,102.0,48,1,0,0,1,2,GOAL_REACHED
2581,0.05,96.0,46,1,2,0,1,4,GOAL_REACHED
2582,0.05,-29.0,50,0,0,1,1,0,ENERGY_DEPLETED
2583,0.05,92.0,50,1,2,0,1,0,GOAL_REACHED
2584,0.05,98.0,44,1,2,0,1,6,GOAL_REACHED
2585,0.05,82.0,47,1,3,1,1,3,GOAL_REACHED
2586,0.05,68.0,50,1,8,0,1,0,GOAL_REACHED
2587,0.05,92.0,50,1,2,0,1,0,GOAL_REACHED
2588,0.05,-28.0,50,0,2,0,1,0,ENERGY_DEPLETED
2589,0.05,84.0,50,1,4,0,1,0,GOAL_REACHED
2590,0.05,-28.0,50,0,2,0,1,0,ENERGY_DEPLETED
2591,0.05,80.0,46,1,6,0,1,4,GOAL_REACHED
2592,0.05,91.0,47,1,3,0,1,3,GOAL_REACHED
2593,0.05,80.0,49,1,3,1,1,1,GOAL_REACHED
2594,0.05,79.0,46,1,4,1,1,4,GOAL_REACHED
2595,0.05,80.0,49,1,3,1,1,1,GOAL_REACHED
2596,0.05,-32.0,50,0,3,0,1,0,ENERGY_DEPLETED
2597,0.05,91.0,47,1,3,0,1,3,GOAL_REACHED
2598,0.05,-32.0,50,0,3,0,1,0,ENERGY_DEPLETED
2599,0.05,-32.0,50,0,3,0,1,0,ENERGY_DEPLETED
2600,0.05,-32.0,50,0,3,0,1,0,ENERGY_DEPLETED
2601,0.05,-32.0,50,0,3,0,1,0,ENERGY_DEPLETED
2602,0.05,96.0,46,1,2,0,1,4,GOAL_REACHED
2603,0.05,78.0,48,1,6,0,1,2,GOAL_REACHED
2604,0.05,88.0,46,1,4,0,1,4,GOAL_REACHED
2605,0.05,86.0,48,1,4,0,1,2,GOAL_REACHED
2606,0.05,-32.0,50,0,3,0,1,0,ENERGY_DEPLETED
2607,0.05,-40.0,50,0,5,0,1,0,ENERGY_DEPLETED
2608,0.05,91.0,47,1,3,0,1,3,GOAL_REACHED
2609,0.05,84.0,50,1,4,0,1,0,GOAL_REACHED
2610,0.05,-40.0,50,0,5,0,1,0,ENERGY_DEPLETED
2611,0.05,86.0,48,1,4,0,1,2,GOAL_REACHED
2612,0.05,96.0,46,1,2,0,1,4,GOAL_REACHED
2613,0.05,72.0,49,1,5,1,1,1,GOAL_REACHED
2614,0.05,-24.0,50,0,1,0,1,0,ENERGY_DEPLETED
2615,0.05,91.0,47,1,3,0,1,3,GOAL_REACHED
2616,0.05,104.0,46,1,0,0,1,4,GOAL_REACHED
2617,0.05,-44.0,50,0,6,0,1,0,ENERGY_DEPLETED
2618,0.05,-24.0,50,0,1,0,1,0,ENERGY_DEPLETED
2619,0.05,96.0,46,1,2,0,1,4,GOAL_REACHED
2620,0.05,100.0,50,1,0,0,1,0,GOAL_REACHED
2621,0.05,-28.0,50,0,2,0,1,0,ENERGY_DEPLETED
2622,0.05,-48.0,50,0,7,0,1,0,ENERGY_DEPLETED
2623,0.05,-41.0,50,0,3,1,1,0,ENERGY_DEPLETED
2624,0.05,-20.0,50,0,0,0,1,0,ENERGY_DEPLETED
2625,0.05,-32.0,50,0,2,0,1,0,ENERGY_DEPLETED
2626,0.05,96.0,46,1,2,0,1,4,GOAL_REACHED
2627,0.05,-32.0,50,0,3,0,1,0,ENERGY_DEPLETED
2628,0.05,83.0,47,1,5,0,1,3,GOAL_REACHED
2629,0.05,96.0,46,1,2,0,1,4,GOAL_REACHED
2630,0.05,-24.0,50,0,1,0,1,0,ENERGY_DEPLETED
2631,0.05,88.0,46,1,4,0,1,4,GOAL_REACHED
2632,0.05,83.0,47,1,5,0,1,3,GOAL_REACHED
2633,0.05,-28.0,50,0,2,0,1,0,ENERGY_DEPLETED
2634,0.05,96.0,46,1,2,0,1,4,GOAL_REACHED
2635,0.05,96.0,46,1,2,0,1,4,GOAL_REACHED
2636,0.05,-32.0,50,0,3,0,1,0,ENERGY_DEPLETED
2637,0.05,61.0,48,1,8,1,1,2,GOAL_REACHED
2638,0.05,78.0,48,1,6,0,1,2,GOAL_REACHED
2639,0.05,-36.0,50,0,4,0,1,0,ENERGY_DEPLETED
2640,0.05,86.0,48,1,4,0,1,2,GOAL_REACHED
2641,0.05,88.0,46,1,4,0,1,4,GOAL_REACHED
2642,0.05,84.0,50,1,4,0,1,0,GOAL_REACHED
2643,0.05,-37.0,50,0,2,1,1,0,ENERGY_DEPLETED
2644,0.05,96.0,46,1,2,0,1,4,GOAL_REACHED
2645,0.05,89.0,49,1,3,0,1,1,GOAL_REACHED
2646,0.05,-49.0,50,0,4,1,1,0,ENERGY_DEPLETED
2647,0.05,88.0,46,1,4,0,1,4,GOAL_REACHED
2648,0.05,-20.0,50,0,0,0,1,0,ENERGY_DEPLETED
2649,0.05,88.0,46,1,4,0,1,4,GOAL_REACHED
2650,0.05,-28.0,50,0,2,0,1,0,ENERGY_DEPLETED
2651,0.05,86.0,48,1,4,0,1,2,GOAL_REACHED
2652,0.05,73.0,49,1,7,0,1,1,GOAL_REACHED
2653,0.05,89.0,49,1,3,0,1,1,GOAL_REACHED
2654,0.05,-28.0,50,0,2,0,1,0,ENERGY_DEPLETED
2655,0.05,-40.0,50,0,5,0,1,0,ENERGY_DEPLETED
2656,0.05,71.0,46,1,6,1,1,4,GOAL_REACHED
2657,0.05,80.0,46,1,6,0,1,4,GOAL_REACHED
2658,0.05,-32.0,50,0,3,0,1,0,ENERGY_DEPLETED
2659,0.05,87.0,46,1,2,1,1,4,GOAL_REACHED
2660,0.05,83.0,47,1,5,0,1,3,GOAL_REACHED
2661,0.05,-24.0,50,0,1,0,1,0,ENERGY_DEPLETED
2662,0.05,104.0,46,1,0,0,1,4,GOAL_REACHED
2663,0.05,86.0,48,1,4,0,1,2,GOAL_REACHED
2664,0.05,73.0,49,1,7,0,1,1,GOAL_REACHED
2665,0.05,-46.0,50,0,2,2,1,0,ENERGY_DEPLETED
2666,0.05,-40.0,50,0,5,0,1,0,ENERGY_DEPLETED
2667,0.05,76.0,50,1,6,0,1,0,GOAL_REACHED
2668,0.05,96.0,46,1,2,0,1,4,GOAL_REACHED
2669,0.05,80.0,49,1,3,1,1,1,GOAL_REACHED
2670,0.05,-36.0,50,0,4,0,1,0,ENERGY_DEPLETED
2671,0.05,87.0,46,1,2,1,1,4,GOAL_REACHED
2672,0.05,-20.0,50,0,0,0,1,0,ENERGY_DEPLETED
2673,0.05,89.0,49,1,3,0,1,1,GOAL_REACHED
2674,0.05,-28.0,50,0,2,0,1,0,ENERGY_DEPLETED
2675,0.05,-32.0,50,0,3,0,1,0,ENERGY_DEPLETED
2676,0.05,-24.0,50,0,0,0,1,0,ENERGY_DEPLETED
2677,0.05,-32.0,50,0,3,0,1,0,ENERGY_DEPLETED
2678,0.05,70.0,48,1,8,0,1,2,GOAL_REACHED
2679,0.05,86.0,48,1,4,0,1,2,GOAL_REACHED
2680,0.05,94.0,48,1,2,0,1,2,GOAL_REACHED
2681,0.05,91.0,47,1,3,0,1,3,GOAL_REACHED
2682,0.05,-29.0,50,0,0,1,1,0,ENERGY_DEPLETED
2683,0.05,78.0,48,1,6,0,1,2,GOAL_REACHED
2684,0.05,94.0,48,1,2,0,1,2,GOAL_REACHED
2685,0.05,73.0,49,1,7,0,1,1,GOAL_REACHED
2686,0.05,78.0,48,1,6,0,1,2,GOAL_REACHED
2687,0.05,-49.0,50,0,5,1,1,0,ENERGY_DEPLETED
2688,0.05,-49.0,50,0,4,1,1,0,ENERGY_DEPLETED
2689,0.05,96.0,46,1,2,0,1,4,GOAL_REACHED
2690,0.05,83.0,47,1,5,0,1,3,GOAL_REACHED
2691,0.05,-28.0,50,0,2,0,1,0,ENERGY_DEPLETED
2692,0.05,96.0,46,1,2,0,1,4,GOAL_REACHED
2693,0.05,96.0,46,1,2,0,1,4,GOAL_REACHED
2694,0.05,96.0,46,1,2,0,1,4,GOAL_REACHED
2695,0.05,88.0,46,1,4,0,1,4,GOAL_REACHED
2696,0.05,102.0,48,1,0,0,1,2,GOAL_REACHED
2697,0.05,-40.0,50,0,4,0,1,0,ENERGY_DEPLETED
2698,0.05,88.0,46,1,4,0,1,4,GOAL_REACHED
2699,0.05,-40.0,50,0,5,0,1,0,ENERGY_DEPLETED
2700,0.05,-24.0,50,0,1,0,1,0,ENERGY_DEPLETED
2701,0.05,-41.0,50,0,2,1,1,0,ENERGY_DEPLETED
2702,0.05,91.0,47,1,3,0,1,3,GOAL_REACHED
2703,0.05,83.0,50,1,2,1,1,0,GOAL_REACHED
2704,0.05,97.0,49,1,1,0,1,1,GOAL_REACHED
2705,0.05,-20.0,50,0,0,0,1,0,ENERGY_DEPLETED
2706,0.05,94.0,48,1,2,0,1,2,GOAL_REACHED
2707,0.05,-53.0,50,0,6,1,1,0,ENERGY_DEPLETED
2708,0.05,92.0,50,1,2,0,1,0,GOAL_REACHED
2709,0.05,96.0,46,1,2,0,1,4,GOAL_REACHED
2710,0.05,104.0,46,1,0,0,1,4,GOAL_REACHED
2711,0.05,94.0,48,1,2,0,1,2,GOAL_REACHED
2712,0.05,86.0,48,1,4,0,1,2,GOAL_REACHED
2713,0.05,-41.0,50,0,3,1,1,0,ENERGY_DEPLETED
2714,0.05,91.0,47,1,3,0,1,3,GOAL_REACHED
2715,0.05,88.0,46,1,4,0,1,4,GOAL_REACHED
2716,0.05,94.0,48,1,2,0,1,2,GOAL_REACHED
2717,0.05,-40.0,50,0,5,0,1,0,ENERGY_DEPLETED
2718,0.05,94.0,48,1,2,0,1,2,GOAL_REACHED
2719,0.05,-67.0,50,0,5,3,1,0,ENERGY_DEPLETED
2720,0.05,79.0,46,1,4,1,1,4,GOAL_REACHED
2721,0.05,-32.0,50,0,3,0,1,0,ENERGY_DEPLETED
2722,0.05,-44.0,50,0,6,0,1,0,ENERGY_DEPLETED
2723,0.05,-42.0,50,0,1,2,1,0,ENERGY_DEPLETED
2724,0.05,-53.0,50,0,6,1,1,0,ENERGY_DEPLETED
2725,0.05,94.0,48,1,2,0,1,2,GOAL_REACHED
2726,0.05,-24.0,50,0,1,0,1,0,ENERGY_DEPLETED
2727,0.05,91.0,47,1,3,0,1,3,GOAL_REACHED
2728,0.05,-28.0,50,0,2,0,1,0,ENERGY_DEPLETED
2729,0.05,99.0,47,1,1,0,1,3,GOAL_REACHED
2730,0.05,-44.0,50,0,6,0,1,0,ENERGY_DEPLETED
2731,0.05,-40.0,50,0,5,0,1,0,ENERGY_DEPLETED
2732,0.05,67.0,50,1,6,1,1,0,GOAL_REACHED
2733,0.05,87.0,46,1,2,1,1,4,GOAL_REACHED
2734,0.05,84.0,50,1,4,0,1,0,GOAL_REACHED
2735,0.05,91.0,47,1,3,0,1,3,GOAL_REACHED
2736,0.05,92.0,50,1,2,0,1,0,GOAL_REACHED
2737,0.05,-32.0,50,0,3,0,1,0,ENERGY_DEPLETED
2738,0.05,84.0,50,1,4,0,1,0,GOAL_REACHED
2739,0.05,97.0,49,1,1,0,1,1,GOAL_REACHED
2740,0.05,-36.0,50,0,4,0,1,0,ENERGY_DEPLETED
2741,0.05,-40.0,50,0,5,0,1,0,ENERGY_DEPLETED
2742,0.05,-28.0,50,0,2,0,1,0,ENERGY_DEPLETED
2743,0.05,88.0,46,1,4,0,1,4,GOAL_REACHED
2744,0.05,99.0,47,1,1,0,1,3,GOAL_REACHED
2745,0.05,98.0,44,1,2,0,1,6,GOAL_REACHED
2746,0.05,-41.0,50,0,3,1,1,0,ENERGY_DEPLETED
2747,0.05,73.0,49,1,7,0,1,1,GOAL_REACHED
2748,0.05,94.0,48,1,2,0,1,2,GOAL_REACHED
2749,0.05,-28.0,50,0,2,0,1,0,ENERGY_DEPLETED
2750,0.05,94.0,48,1,2,0,1,2,GOAL_REACHED
2751,0.05,96.0,46,1,2,0,1,4,GOAL_REACHED
2752,0.05,88.0,49,1,1,1,1,1,GOAL_REACHED
2753,0.05,86.0,48,1,4,0,1,2,GOAL_REACHED
2754,0.05,96.0,46,1,2,0,1,4,GOAL_REACHED
2755,0.05,92.0,50,1,2,0,1,0,GOAL_REACHED
2756,0.05,-57.0,50,0,6,1,1,0,ENERGY_DEPLETED
2757,0.05,88.0,46,1,4,0,1,4,GOAL_REACHED
2758,0.05,-40.0,50,0,4,0,1,0,ENERGY_DEPLETED
2759,0.05,86.0,48,1,4,0,1,2,GOAL_REACHED
2760,0.05,80.0,46,1,6,0,1,4,GOAL_REACHED
2761,0.05,-45.0,50,0,4,1,1,0,ENERGY_DEPLETED
2762,0.05,97.0,49,1,1,0,1,1,GOAL_REACHED
2763,0.05,-32.0,50,0,3,0,1,0,ENERGY_DEPLETED
2764,0.05,-28.0,50,0,2,0,1,0,ENERGY_DEPLETED
2765,0.05,-36.0,50,0,4,0,1,0,ENERGY_DEPLETED
2766,0.05,-24.0,50,0,1,0,1,0,ENERGY_DEPLETED
2767,0.05,66.0,47,1,7,1,1,3,GOAL_REACHED
2768,0.05,-49.0,50,0,5,1,1,0,ENERGY_DEPLETED
2769,0.05,67.0,50,1,6,1,1,0,GOAL_REACHED
2770,0.05,86.0,48,1,4,0,1,2,GOAL_REACHED
2771,0.05,90.0,47,1,1,1,1,3,GOAL_REACHED
2772,0.05,-49.0,50,0,5,1,1,0,ENERGY_DEPLETED
2773,0.05,88.0,46,1,4,0,1,4,GOAL_REACHED
2774,0.05,76.0,48,1,2,2,1,2,GOAL_REACHED
2775,0.05,-36.0,50,0,4,0,1,0,ENERGY_DEPLETED
2776,0.05,88.0,46,1,4,0,1,4,GOAL_REACHED
2777,0.05,94.0,48,1,2,0,1,2,GOAL_REACHED
2778,0.05,75.0,47,1,7,0,1,3,GOAL_REACHED
2779,0.05,83.0,47,1,5,0,1,3,GOAL_REACHED
2780,0.05,92.0,50,1,2,0,1,0,GOAL_REACHED
2781,0.05,88.0,46,1,4,0,1,4,GOAL_REACHED
2782,0.05,84.0,50,1,4,0,1,0,GOAL_REACHED
2783,0.05,-32.0,50,0,3,0,1,0,ENERGY_DEPLETED
2784,0.05,88.0,49,1,1,1,1,1,GOAL_REACHED
2785,0.05,102.0,48,1,0,0,1,2,GOAL_REACHED
2786,0.05,97.0,49,1,1,0,1,1,GOAL_REACHED
2787,0.05,83.0,47,1,5,0,1,3,GOAL_REACHED
2788,0.05,90.0,47,1,1,1,1,3,GOAL_REACHED
2789,0.05,-48.0,50,0,7,0,1,0,ENERGY_DEPLETED
2790,0.05,-28.0,50,0,2,0,1,0,ENERGY_DEPLETED
2791,0.05,88.0,46,1,4,0,1,4,GOAL_REACHED
2792,0.05,81.0,49,1,5,0,1,1,GOAL_REACHED
2793,0.05,96.0,46,1,2,0,1,4,GOAL_REACHED
2794,0.05,92.0,50,1,2,0,1,0,GOAL_REACHED
2795,0.05,83.0,47,1,5,0,1,3,GOAL_REACHED
2796,0.05,-32.0,50,0,3,0,1,0,ENERGY_DEPLETED
2797,0.05,75.0,50,1,4,1,1,0,GOAL_REACHED
2798,0.05,78.0,48,1,6,0,1,2,GOAL_REACHED
2799,0.05,-44.0,50,0,6,0,1,0,ENERGY_DEPLETED
2800,0.05,-40.0,50,0,5,0,1,0,ENERGY_DEPLETED
2801,0.05,-54.0,50,0,4,2,1,0,ENERGY_DEPLETED
2802,0.05,-33.0,50,0,1,1,1,0,ENERGY_DEPLETED
2803,0.05,83.0,47,1,5,0,1,3,GOAL_REACHED
2804,0.05,-24.0,50,0,1,0,1,0,ENERGY_DEPLETED
2805,0.05,-57.0,50,0,7,1,1,0,ENERGY_DEPLETED
2806,0.05,-48.0,50,0,6,0,1,0,ENERGY_DEPLETED
2807,0.05,86.0,48,1,4,0,1,2,GOAL_REACHED
2808,0.05,-32.0,50,0,3,0,1,0,ENERGY_DEPLETED
2809,0.05,76.0,50,1,6,0,1,0,GOAL_REACHED
2810,0.05,-33.0,50,0,1,1,1,0,ENERGY_DEPLETED
2811,0.05,-40.0,50,0,5,0,1,0,ENERGY_DEPLETED
2812,0.05,82.0,44,1,6,0,1,6,GOAL_REACHED
2813,0.05,83.0,47,1,5,0,1,3,GOAL_REACHED
2814,0.05,-32.0,50,0,3,0,1,0,ENERGY_DEPLETED
2815,0.05,83.0,47,1,5,0,1,3,GOAL_REACHED
2816,0.05,89.0,49,1,3,0,1,1,GOAL_REACHED
2817,0.05,-44.0,50,0,6,0,1,0,ENERGY_DEPLETED
2818,0.05,73.0,49,1,7,0,1,1,GOAL_REACHED
2819,0.05,-32.0,50,0,3,0,1,0,ENERGY_DEPLETED
2820,0.05,80.0,46,1,6,0,1,4,GOAL_REACHED
2821,0.05,73.0,49,1,7,0,1,1,GOAL_REACHED
2822,0.05,88.0,46,1,4,0,1,4,GOAL_REACHED
2823,0.05,88.0,46,1,4,0,1,4,GOAL_REACHED
2824,0.05,91.0,47,1,3,0,1,3,GOAL_REACHED
2825,0.05,-28.0,50,0,2,0,1,0,ENERGY_DEPLETED
2826,0.05,66.0,47,1,7,1,1,3,GOAL_REACHED
2827,0.05,-32.0,50,0,2,0,1,0,ENERGY_DEPLETED
2828,0.05,77.0,48,1,4,1,1,2,GOAL_REACHED
2829,0.05,78.0,48,1,6,0,1,2,GOAL_REACHED
2830,0.05,89.0,49,1,3,0,1,1,GOAL_REACHED
2831,0.05,84.0,50,1,4,0,1,0,GOAL_REACHED
2832,0.05,88.0,46,1,4,0,1,4,GOAL_REACHED
2833,0.05,-48.0,50,0,7,0,1,0,ENERGY_DEPLETED
2834,0.05,-28.0,50,0,2,0,1,0,ENERGY_DEPLETED
2835,0.05,-28.0,50,0,2,0,1,0,ENERGY_DEPLETED
2836,0.05,-32.0,50,0,3,0,1,0,ENERGY_DEPLETED
2837,0.05,-48.0,50,0,7,0,1,0,ENERGY_DEPLETED
2838,0.05,78.0,48,1,6,0,1,2,GOAL_REACHED
2839,0.05,83.0,47,1,5,0,1,3,GOAL_REACHED
2840,0.05,87.0,46,1,2,1,1,4,GOAL_REACHED
2841,0.05,75.0,50,1,4,1,1,0,GOAL_REACHED
2842,0.05,-48.0,50,0,7,0,1,0,ENERGY_DEPLETED
2843,0.05,86.0,48,1,4,0,1,2,GOAL_REACHED
2844,0.05,86.0,48,1,4,0,1,2,GOAL_REACHED
2845,0.05,96.0,46,1,2,0,1,4,GOAL_REACHED
2846,0.05,86.0,48,1,4,0,1,2,GOAL_REACHED
2847,0.05,-40.0,50,0,5,0,1,0,ENERGY_DEPLETED
2848,0.05,89.0,49,1,3,0,1,1,GOAL_REACHED
2849,0.05,-24.0,50,0,1,0,1,0,ENERGY_DEPLETED
2850,0.05,-49.0,50,0,5,1,1,0,ENERGY_DEPLETED
2851,0.05,84.0,50,1,4,0,1,0,GOAL_REACHED
2852,0.05,-64.0,50,0,11,0,1,0,ENERGY_DEPLETED
2853,0.05,98.0,44,1,2,0,1,6,GOAL_REACHED
2854,0.05,-32.0,50,0,3,0,1,0,ENERGY_DEPLETED
2855,0.05,84.0,50,1,4,0,1,0,GOAL_REACHED
2856,0.05,-44.0,50,0,6,0,1,0,ENERGY_DEPLETED
2857,0.05,96.0,46,1,2,0,1,4,GOAL_REACHED
2858,0.05,-48.0,50,0,7,0,1,0,ENERGY_DEPLETED
2859,0.05,-44.0,50,0,6,0,1,0,ENERGY_DEPLETED
2860,0.05,-40.0,50,0,4,0,1,0,ENERGY_DEPLETED
2861,0.05,-28.0,50,0,2,0,1,0,ENERGY_DEPLETED
2862,0.05,92.0,50,1,2,0,1,0,GOAL_REACHED
2863,0.05,91.0,50,1,0,1,1,0,GOAL_REACHED
2864,0.05,76.0,50,1,6,0,1,0,GOAL_REACHED
2865,0.05,-36.0,50,0,4,0,1,0,ENERGY_DEPLETED
2866,0.05,-20.0,50,0,0,0,1,0,ENERGY_DEPLETED
2867,0.05,-28.0,50,0,2,0,1,0,ENERGY_DEPLETED
2868,0.05,83.0,47,1,5,0,1,3,GOAL_REACHED
2869,0.05,-54.0,50,0,4,2,1,0,ENERGY_DEPLETED
2870,0.05,-36.0,50,0,4,0,1,0,ENERGY_DEPLETED
2871,0.05,86.0,48,1,4,0,1,2,GOAL_REACHED
2872,0.05,-32.0,50,0,2,0,1,0,ENERGY_DEPLETED
2873,0.05,96.0,46,1,2,0,1,4,GOAL_REACHED
2874,0.05,65.0,49,1,9,0,1,1,GOAL_REACHED
2875,0.05,94.0,48,1,2,0,1,2,GOAL_REACHED
2876,0.05,-44.0,50,0,5,0,1,0,ENERGY_DEPLETED
2877,0.05,89.0,49,1,3,0,1,1,GOAL_REACHED
2878,0.05,88.0,46,1,4,0,1,4,GOAL_REACHED
2879,0.05,-50.0,50,0,3,2,1,0,ENERGY_DEPLETED
2880,0.05,-28.0,50,0,2,0,1,0,ENERGY_DEPLETED
2881,0.05,86.0,48,1,4,0,1,2,GOAL_REACHED
2882,0.05,86.0,48,1,4,0,1,2,GOAL_REACHED
2883,0.05,88.0,46,1,4,0,1,4,GOAL_REACHED
2884,0.05,-65.0,50,0,8,1,1,0,ENERGY_DEPLETED
2885,0.05,-40.0,50,0,5,0,1,0,ENERGY_DEPLETED
2886,0.05,-32.0,50,0,3,0,1,0,ENERGY_DEPLETED
2887,0.05,96.0,46,1,2,0,1,4,GOAL_REACHED
2888,0.05,-44.0,50,0,6,0,1,0,ENERGY_DEPLETED
2889,0.05,-40.0,50,0,5,0,1,0,ENERGY_DEPLETED
2890,0.05,-45.0,50,0,4,1,1,0,ENERGY_DEPLETED
2891,0.05,88.0,46,1,4,0,1,4,GOAL_REACHED
2892,0.05,102.0,48,1,0,0,1,2,GOAL_REACHED
2893,0.05,94.0,48,1,2,0,1,2,GOAL_REACHED
2894,0.05,80.0,46,1,6,0,1,4,GOAL_REACHED
2895,0.05,86.0,48,1,4,0,1,2,GOAL_REACHED
2896,0.05,80.0,46,1,6,0,1,4,GOAL_REACHED
2897,0.05,90.0,44,1,4,0,1,6,GOAL_REACHED
2898,0.05,-53.0,50,0,6,1,1,0,ENERGY_DEPLETED
2899,0.05,-28.0,50,0,2,0,1,0,ENERGY_DEPLETED
2900,0.05,86.0,48,1,4,0,1,2,GOAL_REACHED
2901,0.05,-37.0,50,0,2,1,1,0,ENERGY_DEPLETED
2902,0.05,80.0,46,1,6,0,1,4,GOAL_REACHED
2903,0.05,94.0,48,1,2,0,1,2,GOAL_REACHED
2904,0.05,79.0,46,1,4,1,1,4,GOAL_REACHED
2905,0.05,94.0,48,1,2,0,1,2,GOAL_REACHED
2906,0.05,-36.0,50,0,4,0,1,0,ENERGY_DEPLETED
2907,0.05,94.0,48,1,2,0,1,2,GOAL_REACHED
2908,0.05,92.0,50,1,2,0,1,0,GOAL_REACHED
2909,0.05,102.0,48,1,0,0,1,2,GOAL_REACHED
2910,0.05,-32.0,50,0,3,0,1,0,ENERGY_DEPLETED
2911,0.05,-40.0,50,0,5,0,1,0,ENERGY_DEPLETED
2912,0.05,-54.0,50,0,4,2,1,0,ENERGY_DEPLETED
2913,0.05,-40.0,50,0,5,0,1,0,ENERGY_DEPLETED
2914,0.05,-40.0,50,0,5,0,1,0,ENERGY_DEPLETED
2915,0.05,91.0,47,1,3,0,1,3,GOAL_REACHED
2916,0.05,96.0,46,1,2,0,1,4,GOAL_REACHED
2917,0.05,-36.0,50,0,4,0,1,0,ENERGY_DEPLETED
2918,0.05,94.0,48,1,2,0,1,2,GOAL_REACHED
2919,0.05,-24.0,50,0,1,0,1,0,ENERGY_DEPLETED
2920,0.05,91.0,47,1,3,0,1,3,GOAL_REACHED
2921,0.05,96.0,46,1,2,0,1,4,GOAL_REACHED
2922,0.05,79.0,46,1,4,1,1,4,GOAL_REACHED
2923,0.05,79.0,46,1,4,1,1,4,GOAL_REACHED
2924,0.05,89.0,44,1,2,1,1,6,GOAL_REACHED
2925,0.05,72.0,46,1,8,0,1,4,GOAL_REACHED
2926,0.05,86.0,48,1,4,0,1,2,GOAL_REACHED
2927,0.05,97.0,49,1,1,0,1,1,GOAL_REACHED
2928,0.05,-24.0,50,0,0,0,1,0,ENERGY_DEPLETED
2929,0.05,88.0,46,1,4,0,1,4,GOAL_REACHED
2930,0.05,78.0,48,1,6,0,1,2,GOAL_REACHED
2931,0.05,75.0,47,1,7,0,1,3,GOAL_REACHED
2932,0.05,-40.0,50,0,5,0,1,0,ENERGY_DEPLETED
2933,0.05,-57.0,50,0,7,1,1,0,ENERGY_DEPLETED
2934,0.05,89.0,49,1,3,0,1,1,GOAL_REACHED
2935,0.05,91.0,47,1,3,0,1,3,GOAL_REACHED
2936,0.05,92.0,50,1,2,0,1,0,GOAL_REACHED
2937,0.05,76.0,50,1,6,0,1,0,GOAL_REACHED
2938,0.05,-40.0,50,0,5,0,1,0,ENERGY_DEPLETED
2939,0.05,92.0,50,1,2,0,1,0,GOAL_REACHED
2940,0.05,-24.0,50,0,1,0,1,0,ENERGY_DEPLETED
2941,0.05,62.0,48,1,10,0,1,2,GOAL_REACHED
2942,0.05,88.0,46,1,4,0,1,4,GOAL_REACHED
2943,0.05,-48.0,50,0,7,0,1,0,ENERGY_DEPLETED
2944,0.05,74.0,50,1,2,2,1,0,GOAL_REACHED
2945,0.05,91.0,47,1,3,0,1,3,GOAL_REACHED
2946,0.05,96.0,46,1,2,0,1,4,GOAL_REACHED
2947,0.05,-44.0,50,0,6,0,1,0,ENERGY_DEPLETED
2948,0.05,-36.0,50,0,4,0,1,0,ENERGY_DEPLETED
2949,0.05,-28.0,50,0,2,0,1,0,ENERGY_DEPLETED
2950,0.05,-70.0,50,0,8,2,1,0,ENERGY_DEPLETED
2951,0.05,-32.0,50,0,2,0,1,0,ENERGY_DEPLETED
2952,0.05,-24.0,50,0,1,0,1,0,ENERGY_DEPLETED
2953,0.05,-47.0,50,0,0,3,1,0,ENERGY_DEPLETED
2954,0.05,-24.0,50,0,1,0,1,0,ENERGY_DEPLETED
2955,0.05,81.0,49,1,5,0,1,1,GOAL_REACHED
2956,0.05,-28.0,50,0,2,0,1,0,ENERGY_DEPLETED
2957,0.05,80.0,46,1,6,0,1,4,GOAL_REACHED
2958,0.05,96.0,46,1,2,0,1,4,GOAL_REACHED
2959,0.05,91.0,47,1,3,0,1,3,GOAL_REACHED
2960,0.05,-40.0,50,0,5,0,1,0,ENERGY_DEPLETED
2961,0.05,-28.0,50,0,2,0,1,0,ENERGY_DEPLETED
2962,0.05,98.0,44,1,2,0,1,6,GOAL_REACHED
2963,0.05,-20.0,50,0,0,0,1,0,ENERGY_DEPLETED
2964,0.05,90.0,44,1,4,0,1,6,GOAL_REACHED
2965,0.05,-24.0,50,0,1,0,1,0,ENERGY_DEPLETED
2966,0.05,81.0,49,1,5,0,1,1,GOAL_REACHED
2967,0.05,104.0,46,1,0,0,1,4,GOAL_REACHED
2968,0.05,-41.0,50,0,3,1,1,0,ENERGY_DEPLETED
2969,0.05,86.0,48,1,4,0,1,2,GOAL_REACHED
2970,0.05,84.0,50,1,4,0,1,0,GOAL_REACHED
2971,0.05,-36.0,50,0,4,0,1,0,ENERGY_DEPLETED
2972,0.05,-28.0,50,0,2,0,1,0,ENERGY_DEPLETED
2973,0.05,80.0,49,1,3,1,1,1,GOAL_REACHED
2974,0.05,97.0,49,1,1,0,1,1,GOAL_REACHED
2975,0.05,-24.0,50,0,1,0,1,0,ENERGY_DEPLETED
2976,0.05,94.0,48,1,2,0,1,2,GOAL_REACHED
2977,0.05,73.0,49,1,7,0,1,1,GOAL_REACHED
2978,0.05,91.0,47,1,3,0,1,3,GOAL_REACHED
2979,0.05,-40.0,50,0,5,0,1,0,ENERGY_DEPLETED
2980,0.05,-37.0,50,0,2,1,1,0,ENERGY_DEPLETED
2981,0.05,94.0,48,1,2,0,1,2,GOAL_REACHED
2982,0.05,91.0,47,1,3,0,1,3,GOAL_REACHED
2983,0.05,-53.0,50,0,6,1,1,0,ENERGY_DEPLETED
2984,0.05,-56.0,50,0,8,0,1,0,ENERGY_DEPLETED
2985,0.05,-32.0,50,0,3,0,1,0,ENERGY_DEPLETED
2986,0.05,57.0,49,1,11,0,1,1,GOAL_REACHED
2987,0.05,-28.0,50,0,2,0,1,0,ENERGY_DEPLETED
2988,0.05,-54.0,50,0,4,2,1,0,ENERGY_DEPLETED
2989,0.05,-53.0,50,0,6,1,1,0,ENERGY_DEPLETED
2990,0.05,96.0,46,1,2,0,1,4,GOAL_REACHED
2991,0.05,90.0,44,1,4,0,1,6,GOAL_REACHED
2992,0.05,-48.0,50,0,7,0,1,0,ENERGY_DEPLETED
2993,0.05,91.0,47,1,3,0,1,3,GOAL_REACHED
2994,0.05,-20.0,50,0,0,0,1,0,ENERGY_DEPLETED
2995,0.05,91.0,47,1,3,0,1,3,GOAL_REACHED
2996,0.05,80.0,46,1,6,0,1,4,GOAL_REACHED
2997,0.05,83.0,47,1,5,0,1,3,GOAL_REACHED
2998,0.05,91.0,47,1,3,0,1,3,GOAL_REACHED
2999,0.05,89.0,49,1,3,0,1,1,GOAL_REACHED
3000,0.05,102.0,48,1,0,0,1,2,GOAL_REACHED
3001,0.05,78.0,48,1,6,0,1,2,GOAL_REACHED
3002,0.05,-32.0,50,0,3,0,1,0,ENERGY_DEPLETED
3003,0.05,98.0,44,1,2,0,1,6,GOAL_REACHED
3004,0.05,91.0,47,1,3,0,1,3,GOAL_REACHED
3005,0.05,-36.0,50,0,4,0,1,0,ENERGY_DEPLETED
3006,0.05,76.0,50,1,6,0,1,0,GOAL_REACHED
3007,0.05,81.0,49,1,5,0,1,1,GOAL_REACHED
3008,0.05,91.0,47,1,3,0,1,3,GOAL_REACHED
3009,0.05,-40.0,50,0,5,0,1,0,ENERGY_DEPLETED
3010,0.05,74.0,47,1,5,1,1,3,GOAL_REACHED
3011,0.05,78.0,48,1,6,0,1,2,GOAL_REACHED
3012,0.05,86.0,48,1,4,0,1,2,GOAL_REACHED
3013,0.05,-28.0,50,0,2,0,1,0,ENERGY_DEPLETED
3014,0.05,-41.0,50,0,3,1,1,0,ENERGY_DEPLETED
3015,0.05,81.0,49,1,5,0,1,1,GOAL_REACHED
3016,0.05,-49.0,50,0,5,1,1,0,ENERGY_DEPLETED
3017,0.05,83.0,47,1,5,0,1,3,GOAL_REACHED
3018,0.05,75.0,47,1,7,0,1,3,GOAL_REACHED
3019,0.05,98.0,44,1,2,0,1,6,GOAL_REACHED
3020,0.05,100.0,50,1,0,0,1,0,GOAL_REACHED
3021,0.05,-40.0,50,0,5,0,1,0,ENERGY_DEPLETED
3022,0.05,-41.0,50,0,2,1,1,0,ENERGY_DEPLETED
3023,0.05,99.0,47,1,1,0,1,3,GOAL_REACHED
3024,0.05,78.0,48,1,6,0,1,2,GOAL_REACHED
3025,0.05,86.0,48,1,4,0,1,2,GOAL_REACHED
3026,0.05,-41.0,50,0,2,1,1,0,ENERGY_DEPLETED
3027,0.05,78.0,48,1,6,0,1,2,GOAL_REACHED
3028,0.05,99.0,47,1,1,0,1,3,GOAL_REACHED
3029,0.05,-56.0,50,0,9,0,1,0,ENERGY_DEPLETED
3030,0.05,81.0,49,1,5,0,1,1,GOAL_REACHED
3031,0.05,-36.0,50,0,4,0,1,0,ENERGY_DEPLETED
3032,0.05,99.0,47,1,1,0,1,3,GOAL_REACHED
3033,0.05,-28.0,50,0,2,0,1,0,ENERGY_DEPLETED
3034,0.05,-40.0,50,0,5,0,1,0,ENERGY_DEPLETED
3035,0.05,-32.0,50,0,3,0,1,0,ENERGY_DEPLETED
3036,0.05,96.0,46,1,2,0,1,4,GOAL_REACHED
3037,0.05,102.0,48,1,0,0,1,2,GOAL_REACHED
3038,0.05,75.0,50,1,4,1,1,0,GOAL_REACHED
3039,0.05,106.0,44,1,0,0,1,6,GOAL_REACHED
3040,0.05,-40.0,50,0,5,0,1,0,ENERGY_DEPLETED
3041,0.05,-32.0,50,0,3,0,1,0,ENERGY_DEPLETED
3042,0.05,86.0,48,1,4,0,1,2,GOAL_REACHED
3043,0.05,80.0,46,1,6,0,1,4,GOAL_REACHED
3044,0.05,91.0,47,1,3,0,1,3,GOAL_REACHED
3045,0.05,98.0,44,1,2,0,1,6,GOAL_REACHED
3046,0.05,84.0,50,1,4,0,1,0,GOAL_REACHED
3047,0.05,-41.0,50,0,2,1,1,0,ENERGY_DEPLETED
3048,0.05,-32.0,50,0,3,0,1,0,ENERGY_DEPLETED
3049,0.05,94.0,48,1,2,0,1,2,GOAL_REACHED
3050,0.05,-28.0,50,0,2,0,1,0,ENERGY_DEPLETED
3051,0.05,-48.0,50,0,7,0,1,0,ENERGY_DEPLETED
3052,0.05,83.0,50,1,2,1,1,0,GOAL_REACHED
3053,0.05,-40.0,50,0,5,0,1,0,ENERGY_DEPLETED
3054,0.05,-44.0,50,0,6,0,1,0,ENERGY_DEPLETED
3055,0.05,-41.0,50,0,3,1,1,0,ENERGY_DEPLETED
3056,0.05,-44.0,50,0,6,0,1,0,ENERGY_DEPLETED
3057,0.05,99.0,47,1,1,0,1,3,GOAL_REACHED
3058,0.05,-56.0,50,0,9,0,1,0,ENERGY_DEPLETED
3059,0.05,-32.0,50,0,2,0,1,0,ENERGY_DEPLETED
3060,0.05,106.0,44,1,0,0,1,6,GOAL_REACHED
3061,0.05,-40.0,50,0,5,0,1,0,ENERGY_DEPLETED
3062,0.05,83.0,47,1,5,0,1,3,GOAL_REACHED
3063,0.05,-50.0,50,0,3,2,1,0,ENERGY_DEPLETED
3064,0.05,85.0,48,1,2,1,1,2,GOAL_REACHED
3065,0.05,89.0,49,1,3,0,1,1,GOAL_REACHED
3066,0.05,-40.0,50,0,4,0,1,0,ENERGY_DEPLETED
3067,0.05,67.0,50,1,6,1,1,0,GOAL_REACHED
3068,0.05,-44.0,50,0,6,0,1,0,ENERGY_DEPLETED
3069,0.05,-48.0,50,0,6,0,1,0,ENERGY_DEPLETED
3070,0.05,-36.0,50,0,4,0,1,0,ENERGY_DEPLETED
3071,0.05,-37.0,50,0,2,1,1,0,ENERGY_DEPLETED
3072,0.05,74.0,47,1,5,1,1,3,GOAL_REACHED
3073,0.05,98.0,44,1,2,0,1,6,GOAL_REACHED
3074,0.05,86.0,48,1,4,0,1,2,GOAL_REACHED
3075,0.05,-28.0,50,0,2,0,1,0,ENERGY_DEPLETED
3076,0.05,-60.0,50,0,10,0,1,0,ENERGY_DEPLETED
3077,0.05,-32.0,50,0,3,0,1,0,ENERGY_DEPLETED
3078,0.05,83.0,47,1,5,0,1,3,GOAL_REACHED
3079,0.05,106.0,44,1,0,0,1,6,GOAL_REACHED
3080,0.05,91.0,47,1,3,0,1,3,GOAL_REACHED
3081,0.05,-28.0,50,0,2,0,1,0,ENERGY_DEPLETED
3082,0.05,80.0,46,1,6,0,1,4,GOAL_REACHED
3083,0.05,75.0,47,1,7,0,1,3,GOAL_REACHED
3084,0.05,84.0,50,1,4,0,1,0,GOAL_REACHED
3085,0.05,-28.0,50,0,2,0,1,0,ENERGY_DEPLETED
3086,0.05,86.0,48,1,4,0,1,2,GOAL_REACHED
3087,0.05,83.0,50,1,2,1,1,0,GOAL_REACHED
3088,0.05,83.0,47,1,5,0,1,3,GOAL_REACHED
3089,0.05,76.0,50,1,6,0,1,0,GOAL_REACHED
3090,0.05,86.0,48,1,4,0,1,2,GOAL_REACHED
3091,0.05,106.0,44,1,0,0,1,6,GOAL_REACHED
3092,0.05,90.0,44,1,4,0,1,6,GOAL_REACHED
3093,0.05,81.0,49,1,5,0,1,1,GOAL_REACHED
3094,0.05,86.0,48,1,4,0,1,2,GOAL_REACHED
3095,0.05,-28.0,50,0,2,0,1,0,ENERGY_DEPLETED
3096,0.05,-40.0,50,0,5,0,1,0,ENERGY_DEPLETED
3097,0.05,100.0,50,1,0,0,1,0,GOAL_REACHED
3098,0.05,-40.0,50,0,5,0,1,0,ENERGY_DEPLETED
3099,0.05,60.0,48,1,6,2,1,2,GOAL_REACHED
3100,0.05,68.0,50,1,8,0,1,0,GOAL_REACHED
3101,0.05,-48.0,50,0,7,0,1,0,ENERGY_DEPLETED
3102,0.05,-24.0,50,0,1,0,1,0,ENERGY_DEPLETED
3103,0.05,82.0,44,1,6,0,1,6,GOAL_REACHED
3104,0.05,-28.0,50,0,2,0,1,0,ENERGY_DEPLETED
3105,0.05,83.0,47,1,5,0,1,3,GOAL_REACHED
3106,0.05,-48.0,50,0,7,0,1,0,ENERGY_DEPLETED
3107,0.05,-36.0,50,0,4,0,1,0,ENERGY_DEPLETED
3108,0.05,-32.0,50,0,2,0,1,0,ENERGY_DEPLETED
3109,0.05,73.0,49,1,7,0,1,1,GOAL_REACHED
3110,0.05,76.0,48,1,2,2,1,2,GOAL_REACHED
3111,0.05,72.0,46,1,8,0,1,4,GOAL_REACHED
3112,0.05,78.0,48,1,6,0,1,2,GOAL_REACHED
3113,0.05,76.0,50,1,6,0,1,0,GOAL_REACHED
3114,0.05,94.0,48,1,2,0,1,2,GOAL_REACHED
3115,0.05,-20.0,50,0,0,0,1,0,ENERGY_DEPLETED
3116,0.05,-40.0,50,0,4,0,1,0,ENERGY_DEPLETED
3117,0.05,-40.0,50,0,4,0,1,0,ENERGY_DEPLETED
3118,0.05,-36.0,50,0,4,0,1,0,ENERGY_DEPLETED
3119,0.05,-36.0,50,0,4,0,1,0,ENERGY_DEPLETED
3120,0.05,94.0,48,1,2,0,1,2,GOAL_REACHED
3121,0.05,92.0,50,1,2,0,1,0,GOAL_REACHED
3122,0.05,82.0,44,1,6,0,1,6,GOAL_REACHED
3123,0.05,91.0,47,1,3,0,1,3,GOAL_REACHED
3124,0.05,-32.0,50,0,3,0,1,0,ENERGY_DEPLETED
3125,0.05,67.0,50,1,6,1,1,0,GOAL_REACHED
3126,0.05,78.0,48,1,6,0,1,2,GOAL_REACHED
3127,0.05,-24.0,50,0,0,0,1,0,ENERGY_DEPLETED
3128,0.05,-36.0,50,0,4,0,1,0,ENERGY_DEPLETED
3129,0.05,80.0,49,1,3,1,1,1,GOAL_REACHED
3130,0.05,-28.0,50,0,2,0,1,0,ENERGY_DEPLETED
3131,0.05,94.0,48,1,2,0,1,2,GOAL_REACHED
3132,0.05,97.0,49,1,1,0,1,1,GOAL_REACHED
3133,0.05,71.0,46,1,6,1,1,4,GOAL_REACHED
3134,0.05,104.0,46,1,0,0,1,4,GOAL_REACHED
3135,0.05,-40.0,50,0,5,0,1,0,ENERGY_DEPLETED
3136,0.05,83.0,47,1,5,0,1,3,GOAL_REACHED
3137,0.05,-24.0,50,0,1,0,1,0,ENERGY_DEPLETED
3138,0.05,81.0,49,1,5,0,1,1,GOAL_REACHED
3139,0.05,-40.0,50,0,4,0,1,0,ENERGY_DEPLETED
3140,0.05,-32.0,50,0,3,0,1,0,ENERGY_DEPLETED
3141,0.05,-20.0,50,0,0,0,1,0,ENERGY_DEPLETED
3142,0.05,-40.0,50,0,5,0,1,0,ENERGY_DEPLETED
3143,0.05,98.0,44,1,2,0,1,6,GOAL_REACHED
3144,0.05,86.0,48,1,4,0,1,2,GOAL_REACHED
3145,0.05,84.0,50,1,4,0,1,0,GOAL_REACHED
3146,0.05,-52.0,50,0,8,0,1,0,ENERGY_DEPLETED
3147,0.05,65.0,49,1,9,0,1,1,GOAL_REACHED
3148,0.05,82.0,47,1,3,1,1,3,GOAL_REACHED
3149,0.05,-40.0,50,0,5,0,1,0,ENERGY_DEPLETED
3150,0.05,81.0,49,1,5,0,1,1,GOAL_REACHED
3151,0.05,84.0,50,1,4,0,1,0,GOAL_REACHED
3152,0.05,71.0,46,1,6,1,1,4,GOAL_REACHED
3153,0.05,99.0,47,1,1,0,1,3,GOAL_REACHED
3154,0.05,75.0,50,1,4,1,1,0,GOAL_REACHED
3155,0.05,-36.0,50,0,4,0,1,0,ENERGY_DEPLETED
3156,0.05,88.0,46,1,4,0,1,4,GOAL_REACHED
3157,0.05,76.0,50,1,6,0,1,0,GOAL_REACHED
3158,0.05,91.0,47,1,3,0,1,3,GOAL_REACHED
3159,0.05,104.0,46,1,0,0,1,4,GOAL_REACHED
3160,0.05,-44.0,50,0,6,0,1,0,ENERGY_DEPLETED
3161,0.05,83.0,47,1,5,0,1,3,GOAL_REACHED
3162,0.05,-53.0,50,0,6,1,1,0,ENERGY_DEPLETED
3163,0.05,-28.0,50,0,2,0,1,0,ENERGY_DEPLETED
3164,0.05,88.0,46,1,4,0,1,4,GOAL_REACHED
3165,0.05,99.0,47,1,1,0,1,3,GOAL_REACHED
3166,0.05,96.0,46,1,2,0,1,4,GOAL_REACHED
3167,0.05,-36.0,50,0,4,0,1,0,ENERGY_DEPLETED
3168,0.05,-28.0,50,0,2,0,1,0,ENERGY_DEPLETED
3169,0.05,83.0,47,1,5,0,1,3,GOAL_REACHED
3170,0.05,104.0,46,1,0,0,1,4,GOAL_REACHED
3171,0.05,-40.0,50,0,5,0,1,0,ENERGY_DEPLETED
3172,0.05,-36.0,50,0,4,0,1,0,ENERGY_DEPLETED
3173,0.05,88.0,46,1,4,0,1,4,GOAL_REACHED
3174,0.05,-45.0,50,0,4,1,1,0,ENERGY_DEPLETED
3175,0.05,78.0,48,1,6,0,1,2,GOAL_REACHED
3176,0.05,104.0,46,1,0,0,1,4,GOAL_REACHED
3177,0.05,91.0,47,1,3,0,1,3,GOAL_REACHED
3178,0.05,86.0,48,1,4,0,1,2,GOAL_REACHED
3179,0.05,-36.0,50,0,4,0,1,0,ENERGY_DEPLETED
3180,0.05,-40.0,50,0,4,0,1,0,ENERGY_DEPLETED
3181,0.05,86.0,48,1,4,0,1,2,GOAL_REACHED
3182,0.05,96.0,46,1,2,0,1,4,GOAL_REACHED
3183,0.05,92.0,50,1,2,0,1,0,GOAL_REACHED
3184,0.05,-53.0,50,0,6,1,1,0,ENERGY_DEPLETED
3185,0.05,86.0,48,1,4,0,1,2,GOAL_REACHED
3186,0.05,-24.0,50,0,1,0,1,0,ENERGY_DEPLETED
3187,0.05,-36.0,50,0,4,0,1,0,ENERGY_DEPLETED
3188,0.05,97.0,49,1,1,0,1,1,GOAL_REACHED
3189,0.05,-32.0,50,0,3,0,1,0,ENERGY_DEPLETED
3190,0.05,-49.0,50,0,4,1,1,0,ENERGY_DEPLETED
3191,0.05,84.0,50,1,4,0,1,0,GOAL_REACHED
3192,0.05,65.0,49,1,9,0,1,1,GOAL_REACHED
3193,0.05,68.0,50,1,8,0,1,0,GOAL_REACHED
3194,0.05,-36.0,50,0,4,0,1,0,ENERGY_DEPLETED
3195,0.05,72.0,46,1,8,0,1,4,GOAL_REACHED
3196,0.05,-32.0,50,0,3,0,1,0,ENERGY_DEPLETED
3197,0.05,-28.0,50,0,2,0,1,0,ENERGY_DEPLETED
3198,0.05,-36.0,50,0,4,0,1,0,ENERGY_DEPLETED
3199,0.05,-32.0,50,0,3,0,1,0,ENERGY_DEPLETED
3200,0.05,-40.0,50,0,5,0,1,0,ENERGY_DEPLETED
3201,0.05,-40.0,50,0,5,0,1,0,ENERGY_DEPLETED
3202,0.05,99.0,47,1,1,0,1,3,GOAL_REACHED
3203,0.05,-41.0,50,0,2,1,1,0,ENERGY_DEPLETED
3204,0.05,-37.0,50,0,2,1,1,0,ENERGY_DEPLETED
3205,0.05,85.0,45,1,5,0,1,5,GOAL_REACHED
3206,0.05,-48.0,50,0,7,0,1,0,ENERGY_DEPLETED
3207,0.05,63.0,46,1,8,1,1,4,GOAL_REACHED
3208,0.05,96.0,46,1,2,0,1,4,GOAL_REACHED
3209,0.05,81.0,49,1,5,0,1,1,GOAL_REACHED
3210,0.05,76.0,50,1,6,0,1,0,GOAL_REACHED
3211,0.05,82.0,47,1,3,1,1,3,GOAL_REACHED
3212,0.05,83.0,47,1,5,0,1,3,GOAL_REACHED
3213,0.05,-20.0,50,0,0,0,1,0,ENERGY_DEPLETED
3214,0.05,82.0,44,1,6,0,1,6,GOAL_REACHED
3215,0.05,106.0,44,1,0,0,1,6,GOAL_REACHED
3216,0.05,96.0,46,1,2,0,1,4,GOAL_REACHED
3217,0.05,88.0,46,1,4,0,1,4,GOAL_REACHED
3218,0.05,88.0,46,1,4,0,1,4,GOAL_REACHED
3219,0.05,98.0,44,1,2,0,1,6,GOAL_REACHED
3220,0.05,89.0,49,1,3,0,1,1,GOAL_REACHED
3221,0.05,77.0,48,1,4,1,1,2,GOAL_REACHED
3222,0.05,102.0,48,1,0,0,1,2,GOAL_REACHED
3223,0.05,88.0,46,1,4,0,1,4,GOAL_REACHED
3224,0.05,76.0,50,1,6,0,1,0,GOAL_REACHED
3225,0.05,86.0,48,1,4,0,1,2,GOAL_REACHED
3226,0.05,83.0,47,1,5,0,1,3,GOAL_REACHED
3227,0.05,-53.0,50,0,6,1,1,0,ENERGY_DEPLETED
3228,0.05,94.0,48,1,2,0,1,2,GOAL_REACHED
3229,0.05,102.0,48,1,0,0,1,2,GOAL_REACHED
3230,0.05,83.0,50,1,2,1,1,0,GOAL_REACHED
3231,0.05,102.0,48,1,0,0,1,2,GOAL_REACHED
3232,0.05,-20.0,50,0,0,0,1,0,ENERGY_DEPLETED
3233,0.05,98.0,44,1,2,0,1,6,GOAL_REACHED
3234,0.05,98.0,44,1,2,0,1,6,GOAL_REACHED
3235,0.05,86.0,48,1,4,0,1,2,GOAL_REACHED
3236,0.05,90.0,44,1,4,0,1,6,GOAL_REACHED
3237,0.05,-40.0,50,0,5,0,1,0,ENERGY_DEPLETED
3238,0.05,88.0,46,1,4,0,1,4,GOAL_REACHED
3239,0.05,-44.0,50,0,6,0,1,0,ENERGY_DEPLETED
3240,0.05,88.0,46,1,4,0,1,4,GOAL_REACHED
3241,0.05,59.0,50,1,8,1,1,0,GOAL_REACHED
3242,0.05,89.0,49,1,3,0,1,1,GOAL_REACHED
3243,0.05,-32.0,50,0,3,0,1,0,ENERGY_DEPLETED
3244,0.05,94.0,48,1,2,0,1,2,GOAL_REACHED
3245,0.05,-33.0,50,0,1,1,1,0,ENERGY_DEPLETED
3246,0.05,-52.0,50,0,8,0,1,0,ENERGY_DEPLETED
3247,0.05,-20.0,50,0,0,0,1,0,ENERGY_DEPLETED
3248,0.05,75.0,50,1,4,1,1,0,GOAL_REACHED
3249,0.05,67.0,50,1,6,1,1,0,GOAL_REACHED
3250,0.05,91.0,47,1,3,0,1,3,GOAL_REACHED
3251,0.05,81.0,49,1,5,0,1,1,GOAL_REACHED
3252,0.05,-36.0,50,0,4,0,1,0,ENERGY_DEPLETED
3253,0.05,-24.0,50,0,1,0,1,0,ENERGY_DEPLETED
3254,0.05,-41.0,50,0,3,1,1,0,ENERGY_DEPLETED
3255,0.05,-28.0,50,0,2,0,1,0,ENERGY_DEPLETED
3256,0.05,88.0,46,1,4,0,1,4,GOAL_REACHED
3257,0.05,89.0,49,1,3,0,1,1,GOAL_REACHED
3258,0.05,91.0,47,1,3,0,1,3,GOAL_REACHED
3259,0.05,-28.0,50,0,2,0,1,0,ENERGY_DEPLETED
3260,0.05,106.0,44,1,0,0,1,6,GOAL_REACHED
3261,0.05,-32.0,50,0,3,0,1,0,ENERGY_DEPLETED
3262,0.05,-37.0,50,0,2,1,1,0,ENERGY_DEPLETED
3263,0.05,76.0,50,1,6,0,1,0,GOAL_REACHED
3264,0.05,84.0,50,1,4,0,1,0,GOAL_REACHED
3265,0.05,81.0,49,1,5,0,1,1,GOAL_REACHED
3266,0.05,-44.0,50,0,6,0,1,0,ENERGY_DEPLETED
3267,0.05,-32.0,50,0,3,0,1,0,ENERGY_DEPLETED
3268,0.05,72.0,46,1,8,0,1,4,GOAL_REACHED
3269,0.05,-28.0,50,0,2,0,1,0,ENERGY_DEPLETED
3270,0.05,-28.0,50,0,2,0,1,0,ENERGY_DEPLETED
3271,0.05,91.0,47,1,3,0,1,3,GOAL_REACHED
3272,0.05,76.0,50,1,6,0,1,0,GOAL_REACHED
3273,0.05,-32.0,50,0,3,0,1,0,ENERGY_DEPLETED
3274,0.05,-36.0,50,0,4,0,1,0,ENERGY_DEPLETED
3275,0.05,83.0,50,1,2,1,1,0,GOAL_REACHED
3276,0.05,-32.0,50,0,3,0,1,0,ENERGY_DEPLETED
3277,0.05,-32.0,50,0,3,0,1,0,ENERGY_DEPLETED
3278,0.05,-54.0,50,0,4,2,1,0,ENERGY_DEPLETED
3279,0.05,89.0,49,1,3,0,1,1,GOAL_REACHED
3280,0.05,98.0,44,1,2,0,1,6,GOAL_REACHED
3281,0.05,-36.0,50,0,4,0,1,0,ENERGY_DEPLETED
3282,0.05,75.0,47,1,7,0,1,3,GOAL_REACHED
3283,0.05,98.0,44,1,2,0,1,6,GOAL_REACHED
3284,0.05,90.0,44,1,4,0,1,6,GOAL_REACHED
3285,0.05,84.0,50,1,4,0,1,0,GOAL_REACHED
3286,0.05,96.0,46,1,2,0,1,4,GOAL_REACHED
3287,0.05,72.0,49,1,5,1,1,1,GOAL_REACHED
3288,0.05,-40.0,50,0,5,0,1,0,ENERGY_DEPLETED
3289,0.05,92.0,50,1,2,0,1,0,GOAL_REACHED
3290,0.05,-36.0,50,0,4,0,1,0,ENERGY_DEPLETED
3291,0.05,92.0,50,1,2,0,1,0,GOAL_REACHED
3292,0.05,-44.0,50,0,6,0,1,0,ENERGY_DEPLETED
3293,0.05,92.0,50,1,2,0,1,0,GOAL_REACHED
3294,0.05,83.0,47,1,5,0,1,3,GOAL_REACHED
3295,0.05,104.0,46,1,0,0,1,4,GOAL_REACHED
3296,0.05,-32.0,50,0,3,0,1,0,ENERGY_DEPLETED
3297,0.05,84.0,50,1,4,0,1,0,GOAL_REACHED
3298,0.05,84.0,50,1,4,0,1,0,GOAL_REACHED
3299,0.05,-24.0,50,0,1,0,1,0,ENERGY_DEPLETED
3300,0.05,-28.0,50,0,2,0,1,0,ENERGY_DEPLETED
3301,0.05,-24.0,50,0,1,0,1,0,ENERGY_DEPLETED
3302,0.05,81.0,49,1,5,0,1,1,GOAL_REACHED
3303,0.05,-44.0,50,0,6,0,1,0,ENERGY_DEPLETED
3304,0.05,-45.0,50,0,4,1,1,0,ENERGY_DEPLETED
3305,0.05,-40.0,50,0,4,0,1,0,ENERGY_DEPLETED
3306,0.05,82.0,44,1,6,0,1,6,GOAL_REACHED
3307,0.05,-46.0,50,0,2,2,1,0,ENERGY_DEPLETED
3308,0.05,74.0,47,1,5,1,1,3,GOAL_REACHED
3309,0.05,91.0,47,1,3,0,1,3,GOAL_REACHED
3310,0.05,-40.0,50,0,5,0,1,0,ENERGY_DEPLETED
3311,0.05,-24.0,50,0,1,0,1,0,ENERGY_DEPLETED
3312,0.05,90.0,47,1,1,1,1,3,GOAL_REACHED
3313,0.05,-32.0,50,0,3,0,1,0,ENERGY_DEPLETED
3314,0.05,-33.0,50,0,1,1,1,0,ENERGY_DEPLETED
3315,0.05,88.0,46,1,4,0,1,4,GOAL_REACHED
3316,0.05,-36.0,50,0,4,0,1,0,ENERGY_DEPLETED
3317,0.05,-32.0,50,0,3,0,1,0,ENERGY_DEPLETED
3318,0.05,90.0,44,1,4,0,1,6,GOAL_REACHED
3319,0.05,98.0,44,1,2,0,1,6,GOAL_REACHED
3320,0.05,92.0,50,1,2,0,1,0,GOAL_REACHED
3321,0.05,93.0,48,1,0,1,1,2,GOAL_REACHED
3322,0.05,92.0,50,1,2,0,1,0,GOAL_REACHED
3323,0.05,88.0,46,1,4,0,1,4,GOAL_REACHED
3324,0.05,83.0,47,1,5,0,1,3,GOAL_REACHED
3325,0.05,86.0,48,1,4,0,1,2,GOAL_REACHED
3326,0.05,-32.0,50,0,3,0,1,0,ENERGY_DEPLETED
3327,0.05,104.0,46,1,0,0,1,4,GOAL_REACHED
3328,0.05,-52.0,50,0,8,0,1,0,ENERGY_DEPLETED
3329,0.05,-36.0,50,0,4,0,1,0,ENERGY_DEPLETED
3330,0.05,86.0,48,1,4,0,1,2,GOAL_REACHED
3331,0.05,91.0,47,1,3,0,1,3,GOAL_REACHED
3332,0.05,-36.0,50,0,4,0,1,0,ENERGY_DEPLETED
3333,0.05,-24.0,50,0,1,0,1,0,ENERGY_DEPLETED
3334,0.05,-44.0,50,0,6,0,1,0,ENERGY_DEPLETED
3335,0.05,-36.0,50,0,4,0,1,0,ENERGY_DEPLETED
3336,0.05,91.0,47,1,3,0,1,3,GOAL_REACHED
3337,0.05,96.0,46,1,2,0,1,4,GOAL_REACHED
3338,0.05,91.0,47,1,3,0,1,3,GOAL_REACHED
3339,0.05,83.0,47,1,5,0,1,3,GOAL_REACHED
3340,0.05,73.0,49,1,7,0,1,1,GOAL_REACHED
3341,0.05,-28.0,50,0,2,0,1,0,ENERGY_DEPLETED
3342,0.05,81.0,49,1,5,0,1,1,GOAL_REACHED
3343,0.05,82.0,47,1,3,1,1,3,GOAL_REACHED
3344,0.05,-60.0,50,0,10,0,1,0,ENERGY_DEPLETED
3345,0.05,-49.0,50,0,5,1,1,0,ENERGY_DEPLETED
3346,0.05,65.0,49,1,9,0,1,1,GOAL_REACHED
3347,0.05,-32.0,50,0,2,0,1,0,ENERGY_DEPLETED
3348,0.05,-28.0,50,0,2,0,1,0,ENERGY_DEPLETED
3349,0.05,90.0,47,1,1,1,1,3,GOAL_REACHED
3350,0.05,-40.0,50,0,5,0,1,0,ENERGY_DEPLETED
3351,0.05,104.0,46,1,0,0,1,4,GOAL_REACHED
3352,0.05,80.0,46,1,6,0,1,4,GOAL_REACHED
3353,0.05,86.0,48,1,4,0,1,2,GOAL_REACHED
3354,0.05,80.0,46,1,6,0,1,4,GOAL_REACHED
3355,0.05,106.0,44,1,0,0,1,6,GOAL_REACHED
3356,0.05,-52.0,50,0,8,0,1,0,ENERGY_DEPLETED
3357,0.05,-53.0,50,0,5,1,1,0,ENERGY_DEPLETED
3358,0.05,-36.0,50,0,4,0,1,0,ENERGY_DEPLETED
3359,0.05,98.0,44,1,2,0,1,6,GOAL_REACHED
3360,0.05,-32.0,50,0,3,0,1,0,ENERGY_DEPLETED
3361,0.05,91.0,47,1,3,0,1,3,GOAL_REACHED
3362,0.05,96.0,46,1,2,0,1,4,GOAL_REACHED
3363,0.05,-37.0,50,0,2,1,1,0,ENERGY_DEPLETED
3364,0.05,94.0,48,1,2,0,1,2,GOAL_REACHED
3365,0.05,-40.0,50,0,5,0,1,0,ENERGY_DEPLETED
3366,0.05,-32.0,50,0,3,0,1,0,ENERGY_DEPLETED
3367,0.05,91.0,47,1,3,0,1,3,GOAL_REACHED
3368,0.05,74.0,47,1,5,1,1,3,GOAL_REACHED
3369,0.05,-24.0,50,0,1,0,1,0,ENERGY_DEPLETED
3370,0.05,98.0,44,1,2,0,1,6,GOAL_REACHED
3371,0.05,-40.0,50,0,5,0,1,0,ENERGY_DEPLETED
3372,0.05,-48.0,50,0,6,0,1,0,ENERGY_DEPLETED
3373,0.05,85.0,48,1,2,1,1,2,GOAL_REACHED
3374,0.05,84.0,50,1,4,0,1,0,GOAL_REACHED
3375,0.05,-32.0,50,0,3,0,1,0,ENERGY_DEPLETED
3376,0.05,82.0,47,1,3,1,1,3,GOAL_REACHED
3377,0.05,70.0,48,1,8,0,1,2,GOAL_REACHED
3378,0.05,98.0,44,1,2,0,1,6,GOAL_REACHED
3379,0.05,79.0,46,1,4,1,1,4,GOAL_REACHED
3380,0.05,64.0,49,1,7,1,1,1,GOAL_REACHED
3381,0.05,-28.0,50,0,2,0,1,0,ENERGY_DEPLETED
3382,0.05,90.0,44,1,4,0,1,6,GOAL_REACHED
3383,0.05,87.0,46,1,2,1,1,4,GOAL_REACHED
3384,0.05,-32.0,50,0,3,0,1,0,ENERGY_DEPLETED
3385,0.05,89.0,49,1,3,0,1,1,GOAL_REACHED
3386,0.05,86.0,48,1,4,0,1,2,GOAL_REACHED
3387,0.05,89.0,49,1,3,0,1,1,GOAL_REACHED
3388,0.05,97.0,49,1,1,0,1,1,GOAL_REACHED
3389,0.05,100.0,50,1,0,0,1,0,GOAL_REACHED
3390,0.05,84.0,50,1,4,0,1,0,GOAL_REACHED
3391,0.05,96.0,46,1,2,0,1,4,GOAL_REACHED
3392,0.05,94.0,48,1,2,0,1,2,GOAL_REACHED
3393,0.05,97.0,49,1,1,0,1,1,GOAL_REACHED
3394,0.05,-44.0,50,0,6,0,1,0,ENERGY_DEPLETED
3395,0.05,-28.0,50,0,2,0,1,0,ENERGY_DEPLETED
3396,0.05,-48.0,50,0,7,0,1,0,ENERGY_DEPLETED
3397,0.05,-32.0,50,0,3,0,1,0,ENERGY_DEPLETED
3398,0.05,89.0,44,1,2,1,1,6,GOAL_REACHED
3399,0.05,81.0,47,1,1,2,1,3,GOAL_REACHED
3400,0.05,-90.0,50,0,5,0,0,0,ENERGY_DEPLETED
3401,0.05,-24.0,50,0,1,0,1,0,ENERGY_DEPLETED
3402,0.05,-32.0,50,0,3,0,1,0,ENERGY_DEPLETED
3403,0.05,104.0,46,1,0,0,1,4,GOAL_REACHED
3404,0.05,-40.0,50,0,5,0,1,0,ENERGY_DEPLETED
3405,0.05,90.0,44,1,4,0,1,6,GOAL_REACHED
3406,0.05,98.0,44,1,2,0,1,6,GOAL_REACHED
3407,0.05,73.0,49,1,7,0,1,1,GOAL_REACHED
3408,0.05,-32.0,50,0,3,0,1,0,ENERGY_DEPLETED
3409,0.05,-57.0,50,0,7,1,1,0,ENERGY_DEPLETED
3410,0.05,88.0,46,1,4,0,1,4,GOAL_REACHED
3411,0.05,-48.0,50,0,7,0,1,0,ENERGY_DEPLETED
3412,0.05,98.0,44,1,2,0,1,6,GOAL_REACHED
3413,0.05,98.0,44,1,2,0,1,6,GOAL_REACHED
3414,0.05,94.0,48,1,2,0,1,2,GOAL_REACHED
3415,0.05,82.0,44,1,6,0,1,6,GOAL_REACHED
3416,0.05,97.0,49,1,1,0,1,1,GOAL_REACHED
3417,0.05,-57.0,50,0,7,1,1,0,ENERGY_DEPLETED
3418,0.05,88.0,46,1,4,0,1,4,GOAL_REACHED
3419,0.05,88.0,46,1,4,0,1,4,GOAL_REACHED
3420,0.05,88.0,46,1,4,0,1,4,GOAL_REACHED
3421,0.05,-53.0,50,0,6,1,1,0,ENERGY_DEPLETED
3422,0.05,-32.0,50,0,2,0,1,0,ENERGY_DEPLETED
3423,0.05,-44.0,50,0,6,0,1,0,ENERGY_DEPLETED
3424,0.05,90.0,44,1,4,0,1,6,GOAL_REACHED
3425,0.05,90.0,44,1,4,0,1,6,GOAL_REACHED
3426,0.05,91.0,47,1,3,0,1,3,GOAL_REACHED
3427,0.05,98.0,44,1,2,0,1,6,GOAL_REACHED
3428,0.05,-36.0,50,0,4,0,1,0,ENERGY_DEPLETED
3429,0.05,90.0,44,1,4,0,1,6,GOAL_REACHED
3430,0.05,-33.0,50,0,1,1,1,0,ENERGY_DEPLETED
3431,0.05,-36.0,50,0,4,0,1,0,ENERGY_DEPLETED
3432,0.05,69.0,48,1,6,1,1,2,GOAL_REACHED
3433,0.05,96.0,46,1,2,0,1,4,GOAL_REACHED
3434,0.05,88.0,46,1,4,0,1,4,GOAL_REACHED
3435,0.05,83.0,47,1,5,0,1,3,GOAL_REACHED
3436,0.05,-50.0,50,0,3,2,1,0,ENERGY_DEPLETED
3437,0.05,-56.0,50,0,9,0,1,0,ENERGY_DEPLETED
3438,0.05,94.0,48,1,2,0,1,2,GOAL_REACHED
3439,0.05,86.0,48,1,4,0,1,2,GOAL_REACHED
3440,0.05,90.0,44,1,4,0,1,6,GOAL_REACHED
3441,0.05,93.0,45,1,3,0,1,5,GOAL_REACHED
3442,0.05,-52.0,50,0,8,0,1,0,ENERGY_DEPLETED
3443,0.05,-36.0,50,0,4,0,1,0,ENERGY_DEPLETED
3444,0.05,-37.0,50,0,2,1,1,0,ENERGY_DEPLETED
3445,0.05,-52.0,50,0,8,0,1,0,ENERGY_DEPLETED
3446,0.05,83.0,47,1,5,0,1,3,GOAL_REACHED
3447,0.05,-45.0,50,0,4,1,1,0,ENERGY_DEPLETED
3448,0.05,-49.0,50,0,4,1,1,0,ENERGY_DEPLETED
3449,0.05,70.0,48,1,8,0,1,2,GOAL_REACHED
3450,0.05,76.0,50,1,6,0,1,0,GOAL_REACHED
3451,0.05,-32.0,50,0,3,0,1,0,ENERGY_DEPLETED
3452,0.05,83.0,47,1,5,0,1,3,GOAL_REACHED
3453,0.05,-40.0,50,0,4,0,1,0,ENERGY_DEPLETED
3454,0.05,84.0,50,1,4,0,1,0,GOAL_REACHED
3455,0.05,73.0,49,1,7,0,1,1,GOAL_REACHED
3456,0.05,98.0,44,1,2,0,1,6,GOAL_REACHED
3457,0.05,76.0,50,1,6,0,1,0,GOAL_REACHED
3458,0.05,97.0,49,1,1,0,1,1,GOAL_REACHED
3459,0.05,-48.0,50,0,7,0,1,0,ENERGY_DEPLETED
3460,0.05,-44.0,50,0,6,0,1,0,ENERGY_DEPLETED
3461,0.05,90.0,44,1,4,0,1,6,GOAL_REACHED
3462,0.05,102.0,48,1,0,0,1,2,GOAL_REACHED
3463,0.05,-32.0,50,0,3,0,1,0,ENERGY_DEPLETED
3464,0.05,88.0,46,1,4,0,1,4,GOAL_REACHED
3465,0.05,-36.0,50,0,4,0,1,0,ENERGY_DEPLETED
3466,0.05,84.0,50,1,4,0,1,0,GOAL_REACHED
3467,0.05,-40.0,50,0,5,0,1,0,ENERGY_DEPLETED
3468,0.05,89.0,49,1,3,0,1,1,GOAL_REACHED
3469,0.05,86.0,48,1,4,0,1,2,GOAL_REACHED
3470,0.05,82.0,47,1,3,1,1,3,GOAL_REACHED
3471,0.05,98.0,44,1,2,0,1,6,GOAL_REACHED
3472,0.05,98.0,44,1,2,0,1,6,GOAL_REACHED
3473,0.05,89.0,49,1,3,0,1,1,GOAL_REACHED
3474,0.05,106.0,44,1,0,0,1,6,GOAL_REACHED
3475,0.05,104.0,46,1,0,0,1,4,GOAL_REACHED
3476,0.05,-48.0,50,0,7,0,1,0,ENERGY_DEPLETED
3477,0.05,89.0,49,1,3,0,1,1,GOAL_REACHED
3478,0.05,-44.0,50,0,6,0,1,0,ENERGY_DEPLETED
3479,0.05,99.0,47,1,1,0,1,3,GOAL_REACHED
3480,0.05,83.0,47,1,5,0,1,3,GOAL_REACHED
3481,0.05,-42.0,50,0,1,2,1,0,ENERGY_DEPLETED
3482,0.05,96.0,46,1,2,0,1,4,GOAL_REACHED
3483,0.05,81.0,49,1,5,0,1,1,GOAL_REACHED
3484,0.05,85.0,48,1,2,1,1,2,GOAL_REACHED
3485,0.05,-24.0,50,0,1,0,1,0,ENERGY_DEPLETED
3486,0.05,-66.0,50,0,7,2,1,0,ENERGY_DEPLETED
3487,0.05,89.0,49,1,3,0,1,1,GOAL_REACHED
3488,0.05,88.0,46,1,4,0,1,4,GOAL_REACHED
3489,0.05,92.0,50,1,2,0,1,0,GOAL_REACHED
3490,0.05,-32.0,50,0,3,0,1,0,ENERGY_DEPLETED
3491,0.05,94.0,48,1,2,0,1,2,GOAL_REACHED
3492,0.05,87.0,46,1,2,1,1,4,GOAL_REACHED
3493,0.05,-40.0,50,0,5,0,1,0,ENERGY_DEPLETED
3494,0.05,78.0,48,1,6,0,1,2,GOAL_REACHED
3495,0.05,80.0,49,1,3,1,1,1,GOAL_REACHED
3496,0.05,91.0,47,1,3,0,1,3,GOAL_REACHED
3497,0.05,89.0,49,1,3,0,1,1,GOAL_REACHED
3498,0.05,92.0,50,1,2,0,1,0,GOAL_REACHED
3499,0.05,80.0,46,1,6,0,1,4,GOAL_REACHED
3500,0.05,77.0,48,1,4,1,1,2,GOAL_REACHED
3501,0.05,76.0,50,1,6,0,1,0,GOAL_REACHED
3502,0.05,-36.0,50,0,4,0,1,0,ENERGY_DEPLETED
3503,0.05,71.0,46,1,6,1,1,4,GOAL_REACHED
3504,0.05,-28.0,50,0,2,0,1,0,ENERGY_DEPLETED
3505,0.05,-24.0,50,0,1,0,1,0,ENERGY_DEPLETED
3506,0.05,82.0,47,1,3,1,1,3,GOAL_REACHED
3507,0.05,-40.0,50,0,5,0,1,0,ENERGY_DEPLETED
3508,0.05,96.0,46,1,2,0,1,4,GOAL_REACHED
3509,0.05,104.0,46,1,0,0,1,4,GOAL_REACHED
3510,0.05,-37.0,50,0,2,1,1,0,ENERGY_DEPLETED
3511,0.05,97.0,49,1,1,0,1,1,GOAL_REACHED
3512,0.05,-24.0,50,0,1,0,1,0,ENERGY_DEPLETED
3513,0.05,58.0,50,1,6,2,1,0,GOAL_REACHED
3514,0.05,-24.0,50,0,1,0,1,0,ENERGY_DEPLETED
3515,0.05,-36.0,50,0,4,0,1,0,ENERGY_DEPLETED
3516,0.05,-48.0,50,0,7,0,1,0,ENERGY_DEPLETED
3517,0.05,-48.0,50,0,7,0,1,0,ENERGY_DEPLETED
3518,0.05,80.0,46,1,6,0,1,4,GOAL_REACHED
3519,0.05,83.0,50,1,2,1,1,0,GOAL_REACHED
3520,0.05,96.0,46,1,2,0,1,4,GOAL_REACHED
3521,0.05,-40.0,50,0,5,0,1,0,ENERGY_DEPLETED
3522,0.05,91.0,47,1,3,0,1,3,GOAL_REACHED
3523,0.05,94.0,48,1,2,0,1,2,GOAL_REACHED
3524,0.05,98.0,44,1,2,0,1,6,GOAL_REACHED
3525,0.05,98.0,44,1,2,0,1,6,GOAL_REACHED
3526,0.05,88.0,46,1,4,0,1,4,GOAL_REACHED
3527,0.05,98.0,44,1,2,0,1,6,GOAL_REACHED
3528,0.05,-28.0,50,0,2,0,1,0,ENERGY_DEPLETED
3529,0.05,88.0,46,1,4,0,1,4,GOAL_REACHED
3530,0.05,-36.0,50,0,4,0,1,0,ENERGY_DEPLETED
3531,0.05,-58.0,50,0,5,2,1,0,ENERGY_DEPLETED
3532,0.05,88.0,46,1,4,0,1,4,GOAL_REACHED
3533,0.05,96.0,46,1,2,0,1,4,GOAL_REACHED
3534,0.05,-45.0,50,0,4,1,1,0,ENERGY_DEPLETED
3535,0.05,68.0,48,1,4,2,1,2,GOAL_REACHED
3536,0.05,-29.0,50,0,0,1,1,0,ENERGY_DEPLETED
3537,0.05,-28.0,50,0,2,0,1,0,ENERGY_DEPLETED
3538,0.05,-41.0,50,0,3,1,1,0,ENERGY_DEPLETED
3539,0.05,-32.0,50,0,3,0,1,0,ENERGY_DEPLETED
3540,0.05,-36.0,50,0,4,0,1,0,ENERGY_DEPLETED
3541,0.05,-32.0,50,0,3,0,1,0,ENERGY_DEPLETED
3542,0.05,82.0,44,1,6,0,1,6,GOAL_REACHED
3543,0.05,98.0,44,1,2,0,1,6,GOAL_REACHED
3544,0.05,91.0,47,1,3,0,1,3,GOAL_REACHED
3545,0.05,86.0,48,1,4,0,1,2,GOAL_REACHED
3546,0.05,91.0,47,1,3,0,1,3,GOAL_REACHED
3547,0.05,-56.0,50,0,9,0,1,0,ENERGY_DEPLETED
3548,0.05,-40.0,50,0,5,0,1,0,ENERGY_DEPLETED
3549,0.05,106.0,44,1,0,0,1,6,GOAL_REACHED
3550,0.05,91.0,47,1,3,0,1,3,GOAL_REACHED
3551,0.05,-28.0,50,0,2,0,1,0,ENERGY_DEPLETED
3552,0.05,-48.0,50,0,7,0,1,0,ENERGY_DEPLETED
3553,0.05,91.0,47,1,3,0,1,3,GOAL_REACHED
3554,0.05,96.0,46,1,2,0,1,4,GOAL_REACHED
3555,0.05,83.0,47,1,5,0,1,3,GOAL_REACHED
3556,0.05,78.0,48,1,6,0,1,2,GOAL_REACHED
3557,0.05,106.0,44,1,0,0,1,6,GOAL_REACHED
3558,0.05,86.0,48,1,4,0,1,2,GOAL_REACHED
3559,0.05,-40.0,50,0,5,0,1,0,ENERGY_DEPLETED
3560,0.05,93.0,45,1,3,0,1,5,GOAL_REACHED
3561,0.05,-32.0,50,0,2,0,1,0,ENERGY_DEPLETED
3562,0.05,96.0,46,1,2,0,1,4,GOAL_REACHED
3563,0.05,97.0,44,1,0,1,1,6,GOAL_REACHED
3564,0.05,96.0,46,1,2,0,1,4,GOAL_REACHED
3565,0.05,106.0,44,1,0,0,1,6,GOAL_REACHED
3566,0.05,86.0,48,1,4,0,1,2,GOAL_REACHED
3567,0.05,70.0,48,1,8,0,1,2,GOAL_REACHED
3568,0.05,75.0,47,1,7,0,1,3,GOAL_REACHED
3569,0.05,-28.0,50,0,2,0,1,0,ENERGY_DEPLETED
3570,0.05,-28.0,50,0,2,0,1,0,ENERGY_DEPLETED
3571,0.05,-36.0,50,0,4,0,1,0,ENERGY_DEPLETED
3572,0.05,-28.0,50,0,2,0,1,0,ENERGY_DEPLETED
3573,0.05,-37.0,50,0,2,1,1,0,ENERGY_DEPLETED
3574,0.05,-36.0,50,0,4,0,1,0,ENERGY_DEPLETED
3575,0.05,-36.0,50,0,4,0,1,0,ENERGY_DEPLETED
3576,0.05,76.0,50,1,6,0,1,0,GOAL_REACHED
3577,0.05,98.0,44,1,2,0,1,6,GOAL_REACHED
3578,0.05,94.0,48,1,2,0,1,2,GOAL_REACHED
3579,0.05,88.0,46,1,4,0,1,4,GOAL_REACHED
3580,0.05,-62.0,50,0,6,2,1,0,ENERGY_DEPLETED
3581,0.05,83.0,50,1,2,1,1,0,GOAL_REACHED
3582,0.05,106.0,44,1,0,0,1,6,GOAL_REACHED
3583,0.05,88.0,46,1,4,0,1,4,GOAL_REACHED
3584,0.05,99.0,47,1,1,0,1,3,GOAL_REACHED
3585,0.05,-20.0,50,0,0,0,1,0,ENERGY_DEPLETED
3586,0.05,-48.0,50,0,6,0,1,0,ENERGY_DEPLETED
3587,0.05,76.0,50,1,6,0,1,0,GOAL_REACHED
3588,0.05,81.0,49,1,5,0,1,1,GOAL_REACHED
3589,0.05,88.0,46,1,4,0,1,4,GOAL_REACHED
3590,0.05,-44.0,50,0,6,0,1,0,ENERGY_DEPLETED
3591,0.05,-32.0,50,0,3,0,1,0,ENERGY_DEPLETED
3592,0.05,-24.0,50,0,1,0,1,0,ENERGY_DEPLETED
3593,0.05,-32.0,50,0,3,0,1,0,ENERGY_DEPLETED
3594,0.05,91.0,47,1,3,0,1,3,GOAL_REACHED
3595,0.05,80.0,46,1,6,0,1,4,GOAL_REACHED
3596,0.05,96.0,46,1,2,0,1,4,GOAL_REACHED
3597,0.05,-48.0,50,0,6,0,1,0,ENERGY_DEPLETED
3598,0.05,90.0,44,1,4,0,1,6,GOAL_REACHED
3599,0.05,-32.0,50,0,3,0,1,0,ENERGY_DEPLETED
3600,0.05,-36.0,50,0,4,0,1,0,ENERGY_DEPLETED
3601,0.05,106.0,44,1,0,0,1,6,GOAL_REACHED
3602,0.05,98.0,44,1,2,0,1,6,GOAL_REACHED
3603,0.05,-40.0,50,0,4,0,1,0,ENERGY_DEPLETED
3604,0.05,-20.0,50,0,0,0,1,0,ENERGY_DEPLETED
3605,0.05,-45.0,50,0,4,1,1,0,ENERGY_DEPLETED
3606,0.05,-24.0,50,0,1,0,1,0,ENERGY_DEPLETED
3607,0.05,75.0,47,1,7,0,1,3,GOAL_REACHED
3608,0.05,-29.0,50,0,0,1,1,0,ENERGY_DEPLETED
3609,0.05,-28.0,50,0,2,0,1,0,ENERGY_DEPLETED
3610,0.05,-24.0,50,0,1,0,1,0,ENERGY_DEPLETED
3611,0.05,-28.0,50,0,2,0,1,0,ENERGY_DEPLETED
3612,0.05,93.0,45,1,3,0,1,5,GOAL_REACHED
3613,0.05,-28.0,50,0,2,0,1,0,ENERGY_DEPLETED
3614,0.05,99.0,47,1,1,0,1,3,GOAL_REACHED
3615,0.05,59.0,50,1,8,1,1,0,GOAL_REACHED
3616,0.05,88.0,46,1,4,0,1,4,GOAL_REACHED
3617,0.05,-37.0,50,0,2,1,1,0,ENERGY_DEPLETED
3618,0.05,-28.0,50,0,2,0,1,0,ENERGY_DEPLETED
3619,0.05,-24.0,50,0,1,0,1,0,ENERGY_DEPLETED
3620,0.05,84.0,50,1,4,0,1,0,GOAL_REACHED
3621,0.05,83.0,47,1,5,0,1,3,GOAL_REACHED
3622,0.05,81.0,49,1,5,0,1,1,GOAL_REACHED
3623,0.05,99.0,47,1,1,0,1,3,GOAL_REACHED
3624,0.05,70.0,48,1,8,0,1,2,GOAL_REACHED
3625,0.05,102.0,48,1,0,0,1,2,GOAL_REACHED
3626,0.05,92.0,50,1,2,0,1,0,GOAL_REACHED
3627,0.05,-24.0,50,0,1,0,1,0,ENERGY_DEPLETED
3628,0.05,81.0,49,1,5,0,1,1,GOAL_REACHED
3629,0.05,99.0,47,1,1,0,1,3,GOAL_REACHED
3630,0.05,78.0,48,1,6,0,1,2,GOAL_REACHED
3631,0.05,91.0,47,1,3,0,1,3,GOAL_REACHED
3632,0.05,81.0,49,1,5,0,1,1,GOAL_REACHED
3633,0.05,-52.0,50,0,8,0,1,0,ENERGY_DEPLETED
3634,0.05,88.0,49,1,1,1,1,1,GOAL_REACHED
3635,0.05,-28.0,50,0,2,0,1,0,ENERGY_DEPLETED
3636,0.05,-32.0,50,0,3,0,1,0,ENERGY_DEPLETED
3637,0.05,-52.0,50,0,8,0,1,0,ENERGY_DEPLETED
3638,0.05,-40.0,50,0,5,0,1,0,ENERGY_DEPLETED
3639,0.05,80.0,46,1,6,0,1,4,GOAL_REACHED
3640,0.05,65.0,49,1,9,0,1,1,GOAL_REACHED
3641,0.05,73.0,49,1,7,0,1,1,GOAL_REACHED
3642,0.05,84.0,50,1,4,0,1,0,GOAL_REACHED
3643,0.05,91.0,47,1,3,0,1,3,GOAL_REACHED
3644,0.05,83.0,47,1,5,0,1,3,GOAL_REACHED
3645,0.05,-53.0,50,0,6,1,1,0,ENERGY_DEPLETED
3646,0.05,-49.0,50,0,5,1,1,0,ENERGY_DEPLETED
3647,0.05,85.0,48,1,2,1,1,2,GOAL_REACHED
3648,0.05,79.0,49,1,1,2,1,1,GOAL_REACHED
3649,0.05,-28.0,50,0,2,0,1,0,ENERGY_DEPLETED
3650,0.05,-36.0,50,0,4,0,1,0,ENERGY_DEPLETED
3651,0.05,-40.0,50,0,5,0,1,0,ENERGY_DEPLETED
3652,0.05,104.0,46,1,0,0,1,4,GOAL_REACHED
3653,0.05,-32.0,50,0,3,0,1,0,ENERGY_DEPLETED
3654,0.05,96.0,46,1,2,0,1,4,GOAL_REACHED
3655,0.05,-40.0,50,0,4,0,1,0,ENERGY_DEPLETED
3656,0.05,96.0,46,1,2,0,1,4,GOAL_REACHED
3657,0.05,89.0,49,1,3,0,1,1,GOAL_REACHED
3658,0.05,-33.0,50,0,1,1,1,0,ENERGY_DEPLETED
3659,0.05,98.0,44,1,2,0,1,6,GOAL_REACHED
3660,0.05,-32.0,50,0,3,0,1,0,ENERGY_DEPLETED
3661,0.05,-40.0,50,0,5,0,1,0,ENERGY_DEPLETED
3662,0.05,-36.0,50,0,4,0,1,0,ENERGY_DEPLETED
3663,0.05,-41.0,50,0,3,1,1,0,ENERGY_DEPLETED
3664,0.05,90.0,44,1,4,0,1,6,GOAL_REACHED
3665,0.05,99.0,47,1,1,0,1,3,GOAL_REACHED
3666,0.05,81.0,49,1,5,0,1,1,GOAL_REACHED
3667,0.05,68.0,48,1,4,2,1,2,GOAL_REACHED
3668,0.05,98.0,44,1,2,0,1,6,GOAL_REACHED
3669,0.05,-48.0,50,0,7,0,1,0,ENERGY_DEPLETED
3670,0.05,88.0,46,1,4,0,1,4,GOAL_REACHED
3671,0.05,106.0,44,1,0,0,1,6,GOAL_REACHED
3672,0.05,-28.0,50,0,2,0,1,0,ENERGY_DEPLETED
3673,0.05,81.0,49,1,5,0,1,1,GOAL_REACHED
3674,0.05,96.0,46,1,2,0,1,4,GOAL_REACHED
3675,0.05,-36.0,50,0,4,0,1,0,ENERGY_DEPLETED
3676,0.05,-28.0,50,0,2,0,1,0,ENERGY_DEPLETED
3677,0.05,-37.0,50,0,2,1,1,0,ENERGY_DEPLETED
3678,0.05,84.0,50,1,4,0,1,0,GOAL_REACHED
3679,0.05,106.0,44,1,0,0,1,6,GOAL_REACHED
3680,0.05,94.0,48,1,2,0,1,2,GOAL_REACHED
3681,0.05,80.0,46,1,6,0,1,4,GOAL_REACHED
3682,0.05,83.0,50,1,2,1,1,0,GOAL_REACHED
3683,0.05,-37.0,50,0,2,1,1,0,ENERGY_DEPLETED
3684,0.05,90.0,44,1,4,0,1,6,GOAL_REACHED
3685,0.05,-40.0,50,0,5,0,1,0,ENERGY_DEPLETED
3686,0.05,84.0,50,1,4,0,1,0,GOAL_REACHED
3687,0.05,-33.0,50,0,1,1,1,0,ENERGY_DEPLETED
3688,0.05,88.0,46,1,4,0,1,4,GOAL_REACHED
3689,0.05,76.0,50,1,6,0,1,0,GOAL_REACHED
3690,0.05,71.0,46,1,6,1,1,4,GOAL_REACHED
3691,0.05,-52.0,50,0,8,0,1,0,ENERGY_DEPLETED
3692,0.05,-24.0,50,0,1,0,1,0,ENERGY_DEPLETED
3693,0.05,86.0,48,1,4,0,1,2,GOAL_REACHED
3694,0.05,99.0,47,1,1,0,1,3,GOAL_REACHED
3695,0.05,-32.0,50,0,3,0,1,0,ENERGY_DEPLETED
3696,0.05,-44.0,50,0,6,0,1,0,ENERGY_DEPLETED
3697,0.05,98.0,44,1,2,0,1,6,GOAL_REACHED
3698,0.05,93.0,45,1,3,0,1,5,GOAL_REACHED
3699,0.05,106.0,44,1,0,0,1,6,GOAL_REACHED
3700,0.05,88.0,46,1,4,0,1,4,GOAL_REACHED
3701,0.05,-28.0,50,0,2,0,1,0,ENERGY_DEPLETED
3702,0.05,75.0,47,1,7,0,1,3,GOAL_REACHED
3703,0.05,-40.0,50,0,5,0,1,0,ENERGY_DEPLETED
3704,0.05,96.0,46,1,2,0,1,4,GOAL_REACHED
3705,0.05,94.0,48,1,2,0,1,2,GOAL_REACHED
3706,0.05,-44.0,50,0,6,0,1,0,ENERGY_DEPLETED
3707,0.05,-20.0,50,0,0,0,1,0,ENERGY_DEPLETED
3708,0.05,-28.0,50,0,2,0,1,0,ENERGY_DEPLETED
3709,0.05,86.0,48,1,4,0,1,2,GOAL_REACHED
3710,0.05,98.0,44,1,2,0,1,6,GOAL_REACHED
3711,0.05,94.0,48,1,2,0,1,2,GOAL_REACHED
3712,0.05,98.0,44,1,2,0,1,6,GOAL_REACHED
3713,0.05,-37.0,50,0,2,1,1,0,ENERGY_DEPLETED
3714,0.05,-45.0,50,0,4,1,1,0,ENERGY_DEPLETED
3715,0.05,91.0,47,1,3,0,1,3,GOAL_REACHED
3716,0.05,-45.0,50,0,4,1,1,0,ENERGY_DEPLETED
3717,0.05,-48.0,50,0,7,0,1,0,ENERGY_DEPLETED
3718,0.05,100.0,50,1,0,0,1,0,GOAL_REACHED
3719,0.05,78.0,48,1,6,0,1,2,GOAL_REACHED
3720,0.05,-28.0,50,0,2,0,1,0,ENERGY_DEPLETED
3721,0.05,81.0,49,1,5,0,1,1,GOAL_REACHED
3722,0.05,83.0,47,1,5,0,1,3,GOAL_REACHED
3723,0.05,89.0,49,1,3,0,1,1,GOAL_REACHED
3724,0.05,-36.0,50,0,3,0,1,0,ENERGY_DEPLETED
3725,0.05,-32.0,50,0,3,0,1,0,ENERGY_DEPLETED
3726,0.05,-32.0,50,0,3,0,1,0,ENERGY_DEPLETED
3727,0.05,-24.0,50,0,1,0,1,0,ENERGY_DEPLETED
3728,0.05,-24.0,50,0,1,0,1,0,ENERGY_DEPLETED
3729,0.05,92.0,50,1,2,0,1,0,GOAL_REACHED
3730,0.05,-36.0,50,0,4,0,1,0,ENERGY_DEPLETED
3731,0.05,91.0,47,1,3,0,1,3,GOAL_REACHED
3732,0.05,-32.0,50,0,3,0,1,0,ENERGY_DEPLETED
3733,0.05,90.0,44,1,4,0,1,6,GOAL_REACHED
3734,0.05,88.0,46,1,4,0,1,4,GOAL_REACHED
3735,0.05,-28.0,50,0,2,0,1,0,ENERGY_DEPLETED
3736,0.05,96.0,46,1,2,0,1,4,GOAL_REACHED
3737,0.05,92.0,50,1,2,0,1,0,GOAL_REACHED
3738,0.05,-28.0,50,0,2,0,1,0,ENERGY_DEPLETED
3739,0.05,80.0,46,1,6,0,1,4,GOAL_REACHED
3740,0.05,75.0,50,1,4,1,1,0,GOAL_REACHED
3741,0.05,91.0,47,1,3,0,1,3,GOAL_REACHED
3742,0.05,-28.0,50,0,2,0,1,0,ENERGY_DEPLETED
3743,0.05,-41.0,50,0,3,1,1,0,ENERGY_DEPLETED
3744,0.05,80.0,49,1,3,1,1,1,GOAL_REACHED
3745,0.05,89.0,44,1,2,1,1,6,GOAL_REACHED
3746,0.05,-45.0,50,0,4,1,1,0,ENERGY_DEPLETED
3747,0.05,91.0,47,1,3,0,1,3,GOAL_REACHED
3748,0.05,-41.0,50,0,3,1,1,0,ENERGY_DEPLETED
3749,0.05,-48.0,50,0,6,0,1,0,ENERGY_DEPLETED
3750,0.05,-45.0,50,0,4,1,1,0,ENERGY_DEPLETED
3751,0.05,-36.0,50,0,4,0,1,0,ENERGY_DEPLETED
3752,0.05,-40.0,50,0,5,0,1,0,ENERGY_DEPLETED
3753,0.05,-46.0,50,0,2,2,1,0,ENERGY_DEPLETED
3754,0.05,99.0,47,1,1,0,1,3,GOAL_REACHED
3755,0.05,-50.0,50,0,3,2,1,0,ENERGY_DEPLETED
3756,0.05,-45.0,50,0,4,1,1,0,ENERGY_DEPLETED
3757,0.05,83.0,47,1,5,0,1,3,GOAL_REACHED
3758,0.05,-50.0,50,0,3,2,1,0,ENERGY_DEPLETED
3759,0.05,-40.0,50,0,4,0,1,0,ENERGY_DEPLETED
3760,0.05,86.0,48,1,4,0,1,2,GOAL_REACHED
3761,0.05,99.0,47,1,1,0,1,3,GOAL_REACHED
3762,0.05,-44.0,50,0,6,0,1,0,ENERGY_DEPLETED
3763,0.05,78.0,48,1,6,0,1,2,GOAL_REACHED
3764,0.05,78.0,48,1,6,0,1,2,GOAL_REACHED
3765,0.05,71.0,46,1,6,1,1,4,GOAL_REACHED
3766,0.05,-44.0,50,0,6,0,1,0,ENERGY_DEPLETED
3767,0.05,84.0,50,1,4,0,1,0,GOAL_REACHED
3768,0.05,81.0,47,1,1,2,1,3,GOAL_REACHED
3769,0.05,-49.0,50,0,5,1,1,0,ENERGY_DEPLETED
3770,0.05,89.0,49,1,3,0,1,1,GOAL_REACHED
3771,0.05,-28.0,50,0,2,0,1,0,ENERGY_DEPLETED
3772,0.05,87.0,46,1,2,1,1,4,GOAL_REACHED
3773,0.05,98.0,44,1,2,0,1,6,GOAL_REACHED
3774,0.05,83.0,47,1,5,0,1,3,GOAL_REACHED
3775,0.05,99.0,47,1,1,0,1,3,GOAL_REACHED
3776,0.05,-36.0,50,0,4,0,1,0,ENERGY_DEPLETED
3777,0.05,-57.0,50,0,6,1,1,0,ENERGY_DEPLETED
3778,0.05,-32.0,50,0,3,0,1,0,ENERGY_DEPLETED
3779,0.05,92.0,50,1,2,0,1,0,GOAL_REACHED
3780,0.05,84.0,50,1,4,0,1,0,GOAL_REACHED
3781,0.05,-36.0,50,0,4,0,1,0,ENERGY_DEPLETED
3782,0.05,-65.0,50,0,8,1,1,0,ENERGY_DEPLETED
3783,0.05,70.0,48,1,8,0,1,2,GOAL_REACHED
3784,0.05,90.0,44,1,4,0,1,6,GOAL_REACHED
3785,0.05,91.0,47,1,3,0,1,3,GOAL_REACHED
3786,0.05,96.0,46,1,2,0,1,4,GOAL_REACHED
3787,0.05,-48.0,50,0,6,0,1,0,ENERGY_DEPLETED
3788,0.05,102.0,48,1,0,0,1,2,GOAL_REACHED
3789,0.05,-36.0,50,0,4,0,1,0,ENERGY_DEPLETED
3790,0.05,-40.0,50,0,5,0,1,0,ENERGY_DEPLETED
3791,0.05,-41.0,50,0,3,1,1,0,ENERGY_DEPLETED
3792,0.05,99.0,47,1,1,0,1,3,GOAL_REACHED
3793,0.05,83.0,47,1,5,0,1,3,GOAL_REACHED
3794,0.05,75.0,50,1,4,1,1,0,GOAL_REACHED
3795,0.05,-45.0,50,0,3,1,1,0,ENERGY_DEPLETED
3796,0.05,-44.0,50,0,5,0,1,0,ENERGY_DEPLETED
3797,0.05,-48.0,50,0,7,0,1,0,ENERGY_DEPLETED
3798,0.05,-36.0,50,0,4,0,1,0,ENERGY_DEPLETED
3799,0.05,100.0,50,1,0,0,1,0,GOAL_REACHED
3800,0.05,96.0,46,1,2,0,1,4,GOAL_REACHED
3801,0.05,102.0,48,1,0,0,1,2,GOAL_REACHED
3802,0.05,-40.0,50,0,4,0,1,0,ENERGY_DEPLETED
3803,0.05,80.0,46,1,6,0,1,4,GOAL_REACHED
3804,0.05,81.0,49,1,5,0,1,1,GOAL_REACHED
3805,0.05,91.0,47,1,3,0,1,3,GOAL_REACHED
3806,0.05,91.0,47,1,3,0,1,3,GOAL_REACHED
3807,0.05,89.0,49,1,3,0,1,1,GOAL_REACHED
3808,0.05,98.0,44,1,2,0,1,6,GOAL_REACHED
3809,0.05,78.0,48,1,6,0,1,2,GOAL_REACHED
3810,0.05,-24.0,50,0,1,0,1,0,ENERGY_DEPLETED
3811,0.05,72.0,49,1,5,1,1,1,GOAL_REACHED
3812,0.05,-36.0,50,0,4,0,1,0,ENERGY_DEPLETED
3813,0.05,97.0,44,1,0,1,1,6,GOAL_REACHED
3814,0.05,-24.0,50,0,1,0,1,0,ENERGY_DEPLETED
3815,0.05,-54.0,50,0,4,2,1,0,ENERGY_DEPLETED
3816,0.05,88.0,46,1,4,0,1,4,GOAL_REACHED
3817,0.05,-55.0,50,0,2,3,1,0,ENERGY_DEPLETED
3818,0.05,92.0,50,1,2,0,1,0,GOAL_REACHED
3819,0.05,76.0,50,1,6,0,1,0,GOAL_REACHED
3820,0.05,-44.0,50,0,6,0,1,0,ENERGY_DEPLETED
3821,0.05,92.0,50,1,2,0,1,0,GOAL_REACHED
3822,0.05,83.0,47,1,5,0,1,3,GOAL_REACHED
3823,0.05,-52.0,50,0,7,0,1,0,ENERGY_DEPLETED
3824,0.05,99.0,47,1,1,0,1,3,GOAL_REACHED
3825,0.05,73.0,49,1,7,0,1,1,GOAL_REACHED
3826,0.05,-41.0,50,0,3,1,1,0,ENERGY_DEPLETED
3827,0.05,94.0,48,1,2,0,1,2,GOAL_REACHED
3828,0.05,-40.0,50,0,5,0,1,0,ENERGY_DEPLETED
3829,0.05,-36.0,50,0,4,0,1,0,ENERGY_DEPLETED
3830,0.05,92.0,50,1,2,0,1,0,GOAL_REACHED
3831,0.05,94.0,48,1,2,0,1,2,GOAL_REACHED
3832,0.05,100.0,50,1,0,0,1,0,GOAL_REACHED
3833,0.05,82.0,47,1,3,1,1,3,GOAL_REACHED
3834,0.05,80.0,49,1,3,1,1,1,GOAL_REACHED
3835,0.05,90.0,44,1,4,0,1,6,GOAL_REACHED
3836,0.05,78.0,48,1,6,0,1,2,GOAL_REACHED
3837,0.05,92.0,50,1,2,0,1,0,GOAL_REACHED
3838,0.05,84.0,50,1,4,0,1,0,GOAL_REACHED
3839,0.05,89.0,49,1,3,0,1,1,GOAL_REACHED
3840,0.05,94.0,48,1,2,0,1,2,GOAL_REACHED
3841,0.05,-40.0,50,0,5,0,1,0,ENERGY_DEPLETED
3842,0.05,-52.0,50,0,8,0,1,0,ENERGY_DEPLETED
3843,0.05,-37.0,50,0,2,1,1,0,ENERGY_DEPLETED
3844,0.05,86.0,48,1,4,0,1,2,GOAL_REACHED
3845,0.05,-37.0,50,0,2,1,1,0,ENERGY_DEPLETED
3846,0.05,-32.0,50,0,3,0,1,0,ENERGY_DEPLETED
3847,0.05,80.0,46,1,6,0,1,4,GOAL_REACHED
3848,0.05,-36.0,50,0,4,0,1,0,ENERGY_DEPLETED
3849,0.05,-32.0,50,0,3,0,1,0,ENERGY_DEPLETED
3850,0.05,-40.0,50,0,5,0,1,0,ENERGY_DEPLETED
3851,0.05,68.0,50,1,8,0,1,0,GOAL_REACHED
3852,0.05,-40.0,50,0,5,0,1,0,ENERGY_DEPLETED
3853,0.05,98.0,44,1,2,0,1,6,GOAL_REACHED
3854,0.05,89.0,44,1,2,1,1,6,GOAL_REACHED
3855,0.05,-24.0,50,0,1,0,1,0,ENERGY_DEPLETED
3856,0.05,83.0,47,1,5,0,1,3,GOAL_REACHED
3857,0.05,92.0,50,1,2,0,1,0,GOAL_REACHED
3858,0.05,-28.0,50,0,2,0,1,0,ENERGY_DEPLETED
3859,0.05,-28.0,50,0,1,0,1,0,ENERGY_DEPLETED
3860,0.05,-40.0,50,0,4,0,1,0,ENERGY_DEPLETED
3861,0.05,92.0,50,1,2,0,1,0,GOAL_REACHED
3862,0.05,88.0,46,1,4,0,1,4,GOAL_REACHED
3863,0.05,-32.0,50,0,3,0,1,0,ENERGY_DEPLETED
3864,0.05,-58.0,50,0,5,2,1,0,ENERGY_DEPLETED
3865,0.05,89.0,49,1,3,0,1,1,GOAL_REACHED
3866,0.05,-52.0,50,0,8,0,1,0,ENERGY_DEPLETED
3867,0.05,-48.0,50,0,7,0,1,0,ENERGY_DEPLETED
3868,0.05,89.0,49,1,3,0,1,1,GOAL_REACHED
3869,0.05,-36.0,50,0,4,0,1,0,ENERGY_DEPLETED
3870,0.05,97.0,49,1,1,0,1,1,GOAL_REACHED
3871,0.05,106.0,44,1,0,0,1,6,GOAL_REACHED
3872,0.05,-48.0,50,0,7,0,1,0,ENERGY_DEPLETED
3873,0.05,80.0,46,1,6,0,1,4,GOAL_REACHED
3874,0.05,79.0,46,1,4,1,1,4,GOAL_REACHED
3875,0.05,-45.0,50,0,4,1,1,0,ENERGY_DEPLETED
3876,0.05,92.0,50,1,2,0,1,0,GOAL_REACHED
3877,0.05,88.0,46,1,4,0,1,4,GOAL_REACHED
3878,0.05,-36.0,50,0,4,0,1,0,ENERGY_DEPLETED
3879,0.05,93.0,45,1,3,0,1,5,GOAL_REACHED
3880,0.05,-57.0,50,0,7,1,1,0,ENERGY_DEPLETED
3881,0.05,-32.0,50,0,3,0,1,0,ENERGY_DEPLETED
3882,0.05,90.0,44,1,4,0,1,6,GOAL_REACHED
3883,0.05,76.0,50,1,6,0,1,0,GOAL_REACHED
3884,0.05,86.0,48,1,4,0,1,2,GOAL_REACHED
3885,0.05,-20.0,50,0,0,0,1,0,ENERGY_DEPLETED
3886,0.05,59.0,50,1,8,1,1,0,GOAL_REACHED
3887,0.05,-48.0,50,0,7,0,1,0,ENERGY_DEPLETED
3888,0.05,94.0,48,1,2,0,1,2,GOAL_REACHED
3889,0.05,-28.0,50,0,2,0,1,0,ENERGY_DEPLETED
3890,0.05,83.0,47,1,5,0,1,3,GOAL_REACHED
3891,0.05,91.0,47,1,3,0,1,3,GOAL_REACHED
3892,0.05,89.0,49,1,3,0,1,1,GOAL_REACHED
3893,0.05,82.0,47,1,3,1,1,3,GOAL_REACHED
3894,0.05,92.0,50,1,2,0,1,0,GOAL_REACHED
3895,0.05,88.0,46,1,4,0,1,4,GOAL_REACHED
3896,0.05,-36.0,50,0,4,0,1,0,ENERGY_DEPLETED
3897,0.05,-32.0,50,0,3,0,1,0,ENERGY_DEPLETED
3898,0.05,83.0,47,1,5,0,1,3,GOAL_REACHED
3899,0.05,-40.0,50,0,5,0,1,0,ENERGY_DEPLETED
3900,0.05,88.0,49,1,1,1,1,1,GOAL_REACHED
3901,0.05,72.0,49,1,5,1,1,1,GOAL_REACHED
3902,0.05,89.0,49,1,3,0,1,1,GOAL_REACHED
3903,0.05,87.0,46,1,2,1,1,4,GOAL_REACHED
3904,0.05,76.0,50,1,6,0,1,0,GOAL_REACHED
3905,0.05,92.0,50,1,2,0,1,0,GOAL_REACHED
3906,0.05,92.0,50,1,2,0,1,0,GOAL_REACHED
3907,0.05,-36.0,50,0,4,0,1,0,ENERGY_DEPLETED
3908,0.05,93.0,48,1,0,1,1,2,GOAL_REACHED
3909,0.05,75.0,50,1,4,1,1,0,GOAL_REACHED
3910,0.05,-32.0,50,0,2,0,1,0,ENERGY_DEPLETED
3911,0.05,-40.0,50,0,5,0,1,0,ENERGY_DEPLETED
3912,0.05,91.0,47,1,3,0,1,3,GOAL_REACHED
3913,0.05,66.0,50,1,4,2,1,0,GOAL_REACHED
3914,0.05,89.0,49,1,3,0,1,1,GOAL_REACHED
3915,0.05,78.0,48,1,6,0,1,2,GOAL_REACHED
3916,0.05,-40.0,50,0,5,0,1,0,ENERGY_DEPLETED
3917,0.05,88.0,46,1,4,0,1,4,GOAL_REACHED
3918,0.05,98.0,44,1,2,0,1,6,GOAL_REACHED
3919,0.05,-36.0,50,0,4,0,1,0,ENERGY_DEPLETED
3920,0.05,97.0,49,1,1,0,1,1,GOAL_REACHED
3921,0.05,96.0,46,1,2,0,1,4,GOAL_REACHED
3922,0.05,93.0,48,1,0,1,1,2,GOAL_REACHED
3923,0.05,-62.0,50,0,6,2,1,0,ENERGY_DEPLETED
3924,0.05,78.0,48,1,6,0,1,2,GOAL_REACHED
3925,0.05,86.0,48,1,4,0,1,2,GOAL_REACHED
3926,0.05,-32.0,50,0,3,0,1,0,ENERGY_DEPLETED
3927,0.05,-32.0,50,0,3,0,1,0,ENERGY_DEPLETED
3928,0.05,96.0,46,1,2,0,1,4,GOAL_REACHED
3929,0.05,-40.0,50,0,5,0,1,0,ENERGY_DEPLETED
3930,0.05,82.0,44,1,6,0,1,6,GOAL_REACHED
3931,0.05,-24.0,50,0,1,0,1,0,ENERGY_DEPLETED
3932,0.05,76.0,50,1,6,0,1,0,GOAL_REACHED
3933,0.05,98.0,44,1,2,0,1,6,GOAL_REACHED
3934,0.05,-32.0,50,0,3,0,1,0,ENERGY_DEPLETED
3935,0.05,-32.0,50,0,3,0,1,0,ENERGY_DEPLETED
3936,0.05,104.0,46,1,0,0,1,4,GOAL_REACHED
3937,0.05,-33.0,50,0,1,1,1,0,ENERGY_DEPLETED
3938,0.05,67.0,47,1,9,0,1,3,GOAL_REACHED
3939,0.05,82.0,44,1,6,0,1,6,GOAL_REACHED
3940,0.05,-44.0,50,0,6,0,1,0,ENERGY_DEPLETED
3941,0.05,-33.0,50,0,1,1,1,0,ENERGY_DEPLETED
3942,0.05,86.0,48,1,4,0,1,2,GOAL_REACHED
3943,0.05,-44.0,50,0,6,0,1,0,ENERGY_DEPLETED
3944,0.05,67.0,50,1,6,1,1,0,GOAL_REACHED
3945,0.05,89.0,49,1,3,0,1,1,GOAL_REACHED
3946,0.05,-44.0,50,0,6,0,1,0,ENERGY_DEPLETED
3947,0.05,-41.0,50,0,3,1,1,0,ENERGY_DEPLETED
3948,0.05,-24.0,50,0,1,0,1,0,ENERGY_DEPLETED
3949,0.05,-24.0,50,0,1,0,1,0,ENERGY_DEPLETED
3950,0.05,-41.0,50,0,2,1,1,0,ENERGY_DEPLETED
3951,0.05,-28.0,50,0,1,0,1,0,ENERGY_DEPLETED
3952,0.05,86.0,48,1,4,0,1,2,GOAL_REACHED
3953,0.05,78.0,48,1,6,0,1,2,GOAL_REACHED
3954,0.05,93.0,48,1,0,1,1,2,GOAL_REACHED
3955,0.05,-40.0,50,0,5,0,1,0,ENERGY_DEPLETED
3956,0.05,96.0,46,1,2,0,1,4,GOAL_REACHED
3957,0.05,84.0,50,1,4,0,1,0,GOAL_REACHED
3958,0.05,86.0,48,1,4,0,1,2,GOAL_REACHED
3959,0.05,84.0,50,1,4,0,1,0,GOAL_REACHED
3960,0.05,94.0,48,1,2,0,1,2,GOAL_REACHED
3961,0.05,83.0,47,1,5,0,1,3,GOAL_REACHED
3962,0.05,75.0,50,1,4,1,1,0,GOAL_REACHED
3963,0.05,88.0,49,1,1,1,1,1,GOAL_REACHED
3964,0.05,98.0,44,1,2,0,1,6,GOAL_REACHED
3965,0.05,86.0,48,1,4,0,1,2,GOAL_REACHED
3966,0.05,96.0,46,1,2,0,1,4,GOAL_REACHED
3967,0.05,92.0,50,1,2,0,1,0,GOAL_REACHED
3968,0.05,72.0,49,1,5,1,1,1,GOAL_REACHED
3969,0.05,90.0,47,1,1,1,1,3,GOAL_REACHED
3970,0.05,-36.0,50,0,4,0,1,0,ENERGY_DEPLETED
3971,0.05,91.0,47,1,3,0,1,3,GOAL_REACHED
3972,0.05,92.0,50,1,2,0,1,0,GOAL_REACHED
3973,0.05,-36.0,50,0,4,0,1,0,ENERGY_DEPLETED
3974,0.05,75.0,50,1,4,1,1,0,GOAL_REACHED
3975,0.05,104.0,46,1,0,0,1,4,GOAL_REACHED
3976,0.05,-28.0,50,0,2,0,1,0,ENERGY_DEPLETED
3977,0.05,-28.0,50,0,2,0,1,0,ENERGY_DEPLETED
3978,0.05,76.0,50,1,6,0,1,0,GOAL_REACHED
3979,0.05,-32.0,50,0,3,0,1,0,ENERGY_DEPLETED
3980,0.05,-28.0,50,0,2,0,1,0,ENERGY_DEPLETED
3981,0.05,98.0,44,1,2,0,1,6,GOAL_REACHED
3982,0.05,88.0,46,1,4,0,1,4,GOAL_REACHED
3983,0.05,98.0,44,1,2,0,1,6,GOAL_REACHED
3984,0.05,-36.0,50,0,4,0,1,0,ENERGY_DEPLETED
3985,0.05,74.0,47,1,5,1,1,3,GOAL_REACHED
3986,0.05,84.0,50,1,4,0,1,0,GOAL_REACHED
3987,0.05,81.0,49,1,5,0,1,1,GOAL_REACHED
3988,0.05,76.0,50,1,6,0,1,0,GOAL_REACHED
3989,0.05,-20.0,50,0,0,0,1,0,ENERGY_DEPLETED
3990,0.05,78.0,48,1,6,0,1,2,GOAL_REACHED
3991,0.05,91.0,47,1,3,0,1,3,GOAL_REACHED
3992,0.05,91.0,47,1,3,0,1,3,GOAL_REACHED
3993,0.05,-57.0,50,0,7,1,1,0,ENERGY_DEPLETED
3994,0.05,85.0,45,1,5,0,1,5,GOAL_REACHED
3995,0.05,72.0,46,1,8,0,1,4,GOAL_REACHED
3996,0.05,-49.0,50,0,5,1,1,0,ENERGY_DEPLETED
3997,0.05,-40.0,50,0,4,0,1,0,ENERGY_DEPLETED
3998,0.05,97.0,49,1,1,0,1,1,GOAL_REACHED
3999,0.05,67.0,50,1,6,1,1,0,GOAL_REACHED
4000,0.05,-32.0,50,0,3,0,1,0,ENERGY_DEPLETED
4001,0.05,-53.0,50,0,6,1,1,0,ENERGY_DEPLETED
4002,0.05,-32.0,50,0,3,0,1,0,ENERGY_DEPLETED
4003,0.05,-32.0,50,0,3,0,1,0,ENERGY_DEPLETED
4004,0.05,-48.0,50,0,7,0,1,0,ENERGY_DEPLETED
4005,0.05,-32.0,50,0,3,0,1,0,ENERGY_DEPLETED
4006,0.05,77.0,48,1,4,1,1,2,GOAL_REACHED
4007,0.05,96.0,46,1,2,0,1,4,GOAL_REACHED
4008,0.05,86.0,48,1,4,0,1,2,GOAL_REACHED
4009,0.05,96.0,46,1,2,0,1,4,GOAL_REACHED
4010,0.05,91.0,47,1,3,0,1,3,GOAL_REACHED
4011,0.05,-48.0,50,0,6,0,1,0,ENERGY_DEPLETED
4012,0.05,98.0,44,1,2,0,1,6,GOAL_REACHED
4013,0.05,-24.0,50,0,1,0,1,0,ENERGY_DEPLETED
4014,0.05,80.0,46,1,6,0,1,4,GOAL_REACHED
4015,0.05,84.0,50,1,4,0,1,0,GOAL_REACHED
4016,0.05,86.0,48,1,4,0,1,2,GOAL_REACHED
4017,0.05,92.0,50,1,2,0,1,0,GOAL_REACHED
4018,0.05,84.0,50,1,4,0,1,0,GOAL_REACHED
4019,0.05,94.0,48,1,2,0,1,2,GOAL_REACHED
4020,0.05,-45.0,50,0,4,1,1,0,ENERGY_DEPLETED
4021,0.05,98.0,44,1,2,0,1,6,GOAL_REACHED
4022,0.05,-28.0,50,0,2,0,1,0,ENERGY_DEPLETED
4023,0.05,-32.0,50,0,3,0,1,0,ENERGY_DEPLETED
4024,0.05,93.0,48,1,0,1,1,2,GOAL_REACHED
4025,0.05,100.0,50,1,0,0,1,0,GOAL_REACHED
4026,0.05,96.0,46,1,2,0,1,4,GOAL_REACHED
4027,0.05,-44.0,50,0,6,0,1,0,ENERGY_DEPLETED
4028,0.05,-28.0,50,0,1,0,1,0,ENERGY_DEPLETED
4029,0.05,-32.0,50,0,3,0,1,0,ENERGY_DEPLETED
4030,0.05,96.0,46,1,2,0,1,4,GOAL_REACHED
4031,0.05,-28.0,50,0,2,0,1,0,ENERGY_DEPLETED
4032,0.05,-68.0,50,0,12,0,1,0,ENERGY_DEPLETED
4033,0.05,-32.0,50,0,3,0,1,0,ENERGY_DEPLETED
4034,0.05,97.0,49,1,1,0,1,1,GOAL_REACHED
4035,0.05,-49.0,50,0,4,1,1,0,ENERGY_DEPLETED
4036,0.05,-24.0,50,0,1,0,1,0,ENERGY_DEPLETED
4037,0.05,84.0,50,1,4,0,1,0,GOAL_REACHED
4038,0.05,-36.0,50,0,4,0,1,0,ENERGY_DEPLETED
4039,0.05,82.0,47,1,3,1,1,3,GOAL_REACHED
4040,0.05,-40.0,50,0,5,0,1,0,ENERGY_DEPLETED
4041,0.05,91.0,47,1,3,0,1,3,GOAL_REACHED
4042,0.05,96.0,46,1,2,0,1,4,GOAL_REACHED
4043,0.05,96.0,46,1,2,0,1,4,GOAL_REACHED
4044,0.05,90.0,44,1,4,0,1,6,GOAL_REACHED
4045,0.05,-37.0,50,0,2,1,1,0,ENERGY_DEPLETED
4046,0.05,85.0,48,1,2,1,1,2,GOAL_REACHED
4047,0.05,-49.0,50,0,5,1,1,0,ENERGY_DEPLETED
4048,0.05,84.0,50,1,4,0,1,0,GOAL_REACHED
4049,0.05,98.0,44,1,2,0,1,6,GOAL_REACHED
4050,0.05,-36.0,50,0,4,0,1,0,ENERGY_DEPLETED
4051,0.05,91.0,47,1,3,0,1,3,GOAL_REACHED
4052,0.05,-49.0,50,0,5,1,1,0,ENERGY_DEPLETED
4053,0.05,80.0,46,1,6,0,1,4,GOAL_REACHED
4054,0.05,94.0,48,1,2,0,1,2,GOAL_REACHED
4055,0.05,-37.0,50,0,2,1,1,0,ENERGY_DEPLETED
4056,0.05,-53.0,50,0,6,1,1,0,ENERGY_DEPLETED
4057,0.05,86.0,48,1,4,0,1,2,GOAL_REACHED
4058,0.05,76.0,50,1,6,0,1,0,GOAL_REACHED
4059,0.05,89.0,49,1,3,0,1,1,GOAL_REACHED
4060,0.05,91.0,47,1,3,0,1,3,GOAL_REACHED
4061,0.05,-32.0,50,0,3,0,1,0,ENERGY_DEPLETED
4062,0.05,-28.0,50,0,2,0,1,0,ENERGY_DEPLETED
4063,0.05,78.0,48,1,6,0,1,2,GOAL_REACHED
4064,0.05,98.0,44,1,2,0,1,6,GOAL_REACHED
4065,0.05,-28.0,50,0,2,0,1,0,ENERGY_DEPLETED
4066,0.05,92.0,50,1,2,0,1,0,GOAL_REACHED
4067,0.05,89.0,49,1,3,0,1,1,GOAL_REACHED
4068,0.05,-40.0,50,0,4,0,1,0,ENERGY_DEPLETED
4069,0.05,84.0,50,1,4,0,1,0,GOAL_REACHED
4070,0.05,98.0,44,1,2,0,1,6,GOAL_REACHED
4071,0.05,92.0,50,1,2,0,1,0,GOAL_REACHED
4072,0.05,-24.0,50,0,1,0,1,0,ENERGY_DEPLETED
4073,0.05,90.0,44,1,4,0,1,6,GOAL_REACHED
4074,0.05,94.0,48,1,2,0,1,2,GOAL_REACHED
4075,0.05,71.0,49,1,3,2,1,1,GOAL_REACHED
4076,0.05,-36.0,50,0,4,0,1,0,ENERGY_DEPLETED
4077,0.05,-44.0,50,0,6,0,1,0,ENERGY_DEPLETED
4078,0.05,83.0,50,1,2,1,1,0,GOAL_REACHED
4079,0.05,76.0,50,1,6,0,1,0,GOAL_REACHED
4080,0.05,-32.0,50,0,3,0,1,0,ENERGY_DEPLETED
4081,0.05,85.0,48,1,2,1,1,2,GOAL_REACHED
4082,0.05,98.0,44,1,2,0,1,6,GOAL_REACHED
4083,0.05,-52.0,50,0,8,0,1,0,ENERGY_DEPLETED
4084,0.05,-28.0,50,0,2,0,1,0,ENERGY_DEPLETED
4085,0.05,-32.0,50,0,3,0,1,0,ENERGY_DEPLETED
4086,0.05,91.0,47,1,3,0,1,3,GOAL_REACHED
4087,0.05,-28.0,50,0,2,0,1,0,ENERGY_DEPLETED
4088,0.05,96.0,46,1,2,0,1,4,GOAL_REACHED
4089,0.05,-48.0,50,0,6,0,1,0,ENERGY_DEPLETED
4090,0.05,86.0,48,1,4,0,1,2,GOAL_REACHED
4091,0.05,90.0,44,1,4,0,1,6,GOAL_REACHED
4092,0.05,73.0,49,1,7,0,1,1,GOAL_REACHED
4093,0.05,84.0,50,1,4,0,1,0,GOAL_REACHED
4094,0.05,-41.0,50,0,3,1,1,0,ENERGY_DEPLETED
4095,0.05,-32.0,50,0,3,0,1,0,ENERGY_DEPLETED
4096,0.05,94.0,48,1,2,0,1,2,GOAL_REACHED
4097,0.05,78.0,48,1,6,0,1,2,GOAL_REACHED
4098,0.05,98.0,44,1,2,0,1,6,GOAL_REACHED
4099,0.05,72.0,46,1,8,0,1,4,GOAL_REACHED
4100,0.05,-36.0,50,0,4,0,1,0,ENERGY_DEPLETED
4101,0.05,90.0,44,1,4,0,1,6,GOAL_REACHED
4102,0.05,84.0,50,1,4,0,1,0,GOAL_REACHED
4103,0.05,76.0,50,1,6,0,1,0,GOAL_REACHED
4104,0.05,94.0,48,1,2,0,1,2,GOAL_REACHED
4105,0.05,92.0,50,1,2,0,1,0,GOAL_REACHED
4106,0.05,83.0,47,1,5,0,1,3,GOAL_REACHED
4107,0.05,83.0,47,1,5,0,1,3,GOAL_REACHED
4108,0.05,88.0,49,1,1,1,1,1,GOAL_REACHED
4109,0.05,91.0,47,1,3,0,1,3,GOAL_REACHED
4110,0.05,-24.0,50,0,1,0,1,0,ENERGY_DEPLETED
4111,0.05,-40.0,50,0,4,0,1,0,ENERGY_DEPLETED
4112,0.05,83.0,47,1,5,0,1,3,GOAL_REACHED
4113,0.05,83.0,47,1,5,0,1,3,GOAL_REACHED
4114,0.05,79.0,46,1,4,1,1,4,GOAL_REACHED
4115,0.05,88.0,46,1,4,0,1,4,GOAL_REACHED
4116,0.05,102.0,48,1,0,0,1,2,GOAL_REACHED
4117,0.05,96.0,46,1,2,0,1,4,GOAL_REACHED
4118,0.05,-28.0,50,0,2,0,1,0,ENERGY_DEPLETED
4119,0.05,-41.0,50,0,2,1,1,0,ENERGY_DEPLETED
4120,0.05,102.0,48,1,0,0,1,2,GOAL_REACHED
4121,0.05,89.0,49,1,3,0,1,1,GOAL_REACHED
4122,0.05,89.0,49,1,3,0,1,1,GOAL_REACHED
4123,0.05,88.0,46,1,4,0,1,4,GOAL_REACHED
4124,0.05,-36.0,50,0,4,0,1,0,ENERGY_DEPLETED
4125,0.05,-36.0,50,0,4,0,1,0,ENERGY_DEPLETED
4126,0.05,92.0,50,1,2,0,1,0,GOAL_REACHED
4127,0.05,-32.0,50,0,3,0,1,0,ENERGY_DEPLETED
4128,0.05,84.0,50,1,4,0,1,0,GOAL_REACHED
4129,0.05,99.0,47,1,1,0,1,3,GOAL_REACHED
4130,0.05,89.0,49,1,3,0,1,1,GOAL_REACHED
4131,0.05,-44.0,50,0,6,0,1,0,ENERGY_DEPLETED
4132,0.05,88.0,46,1,4,0,1,4,GOAL_REACHED
4133,0.05,88.0,46,1,4,0,1,4,GOAL_REACHED
4134,0.05,75.0,50,1,4,1,1,0,GOAL_REACHED
4135,0.05,83.0,47,1,5,0,1,3,GOAL_REACHED
4136,0.05,102.0,48,1,0,0,1,2,GOAL_REACHED
4137,0.05,-20.0,50,0,0,0,1,0,ENERGY_DEPLETED
4138,0.05,75.0,50,1,4,1,1,0,GOAL_REACHED
4139,0.05,75.0,47,1,7,0,1,3,GOAL_REACHED
4140,0.05,81.0,49,1,5,0,1,1,GOAL_REACHED
4141,0.05,-36.0,50,0,4,0,1,0,ENERGY_DEPLETED
4142,0.05,-53.0,50,0,6,1,1,0,ENERGY_DEPLETED
4143,0.05,70.0,48,1,8,0,1,2,GOAL_REACHED
4144,0.05,78.0,48,1,6,0,1,2,GOAL_REACHED
4145,0.05,-40.0,50,0,4,0,1,0,ENERGY_DEPLETED
4146,0.05,-40.0,50,0,5,0,1,0,ENERGY_DEPLETED
4147,0.05,71.0,49,1,3,2,1,1,GOAL_REACHED
4148,0.05,94.0,48,1,2,0,1,2,GOAL_REACHED
4149,0.05,94.0,48,1,2,0,1,2,GOAL_REACHED
4150,0.05,73.0,49,1,7,0,1,1,GOAL_REACHED
4151,0.05,76.0,50,1,6,0,1,0,GOAL_REACHED
4152,0.05,-33.0,50,0,1,1,1,0,ENERGY_DEPLETED
4153,0.05,88.0,46,1,4,0,1,4,GOAL_REACHED
4154,0.05,104.0,46,1,0,0,1,4,GOAL_REACHED
4155,0.05,83.0,47,1,5,0,1,3,GOAL_REACHED
4156,0.05,89.0,49,1,3,0,1,1,GOAL_REACHED
4157,0.05,89.0,49,1,3,0,1,1,GOAL_REACHED
4158,0.05,-36.0,50,0,4,0,1,0,ENERGY_DEPLETED
4159,0.05,-36.0,50,0,4,0,1,0,ENERGY_DEPLETED
4160,0.05,-53.0,50,0,6,1,1,0,ENERGY_DEPLETED
4161,0.05,-36.0,50,0,4,0,1,0,ENERGY_DEPLETED
4162,0.05,94.0,48,1,2,0,1,2,GOAL_REACHED
4163,0.05,-32.0,50,0,3,0,1,0,ENERGY_DEPLETED
4164,0.05,86.0,48,1,4,0,1,2,GOAL_REACHED
4165,0.05,78.0,48,1,6,0,1,2,GOAL_REACHED
4166,0.05,-32.0,50,0,3,0,1,0,ENERGY_DEPLETED
4167,0.05,78.0,48,1,6,0,1,2,GOAL_REACHED
4168,0.05,81.0,49,1,5,0,1,1,GOAL_REACHED
4169,0.05,89.0,49,1,3,0,1,1,GOAL_REACHED
4170,0.05,-36.0,50,0,4,0,1,0,ENERGY_DEPLETED
4171,0.05,89.0,49,1,3,0,1,1,GOAL_REACHED
4172,0.05,80.0,49,1,3,1,1,1,GOAL_REACHED
4173,0.05,91.0,47,1,3,0,1,3,GOAL_REACHED
4174,0.05,76.0,50,1,6,0,1,0,GOAL_REACHED
4175,0.05,88.0,46,1,4,0,1,4,GOAL_REACHED
4176,0.05,-36.0,50,0,4,0,1,0,ENERGY_DEPLETED
4177,0.05,96.0,46,1,2,0,1,4,GOAL_REACHED
4178,0.05,-36.0,50,0,4,0,1,0,ENERGY_DEPLETED
4179,0.05,-37.0,50,0,2,1,1,0,ENERGY_DEPLETED
4180,0.05,65.0,49,1,9,0,1,1,GOAL_REACHED
4181,0.05,-28.0,50,0,2,0,1,0,ENERGY_DEPLETED
4182,0.05,85.0,48,1,2,1,1,2,GOAL_REACHED
4183,0.05,102.0,48,1,0,0,1,2,GOAL_REACHED
4184,0.05,89.0,49,1,3,0,1,1,GOAL_REACHED
4185,0.05,-40.0,50,0,5,0,1,0,ENERGY_DEPLETED
4186,0.05,-36.0,50,0,4,0,1,0,ENERGY_DEPLETED
4187,0.05,-32.0,50,0,3,0,1,0,ENERGY_DEPLETED
4188,0.05,98.0,44,1,2,0,1,6,GOAL_REACHED
4189,0.05,-36.0,50,0,4,0,1,0,ENERGY_DEPLETED
4190,0.05,-28.0,50,0,1,0,1,0,ENERGY_DEPLETED
4191,0.05,104.0,46,1,0,0,1,4,GOAL_REACHED
4192,0.05,82.0,47,1,3,1,1,3,GOAL_REACHED
4193,0.05,86.0,48,1,4,0,1,2,GOAL_REACHED
4194,0.05,-24.0,50,0,1,0,1,0,ENERGY_DEPLETED
4195,0.05,96.0,46,1,2,0,1,4,GOAL_REACHED
4196,0.05,77.0,48,1,4,1,1,2,GOAL_REACHED
4197,0.05,-20.0,50,0,0,0,1,0,ENERGY_DEPLETED
4198,0.05,-32.0,50,0,2,0,1,0,ENERGY_DEPLETED
4199,0.05,91.0,47,1,3,0,1,3,GOAL_REACHED
4200,0.05,-24.0,50,0,1,0,1,0,ENERGY_DEPLETED
4201,0.05,-32.0,50,0,3,0,1,0,ENERGY_DEPLETED
4202,0.05,82.0,47,1,3,1,1,3,GOAL_REACHED
4203,0.05,92.0,50,1,2,0,1,0,GOAL_REACHED
4204,0.05,84.0,50,1,4,0,1,0,GOAL_REACHED
4205,0.05,81.0,49,1,5,0,1,1,GOAL_REACHED
4206,0.05,91.0,47,1,3,0,1,3,GOAL_REACHED
4207,0.05,96.0,46,1,2,0,1,4,GOAL_REACHED
4208,0.05,-57.0,50,0,6,1,1,0,ENERGY_DEPLETED
4209,0.05,96.0,46,1,2,0,1,4,GOAL_REACHED
4210,0.05,73.0,49,1,7,0,1,1,GOAL_REACHED
4211,0.05,-36.0,50,0,4,0,1,0,ENERGY_DEPLETED
4212,0.05,91.0,47,1,3,0,1,3,GOAL_REACHED
4213,0.05,84.0,50,1,4,0,1,0,GOAL_REACHED
4214,0.05,89.0,49,1,3,0,1,1,GOAL_REACHED
4215,0.05,-36.0,50,0,4,0,1,0,ENERGY_DEPLETED
4216,0.05,81.0,49,1,5,0,1,1,GOAL_REACHED
4217,0.05,94.0,48,1,2,0,1,2,GOAL_REACHED
4218,0.05,89.0,49,1,3,0,1,1,GOAL_REACHED
4219,0.05,67.0,47,1,9,0,1,3,GOAL_REACHED
4220,0.05,96.0,46,1,2,0,1,4,GOAL_REACHED
4221,0.05,-28.0,50,0,2,0,1,0,ENERGY_DEPLETED
4222,0.05,86.0,48,1,4,0,1,2,GOAL_REACHED
4223,0.05,-48.0,50,0,7,0,1,0,ENERGY_DEPLETED
4224,0.05,-48.0,50,0,7,0,1,0,ENERGY_DEPLETED
4225,0.05,78.0,48,1,6,0,1,2,GOAL_REACHED
4226,0.05,92.0,50,1,2,0,1,0,GOAL_REACHED
4227,0.05,91.0,47,1,3,0,1,3,GOAL_REACHED
4228,0.05,75.0,50,1,4,1,1,0,GOAL_REACHED
4229,0.05,-48.0,50,0,7,0,1,0,ENERGY_DEPLETED
4230,0.05,-40.0,50,0,5,0,1,0,ENERGY_DEPLETED
4231,0.05,86.0,48,1,4,0,1,2,GOAL_REACHED
4232,0.05,98.0,44,1,2,0,1,6,GOAL_REACHED
4233,0.05,81.0,49,1,5,0,1,1,GOAL_REACHED
4234,0.05,-36.0,50,0,4,0,1,0,ENERGY_DEPLETED
4235,0.05,94.0,48,1,2,0,1,2,GOAL_REACHED
4236,0.05,-57.0,50,0,6,1,1,0,ENERGY_DEPLETED
4237,0.05,99.0,47,1,1,0,1,3,GOAL_REACHED
4238,0.05,-32.0,50,0,3,0,1,0,ENERGY_DEPLETED
4239,0.05,72.0,49,1,5,1,1,1,GOAL_REACHED
4240,0.05,72.0,49,1,5,1,1,1,GOAL_REACHED
4241,0.05,83.0,47,1,5,0,1,3,GOAL_REACHED
4242,0.05,82.0,47,1,3,1,1,3,GOAL_REACHED
4243,0.05,-20.0,50,0,0,0,1,0,ENERGY_DEPLETED
4244,0.05,-48.0,50,0,7,0,1,0,ENERGY_DEPLETED
4245,0.05,97.0,49,1,1,0,1,1,GOAL_REACHED
4246,0.05,87.0,46,1,2,1,1,4,GOAL_REACHED
4247,0.05,89.0,49,1,3,0,1,1,GOAL_REACHED
4248,0.05,91.0,47,1,3,0,1,3,GOAL_REACHED
4249,0.05,-36.0,50,0,4,0,1,0,ENERGY_DEPLETED
4250,0.05,-40.0,50,0,5,0,1,0,ENERGY_DEPLETED
4251,0.05,-45.0,50,0,4,1,1,0,ENERGY_DEPLETED
4252,0.05,-40.0,50,0,5,0,1,0,ENERGY_DEPLETED
4253,0.05,-36.0,50,0,4,0,1,0,ENERGY_DEPLETED
4254,0.05,94.0,48,1,2,0,1,2,GOAL_REACHED
4255,0.05,92.0,50,1,2,0,1,0,GOAL_REACHED
4256,0.05,78.0,48,1,6,0,1,2,GOAL_REACHED
4257,0.05,78.0,48,1,6,0,1,2,GOAL_REACHED
4258,0.05,-28.0,50,0,2,0,1,0,ENERGY_DEPLETED
4259,0.05,94.0,48,1,2,0,1,2,GOAL_REACHED
4260,0.05,99.0,47,1,1,0,1,3,GOAL_REACHED
4261,0.05,92.0,50,1,2,0,1,0,GOAL_REACHED
4262,0.05,-48.0,50,0,7,0,1,0,ENERGY_DEPLETED
4263,0.05,104.0,46,1,0,0,1,4,GOAL_REACHED
4264,0.05,-40.0,50,0,5,0,1,0,ENERGY_DEPLETED
4265,0.05,-36.0,50,0,4,0,1,0,ENERGY_DEPLETED
4266,0.05,-46.0,50,0,2,2,1,0,ENERGY_DEPLETED
4267,0.05,92.0,50,1,2,0,1,0,GOAL_REACHED
4268,0.05,102.0,48,1,0,0,1,2,GOAL_REACHED
4269,0.05,83.0,47,1,5,0,1,3,GOAL_REACHED
4270,0.05,-32.0,50,0,3,0,1,0,ENERGY_DEPLETED
4271,0.05,-32.0,50,0,3,0,1,0,ENERGY_DEPLETED
4272,0.05,-29.0,50,0,0,1,1,0,ENERGY_DEPLETED
4273,0.05,-41.0,50,0,3,1,1,0,ENERGY_DEPLETED
4274,0.05,-41.0,50,0,3,1,1,0,ENERGY_DEPLETED
4275,0.05,88.0,46,1,4,0,1,4,GOAL_REACHED
4276,0.05,86.0,48,1,4,0,1,2,GOAL_REACHED
4277,0.05,95.0,46,1,0,1,1,4,GOAL_REACHED
4278,0.05,86.0,48,1,4,0,1,2,GOAL_REACHED
4279,0.05,-57.0,50,0,7,1,1,0,ENERGY_DEPLETED
4280,0.05,-36.0,50,0,4,0,1,0,ENERGY_DEPLETED
4281,0.05,96.0,46,1,2,0,1,4,GOAL_REACHED
4282,0.05,86.0,48,1,4,0,1,2,GOAL_REACHED
4283,0.05,84.0,50,1,4,0,1,0,GOAL_REACHED
4284,0.05,86.0,48,1,4,0,1,2,GOAL_REACHED
4285,0.05,-36.0,50,0,4,0,1,0,ENERGY_DEPLETED
4286,0.05,76.0,50,1,6,0,1,0,GOAL_REACHED
4287,0.05,82.0,47,1,3,1,1,3,GOAL_REACHED
4288,0.05,-36.0,50,0,4,0,1,0,ENERGY_DEPLETED
4289,0.05,-56.0,50,0,8,0,1,0,ENERGY_DEPLETED
4290,0.05,-41.0,50,0,3,1,1,0,ENERGY_DEPLETED
4291,0.05,86.0,48,1,4,0,1,2,GOAL_REACHED
4292,0.05,77.0,48,1,4,1,1,2,GOAL_REACHED
4293,0.05,91.0,47,1,3,0,1,3,GOAL_REACHED
4294,0.05,-63.0,50,0,4,3,1,0,ENERGY_DEPLETED
4295,0.05,-45.0,50,0,4,1,1,0,ENERGY_DEPLETED
4296,0.05,-28.0,50,0,2,0,1,0,ENERGY_DEPLETED
4297,0.05,-40.0,50,0,5,0,1,0,ENERGY_DEPLETED
4298,0.05,91.0,47,1,3,0,1,3,GOAL_REACHED
4299,0.05,94.0,48,1,2,0,1,2,GOAL_REACHED
4300,0.05,81.0,49,1,5,0,1,1,GOAL_REACHED
4301,0.05,91.0,47,1,3,0,1,3,GOAL_REACHED
4302,0.05,72.0,46,1,8,0,1,4,GOAL_REACHED
4303,0.05,83.0,47,1,5,0,1,3,GOAL_REACHED
4304,0.05,80.0,46,1,6,0,1,4,GOAL_REACHED
4305,0.05,88.0,46,1,4,0,1,4,GOAL_REACHED
4306,0.05,-32.0,50,0,3,0,1,0,ENERGY_DEPLETED
4307,0.05,91.0,47,1,3,0,1,3,GOAL_REACHED
4308,0.05,-36.0,50,0,4,0,1,0,ENERGY_DEPLETED
4309,0.05,-40.0,50,0,5,0,1,0,ENERGY_DEPLETED
4310,0.05,72.0,46,1,8,0,1,4,GOAL_REACHED
4311,0.05,90.0,47,1,1,1,1,3,GOAL_REACHED
4312,0.05,-32.0,50,0,3,0,1,0,ENERGY_DEPLETED
4313,0.05,83.0,47,1,5,0,1,3,GOAL_REACHED
4314,0.05,102.0,48,1,0,0,1,2,GOAL_REACHED
4315,0.05,91.0,47,1,3,0,1,3,GOAL_REACHED
4316,0.05,94.0,48,1,2,0,1,2,GOAL_REACHED
4317,0.05,86.0,48,1,4,0,1,2,GOAL_REACHED
4318,0.05,104.0,46,1,0,0,1,4,GOAL_REACHED
4319,0.05,60.0,50,1,10,0,1,0,GOAL_REACHED
4320,0.05,93.0,45,1,3,0,1,5,GOAL_REACHED
4321,0.05,-33.0,50,0,1,1,1,0,ENERGY_DEPLETED
4322,0.05,81.0,49,1,5,0,1,1,GOAL_REACHED
4323,0.05,-40.0,50,0,5,0,1,0,ENERGY_DEPLETED
4324,0.05,84.0,50,1,4,0,1,0,GOAL_REACHED
4325,0.05,81.0,49,1,5,0,1,1,GOAL_REACHED
4326,0.05,99.0,47,1,1,0,1,3,GOAL_REACHED
4327,0.05,-37.0,50,0,2,1,1,0,ENERGY_DEPLETED
4328,0.05,83.0,47,1,5,0,1,3,GOAL_REACHED
4329,0.05,-36.0,50,0,4,0,1,0,ENERGY_DEPLETED
4330,0.05,-32.0,50,0,3,0,1,0,ENERGY_DEPLETED
4331,0.05,-32.0,50,0,3,0,1,0,ENERGY_DEPLETED
4332,0.05,75.0,50,1,4,1,1,0,GOAL_REACHED
4333,0.05,-24.0,50,0,1,0,1,0,ENERGY_DEPLETED
4334,0.05,96.0,46,1,2,0,1,4,GOAL_REACHED
4335,0.05,75.0,47,1,7,0,1,3,GOAL_REACHED
4336,0.05,-36.0,50,0,4,0,1,0,ENERGY_DEPLETED
4337,0.05,-32.0,50,0,3,0,1,0,ENERGY_DEPLETED
4338,0.05,94.0,48,1,2,0,1,2,GOAL_REACHED
4339,0.05,102.0,48,1,0,0,1,2,GOAL_REACHED
4340,0.05,83.0,47,1,5,0,1,3,GOAL_REACHED
4341,0.05,96.0,46,1,2,0,1,4,GOAL_REACHED
4342,0.05,78.0,48,1,6,0,1,2,GOAL_REACHED
4343,0.05,88.0,46,1,4,0,1,4,GOAL_REACHED
4344,0.05,-32.0,50,0,2,0,1,0,ENERGY_DEPLETED
4345,0.05,94.0,48,1,2,0,1,2,GOAL_REACHED
4346,0.05,94.0,48,1,2,0,1,2,GOAL_REACHED
4347,0.05,-62.0,50,0,6,2,1,0,ENERGY_DEPLETED
4348,0.05,91.0,47,1,3,0,1,3,GOAL_REACHED
4349,0.05,-36.0,50,0,4,0,1,0,ENERGY_DEPLETED
4350,0.05,94.0,48,1,2,0,1,2,GOAL_REACHED
4351,0.05,96.0,46,1,2,0,1,4,GOAL_REACHED
4352,0.05,-44.0,50,0,6,0,1,0,ENERGY_DEPLETED
4353,0.05,-37.0,50,0,2,1,1,0,ENERGY_DEPLETED
4354,0.05,101.0,45,1,1,0,1,5,GOAL_REACHED
4355,0.05,-32.0,50,0,3,0,1,0,ENERGY_DEPLETED
4356,0.05,-24.0,50,0,1,0,1,0,ENERGY_DEPLETED
4357,0.05,89.0,49,1,3,0,1,1,GOAL_REACHED
4358,0.05,96.0,46,1,2,0,1,4,GOAL_REACHED
4359,0.05,81.0,49,1,5,0,1,1,GOAL_REACHED
4360,0.05,-37.0,50,0,2,1,1,0,ENERGY_DEPLETED
4361,0.05,-28.0,50,0,2,0,1,0,ENERGY_DEPLETED
4362,0.05,94.0,48,1,2,0,1,2,GOAL_REACHED
4363,0.05,-36.0,50,0,4,0,1,0,ENERGY_DEPLETED
4364,0.05,-50.0,50,0,2,2,1,0,ENERGY_DEPLETED
4365,0.05,-40.0,50,0,4,0,1,0,ENERGY_DEPLETED
4366,0.05,-44.0,50,0,6,0,1,0,ENERGY_DEPLETED
4367,0.05,83.0,47,1,5,0,1,3,GOAL_REACHED
4368,0.05,-24.0,50,0,1,0,1,0,ENERGY_DEPLETED
4369,0.05,97.0,49,1,1,0,1,1,GOAL_REACHED
4370,0.05,80.0,46,1,6,0,1,4,GOAL_REACHED
4371,0.05,75.0,50,1,4,1,1,0,GOAL_REACHED
4372,0.05,104.0,46,1,0,0,1,4,GOAL_REACHED
4373,0.05,86.0,48,1,4,0,1,2,GOAL_REACHED
4374,0.05,-40.0,50,0,4,0,1,0,ENERGY_DEPLETED
4375,0.05,104.0,46,1,0,0,1,4,GOAL_REACHED
4376,0.05,75.0,50,1,4,1,1,0,GOAL_REACHED
4377,0.05,84.0,50,1,4,0,1,0,GOAL_REACHED
4378,0.05,96.0,46,1,2,0,1,4,GOAL_REACHED
4379,0.05,-50.0,50,0,3,2,1,0,ENERGY_DEPLETED
4380,0.05,101.0,45,1,1,0,1,5,GOAL_REACHED
4381,0.05,-40.0,50,0,4,0,1,0,ENERGY_DEPLETED
4382,0.05,-24.0,50,0,1,0,1,0,ENERGY_DEPLETED
4383,0.05,96.0,46,1,2,0,1,4,GOAL_REACHED
4384,0.05,-32.0,50,0,3,0,1,0,ENERGY_DEPLETED
4385,0.05,81.0,49,1,5,0,1,1,GOAL_REACHED
4386,0.05,91.0,47,1,3,0,1,3,GOAL_REACHED
4387,0.05,91.0,47,1,3,0,1,3,GOAL_REACHED
4388,0.05,-24.0,50,0,1,0,1,0,ENERGY_DEPLETED
4389,0.05,91.0,47,1,3,0,1,3,GOAL_REACHED
4390,0.05,-36.0,50,0,4,0,1,0,ENERGY_DEPLETED
4391,0.05,94.0,48,1,2,0,1,2,GOAL_REACHED
4392,0.05,-32.0,50,0,3,0,1,0,ENERGY_DEPLETED
4393,0.05,-36.0,50,0,4,0,1,0,ENERGY_DEPLETED
4394,0.05,92.0,50,1,2,0,1,0,GOAL_REACHED
4395,0.05,-40.0,50,0,5,0,1,0,ENERGY_DEPLETED
4396,0.05,84.0,50,1,4,0,1,0,GOAL_REACHED
4397,0.05,-40.0,50,0,4,0,1,0,ENERGY_DEPLETED
4398,0.05,-32.0,50,0,3,0,1,0,ENERGY_DEPLETED
4399,0.05,88.0,46,1,4,0,1,4,GOAL_REACHED
4400,0.05,82.0,47,1,3,1,1,3,GOAL_REACHED
4401,0.05,-40.0,50,0,5,0,1,0,ENERGY_DEPLETED
4402,0.05,96.0,46,1,2,0,1,4,GOAL_REACHED
4403,0.05,80.0,49,1,3,1,1,1,GOAL_REACHED
4404,0.05,91.0,47,1,3,0,1,3,GOAL_REACHED
4405,0.05,-28.0,50,0,2,0,1,0,ENERGY_DEPLETED
4406,0.05,88.0,46,1,4,0,1,4,GOAL_REACHED
4407,0.05,86.0,48,1,4,0,1,2,GOAL_REACHED
4408,0.05,-24.0,50,0,1,0,1,0,ENERGY_DEPLETED
4409,0.05,91.0,47,1,3,0,1,3,GOAL_REACHED
4410,0.05,-20.0,50,0,0,0,1,0,ENERGY_DEPLETED
4411,0.05,-28.0,50,0,2,0,1,0,ENERGY_DEPLETED
4412,0.05,-24.0,50,0,1,0,1,0,ENERGY_DEPLETED
4413,0.05,-28.0,50,0,2,0,1,0,ENERGY_DEPLETED
4414,0.05,-28.0,50,0,2,0,1,0,ENERGY_DEPLETED
4415,0.05,91.0,47,1,3,0,1,3,GOAL_REACHED
4416,0.05,97.0,49,1,1,0,1,1,GOAL_REACHED
4417,0.05,96.0,46,1,2,0,1,4,GOAL_REACHED
4418,0.05,-56.0,50,0,8,0,1,0,ENERGY_DEPLETED
4419,0.05,80.0,46,1,6,0,1,4,GOAL_REACHED
4420,0.05,91.0,47,1,3,0,1,3,GOAL_REACHED
4421,0.05,-28.0,50,0,2,0,1,0,ENERGY_DEPLETED
4422,0.05,77.0,48,1,4,1,1,2,GOAL_REACHED
4423,0.05,98.0,44,1,2,0,1,6,GOAL_REACHED
4424,0.05,80.0,49,1,3,1,1,1,GOAL_REACHED
4425,0.05,-32.0,50,0,3,0,1,0,ENERGY_DEPLETED
4426,0.05,-32.0,50,0,3,0,1,0,ENERGY_DEPLETED
4427,0.05,89.0,49,1,3,0,1,1,GOAL_REACHED
4428,0.05,81.0,49,1,5,0,1,1,GOAL_REACHED
4429,0.05,-32.0,50,0,3,0,1,0,ENERGY_DEPLETED
4430,0.05,104.0,46,1,0,0,1,4,GOAL_REACHED
4431,0.05,-36.0,50,0,4,0,1,0,ENERGY_DEPLETED
4432,0.05,96.0,46,1,2,0,1,4,GOAL_REACHED
4433,0.05,-32.0,50,0,3,0,1,0,ENERGY_DEPLETED
4434,0.05,68.0,50,1,8,0,1,0,GOAL_REACHED
4435,0.05,83.0,47,1,5,0,1,3,GOAL_REACHED
4436,0.05,84.0,50,1,4,0,1,0,GOAL_REACHED
4437,0.05,75.0,47,1,7,0,1,3,GOAL_REACHED
4438,0.05,88.0,46,1,4,0,1,4,GOAL_REACHED
4439,0.05,88.0,46,1,4,0,1,4,GOAL_REACHED
4440,0.05,-44.0,50,0,5,0,1,0,ENERGY_DEPLETED
4441,0.05,-66.0,50,0,7,2,1,0,ENERGY_DEPLETED
4442,0.05,-24.0,50,0,0,0,1,0,ENERGY_DEPLETED
4443,0.05,-48.0,50,0,7,0,1,0,ENERGY_DEPLETED
4444,0.05,92.0,50,1,2,0,1,0,GOAL_REACHED
4445,0.05,94.0,48,1,2,0,1,2,GOAL_REACHED
4446,0.05,75.0,47,1,7,0,1,3,GOAL_REACHED
4447,0.05,-36.0,50,0,4,0,1,0,ENERGY_DEPLETED
4448,0.05,-38.0,50,0,0,2,1,0,ENERGY_DEPLETED
4449,0.05,72.0,49,1,5,1,1,1,GOAL_REACHED
4450,0.05,87.0,46,1,2,1,1,4,GOAL_REACHED
4451,0.05,-28.0,50,0,2,0,1,0,ENERGY_DEPLETED
4452,0.05,82.0,47,1,3,1,1,3,GOAL_REACHED
4453,0.05,-44.0,50,0,6,0,1,0,ENERGY_DEPLETED
4454,0.05,-32.0,50,0,3,0,1,0,ENERGY_DEPLETED
4455,0.05,80.0,49,1,3,1,1,1,GOAL_REACHED
4456,0.05,104.0,46,1,0,0,1,4,GOAL_REACHED
4457,0.05,-48.0,50,0,7,0,1,0,ENERGY_DEPLETED
4458,0.05,80.0,46,1,6,0,1,4,GOAL_REACHED
4459,0.05,-28.0,50,0,2,0,1,0,ENERGY_DEPLETED
4460,0.05,86.0,48,1,4,0,1,2,GOAL_REACHED
4461,0.05,81.0,49,1,5,0,1,1,GOAL_REACHED
4462,0.05,79.0,46,1,4,1,1,4,GOAL_REACHED
4463,0.05,91.0,47,1,3,0,1,3,GOAL_REACHED
4464,0.05,-44.0,50,0,6,0,1,0,ENERGY_DEPLETED
4465,0.05,-28.0,50,0,2,0,1,0,ENERGY_DEPLETED
4466,0.05,97.0,49,1,1,0,1,1,GOAL_REACHED
4467,0.05,80.0,46,1,6,0,1,4,GOAL_REACHED
4468,0.05,-36.0,50,0,4,0,1,0,ENERGY_DEPLETED
4469,0.05,88.0,46,1,4,0,1,4,GOAL_REACHED
4470,0.05,76.0,50,1,6,0,1,0,GOAL_REACHED
4471,0.05,-49.0,50,0,5,1,1,0,ENERGY_DEPLETED
4472,0.05,-40.0,50,0,5,0,1,0,ENERGY_DEPLETED
4473,0.05,89.0,49,1,3,0,1,1,GOAL_REACHED
4474,0.05,95.0,46,1,0,1,1,4,GOAL_REACHED
4475,0.05,-32.0,50,0,3,0,1,0,ENERGY_DEPLETED
4476,0.05,-40.0,50,0,5,0,1,0,ENERGY_DEPLETED
4477,0.05,88.0,46,1,4,0,1,4,GOAL_REACHED
4478,0.05,97.0,49,1,1,0,1,1,GOAL_REACHED
4479,0.05,104.0,46,1,0,0,1,4,GOAL_REACHED
4480,0.05,87.0,46,1,2,1,1,4,GOAL_REACHED
4481,0.05,88.0,46,1,4,0,1,4,GOAL_REACHED
4482,0.05,76.0,50,1,6,0,1,0,GOAL_REACHED
4483,0.05,-32.0,50,0,3,0,1,0,ENERGY_DEPLETED
4484,0.05,78.0,48,1,6,0,1,2,GOAL_REACHED
4485,0.05,81.0,49,1,5,0,1,1,GOAL_REACHED
4486,0.05,68.0,50,1,8,0,1,0,GOAL_REACHED
4487,0.05,81.0,49,1,5,0,1,1,GOAL_REACHED
4488,0.05,-32.0,50,0,3,0,1,0,ENERGY_DEPLETED
4489,0.05,-44.0,50,0,6,0,1,0,ENERGY_DEPLETED
4490,0.05,-56.0,50,0,9,0,1,0,ENERGY_DEPLETED
4491,0.05,-41.0,50,0,3,1,1,0,ENERGY_DEPLETED
4492,0.05,83.0,47,1,5,0,1,3,GOAL_REACHED
4493,0.05,89.0,49,1,3,0,1,1,GOAL_REACHED
4494,0.05,-28.0,50,0,2,0,1,0,ENERGY_DEPLETED
4495,0.05,-32.0,50,0,3,0,1,0,ENERGY_DEPLETED
4496,0.05,-37.0,50,0,2,1,1,0,ENERGY_DEPLETED
4497,0.05,-32.0,50,0,3,0,1,0,ENERGY_DEPLETED
4498,0.05,-61.0,50,0,7,1,1,0,ENERGY_DEPLETED
4499,0.05,-41.0,50,0,3,1,1,0,ENERGY_DEPLETED
4500,0.05,80.0,49,1,3,1,1,1,GOAL_REACHED
4501,0.05,77.0,48,1,4,1,1,2,GOAL_REACHED
4502,0.05,90.0,44,1,4,0,1,6,GOAL_REACHED
4503,0.05,76.0,48,1,2,2,1,2,GOAL_REACHED
4504,0.05,-40.0,50,0,5,0,1,0,ENERGY_DEPLETED
4505,0.05,86.0,48,1,4,0,1,2,GOAL_REACHED
4506,0.05,87.0,46,1,2,1,1,4,GOAL_REACHED
4507,0.05,-44.0,50,0,6,0,1,0,ENERGY_DEPLETED
4508,0.05,91.0,47,1,3,0,1,3,GOAL_REACHED
4509,0.05,78.0,48,1,6,0,1,2,GOAL_REACHED
4510,0.05,-37.0,50,0,2,1,1,0,ENERGY_DEPLETED
4511,0.05,83.0,50,1,2,1,1,0,GOAL_REACHED
4512,0.05,96.0,46,1,2,0,1,4,GOAL_REACHED
4513,0.05,-44.0,50,0,6,0,1,0,ENERGY_DEPLETED
4514,0.05,-57.0,50,0,7,1,1,0,ENERGY_DEPLETED
4515,0.05,85.0,48,1,2,1,1,2,GOAL_REACHED
4516,0.05,-36.0,50,0,4,0,1,0,ENERGY_DEPLETED
4517,0.05,-28.0,50,0,2,0,1,0,ENERGY_DEPLETED
4518,0.05,82.0,47,1,3,1,1,3,GOAL_REACHED
4519,0.05,99.0,47,1,1,0,1,3,GOAL_REACHED
4520,0.05,85.0,48,1,2,1,1,2,GOAL_REACHED
4521,0.05,-32.0,50,0,3,0,1,0,ENERGY_DEPLETED
4522,0.05,81.0,47,1,1,2,1,3,GOAL_REACHED
4523,0.05,-37.0,50,0,2,1,1,0,ENERGY_DEPLETED
4524,0.05,67.0,50,1,6,1,1,0,GOAL_REACHED
4525,0.05,-44.0,50,0,6,0,1,0,ENERGY_DEPLETED
4526,0.05,91.0,47,1,3,0,1,3,GOAL_REACHED
4527,0.05,-50.0,50,0,3,2,1,0,ENERGY_DEPLETED
4528,0.05,-28.0,50,0,2,0,1,0,ENERGY_DEPLETED
4529,0.05,96.0,46,1,2,0,1,4,GOAL_REACHED
4530,0.05,89.0,49,1,3,0,1,1,GOAL_REACHED
4531,0.05,-32.0,50,0,3,0,1,0,ENERGY_DEPLETED
4532,0.05,-36.0,50,0,4,0,1,0,ENERGY_DEPLETED
4533,0.05,97.0,49,1,1,0,1,1,GOAL_REACHED
4534,0.05,-48.0,50,0,7,0,1,0,ENERGY_DEPLETED
4535,0.05,96.0,46,1,2,0,1,4,GOAL_REACHED
4536,0.05,-20.0,50,0,0,0,1,0,ENERGY_DEPLETED
4537,0.05,81.0,49,1,5,0,1,1,GOAL_REACHED
4538,0.05,96.0,46,1,2,0,1,4,GOAL_REACHED
4539,0.05,96.0,46,1,2,0,1,4,GOAL_REACHED
4540,0.05,84.0,50,1,4,0,1,0,GOAL_REACHED
4541,0.05,-40.0,50,0,5,0,1,0,ENERGY_DEPLETED
4542,0.05,-57.0,50,0,7,1,1,0,ENERGY_DEPLETED
4543,0.05,91.0,47,1,3,0,1,3,GOAL_REACHED
4544,0.05,-29.0,50,0,0,1,1,0,ENERGY_DEPLETED
4545,0.05,-28.0,50,0,2,0,1,0,ENERGY_DEPLETED
4546,0.05,-32.0,50,0,3,0,1,0,ENERGY_DEPLETED
4547,0.05,-36.0,50,0,4,0,1,0,ENERGY_DEPLETED
4548,0.05,83.0,47,1,5,0,1,3,GOAL_REACHED
4549,0.05,-41.0,50,0,2,1,1,0,ENERGY_DEPLETED
4550,0.05,-45.0,50,0,4,1,1,0,ENERGY_DEPLETED
4551,0.05,-32.0,50,0,3,0,1,0,ENERGY_DEPLETED
4552,0.05,-32.0,50,0,3,0,1,0,ENERGY_DEPLETED
4553,0.05,-36.0,50,0,4,0,1,0,ENERGY_DEPLETED
4554,0.05,-32.0,50,0,3,0,1,0,ENERGY_DEPLETED
4555,0.05,96.0,46,1,2,0,1,4,GOAL_REACHED
4556,0.05,-40.0,50,0,5,0,1,0,ENERGY_DEPLETED
4557,0.05,-36.0,50,0,4,0,1,0,ENERGY_DEPLETED
4558,0.05,76.0,50,1,6,0,1,0,GOAL_REACHED
4559,0.05,-24.0,50,0,1,0,1,0,ENERGY_DEPLETED
4560,0.05,91.0,47,1,3,0,1,3,GOAL_REACHED
4561,0.05,99.0,47,1,1,0,1,3,GOAL_REACHED
4562,0.05,-41.0,50,0,3,1,1,0,ENERGY_DEPLETED
4563,0.05,80.0,46,1,6,0,1,4,GOAL_REACHED
4564,0.05,-28.0,50,0,2,0,1,0,ENERGY_DEPLETED
4565,0.05,78.0,48,1,6,0,1,2,GOAL_REACHED
4566,0.05,-28.0,50,0,2,0,1,0,ENERGY_DEPLETED
4567,0.05,-41.0,50,0,3,1,1,0,ENERGY_DEPLETED
4568,0.05,-49.0,50,0,5,1,1,0,ENERGY_DEPLETED
4569,0.05,104.0,46,1,0,0,1,4,GOAL_REACHED
4570,0.05,-48.0,50,0,7,0,1,0,ENERGY_DEPLETED
4571,0.05,60.0,50,1,10,0,1,0,GOAL_REACHED
4572,0.05,89.0,49,1,3,0,1,1,GOAL_REACHED
4573,0.05,-32.0,50,0,3,0,1,0,ENERGY_DEPLETED
4574,0.05,-52.0,50,0,8,0,1,0,ENERGY_DEPLETED
4575,0.05,-41.0,50,0,3,1,1,0,ENERGY_DEPLETED
4576,0.05,-45.0,50,0,4,1,1,0,ENERGY_DEPLETED
4577,0.05,73.0,49,1,7,0,1,1,GOAL_REACHED
4578,0.05,102.0,48,1,0,0,1,2,GOAL_REACHED
4579,0.05,-48.0,50,0,7,0,1,0,ENERGY_DEPLETED
4580,0.05,82.0,47,1,3,1,1,3,GOAL_REACHED
4581,0.05,96.0,46,1,2,0,1,4,GOAL_REACHED
4582,0.05,86.0,48,1,4,0,1,2,GOAL_REACHED
4583,0.05,84.0,50,1,4,0,1,0,GOAL_REACHED
4584,0.05,83.0,47,1,5,0,1,3,GOAL_REACHED
4585,0.05,80.0,49,1,3,1,1,1,GOAL_REACHED
4586,0.05,-52.0,50,0,8,0,1,0,ENERGY_DEPLETED
4587,0.05,96.0,46,1,2,0,1,4,GOAL_REACHED
4588,0.05,83.0,50,1,2,1,1,0,GOAL_REACHED
4589,0.05,-48.0,50,0,7,0,1,0,ENERGY_DEPLETED
4590,0.05,-48.0,50,0,7,0,1,0,ENERGY_DEPLETED
4591,0.05,-53.0,50,0,6,1,1,0,ENERGY_DEPLETED
4592,0.05,83.0,47,1,5,0,1,3,GOAL_REACHED
4593,0.05,-37.0,50,0,2,1,1,0,ENERGY_DEPLETED
4594,0.05,-52.0,50,0,8,0,1,0,ENERGY_DEPLETED
4595,0.05,91.0,47,1,3,0,1,3,GOAL_REACHED
4596,0.05,-40.0,50,0,5,0,1,0,ENERGY_DEPLETED
4597,0.05,89.0,49,1,3,0,1,1,GOAL_REACHED
4598,0.05,81.0,49,1,5,0,1,1,GOAL_REACHED
4599,0.05,83.0,50,1,2,1,1,0,GOAL_REACHED
4600,0.05,88.0,46,1,4,0,1,4,GOAL_REACHED
4601,0.05,91.0,47,1,3,0,1,3,GOAL_REACHED
4602,0.05,74.0,47,1,5,1,1,3,GOAL_REACHED
4603,0.05,-28.0,50,0,2,0,1,0,ENERGY_DEPLETED
4604,0.05,91.0,47,1,3,0,1,3,GOAL_REACHED
4605,0.05,78.0,48,1,6,0,1,2,GOAL_REACHED
4606,0.05,75.0,47,1,7,0,1,3,GOAL_REACHED
4607,0.05,-24.0,50,0,1,0,1,0,ENERGY_DEPLETED
4608,0.05,87.0,46,1,2,1,1,4,GOAL_REACHED
4609,0.05,77.0,48,1,4,1,1,2,GOAL_REACHED
4610,0.05,-24.0,50,0,1,0,1,0,ENERGY_DEPLETED
4611,0.05,91.0,47,1,3,0,1,3,GOAL_REACHED
4612,0.05,-24.0,50,0,1,0,1,0,ENERGY_DEPLETED
4613,0.05,-40.0,50,0,5,0,1,0,ENERGY_DEPLETED
4614,0.05,84.0,50,1,4,0,1,0,GOAL_REACHED
4615,0.05,-61.0,50,0,7,1,1,0,ENERGY_DEPLETED
4616,0.05,88.0,46,1,4,0,1,4,GOAL_REACHED
4617,0.05,87.0,46,1,2,1,1,4,GOAL_REACHED
4618,0.05,80.0,46,1,6,0,1,4,GOAL_REACHED
4619,0.05,104.0,46,1,0,0,1,4,GOAL_REACHED
4620,0.05,-66.0,50,0,7,2,1,0,ENERGY_DEPLETED
4621,0.05,86.0,48,1,4,0,1,2,GOAL_REACHED
4622,0.05,83.0,47,1,5,0,1,3,GOAL_REACHED
4623,0.05,83.0,47,1,5,0,1,3,GOAL_REACHED
4624,0.05,104.0,46,1,0,0,1,4,GOAL_REACHED
4625,0.05,81.0,49,1,5,0,1,1,GOAL_REACHED
4626,0.05,96.0,46,1,2,0,1,4,GOAL_REACHED
4627,0.05,-24.0,50,0,1,0,1,0,ENERGY_DEPLETED
4628,0.05,94.0,48,1,2,0,1,2,GOAL_REACHED
4629,0.05,-44.0,50,0,6,0,1,0,ENERGY_DEPLETED
4630,0.05,61.0,48,1,8,1,1,2,GOAL_REACHED
4631,0.05,-49.0,50,0,5,1,1,0,ENERGY_DEPLETED
4632,0.05,96.0,46,1,2,0,1,4,GOAL_REACHED
4633,0.05,-48.0,50,0,7,0,1,0,ENERGY_DEPLETED
4634,0.05,-28.0,50,0,2,0,1,0,ENERGY_DEPLETED
4635,0.05,76.0,50,1,6,0,1,0,GOAL_REACHED
4636,0.05,91.0,47,1,3,0,1,3,GOAL_REACHED
4637,0.05,89.0,49,1,3,0,1,1,GOAL_REACHED
4638,0.05,87.0,46,1,2,1,1,4,GOAL_REACHED
4639,0.05,91.0,47,1,3,0,1,3,GOAL_REACHED
4640,0.05,99.0,47,1,1,0,1,3,GOAL_REACHED
4641,0.05,88.0,46,1,4,0,1,4,GOAL_REACHED
4642,0.05,83.0,47,1,5,0,1,3,GOAL_REACHED
4643,0.05,-28.0,50,0,2,0,1,0,ENERGY_DEPLETED
4644,0.05,81.0,49,1,5,0,1,1,GOAL_REACHED
4645,0.05,81.0,49,1,5,0,1,1,GOAL_REACHED
4646,0.05,104.0,46,1,0,0,1,4,GOAL_REACHED
4647,0.05,84.0,50,1,4,0,1,0,GOAL_REACHED
4648,0.05,102.0,48,1,0,0,1,2,GOAL_REACHED
4649,0.05,88.0,46,1,4,0,1,4,GOAL_REACHED
4650,0.05,102.0,48,1,0,0,1,2,GOAL_REACHED
4651,0.05,-36.0,50,0,4,0,1,0,ENERGY_DEPLETED
4652,0.05,79.0,46,1,4,1,1,4,GOAL_REACHED
4653,0.05,-45.0,50,0,4,1,1,0,ENERGY_DEPLETED
4654,0.05,73.0,49,1,7,0,1,1,GOAL_REACHED
4655,0.05,-48.0,50,0,7,0,1,0,ENERGY_DEPLETED
4656,0.05,96.0,46,1,2,0,1,4,GOAL_REACHED
4657,0.05,-28.0,50,0,2,0,1,0,ENERGY_DEPLETED
4658,0.05,91.0,47,1,3,0,1,3,GOAL_REACHED
4659,0.05,-20.0,50,0,0,0,1,0,ENERGY_DEPLETED
4660,0.05,-28.0,50,0,2,0,1,0,ENERGY_DEPLETED
4661,0.05,-28.0,50,0,2,0,1,0,ENERGY_DEPLETED
4662,0.05,73.0,49,1,7,0,1,1,GOAL_REACHED
4663,0.05,94.0,48,1,2,0,1,2,GOAL_REACHED
4664,0.05,-40.0,50,0,5,0,1,0,ENERGY_DEPLETED
4665,0.05,86.0,48,1,4,0,1,2,GOAL_REACHED
4666,0.05,96.0,46,1,2,0,1,4,GOAL_REACHED
4667,0.05,86.0,48,1,4,0,1,2,GOAL_REACHED
4668,0.05,-52.0,50,0,8,0,1,0,ENERGY_DEPLETED
4669,0.05,90.0,44,1,4,0,1,6,GOAL_REACHED
4670,0.05,-48.0,50,0,7,0,1,0,ENERGY_DEPLETED
4671,0.05,84.0,50,1,4,0,1,0,GOAL_REACHED
4672,0.05,84.0,50,1,4,0,1,0,GOAL_REACHED
4673,0.05,-44.0,50,0,6,0,1,0,ENERGY_DEPLETED
4674,0.05,66.0,47,1,7,1,1,3,GOAL_REACHED
4675,0.05,84.0,50,1,4,0,1,0,GOAL_REACHED
4676,0.05,-57.0,50,0,7,1,1,0,ENERGY_DEPLETED
4677,0.05,94.0,48,1,2,0,1,2,GOAL_REACHED
4678,0.05,94.0,48,1,2,0,1,2,GOAL_REACHED
4679,0.05,84.0,50,1,4,0,1,0,GOAL_REACHED
4680,0.05,-45.0,50,0,4,1,1,0,ENERGY_DEPLETED
4681,0.05,86.0,48,1,4,0,1,2,GOAL_REACHED
4682,0.05,97.0,49,1,1,0,1,1,GOAL_REACHED
4683,0.05,-40.0,50,0,5,0,1,0,ENERGY_DEPLETED
4684,0.05,91.0,47,1,3,0,1,3,GOAL_REACHED
4685,0.05,96.0,46,1,2,0,1,4,GOAL_REACHED
4686,0.05,96.0,46,1,2,0,1,4,GOAL_REACHED
4687,0.05,91.0,47,1,3,0,1,3,GOAL_REACHED
4688,0.05,-40.0,50,0,5,0,1,0,ENERGY_DEPLETED
4689,0.05,-40.0,50,0,4,0,1,0,ENERGY_DEPLETED
4690,0.05,-32.0,50,0,3,0,1,0,ENERGY_DEPLETED
4691,0.05,-42.0,50,0,1,2,1,0,ENERGY_DEPLETED
4692,0.05,71.0,46,1,6,1,1,4,GOAL_REACHED
4693,0.05,72.0,49,1,5,1,1,1,GOAL_REACHED
4694,0.05,-24.0,50,0,1,0,1,0,ENERGY_DEPLETED
4695,0.05,-49.0,50,0,5,1,1,0,ENERGY_DEPLETED
4696,0.05,96.0,46,1,2,0,1,4,GOAL_REACHED
4697,0.05,94.0,48,1,2,0,1,2,GOAL_REACHED
4698,0.05,-48.0,50,0,7,0,1,0,ENERGY_DEPLETED
4699,0.05,96.0,46,1,2,0,1,4,GOAL_REACHED
4700,0.05,91.0,47,1,3,0,1,3,GOAL_REACHED
4701,0.05,73.0,49,1,7,0,1,1,GOAL_REACHED
4702,0.05,73.0,49,1,7,0,1,1,GOAL_REACHED
4703,0.05,-53.0,50,0,6,1,1,0,ENERGY_DEPLETED
4704,0.05,-28.0,50,0,2,0,1,0,ENERGY_DEPLETED
4705,0.05,76.0,50,1,6,0,1,0,GOAL_REACHED
4706,0.05,-49.0,50,0,5,1,1,0,ENERGY_DEPLETED
4707,0.05,-32.0,50,0,3,0,1,0,ENERGY_DEPLETED
4708,0.05,100.0,50,1,0,0,1,0,GOAL_REACHED
4709,0.05,-28.0,50,0,2,0,1,0,ENERGY_DEPLETED
4710,0.05,-36.0,50,0,4,0,1,0,ENERGY_DEPLETED
4711,0.05,89.0,49,1,3,0,1,1,GOAL_REACHED
4712,0.05,96.0,46,1,2,0,1,4,GOAL_REACHED
4713,0.05,92.0,50,1,2,0,1,0,GOAL_REACHED
4714,0.05,-28.0,50,0,2,0,1,0,ENERGY_DEPLETED
4715,0.05,100.0,50,1,0,0,1,0,GOAL_REACHED
4716,0.05,-36.0,50,0,4,0,1,0,ENERGY_DEPLETED
4717,0.05,74.0,47,1,5,1,1,3,GOAL_REACHED
4718,0.05,-32.0,50,0,3,0,1,0,ENERGY_DEPLETED
4719,0.05,-36.0,50,0,4,0,1,0,ENERGY_DEPLETED
4720,0.05,86.0,48,1,4,0,1,2,GOAL_REACHED
4721,0.05,83.0,50,1,2,1,1,0,GOAL_REACHED
4722,0.05,-62.0,50,0,6,2,1,0,ENERGY_DEPLETED
4723,0.05,-48.0,50,0,7,0,1,0,ENERGY_DEPLETED
4724,0.05,72.0,49,1,5,1,1,1,GOAL_REACHED
4725,0.05,-40.0,50,0,5,0,1,0,ENERGY_DEPLETED
4726,0.05,85.0,48,1,2,1,1,2,GOAL_REACHED
4727,0.05,96.0,46,1,2,0,1,4,GOAL_REACHED
4728,0.05,81.0,49,1,5,0,1,1,GOAL_REACHED
4729,0.05,88.0,46,1,4,0,1,4,GOAL_REACHED
4730,0.05,-33.0,50,0,1,1,1,0,ENERGY_DEPLETED
4731,0.05,89.0,49,1,3,0,1,1,GOAL_REACHED
4732,0.05,88.0,46,1,4,0,1,4,GOAL_REACHED
4733,0.05,-24.0,50,0,1,0,1,0,ENERGY_DEPLETED
4734,0.05,89.0,49,1,3,0,1,1,GOAL_REACHED
4735,0.05,96.0,46,1,2,0,1,4,GOAL_REACHED
4736,0.05,-40.0,50,0,5,0,1,0,ENERGY_DEPLETED
4737,0.05,84.0,50,1,4,0,1,0,GOAL_REACHED
4738,0.05,87.0,46,1,2,1,1,4,GOAL_REACHED
4739,0.05,-32.0,50,0,3,0,1,0,ENERGY_DEPLETED
4740,0.05,86.0,48,1,4,0,1,2,GOAL_REACHED
4741,0.05,86.0,48,1,4,0,1,2,GOAL_REACHED
4742,0.05,88.0,46,1,4,0,1,4,GOAL_REACHED
4743,0.05,88.0,49,1,1,1,1,1,GOAL_REACHED
4744,0.05,-32.0,50,0,3,0,1,0,ENERGY_DEPLETED
4745,0.05,-44.0,50,0,6,0,1,0,ENERGY_DEPLETED
4746,0.05,86.0,48,1,4,0,1,2,GOAL_REACHED
4747,0.05,-32.0,50,0,3,0,1,0,ENERGY_DEPLETED
4748,0.05,76.0,50,1,6,0,1,0,GOAL_REACHED
4749,0.05,75.0,50,1,4,1,1,0,GOAL_REACHED
4750,0.05,84.0,50,1,4,0,1,0,GOAL_REACHED
4751,0.05,98.0,44,1,2,0,1,6,GOAL_REACHED
4752,0.05,88.0,46,1,4,0,1,4,GOAL_REACHED
4753,0.05,-36.0,50,0,4,0,1,0,ENERGY_DEPLETED
4754,0.05,-24.0,50,0,1,0,1,0,ENERGY_DEPLETED
4755,0.05,-40.0,50,0,5,0,1,0,ENERGY_DEPLETED
4756,0.05,-44.0,50,0,6,0,1,0,ENERGY_DEPLETED
4757,0.05,76.0,50,1,6,0,1,0,GOAL_REACHED
4758,0.05,50.0,50,1,8,2,1,0,GOAL_REACHED
4759,0.05,-36.0,50,0,4,0,1,0,ENERGY_DEPLETED
4760,0.05,96.0,46,1,2,0,1,4,GOAL_REACHED
4761,0.05,75.0,50,1,4,1,1,0,GOAL_REACHED
4762,0.05,81.0,49,1,5,0,1,1,GOAL_REACHED
4763,0.05,94.0,48,1,2,0,1,2,GOAL_REACHED
4764,0.05,-54.0,50,0,4,2,1,0,ENERGY_DEPLETED
4765,0.05,-28.0,50,0,2,0,1,0,ENERGY_DEPLETED
4766,0.05,73.0,49,1,7,0,1,1,GOAL_REACHED
4767,0.05,106.0,44,1,0,0,1,6,GOAL_REACHED
4768,0.05,-49.0,50,0,5,1,1,0,ENERGY_DEPLETED
4769,0.05,-36.0,50,0,4,0,1,0,ENERGY_DEPLETED
4770,0.05,78.0,48,1,6,0,1,2,GOAL_REACHED
4771,0.05,86.0,48,1,4,0,1,2,GOAL_REACHED
4772,0.05,-50.0,50,0,3,2,1,0,ENERGY_DEPLETED
4773,0.05,91.0,47,1,3,0,1,3,GOAL_REACHED
4774,0.05,94.0,48,1,2,0,1,2,GOAL_REACHED
4775,0.05,96.0,46,1,2,0,1,4,GOAL_REACHED
4776,0.05,-36.0,50,0,4,0,1,0,ENERGY_DEPLETED
4777,0.05,-40.0,50,0,5,0,1,0,ENERGY_DEPLETED
4778,0.05,-45.0,50,0,4,1,1,0,ENERGY_DEPLETED
4779,0.05,96.0,46,1,2,0,1,4,GOAL_REACHED
4780,0.05,84.0,50,1,4,0,1,0,GOAL_REACHED
4781,0.05,-48.0,50,0,7,0,1,0,ENERGY_DEPLETED
4782,0.05,-32.0,50,0,3,0,1,0,ENERGY_DEPLETED
4783,0.05,-42.0,50,0,1,2,1,0,ENERGY_DEPLETED
4784,0.05,-28.0,50,0,2,0,1,0,ENERGY_DEPLETED
4785,0.05,-48.0,50,0,6,0,1,0,ENERGY_DEPLETED
4786,0.05,81.0,49,1,5,0,1,1,GOAL_REACHED
4787,0.05,-41.0,50,0,3,1,1,0,ENERGY_DEPLETED
4788,0.05,88.0,46,1,4,0,1,4,GOAL_REACHED
4789,0.05,-32.0,50,0,3,0,1,0,ENERGY_DEPLETED
4790,0.05,94.0,48,1,2,0,1,2,GOAL_REACHED
4791,0.05,81.0,49,1,5,0,1,1,GOAL_REACHED
4792,0.05,83.0,47,1,5,0,1,3,GOAL_REACHED
4793,0.05,94.0,48,1,2,0,1,2,GOAL_REACHED
4794,0.05,81.0,49,1,5,0,1,1,GOAL_REACHED
4795,0.05,-28.0,50,0,2,0,1,0,ENERGY_DEPLETED
4796,0.05,-36.0,50,0,4,0,1,0,ENERGY_DEPLETED
4797,0.05,-56.0,50,0,9,0,1,0,ENERGY_DEPLETED
4798,0.05,94.0,48,1,2,0,1,2,GOAL_REACHED
4799,0.05,80.0,46,1,6,0,1,4,GOAL_REACHED
4800,0.05,91.0,47,1,3,0,1,3,GOAL_REACHED
4801,0.05,81.0,49,1,5,0,1,1,GOAL_REACHED
4802,0.05,65.0,49,1,9,0,1,1,GOAL_REACHED
4803,0.05,83.0,50,1,2,1,1,0,GOAL_REACHED
4804,0.05,99.0,47,1,1,0,1,3,GOAL_REACHED
4805,0.05,86.0,48,1,4,0,1,2,GOAL_REACHED
4806,0.05,-52.0,50,0,8,0,1,0,ENERGY_DEPLETED
4807,0.05,-56.0,50,0,8,0,1,0,ENERGY_DEPLETED
4808,0.05,-32.0,50,0,3,0,1,0,ENERGY_DEPLETED
4809,0.05,-40.0,50,0,5,0,1,0,ENERGY_DEPLETED
4810,0.05,-32.0,50,0,3,0,1,0,ENERGY_DEPLETED
4811,0.05,98.0,44,1,2,0,1,6,GOAL_REACHED
4812,0.05,-28.0,50,0,2,0,1,0,ENERGY_DEPLETED
4813,0.05,-28.0,50,0,2,0,1,0,ENERGY_DEPLETED
4814,0.05,67.0,50,1,6,1,1,0,GOAL_REACHED
4815,0.05,-24.0,50,0,1,0,1,0,ENERGY_DEPLETED
4816,0.05,78.0,48,1,6,0,1,2,GOAL_REACHED
4817,0.05,-50.0,50,0,3,2,1,0,ENERGY_DEPLETED
4818,0.05,99.0,47,1,1,0,1,3,GOAL_REACHED
4819,0.05,-50.0,50,0,3,2,1,0,ENERGY_DEPLETED
4820,0.05,-41.0,50,0,3,1,1,0,ENERGY_DEPLETED
4821,0.05,-36.0,50,0,4,0,1,0,ENERGY_DEPLETED
4822,0.05,-28.0,50,0,2,0,1,0,ENERGY_DEPLETED
4823,0.05,-24.0,50,0,1,0,1,0,ENERGY_DEPLETED
4824,0.05,96.0,46,1,2,0,1,4,GOAL_REACHED
4825,0.05,-44.0,50,0,6,0,1,0,ENERGY_DEPLETED
4826,0.05,-57.0,50,0,7,1,1,0,ENERGY_DEPLETED
4827,0.05,97.0,49,1,1,0,1,1,GOAL_REACHED
4828,0.05,104.0,46,1,0,0,1,4,GOAL_REACHED
4829,0.05,61.0,48,1,8,1,1,2,GOAL_REACHED
4830,0.05,80.0,49,1,3,1,1,1,GOAL_REACHED
4831,0.05,79.0,46,1,4,1,1,4,GOAL_REACHED
4832,0.05,-41.0,50,0,3,1,1,0,ENERGY_DEPLETED
4833,0.05,-49.0,50,0,4,1,1,0,ENERGY_DEPLETED
4834,0.05,89.0,49,1,3,0,1,1,GOAL_REACHED
4835,0.05,-32.0,50,0,3,0,1,0,ENERGY_DEPLETED
4836,0.05,-40.0,50,0,4,0,1,0,ENERGY_DEPLETED
4837,0.05,-36.0,50,0,4,0,1,0,ENERGY_DEPLETED
4838,0.05,94.0,48,1,2,0,1,2,GOAL_REACHED
4839,0.05,90.0,44,1,4,0,1,6,GOAL_REACHED
4840,0.05,98.0,44,1,2,0,1,6,GOAL_REACHED
4841,0.05,96.0,46,1,2,0,1,4,GOAL_REACHED
4842,0.05,90.0,44,1,4,0,1,6,GOAL_REACHED
4843,0.05,90.0,47,1,1,1,1,3,GOAL_REACHED
4844,0.05,98.0,44,1,2,0,1,6,GOAL_REACHED
4845,0.05,106.0,44,1,0,0,1,6,GOAL_REACHED
4846,0.05,99.0,47,1,1,0,1,3,GOAL_REACHED
4847,0.05,-36.0,50,0,4,0,1,0,ENERGY_DEPLETED
4848,0.05,-44.0,50,0,6,0,1,0,ENERGY_DEPLETED
4849,0.05,84.0,50,1,4,0,1,0,GOAL_REACHED
4850,0.05,83.0,47,1,5,0,1,3,GOAL_REACHED
4851,0.05,-55.0,50,0,2,3,1,0,ENERGY_DEPLETED
4852,0.05,-28.0,50,0,2,0,1,0,ENERGY_DEPLETED
4853,0.05,89.0,49,1,3,0,1,1,GOAL_REACHED
4854,0.05,-40.0,50,0,5,0,1,0,ENERGY_DEPLETED
4855,0.05,-53.0,50,0,6,1,1,0,ENERGY_DEPLETED
4856,0.05,84.0,50,1,4,0,1,0,GOAL_REACHED
4857,0.05,-45.0,50,0,4,1,1,0,ENERGY_DEPLETED
4858,0.05,89.0,49,1,3,0,1,1,GOAL_REACHED
4859,0.05,96.0,46,1,2,0,1,4,GOAL_REACHED
4860,0.05,96.0,46,1,2,0,1,4,GOAL_REACHED
4861,0.05,-40.0,50,0,5,0,1,0,ENERGY_DEPLETED
4862,0.05,104.0,46,1,0,0,1,4,GOAL_REACHED
4863,0.05,-44.0,50,0,6,0,1,0,ENERGY_DEPLETED
4864,0.05,-24.0,50,0,1,0,1,0,ENERGY_DEPLETED
4865,0.05,82.0,47,1,3,1,1,3,GOAL_REACHED
4866,0.05,80.0,46,1,6,0,1,4,GOAL_REACHED
4867,0.05,-32.0,50,0,3,0,1,0,ENERGY_DEPLETED
4868,0.05,-44.0,50,0,6,0,1,0,ENERGY_DEPLETED
4869,0.05,89.0,49,1,3,0,1,1,GOAL_REACHED
4870,0.05,80.0,46,1,6,0,1,4,GOAL_REACHED
4871,0.05,94.0,48,1,2,0,1,2,GOAL_REACHED
4872,0.05,91.0,47,1,3,0,1,3,GOAL_REACHED
4873,0.05,94.0,48,1,2,0,1,2,GOAL_REACHED
4874,0.05,-24.0,50,0,1,0,1,0,ENERGY_DEPLETED
4875,0.05,-32.0,50,0,2,0,1,0,ENERGY_DEPLETED
4876,0.05,86.0,48,1,4,0,1,2,GOAL_REACHED
4877,0.05,81.0,49,1,5,0,1,1,GOAL_REACHED
4878,0.05,-40.0,50,0,5,0,1,0,ENERGY_DEPLETED
4879,0.05,-36.0,50,0,3,0,1,0,ENERGY_DEPLETED
4880,0.05,91.0,47,1,3,0,1,3,GOAL_REACHED
4881,0.05,84.0,50,1,4,0,1,0,GOAL_REACHED
4882,0.05,90.0,44,1,4,0,1,6,GOAL_REACHED
4883,0.05,90.0,44,1,4,0,1,6,GOAL_REACHED
4884,0.05,102.0,48,1,0,0,1,2,GOAL_REACHED
4885,0.05,76.0,50,1,6,0,1,0,GOAL_REACHED
4886,0.05,80.0,46,1,6,0,1,4,GOAL_REACHED
4887,0.05,85.0,48,1,2,1,1,2,GOAL_REACHED
4888,0.05,98.0,44,1,2,0,1,6,GOAL_REACHED
4889,0.05,-40.0,50,0,5,0,1,0,ENERGY_DEPLETED
4890,0.05,80.0,46,1,6,0,1,4,GOAL_REACHED
4891,0.05,90.0,44,1,4,0,1,6,GOAL_REACHED
4892,0.05,91.0,47,1,3,0,1,3,GOAL_REACHED
4893,0.05,94.0,48,1,2,0,1,2,GOAL_REACHED
4894,0.05,98.0,44,1,2,0,1,6,GOAL_REACHED
4895,0.05,87.0,46,1,2,1,1,4,GOAL_REACHED
4896,0.05,-40.0,50,0,5,0,1,0,ENERGY_DEPLETED
4897,0.05,60.0,50,1,10,0,1,0,GOAL_REACHED
4898,0.05,96.0,46,1,2,0,1,4,GOAL_REACHED
4899,0.05,-33.0,50,0,1,1,1,0,ENERGY_DEPLETED
4900,0.05,91.0,47,1,3,0,1,3,GOAL_REACHED
4901,0.05,90.0,47,1,1,1,1,3,GOAL_REACHED
4902,0.05,-32.0,50,0,2,0,1,0,ENERGY_DEPLETED
4903,0.05,-44.0,50,0,6,0,1,0,ENERGY_DEPLETED
4904,0.05,91.0,47,1,3,0,1,3,GOAL_REACHED
4905,0.05,81.0,49,1,5,0,1,1,GOAL_REACHED
4906,0.05,81.0,49,1,5,0,1,1,GOAL_REACHED
4907,0.05,-36.0,50,0,4,0,1,0,ENERGY_DEPLETED
4908,0.05,-24.0,50,0,1,0,1,0,ENERGY_DEPLETED
4909,0.05,96.0,46,1,2,0,1,4,GOAL_REACHED
4910,0.05,99.0,47,1,1,0,1,3,GOAL_REACHED
4911,0.05,91.0,47,1,3,0,1,3,GOAL_REACHED
4912,0.05,78.0,48,1,6,0,1,2,GOAL_REACHED
4913,0.05,-36.0,50,0,4,0,1,0,ENERGY_DEPLETED
4914,0.05,98.0,44,1,2,0,1,6,GOAL_REACHED
4915,0.05,94.0,48,1,2,0,1,2,GOAL_REACHED
4916,0.05,-44.0,50,0,6,0,1,0,ENERGY_DEPLETED
4917,0.05,-56.0,50,0,9,0,1,0,ENERGY_DEPLETED
4918,0.05,-36.0,50,0,4,0,1,0,ENERGY_DEPLETED
4919,0.05,-36.0,50,0,4,0,1,0,ENERGY_DEPLETED
4920,0.05,-32.0,50,0,3,0,1,0,ENERGY_DEPLETED
4921,0.05,-24.0,50,0,1,0,1,0,ENERGY_DEPLETED
4922,0.05,75.0,50,1,4,1,1,0,GOAL_REACHED
4923,0.05,98.0,44,1,2,0,1,6,GOAL_REACHED
4924,0.05,91.0,47,1,3,0,1,3,GOAL_REACHED
4925,0.05,81.0,49,1,5,0,1,1,GOAL_REACHED
4926,0.05,-32.0,50,0,2,0,1,0,ENERGY_DEPLETED
4927,0.05,93.0,48,1,0,1,1,2,GOAL_REACHED
4928,0.05,91.0,47,1,3,0,1,3,GOAL_REACHED
4929,0.05,90.0,44,1,4,0,1,6,GOAL_REACHED
4930,0.05,-56.0,50,0,9,0,1,0,ENERGY_DEPLETED
4931,0.05,78.0,48,1,6,0,1,2,GOAL_REACHED
4932,0.05,-32.0,50,0,3,0,1,0,ENERGY_DEPLETED
4933,0.05,75.0,50,1,4,1,1,0,GOAL_REACHED
4934,0.05,92.0,50,1,2,0,1,0,GOAL_REACHED
4935,0.05,81.0,49,1,5,0,1,1,GOAL_REACHED
4936,0.05,81.0,49,1,5,0,1,1,GOAL_REACHED
4937,0.05,-37.0,50,0,2,1,1,0,ENERGY_DEPLETED
4938,0.05,89.0,49,1,3,0,1,1,GOAL_REACHED
4939,0.05,92.0,50,1,2,0,1,0,GOAL_REACHED
4940,0.05,75.0,47,1,7,0,1,3,GOAL_REACHED
4941,0.05,80.0,46,1,6,0,1,4,GOAL_REACHED
4942,0.05,-44.0,50,0,6,0,1,0,ENERGY_DEPLETED
4943,0.05,106.0,44,1,0,0,1,6,GOAL_REACHED
4944,0.05,-53.0,50,0,6,1,1,0,ENERGY_DEPLETED
4945,0.05,88.0,46,1,4,0,1,4,GOAL_REACHED
4946,0.05,66.0,47,1,7,1,1,3,GOAL_REACHED
4947,0.05,82.0,47,1,3,1,1,3,GOAL_REACHED
4948,0.05,99.0,47,1,1,0,1,3,GOAL_REACHED
4949,0.05,89.0,49,1,3,0,1,1,GOAL_REACHED
4950,0.05,-41.0,50,0,3,1,1,0,ENERGY_DEPLETED
4951,0.05,-28.0,50,0,2,0,1,0,ENERGY_DEPLETED
4952,0.05,-40.0,50,0,5,0,1,0,ENERGY_DEPLETED
4953,0.05,80.0,49,1,3,1,1,1,GOAL_REACHED
4954,0.05,-40.0,50,0,5,0,1,0,ENERGY_DEPLETED
4955,0.05,-24.0,50,0,1,0,1,0,ENERGY_DEPLETED
4956,0.05,80.0,46,1,6,0,1,4,GOAL_REACHED
4957,0.05,-36.0,50,0,4,0,1,0,ENERGY_DEPLETED
4958,0.05,81.0,49,1,5,0,1,1,GOAL_REACHED
4959,0.05,-52.0,50,0,8,0,1,0,ENERGY_DEPLETED
4960,0.05,-52.0,50,0,8,0,1,0,ENERGY_DEPLETED
4961,0.05,-48.0,50,0,7,0,1,0,ENERGY_DEPLETED
4962,0.05,-40.0,50,0,5,0,1,0,ENERGY_DEPLETED
4963,0.05,-57.0,50,0,7,1,1,0,ENERGY_DEPLETED
4964,0.05,80.0,46,1,6,0,1,4,GOAL_REACHED
4965,0.05,81.0,49,1,5,0,1,1,GOAL_REACHED
4966,0.05,75.0,47,1,7,0,1,3,GOAL_REACHED
4967,0.05,72.0,46,1,8,0,1,4,GOAL_REACHED
4968,0.05,-37.0,50,0,2,1,1,0,ENERGY_DEPLETED
4969,0.05,-56.0,50,0,9,0,1,0,ENERGY_DEPLETED
4970,0.05,91.0,47,1,3,0,1,3,GOAL_REACHED
4971,0.05,96.0,46,1,2,0,1,4,GOAL_REACHED
4972,0.05,98.0,44,1,2,0,1,6,GOAL_REACHED
4973,0.05,106.0,44,1,0,0,1,6,GOAL_REACHED
4974,0.05,-61.0,50,0,8,1,1,0,ENERGY_DEPLETED
4975,0.05,80.0,46,1,6,0,1,4,GOAL_REACHED
4976,0.05,98.0,44,1,2,0,1,6,GOAL_REACHED
4977,0.05,-32.0,50,0,3,0,1,0,ENERGY_DEPLETED
4978,0.05,89.0,49,1,3,0,1,1,GOAL_REACHED
4979,0.05,70.0,48,1,8,0,1,2,GOAL_REACHED
4980,0.05,-44.0,50,0,6,0,1,0,ENERGY_DEPLETED
4981,0.05,86.0,48,1,4,0,1,2,GOAL_REACHED
4982,0.05,-41.0,50,0,3,1,1,0,ENERGY_DEPLETED
4983,0.05,-40.0,50,0,5,0,1,0,ENERGY_DEPLETED
4984,0.05,83.0,47,1,5,0,1,3,GOAL_REACHED
4985,0.05,-40.0,50,0,5,0,1,0,ENERGY_DEPLETED
4986,0.05,-44.0,50,0,6,0,1,0,ENERGY_DEPLETED
4987,0.05,-32.0,50,0,3,0,1,0,ENERGY_DEPLETED
4988,0.05,-40.0,50,0,5,0,1,0,ENERGY_DEPLETED
4989,0.05,86.0,48,1,4,0,1,2,GOAL_REACHED
4990,0.05,99.0,47,1,1,0,1,3,GOAL_REACHED
4991,0.05,-36.0,50,0,4,0,1,0,ENERGY_DEPLETED
4992,0.05,88.0,46,1,4,0,1,4,GOAL_REACHED
4993,0.05,81.0,49,1,5,0,1,1,GOAL_REACHED
4994,0.05,86.0,48,1,4,0,1,2,GOAL_REACHED
4995,0.05,-45.0,50,0,4,1,1,0,ENERGY_DEPLETED
4996,0.05,-41.0,50,0,3,1,1,0,ENERGY_DEPLETED
4997,0.05,94.0,48,1,2,0,1,2,GOAL_REACHED
4998,0.05,-36.0,50,0,4,0,1,0,ENERGY_DEPLETED
4999,0.05,-49.0,50,0,4,1,1,0,ENERGY_DEPLETED
5000,0.05,86.0,48,1,4,0,1,2,GOAL_REACHED
5001,0.05,86.0,48,1,4,0,1,2,GOAL_REACHED
5002,0.05,94.0,48,1,2,0,1,2,GOAL_REACHED
5003,0.05,88.0,46,1,4,0,1,4,GOAL_REACHED
5004,0.05,-36.0,50,0,4,0,1,0,ENERGY_DEPLETED
5005,0.05,-36.0,50,0,4,0,1,0,ENERGY_DEPLETED
5006,0.05,-32.0,50,0,3,0,1,0,ENERGY_DEPLETED
5007,0.05,-32.0,50,0,3,0,1,0,ENERGY_DEPLETED
5008,0.05,-36.0,50,0,3,0,1,0,ENERGY_DEPLETED
5009,0.05,-52.0,50,0,8,0,1,0,ENERGY_DEPLETED
5010,0.05,-32.0,50,0,3,0,1,0,ENERGY_DEPLETED
5011,0.05,-28.0,50,0,2,0,1,0,ENERGY_DEPLETED
5012,0.05,84.0,50,1,4,0,1,0,GOAL_REACHED
5013,0.05,89.0,49,1,3,0,1,1,GOAL_REACHED
5014,0.05,-24.0,50,0,1,0,1,0,ENERGY_DEPLETED
5015,0.05,-28.0,50,0,2,0,1,0,ENERGY_DEPLETED
5016,0.05,88.0,46,1,4,0,1,4,GOAL_REACHED
5017,0.05,-32.0,50,0,3,0,1,0,ENERGY_DEPLETED
5018,0.05,-32.0,50,0,3,0,1,0,ENERGY_DEPLETED
5019,0.05,99.0,47,1,1,0,1,3,GOAL_REACHED
5020,0.05,94.0,48,1,2,0,1,2,GOAL_REACHED
5021,0.05,81.0,49,1,5,0,1,1,GOAL_REACHED
5022,0.05,90.0,44,1,4,0,1,6,GOAL_REACHED
5023,0.05,-37.0,50,0,2,1,1,0,ENERGY_DEPLETED
5024,0.05,86.0,48,1,4,0,1,2,GOAL_REACHED
5025,0.05,76.0,50,1,6,0,1,0,GOAL_REACHED
5026,0.05,-53.0,50,0,6,1,1,0,ENERGY_DEPLETED
5027,0.05,91.0,47,1,3,0,1,3,GOAL_REACHED
5028,0.05,76.0,50,1,6,0,1,0,GOAL_REACHED
5029,0.05,88.0,46,1,4,0,1,4,GOAL_REACHED
5030,0.05,-32.0,50,0,3,0,1,0,ENERGY_DEPLETED
5031,0.05,92.0,50,1,2,0,1,0,GOAL_REACHED
5032,0.05,83.0,47,1,5,0,1,3,GOAL_REACHED
5033,0.05,78.0,48,1,6,0,1,2,GOAL_REACHED
5034,0.05,-32.0,50,0,3,0,1,0,ENERGY_DEPLETED
5035,0.05,99.0,47,1,1,0,1,3,GOAL_REACHED
5036,0.05,90.0,44,1,4,0,1,6,GOAL_REACHED
5037,0.05,-44.0,50,0,6,0,1,0,ENERGY_DEPLETED
5038,0.05,91.0,47,1,3,0,1,3,GOAL_REACHED
5039,0.05,-32.0,50,0,3,0,1,0,ENERGY_DEPLETED
5040,0.05,67.0,50,1,6,1,1,0,GOAL_REACHED
5041,0.05,84.0,50,1,4,0,1,0,GOAL_REACHED
5042,0.05,88.0,46,1,4,0,1,4,GOAL_REACHED
5043,0.05,90.0,44,1,4,0,1,6,GOAL_REACHED
5044,0.05,89.0,49,1,3,0,1,1,GOAL_REACHED
5045,0.05,86.0,48,1,4,0,1,2,GOAL_REACHED
5046,0.05,-28.0,50,0,2,0,1,0,ENERGY_DEPLETED
5047,0.05,97.0,44,1,0,1,1,6,GOAL_REACHED
5048,0.05,-28.0,50,0,2,0,1,0,ENERGY_DEPLETED
5049,0.05,-57.0,50,0,7,1,1,0,ENERGY_DEPLETED
5050,0.05,100.0,50,1,0,0,1,0,GOAL_REACHED
5051,0.05,-28.0,50,0,2,0,1,0,ENERGY_DEPLETED
5052,0.05,78.0,48,1,6,0,1,2,GOAL_REACHED
5053,0.05,78.0,48,1,6,0,1,2,GOAL_REACHED
5054,0.05,-24.0,50,0,1,0,1,0,ENERGY_DEPLETED
5055,0.05,81.0,49,1,5,0,1,1,GOAL_REACHED
5056,0.05,-24.0,50,0,1,0,1,0,ENERGY_DEPLETED
5057,0.05,-48.0,50,0,6,0,1,0,ENERGY_DEPLETED
5058,0.05,98.0,44,1,2,0,1,6,GOAL_REACHED
5059,0.05,94.0,48,1,2,0,1,2,GOAL_REACHED
5060,0.05,-36.0,50,0,4,0,1,0,ENERGY_DEPLETED
5061,0.05,88.0,46,1,4,0,1,4,GOAL_REACHED
5062,0.05,80.0,46,1,6,0,1,4,GOAL_REACHED
5063,0.05,70.0,48,1,8,0,1,2,GOAL_REACHED
5064,0.05,-36.0,50,0,4,0,1,0,ENERGY_DEPLETED
5065,0.05,78.0,48,1,6,0,1,2,GOAL_REACHED
5066,0.05,-32.0,50,0,3,0,1,0,ENERGY_DEPLETED
5067,0.05,-24.0,50,0,1,0,1,0,ENERGY_DEPLETED
5068,0.05,98.0,44,1,2,0,1,6,GOAL_REACHED
5069,0.05,-52.0,50,0,8,0,1,0,ENERGY_DEPLETED
5070,0.05,67.0,47,1,9,0,1,3,GOAL_REACHED
5071,0.05,-41.0,50,0,3,1,1,0,ENERGY_DEPLETED
5072,0.05,83.0,47,1,5,0,1,3,GOAL_REACHED
5073,0.05,106.0,44,1,0,0,1,6,GOAL_REACHED
5074,0.05,83.0,47,1,5,0,1,3,GOAL_REACHED
5075,0.05,97.0,49,1,1,0,1,1,GOAL_REACHED
5076,0.05,99.0,47,1,1,0,1,3,GOAL_REACHED
5077,0.05,91.0,47,1,3,0,1,3,GOAL_REACHED
5078,0.05,-48.0,50,0,7,0,1,0,ENERGY_DEPLETED
5079,0.05,91.0,47,1,3,0,1,3,GOAL_REACHED
5080,0.05,85.0,45,1,5,0,1,5,GOAL_REACHED
5081,0.05,86.0,48,1,4,0,1,2,GOAL_REACHED
5082,0.05,-36.0,50,0,4,0,1,0,ENERGY_DEPLETED
5083,0.05,-24.0,50,0,1,0,1,0,ENERGY_DEPLETED
5084,0.05,91.0,47,1,3,0,1,3,GOAL_REACHED
5085,0.05,98.0,44,1,2,0,1,6,GOAL_REACHED
5086,0.05,-62.0,50,0,6,2,1,0,ENERGY_DEPLETED
5087,0.05,-40.0,50,0,5,0,1,0,ENERGY_DEPLETED
5088,0.05,91.0,47,1,3,0,1,3,GOAL_REACHED
5089,0.05,90.0,44,1,4,0,1,6,GOAL_REACHED
5090,0.05,68.0,48,1,4,2,1,2,GOAL_REACHED
5091,0.05,-24.0,50,0,1,0,1,0,ENERGY_DEPLETED
5092,0.05,-36.0,50,0,4,0,1,0,ENERGY_DEPLETED
5093,0.05,98.0,44,1,2,0,1,6,GOAL_REACHED
5094,0.05,-33.0,50,0,1,1,1,0,ENERGY_DEPLETED
5095,0.05,-24.0,50,0,1,0,1,0,ENERGY_DEPLETED
5096,0.05,-44.0,50,0,6,0,1,0,ENERGY_DEPLETED
5097,0.05,75.0,47,1,7,0,1,3,GOAL_REACHED
5098,0.05,-24.0,50,0,1,0,1,0,ENERGY_DEPLETED
5099,0.05,84.0,50,1,4,0,1,0,GOAL_REACHED
5100,0.05,94.0,48,1,2,0,1,2,GOAL_REACHED
5101,0.05,85.0,48,1,2,1,1,2,GOAL_REACHED
5102,0.05,72.0,46,1,8,0,1,4,GOAL_REACHED
5103,0.05,-24.0,50,0,1,0,1,0,ENERGY_DEPLETED
5104,0.05,72.0,49,1,5,1,1,1,GOAL_REACHED
5105,0.05,-52.0,50,0,8,0,1,0,ENERGY_DEPLETED
5106,0.05,-32.0,50,0,3,0,1,0,ENERGY_DEPLETED
5107,0.05,86.0,48,1,4,0,1,2,GOAL_REACHED
5108,0.05,-46.0,50,0,2,2,1,0,ENERGY_DEPLETED
5109,0.05,-36.0,50,0,4,0,1,0,ENERGY_DEPLETED
5110,0.05,88.0,46,1,4,0,1,4,GOAL_REACHED
5111,0.05,-40.0,50,0,5,0,1,0,ENERGY_DEPLETED
5112,0.05,90.0,44,1,4,0,1,6,GOAL_REACHED
5113,0.05,-29.0,50,0,0,1,1,0,ENERGY_DEPLETED
5114,0.05,77.0,48,1,4,1,1,2,GOAL_REACHED
5115,0.05,84.0,50,1,4,0,1,0,GOAL_REACHED
5116,0.05,94.0,48,1,2,0,1,2,GOAL_REACHED
5117,0.05,-24.0,50,0,1,0,1,0,ENERGY_DEPLETED
5118,0.05,96.0,46,1,2,0,1,4,GOAL_REACHED
5119,0.05,-49.0,50,0,5,1,1,0,ENERGY_DEPLETED
5120,0.05,88.0,46,1,4,0,1,4,GOAL_REACHED
5121,0.05,-44.0,50,0,6,0,1,0,ENERGY_DEPLETED
5122,0.05,88.0,46,1,4,0,1,4,GOAL_REACHED
5123,0.05,100.0,50,1,0,0,1,0,GOAL_REACHED
5124,0.05,-28.0,50,0,2,0,1,0,ENERGY_DEPLETED
5125,0.05,83.0,47,1,5,0,1,3,GOAL_REACHED
5126,0.05,-28.0,50,0,2,0,1,0,ENERGY_DEPLETED
5127,0.05,99.0,47,1,1,0,1,3,GOAL_REACHED
5128,0.05,-49.0,50,0,5,1,1,0,ENERGY_DEPLETED
5129,0.05,83.0,50,1,2,1,1,0,GOAL_REACHED
5130,0.05,-32.0,50,0,3,0,1,0,ENERGY_DEPLETED
5131,0.05,86.0,48,1,4,0,1,2,GOAL_REACHED
5132,0.05,89.0,49,1,3,0,1,1,GOAL_REACHED
5133,0.05,76.0,48,1,2,2,1,2,GOAL_REACHED
5134,0.05,82.0,44,1,6,0,1,6,GOAL_REACHED
5135,0.05,-48.0,50,0,7,0,1,0,ENERGY_DEPLETED
5136,0.05,80.0,46,1,6,0,1,4,GOAL_REACHED
5137,0.05,-37.0,50,0,2,1,1,0,ENERGY_DEPLETED
5138,0.05,-45.0,50,0,4,1,1,0,ENERGY_DEPLETED
5139,0.05,-32.0,50,0,3,0,1,0,ENERGY_DEPLETED
5140,0.05,-32.0,50,0,3,0,1,0,ENERGY_DEPLETED
5141,0.05,96.0,46,1,2,0,1,4,GOAL_REACHED
5142,0.05,-29.0,50,0,0,1,1,0,ENERGY_DEPLETED
5143,0.05,-24.0,50,0,1,0,1,0,ENERGY_DEPLETED
5144,0.05,96.0,46,1,2,0,1,4,GOAL_REACHED
5145,0.05,84.0,50,1,4,0,1,0,GOAL_REACHED
5146,0.05,98.0,44,1,2,0,1,6,GOAL_REACHED
5147,0.05,83.0,47,1,5,0,1,3,GOAL_REACHED
5148,0.05,-28.0,50,0,2,0,1,0,ENERGY_DEPLETED
5149,0.05,92.0,50,1,2,0,1,0,GOAL_REACHED
5150,0.05,-24.0,50,0,0,0,1,0,ENERGY_DEPLETED
5151,0.05,90.0,47,1,1,1,1,3,GOAL_REACHED
5152,0.05,68.0,50,1,8,0,1,0,GOAL_REACHED
5153,0.05,-40.0,50,0,5,0,1,0,ENERGY_DEPLETED
5154,0.05,98.0,44,1,2,0,1,6,GOAL_REACHED
5155,0.05,-28.0,50,0,2,0,1,0,ENERGY_DEPLETED
5156,0.05,68.0,50,1,8,0,1,0,GOAL_REACHED
5157,0.05,-29.0,50,0,0,1,1,0,ENERGY_DEPLETED
5158,0.05,-24.0,50,0,1,0,1,0,ENERGY_DEPLETED
5159,0.05,81.0,49,1,5,0,1,1,GOAL_REACHED
5160,0.05,-40.0,50,0,5,0,1,0,ENERGY_DEPLETED
5161,0.05,88.0,46,1,4,0,1,4,GOAL_REACHED
5162,0.05,92.0,50,1,2,0,1,0,GOAL_REACHED
5163,0.05,86.0,48,1,4,0,1,2,GOAL_REACHED
5164,0.05,91.0,47,1,3,0,1,3,GOAL_REACHED
5165,0.05,92.0,50,1,2,0,1,0,GOAL_REACHED
5166,0.05,83.0,47,1,5,0,1,3,GOAL_REACHED
5167,0.05,-40.0,50,0,5,0,1,0,ENERGY_DEPLETED
5168,0.05,90.0,44,1,4,0,1,6,GOAL_REACHED
5169,0.05,98.0,44,1,2,0,1,6,GOAL_REACHED
5170,0.05,96.0,46,1,2,0,1,4,GOAL_REACHED
5171,0.05,-45.0,50,0,4,1,1,0,ENERGY_DEPLETED
5172,0.05,94.0,48,1,2,0,1,2,GOAL_REACHED
5173,0.05,89.0,49,1,3,0,1,1,GOAL_REACHED
5174,0.05,70.0,48,1,8,0,1,2,GOAL_REACHED
5175,0.05,82.0,44,1,6,0,1,6,GOAL_REACHED
5176,0.05,83.0,47,1,5,0,1,3,GOAL_REACHED
5177,0.05,-44.0,50,0,6,0,1,0,ENERGY_DEPLETED
5178,0.05,-40.0,50,0,4,0,1,0,ENERGY_DEPLETED
5179,0.05,92.0,45,1,1,1,1,5,GOAL_REACHED
5180,0.05,84.0,50,1,4,0,1,0,GOAL_REACHED
5181,0.05,94.0,48,1,2,0,1,2,GOAL_REACHED
5182,0.05,-24.0,50,0,1,0,1,0,ENERGY_DEPLETED
5183,0.05,76.0,50,1,6,0,1,0,GOAL_REACHED
5184,0.05,99.0,47,1,1,0,1,3,GOAL_REACHED
5185,0.05,90.0,44,1,4,0,1,6,GOAL_REACHED
5186,0.05,-48.0,50,0,6,0,1,0,ENERGY_DEPLETED
5187,0.05,98.0,44,1,2,0,1,6,GOAL_REACHED
5188,0.05,82.0,47,1,3,1,1,3,GOAL_REACHED
5189,0.05,-36.0,50,0,4,0,1,0,ENERGY_DEPLETED
5190,0.05,-32.0,50,0,3,0,1,0,ENERGY_DEPLETED
5191,0.05,-41.0,50,0,3,1,1,0,ENERGY_DEPLETED
5192,0.05,-24.0,50,0,1,0,1,0,ENERGY_DEPLETED
5193,0.05,76.0,50,1,6,0,1,0,GOAL_REACHED
5194,0.05,76.0,50,1,6,0,1,0,GOAL_REACHED
5195,0.05,91.0,47,1,3,0,1,3,GOAL_REACHED
5196,0.05,99.0,47,1,1,0,1,3,GOAL_REACHED
5197,0.05,-36.0,50,0,4,0,1,0,ENERGY_DEPLETED
5198,0.05,-36.0,50,0,4,0,1,0,ENERGY_DEPLETED
5199,0.05,98.0,44,1,2,0,1,6,GOAL_REACHED
5200,0.05,-53.0,50,0,6,1,1,0,ENERGY_DEPLETED
5201,0.05,94.0,48,1,2,0,1,2,GOAL_REACHED
5202,0.05,-44.0,50,0,6,0,1,0,ENERGY_DEPLETED
5203,0.05,-36.0,50,0,4,0,1,0,ENERGY_DEPLETED
5204,0.05,78.0,48,1,6,0,1,2,GOAL_REACHED
5205,0.05,99.0,47,1,1,0,1,3,GOAL_REACHED
5206,0.05,-28.0,50,0,2,0,1,0,ENERGY_DEPLETED
5207,0.05,92.0,50,1,2,0,1,0,GOAL_REACHED
5208,0.05,75.0,47,1,7,0,1,3,GOAL_REACHED
5209,0.05,90.0,44,1,4,0,1,6,GOAL_REACHED
5210,0.05,84.0,50,1,4,0,1,0,GOAL_REACHED
5211,0.05,91.0,47,1,3,0,1,3,GOAL_REACHED
5212,0.05,-46.0,50,0,2,2,1,0,ENERGY_DEPLETED
5213,0.05,-28.0,50,0,2,0,1,0,ENERGY_DEPLETED
5214,0.05,-36.0,50,0,4,0,1,0,ENERGY_DEPLETED
5215,0.05,77.0,48,1,4,1,1,2,GOAL_REACHED
5216,0.05,-20.0,50,0,0,0,1,0,ENERGY_DEPLETED
5217,0.05,84.0,50,1,4,0,1,0,GOAL_REACHED
5218,0.05,-45.0,50,0,4,1,1,0,ENERGY_DEPLETED
5219,0.05,77.0,48,1,4,1,1,2,GOAL_REACHED
5220,0.05,83.0,50,1,2,1,1,0,GOAL_REACHED
5221,0.05,-32.0,50,0,3,0,1,0,ENERGY_DEPLETED
5222,0.05,-41.0,50,0,3,1,1,0,ENERGY_DEPLETED
5223,0.05,90.0,44,1,4,0,1,6,GOAL_REACHED
5224,0.05,98.0,44,1,2,0,1,6,GOAL_REACHED
5225,0.05,-24.0,50,0,1,0,1,0,ENERGY_DEPLETED
5226,0.05,-48.0,50,0,6,0,1,0,ENERGY_DEPLETED
5227,0.05,-32.0,50,0,2,0,1,0,ENERGY_DEPLETED
5228,0.05,-32.0,50,0,3,0,1,0,ENERGY_DEPLETED
5229,0.05,83.0,47,1,5,0,1,3,GOAL_REACHED
5230,0.05,91.0,47,1,3,0,1,3,GOAL_REACHED
5231,0.05,106.0,44,1,0,0,1,6,GOAL_REACHED
5232,0.05,88.0,46,1,4,0,1,4,GOAL_REACHED
5233,0.05,-40.0,50,0,4,0,1,0,ENERGY_DEPLETED
5234,0.05,-24.0,50,0,1,0,1,0,ENERGY_DEPLETED
5235,0.05,69.0,48,1,6,1,1,2,GOAL_REACHED
5236,0.05,91.0,47,1,3,0,1,3,GOAL_REACHED
5237,0.05,-36.0,50,0,4,0,1,0,ENERGY_DEPLETED
5238,0.05,88.0,46,1,4,0,1,4,GOAL_REACHED
5239,0.05,-36.0,50,0,4,0,1,0,ENERGY_DEPLETED
5240,0.05,85.0,48,1,2,1,1,2,GOAL_REACHED
5241,0.05,106.0,44,1,0,0,1,6,GOAL_REACHED
5242,0.05,91.0,47,1,3,0,1,3,GOAL_REACHED
5243,0.05,91.0,47,1,3,0,1,3,GOAL_REACHED
5244,0.05,-40.0,50,0,4,0,1,0,ENERGY_DEPLETED
5245,0.05,83.0,47,1,5,0,1,3,GOAL_REACHED
5246,0.05,92.0,50,1,2,0,1,0,GOAL_REACHED
5247,0.05,-38.0,50,0,0,2,1,0,ENERGY_DEPLETED
5248,0.05,-28.0,50,0,2,0,1,0,ENERGY_DEPLETED
5249,0.05,84.0,50,1,4,0,1,0,GOAL_REACHED
5250,0.05,92.0,50,1,2,0,1,0,GOAL_REACHED
5251,0.05,-44.0,50,0,6,0,1,0,ENERGY_DEPLETED
5252,0.05,-48.0,50,0,6,0,1,0,ENERGY_DEPLETED
5253,0.05,83.0,47,1,5,0,1,3,GOAL_REACHED
5254,0.05,94.0,48,1,2,0,1,2,GOAL_REACHED
5255,0.05,-40.0,50,0,5,0,1,0,ENERGY_DEPLETED
5256,0.05,-36.0,50,0,4,0,1,0,ENERGY_DEPLETED
5257,0.05,-40.0,50,0,5,0,1,0,ENERGY_DEPLETED
5258,0.05,73.0,49,1,7,0,1,1,GOAL_REACHED
5259,0.05,87.0,46,1,2,1,1,4,GOAL_REACHED
5260,0.05,78.0,48,1,6,0,1,2,GOAL_REACHED
5261,0.05,82.0,44,1,6,0,1,6,GOAL_REACHED
5262,0.05,86.0,48,1,4,0,1,2,GOAL_REACHED
5263,0.05,76.0,50,1,6,0,1,0,GOAL_REACHED
5264,0.05,89.0,49,1,3,0,1,1,GOAL_REACHED
5265,0.05,-44.0,50,0,6,0,1,0,ENERGY_DEPLETED
5266,0.05,-49.0,50,0,4,1,1,0,ENERGY_DEPLETED
5267,0.05,75.0,47,1,7,0,1,3,GOAL_REACHED
5268,0.05,-36.0,50,0,4,0,1,0,ENERGY_DEPLETED
5269,0.05,82.0,47,1,3,1,1,3,GOAL_REACHED
5270,0.05,-40.0,50,0,4,0,1,0,ENERGY_DEPLETED
5271,0.05,84.0,50,1,4,0,1,0,GOAL_REACHED
5272,0.05,-48.0,50,0,7,0,1,0,ENERGY_DEPLETED
5273,0.05,-32.0,50,0,3,0,1,0,ENERGY_DEPLETED
5274,0.05,73.0,49,1,7,0,1,1,GOAL_REACHED
5275,0.05,70.0,48,1,8,0,1,2,GOAL_REACHED
5276,0.05,98.0,44,1,2,0,1,6,GOAL_REACHED
5277,0.05,-44.0,50,0,6,0,1,0,ENERGY_DEPLETED
5278,0.05,81.0,49,1,5,0,1,1,GOAL_REACHED
5279,0.05,-32.0,50,0,2,0,1,0,ENERGY_DEPLETED
5280,0.05,94.0,48,1,2,0,1,2,GOAL_REACHED
5281,0.05,91.0,47,1,3,0,1,3,GOAL_REACHED
5282,0.05,-36.0,50,0,4,0,1,0,ENERGY_DEPLETED
5283,0.05,78.0,48,1,6,0,1,2,GOAL_REACHED
5284,0.05,92.0,50,1,2,0,1,0,GOAL_REACHED
5285,0.05,78.0,48,1,6,0,1,2,GOAL_REACHED
5286,0.05,-36.0,50,0,4,0,1,0,ENERGY_DEPLETED
5287,0.05,94.0,48,1,2,0,1,2,GOAL_REACHED
5288,0.05,84.0,50,1,4,0,1,0,GOAL_REACHED
5289,0.05,-28.0,50,0,2,0,1,0,ENERGY_DEPLETED
5290,0.05,-36.0,50,0,4,0,1,0,ENERGY_DEPLETED
5291,0.05,-36.0,50,0,4,0,1,0,ENERGY_DEPLETED
5292,0.05,-36.0,50,0,4,0,1,0,ENERGY_DEPLETED
5293,0.05,-44.0,50,0,6,0,1,0,ENERGY_DEPLETED
5294,0.05,-50.0,50,0,3,2,1,0,ENERGY_DEPLETED
5295,0.05,-45.0,50,0,4,1,1,0,ENERGY_DEPLETED
5296,0.05,96.0,46,1,2,0,1,4,GOAL_REACHED
5297,0.05,90.0,44,1,4,0,1,6,GOAL_REACHED
5298,0.05,-32.0,50,0,3,0,1,0,ENERGY_DEPLETED
5299,0.05,99.0,47,1,1,0,1,3,GOAL_REACHED
5300,0.05,-40.0,50,0,5,0,1,0,ENERGY_DEPLETED
5301,0.05,91.0,47,1,3,0,1,3,GOAL_REACHED
5302,0.05,-32.0,50,0,3,0,1,0,ENERGY_DEPLETED
5303,0.05,91.0,47,1,3,0,1,3,GOAL_REACHED
5304,0.05,92.0,50,1,2,0,1,0,GOAL_REACHED
5305,0.05,98.0,44,1,2,0,1,6,GOAL_REACHED
5306,0.05,91.0,47,1,3,0,1,3,GOAL_REACHED
5307,0.05,86.0,48,1,4,0,1,2,GOAL_REACHED
5308,0.05,-32.0,50,0,3,0,1,0,ENERGY_DEPLETED
5309,0.05,66.0,47,1,7,1,1,3,GOAL_REACHED
5310,0.05,-28.0,50,0,2,0,1,0,ENERGY_DEPLETED
5311,0.05,88.0,46,1,4,0,1,4,GOAL_REACHED
5312,0.05,99.0,47,1,1,0,1,3,GOAL_REACHED
5313,0.05,69.0,48,1,6,1,1,2,GOAL_REACHED
5314,0.05,83.0,47,1,5,0,1,3,GOAL_REACHED
5315,0.05,-32.0,50,0,3,0,1,0,ENERGY_DEPLETED
5316,0.05,76.0,50,1,6,0,1,0,GOAL_REACHED
5317,0.05,75.0,50,1,4,1,1,0,GOAL_REACHED
5318,0.05,-40.0,50,0,4,0,1,0,ENERGY_DEPLETED
5319,0.05,86.0,48,1,4,0,1,2,GOAL_REACHED
5320,0.05,92.0,50,1,2,0,1,0,GOAL_REACHED
5321,0.05,84.0,50,1,4,0,1,0,GOAL_REACHED
5322,0.05,75.0,50,1,4,1,1,0,GOAL_REACHED
5323,0.05,-28.0,50,0,2,0,1,0,ENERGY_DEPLETED
5324,0.05,-36.0,50,0,4,0,1,0,ENERGY_DEPLETED
5325,0.05,61.0,48,1,8,1,1,2,GOAL_REACHED
5326,0.05,92.0,50,1,2,0,1,0,GOAL_REACHED
5327,0.05,91.0,47,1,3,0,1,3,GOAL_REACHED
5328,0.05,-32.0,50,0,3,0,1,0,ENERGY_DEPLETED
5329,0.05,-36.0,50,0,4,0,1,0,ENERGY_DEPLETED
5330,0.05,-24.0,50,0,1,0,1,0,ENERGY_DEPLETED
5331,0.05,94.0,48,1,2,0,1,2,GOAL_REACHED
5332,0.05,83.0,50,1,2,1,1,0,GOAL_REACHED
5333,0.05,81.0,49,1,5,0,1,1,GOAL_REACHED
5334,0.05,72.0,49,1,5,1,1,1,GOAL_REACHED
5335,0.05,91.0,47,1,3,0,1,3,GOAL_REACHED
5336,0.05,84.0,50,1,4,0,1,0,GOAL_REACHED
5337,0.05,86.0,48,1,4,0,1,2,GOAL_REACHED
5338,0.05,-36.0,50,0,4,0,1,0,ENERGY_DEPLETED
5339,0.05,-32.0,50,0,3,0,1,0,ENERGY_DEPLETED
5340,0.05,-49.0,50,0,5,1,1,0,ENERGY_DEPLETED
5341,0.05,84.0,50,1,4,0,1,0,GOAL_REACHED
5342,0.05,73.0,49,1,7,0,1,1,GOAL_REACHED
5343,0.05,66.0,47,1,7,1,1,3,GOAL_REACHED
5344,0.05,77.0,48,1,4,1,1,2,GOAL_REACHED
5345,0.05,-61.0,50,0,8,1,1,0,ENERGY_DEPLETED
5346,0.05,82.0,44,1,6,0,1,6,GOAL_REACHED
5347,0.05,90.0,44,1,4,0,1,6,GOAL_REACHED
5348,0.05,84.0,50,1,4,0,1,0,GOAL_REACHED
5349,0.05,80.0,49,1,3,1,1,1,GOAL_REACHED
5350,0.05,-28.0,50,0,2,0,1,0,ENERGY_DEPLETED
5351,0.05,91.0,47,1,3,0,1,3,GOAL_REACHED
5352,0.05,99.0,47,1,1,0,1,3,GOAL_REACHED
5353,0.05,76.0,50,1,6,0,1,0,GOAL_REACHED
5354,0.05,86.0,48,1,4,0,1,2,GOAL_REACHED
5355,0.05,-28.0,50,0,2,0,1,0,ENERGY_DEPLETED
5356,0.05,-28.0,50,0,2,0,1,0,ENERGY_DEPLETED
5357,0.05,-40.0,50,0,5,0,1,0,ENERGY_DEPLETED
5358,0.05,94.0,48,1,2,0,1,2,GOAL_REACHED
5359,0.05,75.0,50,1,4,1,1,0,GOAL_REACHED
5360,0.05,99.0,47,1,1,0,1,3,GOAL_REACHED
5361,0.05,-40.0,50,0,4,0,1,0,ENERGY_DEPLETED
5362,0.05,-24.0,50,0,1,0,1,0,ENERGY_DEPLETED
5363,0.05,-44.0,50,0,6,0,1,0,ENERGY_DEPLETED
5364,0.05,99.0,47,1,1,0,1,3,GOAL_REACHED
5365,0.05,-36.0,50,0,4,0,1,0,ENERGY_DEPLETED
5366,0.05,91.0,47,1,3,0,1,3,GOAL_REACHED
5367,0.05,76.0,50,1,6,0,1,0,GOAL_REACHED
5368,0.05,-40.0,50,0,5,0,1,0,ENERGY_DEPLETED
5369,0.05,-48.0,50,0,7,0,1,0,ENERGY_DEPLETED
5370,0.05,83.0,47,1,5,0,1,3,GOAL_REACHED
5371,0.05,-44.0,50,0,6,0,1,0,ENERGY_DEPLETED
5372,0.05,-56.0,50,0,9,0,1,0,ENERGY_DEPLETED
5373,0.05,99.0,47,1,1,0,1,3,GOAL_REACHED
5374,0.05,91.0,47,1,3,0,1,3,GOAL_REACHED
5375,0.05,-65.0,50,0,8,1,1,0,ENERGY_DEPLETED
5376,0.05,86.0,48,1,4,0,1,2,GOAL_REACHED
5377,0.05,97.0,49,1,1,0,1,1,GOAL_REACHED
5378,0.05,98.0,44,1,2,0,1,6,GOAL_REACHED
5379,0.05,76.0,50,1,6,0,1,0,GOAL_REACHED
5380,0.05,-48.0,50,0,7,0,1,0,ENERGY_DEPLETED
5381,0.05,-48.0,50,0,7,0,1,0,ENERGY_DEPLETED
5382,0.05,82.0,44,1,6,0,1,6,GOAL_REACHED
5383,0.05,92.0,50,1,2,0,1,0,GOAL_REACHED
5384,0.05,-32.0,50,0,3,0,1,0,ENERGY_DEPLETED
5385,0.05,-32.0,50,0,3,0,1,0,ENERGY_DEPLETED
5386,0.05,74.0,47,1,5,1,1,3,GOAL_REACHED
5387,0.05,-40.0,50,0,5,0,1,0,ENERGY_DEPLETED
5388,0.05,94.0,48,1,2,0,1,2,GOAL_REACHED
5389,0.05,88.0,46,1,4,0,1,4,GOAL_REACHED
5390,0.05,-33.0,50,0,1,1,1,0,ENERGY_DEPLETED
5391,0.05,78.0,48,1,6,0,1,2,GOAL_REACHED
5392,0.05,-32.0,50,0,2,0,1,0,ENERGY_DEPLETED
5393,0.05,-36.0,50,0,4,0,1,0,ENERGY_DEPLETED
5394,0.05,76.0,50,1,6,0,1,0,GOAL_REACHED
5395,0.05,-45.0,50,0,4,1,1,0,ENERGY_DEPLETED
5396,0.05,94.0,48,1,2,0,1,2,GOAL_REACHED
5397,0.05,88.0,46,1,4,0,1,4,GOAL_REACHED
5398,0.05,89.0,49,1,3,0,1,1,GOAL_REACHED
5399,0.05,90.0,44,1,4,0,1,6,GOAL_REACHED
5400,0.05,-40.0,50,0,5,0,1,0,ENERGY_DEPLETED
5401,0.05,88.0,46,1,4,0,1,4,GOAL_REACHED
5402,0.05,98.0,44,1,2,0,1,6,GOAL_REACHED
5403,0.05,96.0,46,1,2,0,1,4,GOAL_REACHED
5404,0.05,83.0,47,1,5,0,1,3,GOAL_REACHED
5405,0.05,-53.0,50,0,6,1,1,0,ENERGY_DEPLETED
5406,0.05,70.0,48,1,8,0,1,2,GOAL_REACHED
5407,0.05,98.0,44,1,2,0,1,6,GOAL_REACHED
5408,0.05,-37.0,50,0,2,1,1,0,ENERGY_DEPLETED
5409,0.05,-32.0,50,0,3,0,1,0,ENERGY_DEPLETED
5410,0.05,-36.0,50,0,4,0,1,0,ENERGY_DEPLETED
5411,0.05,98.0,44,1,2,0,1,6,GOAL_REACHED
5412,0.05,90.0,44,1,4,0,1,6,GOAL_REACHED
5413,0.05,-32.0,50,0,3,0,1,0,ENERGY_DEPLETED
5414,0.05,-40.0,50,0,5,0,1,0,ENERGY_DEPLETED
5415,0.05,86.0,48,1,4,0,1,2,GOAL_REACHED
5416,0.05,-40.0,50,0,5,0,1,0,ENERGY_DEPLETED
5417,0.05,99.0,47,1,1,0,1,3,GOAL_REACHED
5418,0.05,81.0,49,1,5,0,1,1,GOAL_REACHED
5419,0.05,86.0,48,1,4,0,1,2,GOAL_REACHED
5420,0.05,68.0,50,1,8,0,1,0,GOAL_REACHED
5421,0.05,66.0,47,1,7,1,1,3,GOAL_REACHED
5422,0.05,61.0,48,1,8,1,1,2,GOAL_REACHED
5423,0.05,99.0,47,1,1,0,1,3,GOAL_REACHED
5424,0.05,-32.0,50,0,3,0,1,0,ENERGY_DEPLETED
5425,0.05,-44.0,50,0,6,0,1,0,ENERGY_DEPLETED
5426,0.05,-40.0,50,0,5,0,1,0,ENERGY_DEPLETED
5427,0.05,-36.0,50,0,4,0,1,0,ENERGY_DEPLETED
5428,0.05,73.0,49,1,7,0,1,1,GOAL_REACHED
5429,0.05,80.0,46,1,6,0,1,4,GOAL_REACHED
5430,0.05,83.0,47,1,5,0,1,3,GOAL_REACHED
5431,0.05,84.0,50,1,4,0,1,0,GOAL_REACHED
5432,0.05,79.0,46,1,4,1,1,4,GOAL_REACHED
5433,0.05,-28.0,50,0,2,0,1,0,ENERGY_DEPLETED
5434,0.05,-32.0,50,0,3,0,1,0,ENERGY_DEPLETED
5435,0.05,83.0,47,1,5,0,1,3,GOAL_REACHED
5436,0.05,86.0,48,1,4,0,1,2,GOAL_REACHED
5437,0.05,-28.0,50,0,2,0,1,0,ENERGY_DEPLETED
5438,0.05,88.0,46,1,4,0,1,4,GOAL_REACHED
5439,0.05,79.0,46,1,4,1,1,4,GOAL_REACHED
5440,0.05,-32.0,50,0,3,0,1,0,ENERGY_DEPLETED
5441,0.05,-28.0,50,0,2,0,1,0,ENERGY_DEPLETED
5442,0.05,67.0,50,1,6,1,1,0,GOAL_REACHED
5443,0.05,98.0,44,1,2,0,1,6,GOAL_REACHED
5444,0.05,98.0,44,1,2,0,1,6,GOAL_REACHED
5445,0.05,-36.0,50,0,4,0,1,0,ENERGY_DEPLETED
5446,0.05,82.0,44,1,6,0,1,6,GOAL_REACHED
5447,0.05,98.0,44,1,2,0,1,6,GOAL_REACHED
5448,0.05,80.0,46,1,6,0,1,4,GOAL_REACHED
5449,0.05,88.0,46,1,4,0,1,4,GOAL_REACHED
5450,0.05,85.0,48,1,2,1,1,2,GOAL_REACHED
5451,0.05,91.0,47,1,3,0,1,3,GOAL_REACHED
5452,0.05,91.0,47,1,3,0,1,3,GOAL_REACHED
5453,0.05,96.0,46,1,2,0,1,4,GOAL_REACHED
5454,0.05,-48.0,50,0,7,0,1,0,ENERGY_DEPLETED
5455,0.05,90.0,44,1,4,0,1,6,GOAL_REACHED
5456,0.05,86.0,48,1,4,0,1,2,GOAL_REACHED
5457,0.05,-49.0,50,0,4,1,1,0,ENERGY_DEPLETED
5458,0.05,70.0,48,1,8,0,1,2,GOAL_REACHED
5459,0.05,-48.0,50,0,7,0,1,0,ENERGY_DEPLETED
5460,0.05,91.0,47,1,3,0,1,3,GOAL_REACHED
5461,0.05,83.0,47,1,5,0,1,3,GOAL_REACHED
5462,0.05,98.0,44,1,2,0,1,6,GOAL_REACHED
5463,0.05,96.0,46,1,2,0,1,4,GOAL_REACHED
5464,0.05,98.0,44,1,2,0,1,6,GOAL_REACHED
5465,0.05,-40.0,50,0,5,0,1,0,ENERGY_DEPLETED
5466,0.05,-44.0,50,0,6,0,1,0,ENERGY_DEPLETED
5467,0.05,82.0,47,1,3,1,1,3,GOAL_REACHED
5468,0.05,78.0,48,1,6,0,1,2,GOAL_REACHED
5469,0.05,96.0,46,1,2,0,1,4,GOAL_REACHED
5470,0.05,75.0,47,1,7,0,1,3,GOAL_REACHED
5471,0.05,-32.0,50,0,3,0,1,0,ENERGY_DEPLETED
5472,0.05,91.0,47,1,3,0,1,3,GOAL_REACHED
5473,0.05,-28.0,50,0,2,0,1,0,ENERGY_DEPLETED
5474,0.05,80.0,46,1,6,0,1,4,GOAL_REACHED
5475,0.05,76.0,50,1,6,0,1,0,GOAL_REACHED
5476,0.05,-20.0,50,0,0,0,1,0,ENERGY_DEPLETED
5477,0.05,89.0,49,1,3,0,1,1,GOAL_REACHED
5478,0.05,84.0,50,1,4,0,1,0,GOAL_REACHED
5479,0.05,91.0,47,1,3,0,1,3,GOAL_REACHED
5480,0.05,-28.0,50,0,2,0,1,0,ENERGY_DEPLETED
5481,0.05,76.0,48,1,2,2,1,2,GOAL_REACHED
5482,0.05,80.0,46,1,6,0,1,4,GOAL_REACHED
5483,0.05,72.0,46,1,8,0,1,4,GOAL_REACHED
5484,0.05,98.0,44,1,2,0,1,6,GOAL_REACHED
5485,0.05,-28.0,50,0,2,0,1,0,ENERGY_DEPLETED
5486,0.05,83.0,47,1,5,0,1,3,GOAL_REACHED
5487,0.05,78.0,48,1,6,0,1,2,GOAL_REACHED
5488,0.05,78.0,48,1,6,0,1,2,GOAL_REACHED
5489,0.05,87.0,46,1,2,1,1,4,GOAL_REACHED
5490,0.05,-36.0,50,0,4,0,1,0,ENERGY_DEPLETED
5491,0.05,99.0,47,1,1,0,1,3,GOAL_REACHED
5492,0.05,86.0,48,1,4,0,1,2,GOAL_REACHED
5493,0.05,-44.0,50,0,6,0,1,0,ENERGY_DEPLETED
5494,0.05,-36.0,50,0,4,0,1,0,ENERGY_DEPLETED
5495,0.05,80.0,46,1,6,0,1,4,GOAL_REACHED
5496,0.05,96.0,46,1,2,0,1,4,GOAL_REACHED
5497,0.05,85.0,48,1,2,1,1,2,GOAL_REACHED
5498,0.05,91.0,47,1,3,0,1,3,GOAL_REACHED
5499,0.05,106.0,44,1,0,0,1,6,GOAL_REACHED
5500,0.05,-24.0,50,0,1,0,1,0,ENERGY_DEPLETED
5501,0.05,-44.0,50,0,6,0,1,0,ENERGY_DEPLETED
5502,0.05,106.0,44,1,0,0,1,6,GOAL_REACHED
5503,0.05,86.0,48,1,4,0,1,2,GOAL_REACHED
5504,0.05,-28.0,50,0,2,0,1,0,ENERGY_DEPLETED
5505,0.05,94.0,48,1,2,0,1,2,GOAL_REACHED
5506,0.05,68.0,50,1,8,0,1,0,GOAL_REACHED
5507,0.05,86.0,48,1,4,0,1,2,GOAL_REACHED
5508,0.05,-28.0,50,0,2,0,1,0,ENERGY_DEPLETED
5509,0.05,-45.0,50,0,3,1,1,0,ENERGY_DEPLETED
5510,0.05,94.0,48,1,2,0,1,2,GOAL_REACHED
5511,0.05,-44.0,50,0,6,0,1,0,ENERGY_DEPLETED
5512,0.05,-36.0,50,0,4,0,1,0,ENERGY_DEPLETED
5513,0.05,90.0,47,1,1,1,1,3,GOAL_REACHED
5514,0.05,87.0,46,1,2,1,1,4,GOAL_REACHED
5515,0.05,94.0,48,1,2,0,1,2,GOAL_REACHED
5516,0.05,78.0,48,1,6,0,1,2,GOAL_REACHED
5517,0.05,92.0,50,1,2,0,1,0,GOAL_REACHED
5518,0.05,98.0,44,1,2,0,1,6,GOAL_REACHED
5519,0.05,-48.0,50,0,7,0,1,0,ENERGY_DEPLETED
5520,0.05,106.0,44,1,0,0,1,6,GOAL_REACHED
5521,0.05,85.0,48,1,2,1,1,2,GOAL_REACHED
5522,0.05,96.0,46,1,2,0,1,4,GOAL_REACHED
5523,0.05,88.0,46,1,4,0,1,4,GOAL_REACHED
5524,0.05,-36.0,50,0,4,0,1,0,ENERGY_DEPLETED
5525,0.05,95.0,46,1,0,1,1,4,GOAL_REACHED
5526,0.05,-32.0,50,0,3,0,1,0,ENERGY_DEPLETED
5527,0.05,-28.0,50,0,2,0,1,0,ENERGY_DEPLETED
5528,0.05,-44.0,50,0,6,0,1,0,ENERGY_DEPLETED
5529,0.05,88.0,46,1,4,0,1,4,GOAL_REACHED
5530,0.05,80.0,46,1,6,0,1,4,GOAL_REACHED
5531,0.05,96.0,46,1,2,0,1,4,GOAL_REACHED
5532,0.05,94.0,48,1,2,0,1,2,GOAL_REACHED
5533,0.05,84.0,50,1,4,0,1,0,GOAL_REACHED
5534,0.05,86.0,48,1,4,0,1,2,GOAL_REACHED
5535,0.05,-36.0,50,0,4,0,1,0,ENERGY_DEPLETED
5536,0.05,79.0,46,1,4,1,1,4,GOAL_REACHED
5537,0.05,88.0,46,1,4,0,1,4,GOAL_REACHED
5538,0.05,-41.0,50,0,2,1,1,0,ENERGY_DEPLETED
5539,0.05,-28.0,50,0,2,0,1,0,ENERGY_DEPLETED
5540,0.05,-37.0,50,0,2,1,1,0,ENERGY_DEPLETED
5541,0.05,-32.0,50,0,3,0,1,0,ENERGY_DEPLETED
5542,0.05,-40.0,50,0,5,0,1,0,ENERGY_DEPLETED
5543,0.05,97.0,49,1,1,0,1,1,GOAL_REACHED
5544,0.05,75.0,50,1,4,1,1,0,GOAL_REACHED
5545,0.05,86.0,48,1,4,0,1,2,GOAL_REACHED
5546,0.05,-24.0,50,0,1,0,1,0,ENERGY_DEPLETED
5547,0.05,83.0,47,1,5,0,1,3,GOAL_REACHED
5548,0.05,-62.0,50,0,6,2,1,0,ENERGY_DEPLETED
5549,0.05,84.0,50,1,4,0,1,0,GOAL_REACHED
5550,0.05,-48.0,50,0,6,0,1,0,ENERGY_DEPLETED
5551,0.05,-20.0,50,0,0,0,1,0,ENERGY_DEPLETED
5552,0.05,86.0,48,1,4,0,1,2,GOAL_REACHED
5553,0.05,-60.0,50,0,10,0,1,0,ENERGY_DEPLETED
5554,0.05,-48.0,50,0,7,0,1,0,ENERGY_DEPLETED
5555,0.05,76.0,50,1,6,0,1,0,GOAL_REACHED
5556,0.05,86.0,48,1,4,0,1,2,GOAL_REACHED
5557,0.05,-36.0,50,0,4,0,1,0,ENERGY_DEPLETED
5558,0.05,84.0,50,1,4,0,1,0,GOAL_REACHED
5559,0.05,-45.0,50,0,4,1,1,0,ENERGY_DEPLETED
5560,0.05,-36.0,50,0,4,0,1,0,ENERGY_DEPLETED
5561,0.05,-41.0,50,0,3,1,1,0,ENERGY_DEPLETED
5562,0.05,84.0,50,1,4,0,1,0,GOAL_REACHED
5563,0.05,90.0,44,1,4,0,1,6,GOAL_REACHED
5564,0.05,-36.0,50,0,4,0,1,0,ENERGY_DEPLETED
5565,0.05,-41.0,50,0,2,1,1,0,ENERGY_DEPLETED
5566,0.05,-36.0,50,0,4,0,1,0,ENERGY_DEPLETED
5567,0.05,86.0,48,1,4,0,1,2,GOAL_REACHED
5568,0.05,84.0,50,1,4,0,1,0,GOAL_REACHED
5569,0.05,86.0,48,1,4,0,1,2,GOAL_REACHED
5570,0.05,76.0,50,1,6,0,1,0,GOAL_REACHED
5571,0.05,97.0,49,1,1,0,1,1,GOAL_REACHED
5572,0.05,-28.0,50,0,2,0,1,0,ENERGY_DEPLETED
5573,0.05,73.0,49,1,7,0,1,1,GOAL_REACHED
5574,0.05,-48.0,50,0,7,0,1,0,ENERGY_DEPLETED
5575,0.05,79.0,46,1,4,1,1,4,GOAL_REACHED
5576,0.05,-56.0,50,0,9,0,1,0,ENERGY_DEPLETED
5577,0.05,88.0,46,1,4,0,1,4,GOAL_REACHED
5578,0.05,96.0,46,1,2,0,1,4,GOAL_REACHED
5579,0.05,-48.0,50,0,7,0,1,0,ENERGY_DEPLETED
5580,0.05,-32.0,50,0,3,0,1,0,ENERGY_DEPLETED
5581,0.05,-46.0,50,0,2,2,1,0,ENERGY_DEPLETED
5582,0.05,78.0,48,1,6,0,1,2,GOAL_REACHED
5583,0.05,102.0,48,1,0,0,1,2,GOAL_REACHED
5584,0.05,96.0,46,1,2,0,1,4,GOAL_REACHED
5585,0.05,70.0,48,1,8,0,1,2,GOAL_REACHED
5586,0.05,-40.0,50,0,4,0,1,0,ENERGY_DEPLETED
5587,0.05,89.0,49,1,3,0,1,1,GOAL_REACHED
5588,0.05,-44.0,50,0,6,0,1,0,ENERGY_DEPLETED
5589,0.05,74.0,47,1,5,1,1,3,GOAL_REACHED
5590,0.05,82.0,44,1,6,0,1,6,GOAL_REACHED
5591,0.05,-67.0,50,0,5,3,1,0,ENERGY_DEPLETED
5592,0.05,83.0,47,1,5,0,1,3,GOAL_REACHED
5593,0.05,-53.0,50,0,6,1,1,0,ENERGY_DEPLETED
5594,0.05,-28.0,50,0,2,0,1,0,ENERGY_DEPLETED
5595,0.05,-32.0,50,0,3,0,1,0,ENERGY_DEPLETED
5596,0.05,85.0,48,1,2,1,1,2,GOAL_REACHED
5597,0.05,-28.0,50,0,2,0,1,0,ENERGY_DEPLETED
5598,0.05,-24.0,50,0,1,0,1,0,ENERGY_DEPLETED
5599,0.05,91.0,47,1,3,0,1,3,GOAL_REACHED
5600,0.05,94.0,48,1,2,0,1,2,GOAL_REACHED
5601,0.05,-37.0,50,0,2,1,1,0,ENERGY_DEPLETED
5602,0.05,-32.0,50,0,3,0,1,0,ENERGY_DEPLETED
5603,0.05,-49.0,50,0,5,1,1,0,ENERGY_DEPLETED
5604,0.05,96.0,46,1,2,0,1,4,GOAL_REACHED
5605,0.05,82.0,44,1,6,0,1,6,GOAL_REACHED
5606,0.05,91.0,47,1,3,0,1,3,GOAL_REACHED
5607,0.05,-32.0,50,0,3,0,1,0,ENERGY_DEPLETED
5608,0.05,88.0,46,1,4,0,1,4,GOAL_REACHED
5609,0.05,94.0,48,1,2,0,1,2,GOAL_REACHED
5610,0.05,69.0,48,1,6,1,1,2,GOAL_REACHED
5611,0.05,98.0,44,1,2,0,1,6,GOAL_REACHED
5612,0.05,89.0,49,1,3,0,1,1,GOAL_REACHED
5613,0.05,92.0,50,1,2,0,1,0,GOAL_REACHED
5614,0.05,80.0,46,1,6,0,1,4,GOAL_REACHED
5615,0.05,96.0,46,1,2,0,1,4,GOAL_REACHED
5616,0.05,88.0,46,1,4,0,1,4,GOAL_REACHED
5617,0.05,-44.0,50,0,6,0,1,0,ENERGY_DEPLETED
5618,0.05,88.0,46,1,4,0,1,4,GOAL_REACHED
5619,0.05,92.0,50,1,2,0,1,0,GOAL_REACHED
5620,0.05,94.0,48,1,2,0,1,2,GOAL_REACHED
5621,0.05,94.0,48,1,2,0,1,2,GOAL_REACHED
5622,0.05,-36.0,50,0,4,0,1,0,ENERGY_DEPLETED
5623,0.05,-40.0,50,0,5,0,1,0,ENERGY_DEPLETED
5624,0.05,-28.0,50,0,2,0,1,0,ENERGY_DEPLETED
5625,0.05,90.0,44,1,4,0,1,6,GOAL_REACHED
5626,0.05,-40.0,50,0,5,0,1,0,ENERGY_DEPLETED
5627,0.05,88.0,46,1,4,0,1,4,GOAL_REACHED
5628,0.05,92.0,50,1,2,0,1,0,GOAL_REACHED
5629,0.05,-40.0,50,0,5,0,1,0,ENERGY_DEPLETED
5630,0.05,91.0,47,1,3,0,1,3,GOAL_REACHED
5631,0.05,96.0,46,1,2,0,1,4,GOAL_REACHED
5632,0.05,-36.0,50,0,3,0,1,0,ENERGY_DEPLETED
5633,0.05,97.0,49,1,1,0,1,1,GOAL_REACHED
5634,0.05,65.0,49,1,9,0,1,1,GOAL_REACHED
5635,0.05,80.0,46,1,6,0,1,4,GOAL_REACHED
5636,0.05,-32.0,50,0,2,0,1,0,ENERGY_DEPLETED
5637,0.05,80.0,46,1,6,0,1,4,GOAL_REACHED
5638,0.05,96.0,46,1,2,0,1,4,GOAL_REACHED
5639,0.05,-50.0,50,0,3,2,1,0,ENERGY_DEPLETED
5640,0.05,-36.0,50,0,4,0,1,0,ENERGY_DEPLETED
5641,0.05,-20.0,50,0,0,0,1,0,ENERGY_DEPLETED
5642,0.05,-61.0,50,0,8,1,1,0,ENERGY_DEPLETED
5643,0.05,-28.0,50,0,2,0,1,0,ENERGY_DEPLETED
5644,0.05,76.0,50,1,6,0,1,0,GOAL_REACHED
5645,0.05,91.0,47,1,3,0,1,3,GOAL_REACHED
5646,0.05,88.0,46,1,4,0,1,4,GOAL_REACHED
5647,0.05,84.0,50,1,4,0,1,0,GOAL_REACHED
5648,0.05,91.0,47,1,3,0,1,3,GOAL_REACHED
5649,0.05,96.0,46,1,2,0,1,4,GOAL_REACHED
5650,0.05,86.0,48,1,4,0,1,2,GOAL_REACHED
5651,0.05,78.0,48,1,6,0,1,2,GOAL_REACHED
5652,0.05,-36.0,50,0,4,0,1,0,ENERGY_DEPLETED
5653,0.05,-32.0,50,0,3,0,1,0,ENERGY_DEPLETED
5654,0.05,-44.0,50,0,6,0,1,0,ENERGY_DEPLETED
5655,0.05,-57.0,50,0,7,1,1,0,ENERGY_DEPLETED
5656,0.05,-32.0,50,0,3,0,1,0,ENERGY_DEPLETED
5657,0.05,-24.0,50,0,1,0,1,0,ENERGY_DEPLETED
5658,0.05,80.0,46,1,6,0,1,4,GOAL_REACHED
5659,0.05,-36.0,50,0,4,0,1,0,ENERGY_DEPLETED
5660,0.05,96.0,46,1,2,0,1,4,GOAL_REACHED
5661,0.05,-32.0,50,0,3,0,1,0,ENERGY_DEPLETED
5662,0.05,81.0,49,1,5,0,1,1,GOAL_REACHED
5663,0.05,86.0,48,1,4,0,1,2,GOAL_REACHED
5664,0.05,102.0,48,1,0,0,1,2,GOAL_REACHED
5665,0.05,90.0,44,1,4,0,1,6,GOAL_REACHED
5666,0.05,82.0,47,1,3,1,1,3,GOAL_REACHED
5667,0.05,-32.0,50,0,3,0,1,0,ENERGY_DEPLETED
5668,0.05,-24.0,50,0,1,0,1,0,ENERGY_DEPLETED
5669,0.05,-36.0,50,0,4,0,1,0,ENERGY_DEPLETED
5670,0.05,-44.0,50,0,6,0,1,0,ENERGY_DEPLETED
5671,0.05,-36.0,50,0,4,0,1,0,ENERGY_DEPLETED
5672,0.05,94.0,48,1,2,0,1,2,GOAL_REACHED
5673,0.05,-40.0,50,0,5,0,1,0,ENERGY_DEPLETED
5674,0.05,-48.0,50,0,6,0,1,0,ENERGY_DEPLETED
5675,0.05,-36.0,50,0,4,0,1,0,ENERGY_DEPLETED
5676,0.05,-32.0,50,0,3,0,1,0,ENERGY_DEPLETED
5677,0.05,91.0,47,1,3,0,1,3,GOAL_REACHED
5678,0.05,84.0,50,1,4,0,1,0,GOAL_REACHED
5679,0.05,87.0,46,1,2,1,1,4,GOAL_REACHED
5680,0.05,90.0,44,1,4,0,1,6,GOAL_REACHED
5681,0.05,86.0,48,1,4,0,1,2,GOAL_REACHED
5682,0.05,90.0,44,1,4,0,1,6,GOAL_REACHED
5683,0.05,-28.0,50,0,2,0,1,0,ENERGY_DEPLETED
5684,0.05,96.0,46,1,2,0,1,4,GOAL_REACHED
5685,0.05,83.0,50,1,2,1,1,0,GOAL_REACHED
5686,0.05,88.0,46,1,4,0,1,4,GOAL_REACHED
5687,0.05,86.0,48,1,4,0,1,2,GOAL_REACHED
5688,0.05,98.0,44,1,2,0,1,6,GOAL_REACHED
5689,0.05,86.0,48,1,4,0,1,2,GOAL_REACHED
5690,0.05,75.0,50,1,4,1,1,0,GOAL_REACHED
5691,0.05,72.0,49,1,5,1,1,1,GOAL_REACHED
5692,0.05,98.0,44,1,2,0,1,6,GOAL_REACHED
5693,0.05,-40.0,50,0,4,0,1,0,ENERGY_DEPLETED
5694,0.05,92.0,50,1,2,0,1,0,GOAL_REACHED
5695,0.05,75.0,47,1,7,0,1,3,GOAL_REACHED
5696,0.05,88.0,46,1,4,0,1,4,GOAL_REACHED
5697,0.05,-40.0,50,0,5,0,1,0,ENERGY_DEPLETED
5698,0.05,80.0,46,1,6,0,1,4,GOAL_REACHED
5699,0.05,80.0,46,1,6,0,1,4,GOAL_REACHED
5700,0.05,86.0,48,1,4,0,1,2,GOAL_REACHED
5701,0.05,86.0,48,1,4,0,1,2,GOAL_REACHED
5702,0.05,90.0,47,1,1,1,1,3,GOAL_REACHED
5703,0.05,74.0,44,1,8,0,1,6,GOAL_REACHED
5704,0.05,-48.0,50,0,6,0,1,0,ENERGY_DEPLETED
5705,0.05,91.0,47,1,3,0,1,3,GOAL_REACHED
5706,0.05,-36.0,50,0,4,0,1,0,ENERGY_DEPLETED
5707,0.05,-28.0,50,0,2,0,1,0,ENERGY_DEPLETED
5708,0.05,73.0,49,1,7,0,1,1,GOAL_REACHED
5709,0.05,88.0,46,1,4,0,1,4,GOAL_REACHED
5710,0.05,104.0,46,1,0,0,1,4,GOAL_REACHED
5711,0.05,-24.0,50,0,1,0,1,0,ENERGY_DEPLETED
5712,0.05,-24.0,50,0,1,0,1,0,ENERGY_DEPLETED
5713,0.05,-32.0,50,0,3,0,1,0,ENERGY_DEPLETED
5714,0.05,-24.0,50,0,0,0,1,0,ENERGY_DEPLETED
5715,0.05,-45.0,50,0,4,1,1,0,ENERGY_DEPLETED
5716,0.05,-32.0,50,0,3,0,1,0,ENERGY_DEPLETED
5717,0.05,-41.0,50,0,3,1,1,0,ENERGY_DEPLETED
5718,0.05,70.0,48,1,8,0,1,2,GOAL_REACHED
5719,0.05,91.0,47,1,3,0,1,3,GOAL_REACHED
5720,0.05,79.0,46,1,4,1,1,4,GOAL_REACHED
5721,0.05,-40.0,50,0,5,0,1,0,ENERGY_DEPLETED
5722,0.05,-53.0,50,0,6,1,1,0,ENERGY_DEPLETED
5723,0.05,-20.0,50,0,0,0,1,0,ENERGY_DEPLETED
5724,0.05,-28.0,50,0,2,0,1,0,ENERGY_DEPLETED
5725,0.05,82.0,44,1,6,0,1,6,GOAL_REACHED
5726,0.05,-32.0,50,0,3,0,1,0,ENERGY_DEPLETED
5727,0.05,-56.0,50,0,9,0,1,0,ENERGY_DEPLETED
5728,0.05,-20.0,50,0,0,0,1,0,ENERGY_DEPLETED
5729,0.05,96.0,46,1,2,0,1,4,GOAL_REACHED
5730,0.05,88.0,46,1,4,0,1,4,GOAL_REACHED
5731,0.05,86.0,48,1,4,0,1,2,GOAL_REACHED
5732,0.05,69.0,48,1,6,1,1,2,GOAL_REACHED
5733,0.05,-28.0,50,0,2,0,1,0,ENERGY_DEPLETED
5734,0.05,89.0,49,1,3,0,1,1,GOAL_REACHED
5735,0.05,-36.0,50,0,4,0,1,0,ENERGY_DEPLETED
5736,0.05,-24.0,50,0,1,0,1,0,ENERGY_DEPLETED
5737,0.05,91.0,47,1,3,0,1,3,GOAL_REACHED
5738,0.05,-32.0,50,0,2,0,1,0,ENERGY_DEPLETED
5739,0.05,86.0,48,1,4,0,1,2,GOAL_REACHED
5740,0.05,89.0,49,1,3,0,1,1,GOAL_REACHED
5741,0.05,92.0,50,1,2,0,1,0,GOAL_REACHED
5742,0.05,-20.0,50,0,0,0,1,0,ENERGY_DEPLETED
5743,0.05,73.0,49,1,7,0,1,1,GOAL_REACHED
5744,0.05,-40.0,50,0,5,0,1,0,ENERGY_DEPLETED
5745,0.05,-28.0,50,0,2,0,1,0,ENERGY_DEPLETED
5746,0.05,97.0,49,1,1,0,1,1,GOAL_REACHED
5747,0.05,83.0,50,1,2,1,1,0,GOAL_REACHED
5748,0.05,88.0,46,1,4,0,1,4,GOAL_REACHED
5749,0.05,-36.0,50,0,4,0,1,0,ENERGY_DEPLETED
5750,0.05,80.0,46,1,6,0,1,4,GOAL_REACHED
5751,0.05,83.0,47,1,5,0,1,3,GOAL_REACHED
5752,0.05,-49.0,50,0,5,1,1,0,ENERGY_DEPLETED
5753,0.05,68.0,50,1,8,0,1,0,GOAL_REACHED
5754,0.05,-44.0,50,0,6,0,1,0,ENERGY_DEPLETED
5755,0.05,72.0,46,1,8,0,1,4,GOAL_REACHED
5756,0.05,-44.0,50,0,6,0,1,0,ENERGY_DEPLETED
5757,0.05,-20.0,50,0,0,0,1,0,ENERGY_DEPLETED
5758,0.05,-28.0,50,0,2,0,1,0,ENERGY_DEPLETED
5759,0.05,83.0,47,1,5,0,1,3,GOAL_REACHED
5760,0.05,75.0,47,1,7,0,1,3,GOAL_REACHED
5761,0.05,80.0,46,1,6,0,1,4,GOAL_REACHED
5762,0.05,80.0,49,1,3,1,1,1,GOAL_REACHED
5763,0.05,83.0,47,1,5,0,1,3,GOAL_REACHED
5764,0.05,88.0,46,1,4,0,1,4,GOAL_REACHED
5765,0.05,-41.0,50,0,3,1,1,0,ENERGY_DEPLETED
5766,0.05,88.0,46,1,4,0,1,4,GOAL_REACHED
5767,0.05,90.0,44,1,4,0,1,6,GOAL_REACHED
5768,0.05,-32.0,50,0,3,0,1,0,ENERGY_DEPLETED
5769,0.05,-48.0,50,0,7,0,1,0,ENERGY_DEPLETED
5770,0.05,-28.0,50,0,2,0,1,0,ENERGY_DEPLETED
5771,0.05,94.0,48,1,2,0,1,2,GOAL_REACHED
5772,0.05,-56.0,50,0,8,0,1,0,ENERGY_DEPLETED
5773,0.05,68.0,50,1,8,0,1,0,GOAL_REACHED
5774,0.05,-40.0,50,0,5,0,1,0,ENERGY_DEPLETED
5775,0.05,-32.0,50,0,3,0,1,0,ENERGY_DEPLETED
5776,0.05,76.0,50,1,6,0,1,0,GOAL_REACHED
5777,0.05,-20.0,50,0,0,0,1,0,ENERGY_DEPLETED
5778,0.05,70.0,48,1,8,0,1,2,GOAL_REACHED
5779,0.05,96.0,46,1,2,0,1,4,GOAL_REACHED
5780,0.05,94.0,48,1,2,0,1,2,GOAL_REACHED
5781,0.05,-32.0,50,0,2,0,1,0,ENERGY_DEPLETED
5782,0.05,-24.0,50,0,1,0,1,0,ENERGY_DEPLETED
5783,0.05,81.0,49,1,5,0,1,1,GOAL_REACHED
5784,0.05,90.0,44,1,4,0,1,6,GOAL_REACHED
5785,0.05,-36.0,50,0,4,0,1,0,ENERGY_DEPLETED
5786,0.05,90.0,44,1,4,0,1,6,GOAL_REACHED
5787,0.05,83.0,47,1,5,0,1,3,GOAL_REACHED
5788,0.05,84.0,50,1,4,0,1,0,GOAL_REACHED
5789,0.05,70.0,48,1,8,0,1,2,GOAL_REACHED
5790,0.05,106.0,44,1,0,0,1,6,GOAL_REACHED
5791,0.05,106.0,44,1,0,0,1,6,GOAL_REACHED
5792,0.05,-41.0,50,0,3,1,1,0,ENERGY_DEPLETED
5793,0.05,73.0,49,1,7,0,1,1,GOAL_REACHED
5794,0.05,84.0,50,1,4,0,1,0,GOAL_REACHED
5795,0.05,90.0,44,1,4,0,1,6,GOAL_REACHED
5796,0.05,-24.0,50,0,1,0,1,0,ENERGY_DEPLETED
5797,0.05,69.0,48,1,6,1,1,2,GOAL_REACHED
5798,0.05,-48.0,50,0,7,0,1,0,ENERGY_DEPLETED
5799,0.05,-41.0,50,0,2,1,1,0,ENERGY_DEPLETED
5800,0.05,68.0,50,1,8,0,1,0,GOAL_REACHED
5801,0.05,-53.0,50,0,6,1,1,0,ENERGY_DEPLETED
5802,0.05,91.0,47,1,3,0,1,3,GOAL_REACHED
5803,0.05,83.0,47,1,5,0,1,3,GOAL_REACHED
5804,0.05,-41.0,50,0,2,1,1,0,ENERGY_DEPLETED
5805,0.05,76.0,50,1,6,0,1,0,GOAL_REACHED
5806,0.05,-24.0,50,0,0,0,1,0,ENERGY_DEPLETED
5807,0.05,94.0,48,1,2,0,1,2,GOAL_REACHED
5808,0.05,88.0,46,1,4,0,1,4,GOAL_REACHED
5809,0.05,-24.0,50,0,1,0,1,0,ENERGY_DEPLETED
5810,0.05,-32.0,50,0,3,0,1,0,ENERGY_DEPLETED
5811,0.05,-36.0,50,0,4,0,1,0,ENERGY_DEPLETED
5812,0.05,-32.0,50,0,3,0,1,0,ENERGY_DEPLETED
5813,0.05,96.0,46,1,2,0,1,4,GOAL_REACHED
5814,0.05,-28.0,50,0,2,0,1,0,ENERGY_DEPLETED
5815,0.05,98.0,44,1,2,0,1,6,GOAL_REACHED
5816,0.05,-36.0,50,0,4,0,1,0,ENERGY_DEPLETED
5817,0.05,83.0,50,1,2,1,1,0,GOAL_REACHED
5818,0.05,76.0,50,1,6,0,1,0,GOAL_REACHED
5819,0.05,-20.0,50,0,0,0,1,0,ENERGY_DEPLETED
5820,0.05,75.0,47,1,7,0,1,3,GOAL_REACHED
5821,0.05,90.0,44,1,4,0,1,6,GOAL_REACHED
5822,0.05,-52.0,50,0,8,0,1,0,ENERGY_DEPLETED
5823,0.05,106.0,44,1,0,0,1,6,GOAL_REACHED
5824,0.05,86.0,48,1,4,0,1,2,GOAL_REACHED
5825,0.05,-52.0,50,0,8,0,1,0,ENERGY_DEPLETED
5826,0.05,99.0,47,1,1,0,1,3,GOAL_REACHED
5827,0.05,71.0,46,1,6,1,1,4,GOAL_REACHED
5828,0.05,91.0,47,1,3,0,1,3,GOAL_REACHED
5829,0.05,-56.0,50,0,8,0,1,0,ENERGY_DEPLETED
5830,0.05,104.0,46,1,0,0,1,4,GOAL_REACHED
5831,0.05,-36.0,50,0,4,0,1,0,ENERGY_DEPLETED
5832,0.05,76.0,50,1,6,0,1,0,GOAL_REACHED
5833,0.05,88.0,46,1,4,0,1,4,GOAL_REACHED
5834,0.05,96.0,46,1,2,0,1,4,GOAL_REACHED
5835,0.05,92.0,50,1,2,0,1,0,GOAL_REACHED
5836,0.05,-53.0,50,0,6,1,1,0,ENERGY_DEPLETED
5837,0.05,-28.0,50,0,2,0,1,0,ENERGY_DEPLETED
5838,0.05,78.0,48,1,6,0,1,2,GOAL_REACHED
5839,0.05,-28.0,50,0,2,0,1,0,ENERGY_DEPLETED
5840,0.05,88.0,46,1,4,0,1,4,GOAL_REACHED
5841,0.05,88.0,46,1,4,0,1,4,GOAL_REACHED
5842,0.05,89.0,49,1,3,0,1,1,GOAL_REACHED
5843,0.05,101.0,45,1,1,0,1,5,GOAL_REACHED
5844,0.05,-32.0,50,0,3,0,1,0,ENERGY_DEPLETED
5845,0.05,-28.0,50,0,2,0,1,0,ENERGY_DEPLETED
5846,0.05,82.0,47,1,3,1,1,3,GOAL_REACHED
5847,0.05,78.0,48,1,6,0,1,2,GOAL_REACHED
5848,0.05,104.0,46,1,0,0,1,4,GOAL_REACHED
5849,0.05,-28.0,50,0,2,0,1,0,ENERGY_DEPLETED
5850,0.05,76.0,50,1,6,0,1,0,GOAL_REACHED
5851,0.05,74.0,50,1,2,2,1,0,GOAL_REACHED
5852,0.05,-24.0,50,0,0,0,1,0,ENERGY_DEPLETED
5853,0.05,88.0,46,1,4,0,1,4,GOAL_REACHED
5854,0.05,98.0,44,1,2,0,1,6,GOAL_REACHED
5855,0.05,-37.0,50,0,2,1,1,0,ENERGY_DEPLETED
5856,0.05,96.0,46,1,2,0,1,4,GOAL_REACHED
5857,0.05,-49.0,50,0,4,1,1,0,ENERGY_DEPLETED
5858,0.05,-41.0,50,0,3,1,1,0,ENERGY_DEPLETED
5859,0.05,78.0,48,1,6,0,1,2,GOAL_REACHED
5860,0.05,94.0,48,1,2,0,1,2,GOAL_REACHED
5861,0.05,-36.0,50,0,4,0,1,0,ENERGY_DEPLETED
5862,0.05,104.0,46,1,0,0,1,4,GOAL_REACHED
5863,0.05,98.0,44,1,2,0,1,6,GOAL_REACHED
5864,0.05,85.0,45,1,5,0,1,5,GOAL_REACHED
5865,0.05,91.0,47,1,3,0,1,3,GOAL_REACHED
5866,0.05,-24.0,50,0,1,0,1,0,ENERGY_DEPLETED
5867,0.05,65.0,49,1,9,0,1,1,GOAL_REACHED
5868,0.05,88.0,46,1,4,0,1,4,GOAL_REACHED
5869,0.05,-40.0,50,0,4,0,1,0,ENERGY_DEPLETED
5870,0.05,88.0,46,1,4,0,1,4,GOAL_REACHED
5871,0.05,94.0,48,1,2,0,1,2,GOAL_REACHED
5872,0.05,77.0,48,1,4,1,1,2,GOAL_REACHED
5873,0.05,-24.0,50,0,1,0,1,0,ENERGY_DEPLETED
5874,0.05,98.0,44,1,2,0,1,6,GOAL_REACHED
5875,0.05,-36.0,50,0,4,0,1,0,ENERGY_DEPLETED
5876,0.05,96.0,46,1,2,0,1,4,GOAL_REACHED
5877,0.05,-36.0,50,0,4,0,1,0,ENERGY_DEPLETED
5878,0.05,-57.0,50,0,7,1,1,0,ENERGY_DEPLETED
5879,0.05,80.0,46,1,6,0,1,4,GOAL_REACHED
5880,0.05,82.0,44,1,6,0,1,6,GOAL_REACHED
5881,0.05,-46.0,50,0,2,2,1,0,ENERGY_DEPLETED
5882,0.05,-24.0,50,0,1,0,1,0,ENERGY_DEPLETED
5883,0.05,-44.0,50,0,6,0,1,0,ENERGY_DEPLETED
5884,0.05,-48.0,50,0,7,0,1,0,ENERGY_DEPLETED
5885,0.05,84.0,50,1,4,0,1,0,GOAL_REACHED
5886,0.05,91.0,47,1,3,0,1,3,GOAL_REACHED
5887,0.05,88.0,46,1,4,0,1,4,GOAL_REACHED
5888,0.05,98.0,44,1,2,0,1,6,GOAL_REACHED
5889,0.05,-54.0,50,0,4,2,1,0,ENERGY_DEPLETED
5890,0.05,73.0,49,1,7,0,1,1,GOAL_REACHED
5891,0.05,92.0,50,1,2,0,1,0,GOAL_REACHED
5892,0.05,96.0,46,1,2,0,1,4,GOAL_REACHED
5893,0.05,-28.0,50,0,2,0,1,0,ENERGY_DEPLETED
5894,0.05,92.0,50,1,2,0,1,0,GOAL_REACHED
5895,0.05,97.0,49,1,1,0,1,1,GOAL_REACHED
5896,0.05,83.0,50,1,2,1,1,0,GOAL_REACHED
5897,0.05,89.0,49,1,3,0,1,1,GOAL_REACHED
5898,0.05,88.0,46,1,4,0,1,4,GOAL_REACHED
5899,0.05,-36.0,50,0,4,0,1,0,ENERGY_DEPLETED
5900,0.05,86.0,48,1,4,0,1,2,GOAL_REACHED
5901,0.05,-32.0,50,0,3,0,1,0,ENERGY_DEPLETED
5902,0.05,84.0,50,1,4,0,1,0,GOAL_REACHED
5903,0.05,91.0,47,1,3,0,1,3,GOAL_REACHED
5904,0.05,90.0,44,1,4,0,1,6,GOAL_REACHED
5905,0.05,82.0,47,1,3,1,1,3,GOAL_REACHED
5906,0.05,90.0,44,1,4,0,1,6,GOAL_REACHED
5907,0.05,84.0,50,1,4,0,1,0,GOAL_REACHED
5908,0.05,-40.0,50,0,5,0,1,0,ENERGY_DEPLETED
5909,0.05,-20.0,50,0,0,0,1,0,ENERGY_DEPLETED
5910,0.05,81.0,49,1,5,0,1,1,GOAL_REACHED
5911,0.05,-32.0,50,0,3,0,1,0,ENERGY_DEPLETED
5912,0.05,97.0,49,1,1,0,1,1,GOAL_REACHED
5913,0.05,86.0,48,1,4,0,1,2,GOAL_REACHED
5914,0.05,89.0,49,1,3,0,1,1,GOAL_REACHED
5915,0.05,78.0,48,1,6,0,1,2,GOAL_REACHED
5916,0.05,-36.0,50,0,4,0,1,0,ENERGY_DEPLETED
5917,0.05,98.0,44,1,2,0,1,6,GOAL_REACHED
5918,0.05,-24.0,50,0,1,0,1,0,ENERGY_DEPLETED
5919,0.05,-49.0,50,0,5,1,1,0,ENERGY_DEPLETED
5920,0.05,-48.0,50,0,7,0,1,0,ENERGY_DEPLETED
5921,0.05,84.0,50,1,4,0,1,0,GOAL_REACHED
5922,0.05,-45.0,50,0,4,1,1,0,ENERGY_DEPLETED
5923,0.05,100.0,50,1,0,0,1,0,GOAL_REACHED
5924,0.05,86.0,48,1,4,0,1,2,GOAL_REACHED
5925,0.05,-28.0,50,0,2,0,1,0,ENERGY_DEPLETED
5926,0.05,-32.0,50,0,3,0,1,0,ENERGY_DEPLETED
5927,0.05,-40.0,50,0,4,0,1,0,ENERGY_DEPLETED
5928,0.05,-32.0,50,0,3,0,1,0,ENERGY_DEPLETED
5929,0.05,-53.0,50,0,6,1,1,0,ENERGY_DEPLETED
5930,0.05,-24.0,50,0,1,0,1,0,ENERGY_DEPLETED
5931,0.05,-48.0,50,0,7,0,1,0,ENERGY_DEPLETED
5932,0.05,-28.0,50,0,2,0,1,0,ENERGY_DEPLETED
5933,0.05,91.0,47,1,3,0,1,3,GOAL_REACHED
5934,0.05,88.0,46,1,4,0,1,4,GOAL_REACHED
5935,0.05,90.0,44,1,4,0,1,6,GOAL_REACHED
5936,0.05,81.0,49,1,5,0,1,1,GOAL_REACHED
5937,0.05,91.0,47,1,3,0,1,3,GOAL_REACHED
5938,0.05,82.0,44,1,6,0,1,6,GOAL_REACHED
5939,0.05,-32.0,50,0,3,0,1,0,ENERGY_DEPLETED
5940,0.05,88.0,46,1,4,0,1,4,GOAL_REACHED
5941,0.05,90.0,44,1,4,0,1,6,GOAL_REACHED
5942,0.05,-49.0,50,0,5,1,1,0,ENERGY_DEPLETED
5943,0.05,94.0,48,1,2,0,1,2,GOAL_REACHED
5944,0.05,88.0,46,1,4,0,1,4,GOAL_REACHED
5945,0.05,106.0,44,1,0,0,1,6,GOAL_REACHED
5946,0.05,106.0,44,1,0,0,1,6,GOAL_REACHED
5947,0.05,-32.0,50,0,3,0,1,0,ENERGY_DEPLETED
5948,0.05,-32.0,50,0,3,0,1,0,ENERGY_DEPLETED
5949,0.05,76.0,50,1,6,0,1,0,GOAL_REACHED
5950,0.05,91.0,47,1,3,0,1,3,GOAL_REACHED
5951,0.05,88.0,46,1,4,0,1,4,GOAL_REACHED
5952,0.05,-32.0,50,0,3,0,1,0,ENERGY_DEPLETED
5953,0.05,91.0,47,1,3,0,1,3,GOAL_REACHED
5954,0.05,-32.0,50,0,3,0,1,0,ENERGY_DEPLETED
5955,0.05,78.0,48,1,6,0,1,2,GOAL_REACHED
5956,0.05,106.0,44,1,0,0,1,6,GOAL_REACHED
5957,0.05,-33.0,50,0,1,1,1,0,ENERGY_DEPLETED
5958,0.05,-32.0,50,0,3,0,1,0,ENERGY_DEPLETED
5959,0.05,-48.0,50,0,7,0,1,0,ENERGY_DEPLETED
5960,0.05,-50.0,50,0,2,2,1,0,ENERGY_DEPLETED
5961,0.05,84.0,50,1,4,0,1,0,GOAL_REACHED
5962,0.05,-50.0,50,0,3,2,1,0,ENERGY_DEPLETED
5963,0.05,-32.0,50,0,3,0,1,0,ENERGY_DEPLETED
5964,0.05,-48.0,50,0,6,0,1,0,ENERGY_DEPLETED
5965,0.05,73.0,49,1,7,0,1,1,GOAL_REACHED
5966,0.05,-40.0,50,0,5,0,1,0,ENERGY_DEPLETED
5967,0.05,91.0,47,1,3,0,1,3,GOAL_REACHED
5968,0.05,-32.0,50,0,3,0,1,0,ENERGY_DEPLETED
5969,0.05,-41.0,50,0,3,1,1,0,ENERGY_DEPLETED
5970,0.05,-40.0,50,0,5,0,1,0,ENERGY_DEPLETED
5971,0.05,104.0,46,1,0,0,1,4,GOAL_REACHED
5972,0.05,91.0,47,1,3,0,1,3,GOAL_REACHED
5973,0.05,98.0,44,1,2,0,1,6,GOAL_REACHED
5974,0.05,-28.0,50,0,2,0,1,0,ENERGY_DEPLETED
5975,0.05,-24.0,50,0,1,0,1,0,ENERGY_DEPLETED
5976,0.05,80.0,49,1,3,1,1,1,GOAL_REACHED
5977,0.05,-40.0,50,0,5,0,1,0,ENERGY_DEPLETED
5978,0.05,-37.0,50,0,2,1,1,0,ENERGY_DEPLETED
5979,0.05,86.0,48,1,4,0,1,2,GOAL_REACHED
5980,0.05,91.0,47,1,3,0,1,3,GOAL_REACHED
5981,0.05,88.0,49,1,1,1,1,1,GOAL_REACHED
5982,0.05,88.0,46,1,4,0,1,4,GOAL_REACHED
5983,0.05,96.0,46,1,2,0,1,4,GOAL_REACHED
5984,0.05,83.0,47,1,5,0,1,3,GOAL_REACHED
5985,0.05,88.0,46,1,4,0,1,4,GOAL_REACHED
5986,0.05,-32.0,50,0,3,0,1,0,ENERGY_DEPLETED
5987,0.05,88.0,46,1,4,0,1,4,GOAL_REACHED
5988,0.05,98.0,44,1,2,0,1,6,GOAL_REACHED
5989,0.05,81.0,49,1,5,0,1,1,GOAL_REACHED
5990,0.05,-32.0,50,0,3,0,1,0,ENERGY_DEPLETED
5991,0.05,-28.0,50,0,2,0,1,0,ENERGY_DEPLETED
5992,0.05,96.0,46,1,2,0,1,4,GOAL_REACHED
5993,0.05,88.0,46,1,4,0,1,4,GOAL_REACHED
5994,0.05,102.0,48,1,0,0,1,2,GOAL_REACHED
5995,0.05,-28.0,50,0,1,0,1,0,ENERGY_DEPLETED
5996,0.05,-74.0,50,0,9,2,1,0,ENERGY_DEPLETED
5997,0.05,-49.0,50,0,5,1,1,0,ENERGY_DEPLETED
5998,0.05,98.0,44,1,2,0,1,6,GOAL_REACHED
5999,0.05,80.0,46,1,6,0,1,4,GOAL_REACHED
6000,0.05,90.0,44,1,4,0,1,6,GOAL_REACHED
6001,0.05,84.0,50,1,4,0,1,0,GOAL_REACHED
6002,0.05,70.0,48,1,8,0,1,2,GOAL_REACHED
6003,0.05,88.0,46,1,4,0,1,4,GOAL_REACHED
6004,0.05,86.0,48,1,4,0,1,2,GOAL_REACHED
6005,0.05,-102.0,50,0,8,0,0,0,ENERGY_DEPLETED
6006,0.05,-52.0,50,0,8,0,1,0,ENERGY_DEPLETED
6007,0.05,97.0,49,1,1,0,1,1,GOAL_REACHED
6008,0.05,90.0,44,1,4,0,1,6,GOAL_REACHED
6009,0.05,91.0,47,1,3,0,1,3,GOAL_REACHED
6010,0.05,80.0,46,1,6,0,1,4,GOAL_REACHED
6011,0.05,98.0,44,1,2,0,1,6,GOAL_REACHED
6012,0.05,-40.0,50,0,5,0,1,0,ENERGY_DEPLETED
6013,0.05,89.0,49,1,3,0,1,1,GOAL_REACHED
6014,0.05,-32.0,50,0,3,0,1,0,ENERGY_DEPLETED
6015,0.05,-28.0,50,0,2,0,1,0,ENERGY_DEPLETED
6016,0.05,94.0,48,1,2,0,1,2,GOAL_REACHED
6017,0.05,-48.0,50,0,7,0,1,0,ENERGY_DEPLETED
6018,0.05,89.0,49,1,3,0,1,1,GOAL_REACHED
6019,0.05,90.0,44,1,4,0,1,6,GOAL_REACHED
6020,0.05,91.0,47,1,3,0,1,3,GOAL_REACHED
6021,0.05,89.0,49,1,3,0,1,1,GOAL_REACHED
6022,0.05,99.0,47,1,1,0,1,3,GOAL_REACHED
6023,0.05,86.0,48,1,4,0,1,2,GOAL_REACHED
6024,0.05,-36.0,50,0,4,0,1,0,ENERGY_DEPLETED
6025,0.05,88.0,46,1,4,0,1,4,GOAL_REACHED
6026,0.05,84.0,50,1,4,0,1,0,GOAL_REACHED
6027,0.05,-57.0,50,0,7,1,1,0,ENERGY_DEPLETED
6028,0.05,88.0,46,1,4,0,1,4,GOAL_REACHED
6029,0.05,-28.0,50,0,2,0,1,0,ENERGY_DEPLETED
6030,0.05,-53.0,50,0,6,1,1,0,ENERGY_DEPLETED
6031,0.05,79.0,46,1,4,1,1,4,GOAL_REACHED
6032,0.05,104.0,46,1,0,0,1,4,GOAL_REACHED
6033,0.05,104.0,46,1,0,0,1,4,GOAL_REACHED
6034,0.05,-32.0,50,0,3,0,1,0,ENERGY_DEPLETED
6035,0.05,-24.0,50,0,1,0,1,0,ENERGY_DEPLETED
6036,0.05,92.0,50,1,2,0,1,0,GOAL_REACHED
6037,0.05,-44.0,50,0,6,0,1,0,ENERGY_DEPLETED
6038,0.05,94.0,48,1,2,0,1,2,GOAL_REACHED
6039,0.05,86.0,48,1,4,0,1,2,GOAL_REACHED
6040,0.05,-41.0,50,0,2,1,1,0,ENERGY_DEPLETED
6041,0.05,94.0,48,1,2,0,1,2,GOAL_REACHED
6042,0.05,88.0,46,1,4,0,1,4,GOAL_REACHED
6043,0.05,94.0,48,1,2,0,1,2,GOAL_REACHED
6044,0.05,91.0,47,1,3,0,1,3,GOAL_REACHED
6045,0.05,82.0,47,1,3,1,1,3,GOAL_REACHED
6046,0.05,64.0,46,1,10,0,1,4,GOAL_REACHED
6047,0.05,-36.0,50,0,4,0,1,0,ENERGY_DEPLETED
6048,0.05,-40.0,50,0,4,0,1,0,ENERGY_DEPLETED
6049,0.05,99.0,47,1,1,0,1,3,GOAL_REACHED
6050,0.05,-86.0,50,0,4,0,0,0,ENERGY_DEPLETED
6051,0.05,-32.0,50,0,3,0,1,0,ENERGY_DEPLETED
6052,0.05,75.0,47,1,7,0,1,3,GOAL_REACHED
6053,0.05,-28.0,50,0,2,0,1,0,ENERGY_DEPLETED
6054,0.05,61.0,48,1,8,1,1,2,GOAL_REACHED
6055,0.05,-44.0,50,0,6,0,1,0,ENERGY_DEPLETED
6056,0.05,-20.0,50,0,0,0,1,0,ENERGY_DEPLETED
6057,0.05,72.0,49,1,5,1,1,1,GOAL_REACHED
6058,0.05,92.0,50,1,2,0,1,0,GOAL_REACHED
6059,0.05,91.0,47,1,3,0,1,3,GOAL_REACHED
6060,0.05,88.0,46,1,4,0,1,4,GOAL_REACHED
6061,0.05,98.0,44,1,2,0,1,6,GOAL_REACHED
6062,0.05,-32.0,50,0,3,0,1,0,ENERGY_DEPLETED
6063,0.05,86.0,48,1,4,0,1,2,GOAL_REACHED
6064,0.05,83.0,47,1,5,0,1,3,GOAL_REACHED
6065,0.05,-49.0,50,0,5,1,1,0,ENERGY_DEPLETED
6066,0.05,96.0,46,1,2,0,1,4,GOAL_REACHED
6067,0.05,86.0,48,1,4,0,1,2,GOAL_REACHED
6068,0.05,-28.0,50,0,2,0,1,0,ENERGY_DEPLETED
6069,0.05,92.0,50,1,2,0,1,0,GOAL_REACHED
6070,0.05,-44.0,50,0,6,0,1,0,ENERGY_DEPLETED
6071,0.05,104.0,46,1,0,0,1,4,GOAL_REACHED
6072,0.05,-53.0,50,0,6,1,1,0,ENERGY_DEPLETED
6073,0.05,-40.0,50,0,5,0,1,0,ENERGY_DEPLETED
6074,0.05,75.0,47,1,7,0,1,3,GOAL_REACHED
6075,0.05,-40.0,50,0,5,0,1,0,ENERGY_DEPLETED
6076,0.05,-37.0,50,0,2,1,1,0,ENERGY_DEPLETED
6077,0.05,90.0,44,1,4,0,1,6,GOAL_REACHED
6078,0.05,-40.0,50,0,5,0,1,0,ENERGY_DEPLETED
6079,0.05,-36.0,50,0,4,0,1,0,ENERGY_DEPLETED
6080,0.05,-32.0,50,0,2,0,1,0,ENERGY_DEPLETED
6081,0.05,-24.0,50,0,1,0,1,0,ENERGY_DEPLETED
6082,0.05,83.0,47,1,5,0,1,3,GOAL_REACHED
6083,0.05,83.0,47,1,5,0,1,3,GOAL_REACHED
6084,0.05,92.0,50,1,2,0,1,0,GOAL_REACHED
6085,0.05,98.0,44,1,2,0,1,6,GOAL_REACHED
6086,0.05,80.0,46,1,6,0,1,4,GOAL_REACHED
6087,0.05,106.0,44,1,0,0,1,6,GOAL_REACHED
6088,0.05,-37.0,50,0,2,1,1,0,ENERGY_DEPLETED
6089,0.05,-36.0,50,0,4,0,1,0,ENERGY_DEPLETED
6090,0.05,-40.0,50,0,4,0,1,0,ENERGY_DEPLETED
6091,0.05,86.0,48,1,4,0,1,2,GOAL_REACHED
6092,0.05,93.0,45,1,3,0,1,5,GOAL_REACHED
6093,0.05,67.0,50,1,6,1,1,0,GOAL_REACHED
6094,0.05,-32.0,50,0,3,0,1,0,ENERGY_DEPLETED
6095,0.05,68.0,50,1,8,0,1,0,GOAL_REACHED
6096,0.05,78.0,48,1,6,0,1,2,GOAL_REACHED
6097,0.05,90.0,47,1,1,1,1,3,GOAL_REACHED
6098,0.05,100.0,50,1,0,0,1,0,GOAL_REACHED
6099,0.05,76.0,50,1,6,0,1,0,GOAL_REACHED
6100,0.05,84.0,50,1,4,0,1,0,GOAL_REACHED
6101,0.05,-36.0,50,0,4,0,1,0,ENERGY_DEPLETED
6102,0.05,-56.0,50,0,8,0,1,0,ENERGY_DEPLETED
6103,0.05,-32.0,50,0,3,0,1,0,ENERGY_DEPLETED
6104,0.05,88.0,46,1,4,0,1,4,GOAL_REACHED
6105,0.05,-32.0,50,0,3,0,1,0,ENERGY_DEPLETED
6106,0.05,84.0,50,1,4,0,1,0,GOAL_REACHED
6107,0.05,-33.0,50,0,1,1,1,0,ENERGY_DEPLETED
6108,0.05,-56.0,50,0,8,0,1,0,ENERGY_DEPLETED
6109,0.05,-48.0,50,0,7,0,1,0,ENERGY_DEPLETED
6110,0.05,96.0,46,1,2,0,1,4,GOAL_REACHED
6111,0.05,88.0,46,1,4,0,1,4,GOAL_REACHED
6112,0.05,98.0,44,1,2,0,1,6,GOAL_REACHED
6113,0.05,-53.0,50,0,5,1,1,0,ENERGY_DEPLETED
6114,0.05,78.0,48,1,6,0,1,2,GOAL_REACHED
6115,0.05,-41.0,50,0,3,1,1,0,ENERGY_DEPLETED
6116,0.05,-24.0,50,0,1,0,1,0,ENERGY_DEPLETED
6117,0.05,83.0,47,1,5,0,1,3,GOAL_REACHED
6118,0.05,-45.0,50,0,4,1,1,0,ENERGY_DEPLETED
6119,0.05,90.0,44,1,4,0,1,6,GOAL_REACHED
6120,0.05,-44.0,50,0,6,0,1,0,ENERGY_DEPLETED
6121,0.05,-40.0,50,0,5,0,1,0,ENERGY_DEPLETED
6122,0.05,-20.0,50,0,0,0,1,0,ENERGY_DEPLETED
6123,0.05,81.0,49,1,5,0,1,1,GOAL_REACHED
6124,0.05,89.0,49,1,3,0,1,1,GOAL_REACHED
6125,0.05,89.0,49,1,3,0,1,1,GOAL_REACHED
6126,0.05,-36.0,50,0,4,0,1,0,ENERGY_DEPLETED
6127,0.05,-32.0,50,0,3,0,1,0,ENERGY_DEPLETED
6128,0.05,88.0,46,1,4,0,1,4,GOAL_REACHED
6129,0.05,106.0,44,1,0,0,1,6,GOAL_REACHED
6130,0.05,-24.0,50,0,1,0,1,0,ENERGY_DEPLETED
6131,0.05,-24.0,50,0,1,0,1,0,ENERGY_DEPLETED
6132,0.05,88.0,46,1,4,0,1,4,GOAL_REACHED
6133,0.05,81.0,49,1,5,0,1,1,GOAL_REACHED
6134,0.05,78.0,46,1,2,2,1,4,GOAL_REACHED
6135,0.05,-28.0,50,0,2,0,1,0,ENERGY_DEPLETED
6136,0.05,91.0,47,1,3,0,1,3,GOAL_REACHED
6137,0.05,88.0,46,1,4,0,1,4,GOAL_REACHED
6138,0.05,76.0,50,1,6,0,1,0,GOAL_REACHED
6139,0.05,59.0,50,1,8,1,1,0,GOAL_REACHED
6140,0.05,-40.0,50,0,5,0,1,0,ENERGY_DEPLETED
6141,0.05,80.0,46,1,6,0,1,4,GOAL_REACHED
6142,0.05,81.0,49,1,5,0,1,1,GOAL_REACHED
6143,0.05,80.0,46,1,6,0,1,4,GOAL_REACHED
6144,0.05,84.0,50,1,4,0,1,0,GOAL_REACHED
6145,0.05,-41.0,50,0,3,1,1,0,ENERGY_DEPLETED
6146,0.05,99.0,47,1,1,0,1,3,GOAL_REACHED
6147,0.05,78.0,48,1,6,0,1,2,GOAL_REACHED
6148,0.05,-40.0,50,0,5,0,1,0,ENERGY_DEPLETED
6149,0.05,89.0,49,1,3,0,1,1,GOAL_REACHED
6150,0.05,83.0,50,1,2,1,1,0,GOAL_REACHED
6151,0.05,-40.0,50,0,4,0,1,0,ENERGY_DEPLETED
6152,0.05,86.0,48,1,4,0,1,2,GOAL_REACHED
6153,0.05,99.0,47,1,1,0,1,3,GOAL_REACHED
6154,0.05,98.0,44,1,2,0,1,6,GOAL_REACHED
6155,0.05,-32.0,50,0,3,0,1,0,ENERGY_DEPLETED
6156,0.05,70.0,48,1,8,0,1,2,GOAL_REACHED
6157,0.05,88.0,46,1,4,0,1,4,GOAL_REACHED
6158,0.05,80.0,46,1,6,0,1,4,GOAL_REACHED
6159,0.05,96.0,46,1,2,0,1,4,GOAL_REACHED
6160,0.05,-28.0,50,0,2,0,1,0,ENERGY_DEPLETED
6161,0.05,-32.0,50,0,3,0,1,0,ENERGY_DEPLETED
6162,0.05,-32.0,50,0,3,0,1,0,ENERGY_DEPLETED
6163,0.05,74.0,47,1,5,1,1,3,GOAL_REACHED
6164,0.05,88.0,46,1,4,0,1,4,GOAL_REACHED
6165,0.05,-20.0,50,0,0,0,1,0,ENERGY_DEPLETED
6166,0.05,85.0,48,1,2,1,1,2,GOAL_REACHED
6167,0.05,-41.0,50,0,3,1,1,0,ENERGY_DEPLETED
6168,0.05,92.0,50,1,2,0,1,0,GOAL_REACHED
6169,0.05,83.0,47,1,5,0,1,3,GOAL_REACHED
6170,0.05,83.0,47,1,5,0,1,3,GOAL_REACHED
6171,0.05,82.0,44,1,6,0,1,6,GOAL_REACHED
6172,0.05,83.0,47,1,5,0,1,3,GOAL_REACHED
6173,0.05,-32.0,50,0,3,0,1,0,ENERGY_DEPLETED
6174,0.05,84.0,50,1,4,0,1,0,GOAL_REACHED
6175,0.05,106.0,44,1,0,0,1,6,GOAL_REACHED
6176,0.05,91.0,47,1,3,0,1,3,GOAL_REACHED
6177,0.05,-44.0,50,0,6,0,1,0,ENERGY_DEPLETED
6178,0.05,90.0,44,1,4,0,1,6,GOAL_REACHED
6179,0.05,90.0,44,1,4,0,1,6,GOAL_REACHED
6180,0.05,106.0,44,1,0,0,1,6,GOAL_REACHED
6181,0.05,91.0,47,1,3,0,1,3,GOAL_REACHED
6182,0.05,-36.0,50,0,4,0,1,0,ENERGY_DEPLETED
6183,0.05,-32.0,50,0,3,0,1,0,ENERGY_DEPLETED
6184,0.05,-48.0,50,0,7,0,1,0,ENERGY_DEPLETED
6185,0.05,-40.0,50,0,5,0,1,0,ENERGY_DEPLETED
6186,0.05,-32.0,50,0,3,0,1,0,ENERGY_DEPLETED
6187,0.05,94.0,48,1,2,0,1,2,GOAL_REACHED
6188,0.05,83.0,50,1,2,1,1,0,GOAL_REACHED
6189,0.05,80.0,46,1,6,0,1,4,GOAL_REACHED
6190,0.05,86.0,48,1,4,0,1,2,GOAL_REACHED
6191,0.05,91.0,47,1,3,0,1,3,GOAL_REACHED
6192,0.05,86.0,48,1,4,0,1,2,GOAL_REACHED
6193,0.05,92.0,50,1,2,0,1,0,GOAL_REACHED
6194,0.05,92.0,50,1,2,0,1,0,GOAL_REACHED
6195,0.05,-32.0,50,0,3,0,1,0,ENERGY_DEPLETED
6196,0.05,-40.0,50,0,5,0,1,0,ENERGY_DEPLETED
6197,0.05,-52.0,50,0,7,0,1,0,ENERGY_DEPLETED
6198,0.05,98.0,44,1,2,0,1,6,GOAL_REACHED
6199,0.05,80.0,46,1,6,0,1,4,GOAL_REACHED
6200,0.05,98.0,44,1,2,0,1,6,GOAL_REACHED
6201,0.05,-40.0,50,0,5,0,1,0,ENERGY_DEPLETED
6202,0.05,82.0,44,1,6,0,1,6,GOAL_REACHED
6203,0.05,84.0,50,1,4,0,1,0,GOAL_REACHED
6204,0.05,67.0,50,1,6,1,1,0,GOAL_REACHED
6205,0.05,98.0,44,1,2,0,1,6,GOAL_REACHED
6206,0.05,-45.0,50,0,4,1,1,0,ENERGY_DEPLETED
6207,0.05,98.0,44,1,2,0,1,6,GOAL_REACHED
6208,0.05,96.0,46,1,2,0,1,4,GOAL_REACHED
6209,0.05,-48.0,50,0,7,0,1,0,ENERGY_DEPLETED
6210,0.05,96.0,46,1,2,0,1,4,GOAL_REACHED
6211,0.05,-32.0,50,0,3,0,1,0,ENERGY_DEPLETED
6212,0.05,-41.0,50,0,2,1,1,0,ENERGY_DEPLETED
6213,0.05,98.0,44,1,2,0,1,6,GOAL_REACHED
6214,0.05,-49.0,50,0,5,1,1,0,ENERGY_DEPLETED
6215,0.05,91.0,47,1,3,0,1,3,GOAL_REACHED
6216,0.05,-24.0,50,0,1,0,1,0,ENERGY_DEPLETED
6217,0.05,-28.0,50,0,2,0,1,0,ENERGY_DEPLETED
6218,0.05,94.0,48,1,2,0,1,2,GOAL_REACHED
6219,0.05,73.0,49,1,7,0,1,1,GOAL_REACHED
6220,0.05,-48.0,50,0,7,0,1,0,ENERGY_DEPLETED
6221,0.05,78.0,48,1,6,0,1,2,GOAL_REACHED
6222,0.05,80.0,46,1,6,0,1,4,GOAL_REACHED
6223,0.05,75.0,50,1,4,1,1,0,GOAL_REACHED
6224,0.05,-32.0,50,0,3,0,1,0,ENERGY_DEPLETED
6225,0.05,80.0,46,1,6,0,1,4,GOAL_REACHED
6226,0.05,-49.0,50,0,5,1,1,0,ENERGY_DEPLETED
6227,0.05,-32.0,50,0,3,0,1,0,ENERGY_DEPLETED
6228,0.05,88.0,46,1,4,0,1,4,GOAL_REACHED
6229,0.05,90.0,44,1,4,0,1,6,GOAL_REACHED
6230,0.05,82.0,47,1,3,1,1,3,GOAL_REACHED
6231,0.05,90.0,47,1,1,1,1,3,GOAL_REACHED
6232,0.05,-44.0,50,0,6,0,1,0,ENERGY_DEPLETED
6233,0.05,70.0,48,1,8,0,1,2,GOAL_REACHED
6234,0.05,83.0,50,1,2,1,1,0,GOAL_REACHED
6235,0.05,67.0,50,1,6,1,1,0,GOAL_REACHED
6236,0.05,106.0,44,1,0,0,1,6,GOAL_REACHED
6237,0.05,-36.0,50,0,4,0,1,0,ENERGY_DEPLETED
6238,0.05,82.0,47,1,3,1,1,3,GOAL_REACHED
6239,0.05,-24.0,50,0,1,0,1,0,ENERGY_DEPLETED
6240,0.05,104.0,46,1,0,0,1,4,GOAL_REACHED
6241,0.05,-44.0,50,0,6,0,1,0,ENERGY_DEPLETED
6242,0.05,88.0,46,1,4,0,1,4,GOAL_REACHED
6243,0.05,92.0,50,1,2,0,1,0,GOAL_REACHED
6244,0.05,86.0,46,1,0,2,1,4,GOAL_REACHED
6245,0.05,-36.0,50,0,4,0,1,0,ENERGY_DEPLETED
6246,0.05,98.0,44,1,2,0,1,6,GOAL_REACHED
6247,0.05,-40.0,50,0,5,0,1,0,ENERGY_DEPLETED
6248,0.05,-38.0,50,0,0,2,1,0,ENERGY_DEPLETED
6249,0.05,89.0,44,1,2,1,1,6,GOAL_REACHED
6250,0.05,-28.0,50,0,2,0,1,0,ENERGY_DEPLETED
6251,0.05,-49.0,50,0,5,1,1,0,ENERGY_DEPLETED
6252,0.05,98.0,44,1,2,0,1,6,GOAL_REACHED
6253,0.05,-24.0,50,0,1,0,1,0,ENERGY_DEPLETED
6254,0.05,-36.0,50,0,4,0,1,0,ENERGY_DEPLETED
6255,0.05,85.0,48,1,2,1,1,2,GOAL_REACHED
6256,0.05,-48.0,50,0,7,0,1,0,ENERGY_DEPLETED
6257,0.05,96.0,46,1,2,0,1,4,GOAL_REACHED
6258,0.05,94.0,48,1,2,0,1,2,GOAL_REACHED
6259,0.05,91.0,47,1,3,0,1,3,GOAL_REACHED
6260,0.05,80.0,46,1,6,0,1,4,GOAL_REACHED
6261,0.05,-28.0,50,0,2,0,1,0,ENERGY_DEPLETED
6262,0.05,-45.0,50,0,4,1,1,0,ENERGY_DEPLETED
6263,0.05,-24.0,50,0,1,0,1,0,ENERGY_DEPLETED
6264,0.05,88.0,46,1,4,0,1,4,GOAL_REACHED
6265,0.05,96.0,46,1,2,0,1,4,GOAL_REACHED
6266,0.05,-49.0,50,0,5,1,1,0,ENERGY_DEPLETED
6267,0.05,75.0,50,1,4,1,1,0,GOAL_REACHED
6268,0.05,-36.0,50,0,4,0,1,0,ENERGY_DEPLETED
6269,0.05,-53.0,50,0,6,1,1,0,ENERGY_DEPLETED
6270,0.05,-52.0,50,0,8,0,1,0,ENERGY_DEPLETED
6271,0.05,-40.0,50,0,5,0,1,0,ENERGY_DEPLETED
6272,0.05,97.0,49,1,1,0,1,1,GOAL_REACHED
6273,0.05,88.0,46,1,4,0,1,4,GOAL_REACHED
6274,0.05,83.0,47,1,5,0,1,3,GOAL_REACHED
6275,0.05,67.0,50,1,6,1,1,0,GOAL_REACHED
6276,0.05,99.0,47,1,1,0,1,3,GOAL_REACHED
6277,0.05,-57.0,50,0,6,1,1,0,ENERGY_DEPLETED
6278,0.05,-40.0,50,0,4,0,1,0,ENERGY_DEPLETED
6279,0.05,-36.0,50,0,4,0,1,0,ENERGY_DEPLETED
6280,0.05,80.0,46,1,6,0,1,4,GOAL_REACHED
6281,0.05,90.0,47,1,1,1,1,3,GOAL_REACHED
6282,0.05,96.0,46,1,2,0,1,4,GOAL_REACHED
6283,0.05,-32.0,50,0,3,0,1,0,ENERGY_DEPLETED
6284,0.05,92.0,50,1,2,0,1,0,GOAL_REACHED
6285,0.05,-40.0,50,0,5,0,1,0,ENERGY_DEPLETED
6286,0.05,98.0,44,1,2,0,1,6,GOAL_REACHED
6287,0.05,94.0,48,1,2,0,1,2,GOAL_REACHED
6288,0.05,-46.0,50,0,2,2,1,0,ENERGY_DEPLETED
6289,0.05,-37.0,50,0,2,1,1,0,ENERGY_DEPLETED
6290,0.05,-32.0,50,0,3,0,1,0,ENERGY_DEPLETED
6291,0.05,94.0,48,1,2,0,1,2,GOAL_REACHED
6292,0.05,106.0,44,1,0,0,1,6,GOAL_REACHED
6293,0.05,-32.0,50,0,3,0,1,0,ENERGY_DEPLETED
6294,0.05,-24.0,50,0,1,0,1,0,ENERGY_DEPLETED
6295,0.05,81.0,49,1,5,0,1,1,GOAL_REACHED
6296,0.05,-40.0,50,0,4,0,1,0,ENERGY_DEPLETED
6297,0.05,-36.0,50,0,4,0,1,0,ENERGY_DEPLETED
6298,0.05,96.0,46,1,2,0,1,4,GOAL_REACHED
6299,0.05,-32.0,50,0,3,0,1,0,ENERGY_DEPLETED
6300,0.05,106.0,44,1,0,0,1,6,GOAL_REACHED
6301,0.05,89.0,49,1,3,0,1,1,GOAL_REACHED
6302,0.05,99.0,47,1,1,0,1,3,GOAL_REACHED
6303,0.05,89.0,49,1,3,0,1,1,GOAL_REACHED
6304,0.05,-28.0,50,0,2,0,1,0,ENERGY_DEPLETED
6305,0.05,-36.0,50,0,4,0,1,0,ENERGY_DEPLETED
6306,0.05,98.0,44,1,2,0,1,6,GOAL_REACHED
6307,0.05,-32.0,50,0,3,0,1,0,ENERGY_DEPLETED
6308,0.05,88.0,46,1,4,0,1,4,GOAL_REACHED
6309,0.05,-32.0,50,0,2,0,1,0,ENERGY_DEPLETED
6310,0.05,-44.0,50,0,6,0,1,0,ENERGY_DEPLETED
6311,0.05,-32.0,50,0,3,0,1,0,ENERGY_DEPLETED
6312,0.05,73.0,49,1,7,0,1,1,GOAL_REACHED
6313,0.05,90.0,44,1,4,0,1,6,GOAL_REACHED
6314,0.05,96.0,46,1,2,0,1,4,GOAL_REACHED
6315,0.05,91.0,47,1,3,0,1,3,GOAL_REACHED
6316,0.05,72.0,49,1,5,1,1,1,GOAL_REACHED
6317,0.05,-24.0,50,0,1,0,1,0,ENERGY_DEPLETED
6318,0.05,-48.0,50,0,6,0,1,0,ENERGY_DEPLETED
6319,0.05,-36.0,50,0,4,0,1,0,ENERGY_DEPLETED
6320,0.05,-28.0,50,0,2,0,1,0,ENERGY_DEPLETED
6321,0.05,-24.0,50,0,1,0,1,0,ENERGY_DEPLETED
6322,0.05,-45.0,50,0,4,1,1,0,ENERGY_DEPLETED
6323,0.05,99.0,47,1,1,0,1,3,GOAL_REACHED
6324,0.05,106.0,44,1,0,0,1,6,GOAL_REACHED
6325,0.05,96.0,46,1,2,0,1,4,GOAL_REACHED
6326,0.05,91.0,47,1,3,0,1,3,GOAL_REACHED
6327,0.05,-49.0,50,0,5,1,1,0,ENERGY_DEPLETED
6328,0.05,-28.0,50,0,2,0,1,0,ENERGY_DEPLETED
6329,0.05,80.0,49,1,3,1,1,1,GOAL_REACHED
6330,0.05,96.0,46,1,2,0,1,4,GOAL_REACHED
6331,0.05,-32.0,50,0,3,0,1,0,ENERGY_DEPLETED
6332,0.05,-28.0,50,0,2,0,1,0,ENERGY_DEPLETED
6333,0.05,73.0,49,1,7,0,1,1,GOAL_REACHED
6334,0.05,83.0,47,1,5,0,1,3,GOAL_REACHED
6335,0.05,-40.0,50,0,4,0,1,0,ENERGY_DEPLETED
6336,0.05,-41.0,50,0,2,1,1,0,ENERGY_DEPLETED
6337,0.05,83.0,50,1,2,1,1,0,GOAL_REACHED
6338,0.05,-40.0,50,0,5,0,1,0,ENERGY_DEPLETED
6339,0.05,81.0,49,1,5,0,1,1,GOAL_REACHED
6340,0.05,92.0,50,1,2,0,1,0,GOAL_REACHED
6341,0.05,-45.0,50,0,4,1,1,0,ENERGY_DEPLETED
6342,0.05,82.0,44,1,6,0,1,6,GOAL_REACHED
6343,0.05,99.0,47,1,1,0,1,3,GOAL_REACHED
6344,0.05,-28.0,50,0,2,0,1,0,ENERGY_DEPLETED
6345,0.05,83.0,50,1,2,1,1,0,GOAL_REACHED
6346,0.05,72.0,49,1,5,1,1,1,GOAL_REACHED
6347,0.05,86.0,48,1,4,0,1,2,GOAL_REACHED
6348,0.05,96.0,46,1,2,0,1,4,GOAL_REACHED
6349,0.05,-50.0,50,0,2,2,1,0,ENERGY_DEPLETED
6350,0.05,-32.0,50,0,3,0,1,0,ENERGY_DEPLETED
6351,0.05,88.0,46,1,4,0,1,4,GOAL_REACHED
6352,0.05,78.0,48,1,6,0,1,2,GOAL_REACHED
6353,0.05,96.0,46,1,2,0,1,4,GOAL_REACHED
6354,0.05,102.0,48,1,0,0,1,2,GOAL_REACHED
6355,0.05,76.0,50,1,6,0,1,0,GOAL_REACHED
6356,0.05,78.0,48,1,6,0,1,2,GOAL_REACHED
6357,0.05,89.0,49,1,3,0,1,1,GOAL_REACHED
6358,0.05,-28.0,50,0,2,0,1,0,ENERGY_DEPLETED
6359,0.05,86.0,48,1,4,0,1,2,GOAL_REACHED
6360,0.05,-36.0,50,0,4,0,1,0,ENERGY_DEPLETED
6361,0.05,-37.0,50,0,2,1,1,0,ENERGY_DEPLETED
6362,0.05,98.0,44,1,2,0,1,6,GOAL_REACHED
6363,0.05,90.0,44,1,4,0,1,6,GOAL_REACHED
6364,0.05,80.0,46,1,6,0,1,4,GOAL_REACHED
6365,0.05,88.0,46,1,4,0,1,4,GOAL_REACHED
6366,0.05,-48.0,50,0,7,0,1,0,ENERGY_DEPLETED
6367,0.05,75.0,50,1,4,1,1,0,GOAL_REACHED
6368,0.05,-24.0,50,0,1,0,1,0,ENERGY_DEPLETED
6369,0.05,-60.0,50,0,10,0,1,0,ENERGY_DEPLETED
6370,0.05,83.0,47,1,5,0,1,3,GOAL_REACHED
6371,0.05,96.0,46,1,2,0,1,4,GOAL_REACHED
6372,0.05,84.0,50,1,4,0,1,0,GOAL_REACHED
6373,0.05,81.0,49,1,5,0,1,1,GOAL_REACHED
6374,0.05,91.0,47,1,3,0,1,3,GOAL_REACHED
6375,0.05,88.0,46,1,4,0,1,4,GOAL_REACHED
6376,0.05,87.0,46,1,2,1,1,4,GOAL_REACHED
6377,0.05,82.0,47,1,3,1,1,3,GOAL_REACHED
6378,0.05,-37.0,50,0,2,1,1,0,ENERGY_DEPLETED
6379,0.05,90.0,44,1,4,0,1,6,GOAL_REACHED
6380,0.05,-48.0,50,0,7,0,1,0,ENERGY_DEPLETED
6381,0.05,-28.0,50,0,2,0,1,0,ENERGY_DEPLETED
6382,0.05,73.0,49,1,7,0,1,1,GOAL_REACHED
6383,0.05,83.0,47,1,5,0,1,3,GOAL_REACHED
6384,0.05,96.0,46,1,2,0,1,4,GOAL_REACHED
6385,0.05,80.0,46,1,6,0,1,4,GOAL_REACHED
6386,0.05,86.0,48,1,4,0,1,2,GOAL_REACHED
6387,0.05,69.0,48,1,6,1,1,2,GOAL_REACHED
6388,0.05,102.0,48,1,0,0,1,2,GOAL_REACHED
6389,0.05,-32.0,50,0,3,0,1,0,ENERGY_DEPLETED
6390,0.05,96.0,46,1,2,0,1,4,GOAL_REACHED
6391,0.05,-40.0,50,0,5,0,1,0,ENERGY_DEPLETED
6392,0.05,78.0,48,1,6,0,1,2,GOAL_REACHED
6393,0.05,-36.0,50,0,4,0,1,0,ENERGY_DEPLETED
6394,0.05,-28.0,50,0,2,0,1,0,ENERGY_DEPLETED
6395,0.05,89.0,49,1,3,0,1,1,GOAL_REACHED
6396,0.05,-32.0,50,0,3,0,1,0,ENERGY_DEPLETED
6397,0.05,90.0,44,1,4,0,1,6,GOAL_REACHED
6398,0.05,79.0,46,1,4,1,1,4,GOAL_REACHED
6399,0.05,-36.0,50,0,4,0,1,0,ENERGY_DEPLETED
6400,0.05,94.0,48,1,2,0,1,2,GOAL_REACHED
6401,0.05,94.0,48,1,2,0,1,2,GOAL_REACHED
6402,0.05,78.0,48,1,6,0,1,2,GOAL_REACHED
6403,0.05,-24.0,50,0,1,0,1,0,ENERGY_DEPLETED
6404,0.05,84.0,50,1,4,0,1,0,GOAL_REACHED
6405,0.05,-32.0,50,0,3,0,1,0,ENERGY_DEPLETED
6406,0.05,98.0,44,1,2,0,1,6,GOAL_REACHED
6407,0.05,-49.0,50,0,5,1,1,0,ENERGY_DEPLETED
6408,0.05,86.0,48,1,4,0,1,2,GOAL_REACHED
6409,0.05,77.0,48,1,4,1,1,2,GOAL_REACHED
6410,0.05,90.0,44,1,4,0,1,6,GOAL_REACHED
6411,0.05,89.0,49,1,3,0,1,1,GOAL_REACHED
6412,0.05,-40.0,50,0,5,0,1,0,ENERGY_DEPLETED
6413,0.05,81.0,49,1,5,0,1,1,GOAL_REACHED
6414,0.05,91.0,47,1,3,0,1,3,GOAL_REACHED
6415,0.05,72.0,49,1,5,1,1,1,GOAL_REACHED
6416,0.05,88.0,46,1,4,0,1,4,GOAL_REACHED
6417,0.05,91.0,47,1,3,0,1,3,GOAL_REACHED
6418,0.05,90.0,44,1,4,0,1,6,GOAL_REACHED
6419,0.05,-37.0,50,0,2,1,1,0,ENERGY_DEPLETED
6420,0.05,106.0,44,1,0,0,1,6,GOAL_REACHED
6421,0.05,75.0,47,1,7,0,1,3,GOAL_REACHED
6422,0.05,-40.0,50,0,5,0,1,0,ENERGY_DEPLETED
6423,0.05,-36.0,50,0,4,0,1,0,ENERGY_DEPLETED
6424,0.05,-32.0,50,0,3,0,1,0,ENERGY_DEPLETED
6425,0.05,98.0,44,1,2,0,1,6,GOAL_REACHED
6426,0.05,97.0,49,1,1,0,1,1,GOAL_REACHED
6427,0.05,-40.0,50,0,5,0,1,0,ENERGY_DEPLETED
6428,0.05,-32.0,50,0,3,0,1,0,ENERGY_DEPLETED
6429,0.05,-44.0,50,0,6,0,1,0,ENERGY_DEPLETED
6430,0.05,-44.0,50,0,6,0,1,0,ENERGY_DEPLETED
6431,0.05,73.0,49,1,7,0,1,1,GOAL_REACHED
6432,0.05,-44.0,50,0,6,0,1,0,ENERGY_DEPLETED
6433,0.05,-48.0,50,0,7,0,1,0,ENERGY_DEPLETED
6434,0.05,86.0,48,1,4,0,1,2,GOAL_REACHED
6435,0.05,91.0,47,1,3,0,1,3,GOAL_REACHED
6436,0.05,94.0,48,1,2,0,1,2,GOAL_REACHED
6437,0.05,91.0,47,1,3,0,1,3,GOAL_REACHED
6438,0.05,98.0,44,1,2,0,1,6,GOAL_REACHED
6439,0.05,80.0,49,1,3,1,1,1,GOAL_REACHED
6440,0.05,84.0,50,1,4,0,1,0,GOAL_REACHED
6441,0.05,86.0,48,1,4,0,1,2,GOAL_REACHED
6442,0.05,98.0,44,1,2,0,1,6,GOAL_REACHED
6443,0.05,-45.0,50,0,4,1,1,0,ENERGY_DEPLETED
6444,0.05,88.0,46,1,4,0,1,4,GOAL_REACHED
6445,0.05,75.0,47,1,7,0,1,3,GOAL_REACHED
6446,0.05,98.0,44,1,2,0,1,6,GOAL_REACHED
6447,0.05,83.0,47,1,5,0,1,3,GOAL_REACHED
6448,0.05,-41.0,50,0,3,1,1,0,ENERGY_DEPLETED
6449,0.05,-49.0,50,0,5,1,1,0,ENERGY_DEPLETED
6450,0.05,-56.0,50,0,9,0,1,0,ENERGY_DEPLETED
6451,0.05,-28.0,50,0,2,0,1,0,ENERGY_DEPLETED
6452,0.05,76.0,50,1,6,0,1,0,GOAL_REACHED
6453,0.05,-40.0,50,0,5,0,1,0,ENERGY_DEPLETED
6454,0.05,-40.0,50,0,5,0,1,0,ENERGY_DEPLETED
6455,0.05,-44.0,50,0,6,0,1,0,ENERGY_DEPLETED
6456,0.05,78.0,48,1,6,0,1,2,GOAL_REACHED
6457,0.05,-36.0,50,0,4,0,1,0,ENERGY_DEPLETED
6458,0.05,-44.0,50,0,6,0,1,0,ENERGY_DEPLETED
6459,0.05,-36.0,50,0,4,0,1,0,ENERGY_DEPLETED
6460,0.05,-44.0,50,0,6,0,1,0,ENERGY_DEPLETED
6461,0.05,90.0,44,1,4,0,1,6,GOAL_REACHED
6462,0.05,-75.0,50,0,7,3,1,0,ENERGY_DEPLETED
6463,0.05,79.0,46,1,4,1,1,4,GOAL_REACHED
6464,0.05,84.0,50,1,4,0,1,0,GOAL_REACHED
6465,0.05,-44.0,50,0,5,0,1,0,ENERGY_DEPLETED
6466,0.05,-58.0,50,0,5,2,1,0,ENERGY_DEPLETED
6467,0.05,86.0,48,1,4,0,1,2,GOAL_REACHED
6468,0.05,81.0,49,1,5,0,1,1,GOAL_REACHED
6469,0.05,-41.0,50,0,3,0,1,0,ENERGY_DEPLETED
6470,0.05,-40.0,50,0,4,0,1,0,ENERGY_DEPLETED
6471,0.05,86.0,48,1,4,0,1,2,GOAL_REACHED
6472,0.05,89.0,49,1,3,0,1,1,GOAL_REACHED
6473,0.05,-28.0,50,0,2,0,1,0,ENERGY_DEPLETED
6474,0.05,-53.0,50,0,6,1,1,0,ENERGY_DEPLETED
6475,0.05,-28.0,50,0,2,0,1,0,ENERGY_DEPLETED
6476,0.05,68.0,50,1,8,0,1,0,GOAL_REACHED
6477,0.05,98.0,44,1,2,0,1,6,GOAL_REACHED
6478,0.05,76.0,50,1,6,0,1,0,GOAL_REACHED
6479,0.05,89.0,49,1,3,0,1,1,GOAL_REACHED
6480,0.05,82.0,47,1,3,1,1,3,GOAL_REACHED
6481,0.05,90.0,44,1,4,0,1,6,GOAL_REACHED
6482,0.05,78.0,48,1,6,0,1,2,GOAL_REACHED
6483,0.05,-40.0,50,0,5,0,1,0,ENERGY_DEPLETED
6484,0.05,-40.0,50,0,5,0,1,0,ENERGY_DEPLETED
6485,0.05,-48.0,50,0,7,0,1,0,ENERGY_DEPLETED
6486,0.05,84.0,50,1,4,0,1,0,GOAL_REACHED
6487,0.05,-32.0,50,0,3,0,1,0,ENERGY_DEPLETED
6488,0.05,-32.0,50,0,3,0,1,0,ENERGY_DEPLETED
6489,0.05,-40.0,50,0,5,0,1,0,ENERGY_DEPLETED
6490,0.05,-32.0,50,0,3,0,1,0,ENERGY_DEPLETED
6491,0.05,67.0,47,1,9,0,1,3,GOAL_REACHED
6492,0.05,-32.0,50,0,3,0,1,0,ENERGY_DEPLETED
6493,0.05,83.0,47,1,5,0,1,3,GOAL_REACHED
6494,0.05,-48.0,50,0,7,0,1,0,ENERGY_DEPLETED
6495,0.05,-36.0,50,0,4,0,1,0,ENERGY_DEPLETED
6496,0.05,88.0,49,1,1,1,1,1,GOAL_REACHED
6497,0.05,-40.0,50,0,5,0,1,0,ENERGY_DEPLETED
6498,0.05,-57.0,50,0,7,1,1,0,ENERGY_DEPLETED
6499,0.05,76.0,50,1,6,0,1,0,GOAL_REACHED
6500,0.05,98.0,44,1,2,0,1,6,GOAL_REACHED
6501,0.05,-28.0,50,0,2,0,1,0,ENERGY_DEPLETED
6502,0.05,-44.0,50,0,6,0,1,0,ENERGY_DEPLETED
6503,0.05,-44.0,50,0,6,0,1,0,ENERGY_DEPLETED
6504,0.05,-28.0,50,0,2,0,1,0,ENERGY_DEPLETED
6505,0.05,-28.0,50,0,2,0,1,0,ENERGY_DEPLETED
6506,0.05,98.0,44,1,2,0,1,6,GOAL_REACHED
6507,0.05,98.0,44,1,2,0,1,6,GOAL_REACHED
6508,0.05,92.0,50,1,2,0,1,0,GOAL_REACHED
6509,0.05,75.0,50,1,4,1,1,0,GOAL_REACHED
6510,0.05,98.0,44,1,2,0,1,6,GOAL_REACHED
6511,0.05,-24.0,50,0,1,0,1,0,ENERGY_DEPLETED
6512,0.05,62.0,48,1,10,0,1,2,GOAL_REACHED
6513,0.05,-36.0,50,0,4,0,1,0,ENERGY_DEPLETED
6514,0.05,-28.0,50,0,2,0,1,0,ENERGY_DEPLETED
6515,0.05,76.0,50,1,6,0,1,0,GOAL_REACHED
6516,0.05,72.0,49,1,5,1,1,1,GOAL_REACHED
6517,0.05,-52.0,50,0,8,0,1,0,ENERGY_DEPLETED
6518,0.05,73.0,49,1,7,0,1,1,GOAL_REACHED
6519,0.05,92.0,50,1,2,0,1,0,GOAL_REACHED
6520,0.05,87.0,46,1,2,1,1,4,GOAL_REACHED
6521,0.05,86.0,48,1,4,0,1,2,GOAL_REACHED
6522,0.05,78.0,48,1,6,0,1,2,GOAL_REACHED
6523,0.05,78.0,48,1,6,0,1,2,GOAL_REACHED
6524,0.05,-48.0,50,0,7,0,1,0,ENERGY_DEPLETED
6525,0.05,-36.0,50,0,4,0,1,0,ENERGY_DEPLETED
6526,0.05,-36.0,50,0,4,0,1,0,ENERGY_DEPLETED
6527,0.05,81.0,49,1,5,0,1,1,GOAL_REACHED
6528,0.05,88.0,46,1,4,0,1,4,GOAL_REACHED
6529,0.05,-45.0,50,0,4,1,1,0,ENERGY_DEPLETED
6530,0.05,75.0,47,1,7,0,1,3,GOAL_REACHED
6531,0.05,86.0,48,1,4,0,1,2,GOAL_REACHED
6532,0.05,80.0,46,1,6,0,1,4,GOAL_REACHED
6533,0.05,83.0,47,1,5,0,1,3,GOAL_REACHED
6534,0.05,91.0,47,1,3,0,1,3,GOAL_REACHED
6535,0.05,89.0,49,1,3,0,1,1,GOAL_REACHED
6536,0.05,83.0,47,1,5,0,1,3,GOAL_REACHED
6537,0.05,-32.0,50,0,2,0,1,0,ENERGY_DEPLETED
6538,0.05,80.0,46,1,6,0,1,4,GOAL_REACHED
6539,0.05,87.0,46,1,2,1,1,4,GOAL_REACHED
6540,0.05,58.0,50,1,6,2,1,0,GOAL_REACHED
6541,0.05,-32.0,50,0,3,0,1,0,ENERGY_DEPLETED
6542,0.05,75.0,50,1,4,1,1,0,GOAL_REACHED
6543,0.05,-24.0,50,0,1,0,1,0,ENERGY_DEPLETED
6544,0.05,86.0,48,1,4,0,1,2,GOAL_REACHED
6545,0.05,98.0,44,1,2,0,1,6,GOAL_REACHED
6546,0.05,-32.0,50,0,3,0,1,0,ENERGY_DEPLETED
6547,0.05,96.0,46,1,2,0,1,4,GOAL_REACHED
6548,0.05,-48.0,50,0,6,0,1,0,ENERGY_DEPLETED
6549,0.05,76.0,50,1,6,0,1,0,GOAL_REACHED
6550,0.05,-32.0,50,0,3,0,1,0,ENERGY_DEPLETED
6551,0.05,84.0,50,1,4,0,1,0,GOAL_REACHED
6552,0.05,75.0,50,1,4,1,1,0,GOAL_REACHED
6553,0.05,88.0,46,1,4,0,1,4,GOAL_REACHED
6554,0.05,84.0,50,1,4,0,1,0,GOAL_REACHED
6555,0.05,-45.0,50,0,4,1,1,0,ENERGY_DEPLETED
6556,0.05,84.0,50,1,4,0,1,0,GOAL_REACHED
6557,0.05,-32.0,50,0,3,0,1,0,ENERGY_DEPLETED
6558,0.05,89.0,49,1,3,0,1,1,GOAL_REACHED
6559,0.05,79.0,46,1,4,1,1,4,GOAL_REACHED
6560,0.05,76.0,50,1,6,0,1,0,GOAL_REACHED
6561,0.05,70.0,46,1,4,2,1,4,GOAL_REACHED
6562,0.05,84.0,50,1,4,0,1,0,GOAL_REACHED
6563,0.05,102.0,48,1,0,0,1,2,GOAL_REACHED
6564,0.05,88.0,46,1,4,0,1,4,GOAL_REACHED
6565,0.05,-36.0,50,0,4,0,1,0,ENERGY_DEPLETED
6566,0.05,80.0,46,1,6,0,1,4,GOAL_REACHED
6567,0.05,98.0,44,1,2,0,1,6,GOAL_REACHED
6568,0.05,99.0,47,1,1,0,1,3,GOAL_REACHED
6569,0.05,-66.0,50,0,6,2,1,0,ENERGY_DEPLETED
6570,0.05,-40.0,50,0,5,0,1,0,ENERGY_DEPLETED
6571,0.05,98.0,44,1,2,0,1,6,GOAL_REACHED
6572,0.05,97.0,49,1,1,0,1,1,GOAL_REACHED
6573,0.05,-36.0,50,0,4,0,1,0,ENERGY_DEPLETED
6574,0.05,91.0,50,1,0,1,1,0,GOAL_REACHED
6575,0.05,-36.0,50,0,4,0,1,0,ENERGY_DEPLETED
6576,0.05,-56.0,50,0,9,0,1,0,ENERGY_DEPLETED
6577,0.05,87.0,46,1,2,1,1,4,GOAL_REACHED
6578,0.05,86.0,48,1,4,0,1,2,GOAL_REACHED
6579,0.05,-37.0,50,0,2,1,1,0,ENERGY_DEPLETED
6580,0.05,100.0,50,1,0,0,1,0,GOAL_REACHED
6581,0.05,-41.0,50,0,3,1,1,0,ENERGY_DEPLETED
6582,0.05,94.0,48,1,2,0,1,2,GOAL_REACHED
6583,0.05,-49.0,50,0,5,1,1,0,ENERGY_DEPLETED
6584,0.05,-49.0,50,0,4,1,1,0,ENERGY_DEPLETED
6585,0.05,98.0,44,1,2,0,1,6,GOAL_REACHED
6586,0.05,-40.0,50,0,5,0,1,0,ENERGY_DEPLETED
6587,0.05,91.0,47,1,3,0,1,3,GOAL_REACHED
6588,0.05,-32.0,50,0,3,0,1,0,ENERGY_DEPLETED
6589,0.05,-24.0,50,0,1,0,1,0,ENERGY_DEPLETED
6590,0.05,-48.0,50,0,7,0,1,0,ENERGY_DEPLETED
6591,0.05,86.0,48,1,4,0,1,2,GOAL_REACHED
6592,0.05,96.0,46,1,2,0,1,4,GOAL_REACHED
6593,0.05,-46.0,50,0,2,2,1,0,ENERGY_DEPLETED
6594,0.05,78.0,46,1,2,2,1,4,GOAL_REACHED
6595,0.05,86.0,48,1,4,0,1,2,GOAL_REACHED
6596,0.05,-52.0,50,0,8,0,1,0,ENERGY_DEPLETED
6597,0.05,86.0,48,1,4,0,1,2,GOAL_REACHED
6598,0.05,-36.0,50,0,4,0,1,0,ENERGY_DEPLETED
6599,0.05,-48.0,50,0,7,0,1,0,ENERGY_DEPLETED
6600,0.05,94.0,48,1,2,0,1,2,GOAL_REACHED
6601,0.05,80.0,46,1,6,0,1,4,GOAL_REACHED
6602,0.05,88.0,46,1,4,0,1,4,GOAL_REACHED
6603,0.05,96.0,46,1,2,0,1,4,GOAL_REACHED
6604,0.05,86.0,48,1,4,0,1,2,GOAL_REACHED
6605,0.05,-42.0,50,0,1,2,1,0,ENERGY_DEPLETED
6606,0.05,88.0,46,1,4,0,1,4,GOAL_REACHED
6607,0.05,-32.0,50,0,3,0,1,0,ENERGY_DEPLETED
6608,0.05,-24.0,50,0,1,0,1,0,ENERGY_DEPLETED
6609,0.05,88.0,46,1,4,0,1,4,GOAL_REACHED
6610,0.05,94.0,48,1,2,0,1,2,GOAL_REACHED
6611,0.05,75.0,47,1,7,0,1,3,GOAL_REACHED
6612,0.05,88.0,46,1,4,0,1,4,GOAL_REACHED
6613,0.05,-32.0,50,0,3,0,1,0,ENERGY_DEPLETED
6614,0.05,99.0,47,1,1,0,1,3,GOAL_REACHED
6615,0.05,-53.0,50,0,6,1,1,0,ENERGY_DEPLETED
6616,0.05,-32.0,50,0,3,0,1,0,ENERGY_DEPLETED
6617,0.05,78.0,48,1,6,0,1,2,GOAL_REACHED
6618,0.05,88.0,46,1,4,0,1,4,GOAL_REACHED
6619,0.05,90.0,44,1,4,0,1,6,GOAL_REACHED
6620,0.05,94.0,48,1,2,0,1,2,GOAL_REACHED
6621,0.05,-32.0,50,0,3,0,1,0,ENERGY_DEPLETED
6622,0.05,68.0,50,1,8,0,1,0,GOAL_REACHED
6623,0.05,-37.0,50,0,2,1,1,0,ENERGY_DEPLETED
6624,0.05,78.0,48,1,6,0,1,2,GOAL_REACHED
6625,0.05,81.0,49,1,5,0,1,1,GOAL_REACHED
6626,0.05,82.0,44,1,6,0,1,6,GOAL_REACHED
6627,0.05,-32.0,50,0,3,0,1,0,ENERGY_DEPLETED
6628,0.05,63.0,46,1,8,1,1,4,GOAL_REACHED
6629,0.05,81.0,49,1,5,0,1,1,GOAL_REACHED
6630,0.05,82.0,47,1,3,1,1,3,GOAL_REACHED
6631,0.05,89.0,49,1,3,0,1,1,GOAL_REACHED
6632,0.05,-24.0,50,0,1,0,1,0,ENERGY_DEPLETED
6633,0.05,-48.0,50,0,6,0,1,0,ENERGY_DEPLETED
6634,0.05,-28.0,50,0,2,0,1,0,ENERGY_DEPLETED
6635,0.05,-44.0,50,0,6,0,1,0,ENERGY_DEPLETED
6636,0.05,78.0,48,1,6,0,1,2,GOAL_REACHED
6637,0.05,81.0,49,1,5,0,1,1,GOAL_REACHED
6638,0.05,69.0,48,1,6,1,1,2,GOAL_REACHED
6639,0.05,96.0,46,1,2,0,1,4,GOAL_REACHED
6640,0.05,88.0,46,1,4,0,1,4,GOAL_REACHED
6641,0.05,-44.0,50,0,6,0,1,0,ENERGY_DEPLETED
6642,0.05,80.0,46,1,6,0,1,4,GOAL_REACHED
6643,0.05,-24.0,50,0,1,0,1,0,ENERGY_DEPLETED
6644,0.05,88.0,46,1,4,0,1,4,GOAL_REACHED
6645,0.05,88.0,46,1,4,0,1,4,GOAL_REACHED
6646,0.05,-44.0,50,0,6,0,1,0,ENERGY_DEPLETED
6647,0.05,-24.0,50,0,1,0,1,0,ENERGY_DEPLETED
6648,0.05,-29.0,50,0,0,1,1,0,ENERGY_DEPLETED
6649,0.05,83.0,47,1,5,0,1,3,GOAL_REACHED
6650,0.05,-40.0,50,0,5,0,1,0,ENERGY_DEPLETED
6651,0.05,-36.0,50,0,4,0,1,0,ENERGY_DEPLETED
6652,0.05,-28.0,50,0,2,0,1,0,ENERGY_DEPLETED
6653,0.05,78.0,48,1,6,0,1,2,GOAL_REACHED
6654,0.05,-28.0,50,0,2,0,1,0,ENERGY_DEPLETED
6655,0.05,87.0,46,1,2,1,1,4,GOAL_REACHED
6656,0.05,86.0,48,1,4,0,1,2,GOAL_REACHED
6657,0.05,69.0,48,1,6,1,1,2,GOAL_REACHED
6658,0.05,84.0,50,1,4,0,1,0,GOAL_REACHED
6659,0.05,-48.0,50,0,7,0,1,0,ENERGY_DEPLETED
6660,0.05,88.0,46,1,4,0,1,4,GOAL_REACHED
6661,0.05,99.0,47,1,1,0,1,3,GOAL_REACHED
6662,0.05,-28.0,50,0,2,0,1,0,ENERGY_DEPLETED
6663,0.05,-33.0,50,0,1,1,1,0,ENERGY_DEPLETED
6664,0.05,106.0,44,1,0,0,1,6,GOAL_REACHED
6665,0.05,-36.0,50,0,4,0,1,0,ENERGY_DEPLETED
6666,0.05,84.0,50,1,4,0,1,0,GOAL_REACHED
6667,0.05,-32.0,50,0,3,0,1,0,ENERGY_DEPLETED
6668,0.05,-40.0,50,0,5,0,1,0,ENERGY_DEPLETED
6669,0.05,-44.0,50,0,6,0,1,0,ENERGY_DEPLETED
6670,0.05,86.0,48,1,4,0,1,2,GOAL_REACHED
6671,0.05,-54.0,50,0,4,2,1,0,ENERGY_DEPLETED
6672,0.05,-41.0,50,0,3,1,1,0,ENERGY_DEPLETED
6673,0.05,-40.0,50,0,5,0,1,0,ENERGY_DEPLETED
6674,0.05,-40.0,50,0,5,0,1,0,ENERGY_DEPLETED
6675,0.05,78.0,48,1,6,0,1,2,GOAL_REACHED
6676,0.05,96.0,46,1,2,0,1,4,GOAL_REACHED
6677,0.05,-20.0,50,0,0,0,1,0,ENERGY_DEPLETED
6678,0.05,86.0,48,1,4,0,1,2,GOAL_REACHED
6679,0.05,83.0,47,1,5,0,1,3,GOAL_REACHED
6680,0.05,86.0,48,1,4,0,1,2,GOAL_REACHED
6681,0.05,-46.0,50,0,2,2,1,0,ENERGY_DEPLETED
6682,0.05,88.0,46,1,4,0,1,4,GOAL_REACHED
6683,0.05,-44.0,50,0,6,0,1,0,ENERGY_DEPLETED
6684,0.05,-36.0,50,0,4,0,1,0,ENERGY_DEPLETED
6685,0.05,-40.0,50,0,5,0,1,0,ENERGY_DEPLETED
6686,0.05,78.0,48,1,6,0,1,2,GOAL_REACHED
6687,0.05,-24.0,50,0,1,0,1,0,ENERGY_DEPLETED
6688,0.05,83.0,47,1,5,0,1,3,GOAL_REACHED
6689,0.05,-24.0,50,0,1,0,1,0,ENERGY_DEPLETED
6690,0.05,-44.0,50,0,6,0,1,0,ENERGY_DEPLETED
6691,0.05,-36.0,50,0,4,0,1,0,ENERGY_DEPLETED
6692,0.05,91.0,47,1,3,0,1,3,GOAL_REACHED
6693,0.05,99.0,47,1,1,0,1,3,GOAL_REACHED
6694,0.05,-36.0,50,0,4,0,1,0,ENERGY_DEPLETED
6695,0.05,75.0,50,1,4,1,1,0,GOAL_REACHED
6696,0.05,88.0,46,1,4,0,1,4,GOAL_REACHED
6697,0.05,-32.0,50,0,3,0,1,0,ENERGY_DEPLETED
6698,0.05,-45.0,50,0,4,1,1,0,ENERGY_DEPLETED
6699,0.05,-40.0,50,0,5,0,1,0,ENERGY_DEPLETED
6700,0.05,-61.0,50,0,8,1,1,0,ENERGY_DEPLETED
6701,0.05,66.0,47,1,7,1,1,3,GOAL_REACHED
6702,0.05,94.0,48,1,2,0,1,2,GOAL_REACHED
6703,0.05,-32.0,50,0,3,0,1,0,ENERGY_DEPLETED
6704,0.05,92.0,50,1,2,0,1,0,GOAL_REACHED
6705,0.05,80.0,46,1,6,0,1,4,GOAL_REACHED
6706,0.05,94.0,48,1,2,0,1,2,GOAL_REACHED
6707,0.05,-40.0,50,0,5,0,1,0,ENERGY_DEPLETED
6708,0.05,-41.0,50,0,3,1,1,0,ENERGY_DEPLETED
6709,0.05,77.0,48,1,4,1,1,2,GOAL_REACHED
6710,0.05,78.0,48,1,6,0,1,2,GOAL_REACHED
6711,0.05,-48.0,50,0,7,0,1,0,ENERGY_DEPLETED
6712,0.05,96.0,46,1,2,0,1,4,GOAL_REACHED
6713,0.05,-66.0,50,0,7,2,1,0,ENERGY_DEPLETED
6714,0.05,81.0,49,1,5,0,1,1,GOAL_REACHED
6715,0.05,-36.0,50,0,4,0,1,0,ENERGY_DEPLETED
6716,0.05,106.0,44,1,0,0,1,6,GOAL_REACHED
6717,0.05,73.0,47,1,3,2,1,3,GOAL_REACHED
6718,0.05,89.0,49,1,3,0,1,1,GOAL_REACHED
6719,0.05,-32.0,50,0,3,0,1,0,ENERGY_DEPLETED
6720,0.05,82.0,44,1,6,0,1,6,GOAL_REACHED
6721,0.05,-32.0,50,0,3,0,1,0,ENERGY_DEPLETED
6722,0.05,-40.0,50,0,5,0,1,0,ENERGY_DEPLETED
6723,0.05,-40.0,50,0,5,0,1,0,ENERGY_DEPLETED
6724,0.05,65.0,49,1,9,0,1,1,GOAL_REACHED
6725,0.05,96.0,46,1,2,0,1,4,GOAL_REACHED
6726,0.05,-40.0,50,0,5,0,1,0,ENERGY_DEPLETED
6727,0.05,-53.0,50,0,5,1,1,0,ENERGY_DEPLETED
6728,0.05,84.0,50,1,4,0,1,0,GOAL_REACHED
6729,0.05,94.0,48,1,2,0,1,2,GOAL_REACHED
6730,0.05,-40.0,50,0,5,0,1,0,ENERGY_DEPLETED
6731,0.05,-28.0,50,0,2,0,1,0,ENERGY_DEPLETED
6732,0.05,90.0,44,1,4,0,1,6,GOAL_REACHED
6733,0.05,70.0,48,1,8,0,1,2,GOAL_REACHED
6734,0.05,-36.0,50,0,4,0,1,0,ENERGY_DEPLETED
6735,0.05,76.0,50,1,6,0,1,0,GOAL_REACHED
6736,0.05,-41.0,50,0,3,1,1,0,ENERGY_DEPLETED
6737,0.05,84.0,50,1,4,0,1,0,GOAL_REACHED
6738,0.05,78.0,48,1,6,0,1,2,GOAL_REACHED
6739,0.05,93.0,48,1,0,1,1,2,GOAL_REACHED
6740,0.05,-48.0,50,0,7,0,1,0,ENERGY_DEPLETED
6741,0.05,-24.0,50,0,1,0,1,0,ENERGY_DEPLETED
6742,0.05,-40.0,50,0,5,0,1,0,ENERGY_DEPLETED
6743,0.05,98.0,44,1,2,0,1,6,GOAL_REACHED
6744,0.05,-32.0,50,0,3,0,1,0,ENERGY_DEPLETED
6745,0.05,94.0,48,1,2,0,1,2,GOAL_REACHED
6746,0.05,-40.0,50,0,5,0,1,0,ENERGY_DEPLETED
6747,0.05,-41.0,50,0,3,1,1,0,ENERGY_DEPLETED
6748,0.05,90.0,44,1,4,0,1,6,GOAL_REACHED
6749,0.05,88.0,46,1,4,0,1,4,GOAL_REACHED
6750,0.05,-20.0,50,0,0,0,1,0,ENERGY_DEPLETED
6751,0.05,-56.0,50,0,9,0,1,0,ENERGY_DEPLETED
6752,0.05,-37.0,50,0,2,1,1,0,ENERGY_DEPLETED
6753,0.05,-44.0,50,0,6,0,1,0,ENERGY_DEPLETED
6754,0.05,-40.0,50,0,5,0,1,0,ENERGY_DEPLETED
6755,0.05,69.0,48,1,6,1,1,2,GOAL_REACHED
6756,0.05,83.0,47,1,5,0,1,3,GOAL_REACHED
6757,0.05,-36.0,50,0,4,0,1,0,ENERGY_DEPLETED
6758,0.05,85.0,45,1,5,0,1,5,GOAL_REACHED
6759,0.05,-49.0,50,0,5,1,1,0,ENERGY_DEPLETED
6760,0.05,88.0,46,1,4,0,1,4,GOAL_REACHED
6761,0.05,-40.0,50,0,4,0,1,0,ENERGY_DEPLETED
6762,0.05,94.0,48,1,2,0,1,2,GOAL_REACHED
6763,0.05,75.0,47,1,7,0,1,3,GOAL_REACHED
6764,0.05,106.0,44,1,0,0,1,6,GOAL_REACHED
6765,0.05,82.0,47,1,3,1,1,3,GOAL_REACHED
6766,0.05,96.0,46,1,2,0,1,4,GOAL_REACHED
6767,0.05,-24.0,50,0,1,0,1,0,ENERGY_DEPLETED
6768,0.05,96.0,46,1,2,0,1,4,GOAL_REACHED
6769,0.05,-36.0,50,0,4,0,1,0,ENERGY_DEPLETED
6770,0.05,-44.0,50,0,6,0,1,0,ENERGY_DEPLETED
6771,0.05,-41.0,50,0,3,1,1,0,ENERGY_DEPLETED
6772,0.05,-49.0,50,0,4,1,1,0,ENERGY_DEPLETED
6773,0.05,78.0,48,1,6,0,1,2,GOAL_REACHED
6774,0.05,-36.0,50,0,4,0,1,0,ENERGY_DEPLETED
6775,0.05,-40.0,50,0,5,0,1,0,ENERGY_DEPLETED
6776,0.05,-28.0,50,0,2,0,1,0,ENERGY_DEPLETED
6777,0.05,-24.0,50,0,1,0,1,0,ENERGY_DEPLETED
6778,0.05,86.0,48,1,4,0,1,2,GOAL_REACHED
6779,0.05,88.0,46,1,4,0,1,4,GOAL_REACHED
6780,0.05,-40.0,50,0,4,0,1,0,ENERGY_DEPLETED
6781,0.05,72.0,46,1,8,0,1,4,GOAL_REACHED
6782,0.05,86.0,48,1,4,0,1,2,GOAL_REACHED
6783,0.05,-28.0,50,0,2,0,1,0,ENERGY_DEPLETED
6784,0.05,86.0,48,1,4,0,1,2,GOAL_REACHED
6785,0.05,-45.0,50,0,4,1,1,0,ENERGY_DEPLETED
6786,0.05,-20.0,50,0,0,0,1,0,ENERGY_DEPLETED
6787,0.05,98.0,44,1,2,0,1,6,GOAL_REACHED
6788,0.05,88.0,46,1,4,0,1,4,GOAL_REACHED
6789,0.05,88.0,46,1,4,0,1,4,GOAL_REACHED
6790,0.05,74.0,50,1,2,2,1,0,GOAL_REACHED
6791,0.05,99.0,47,1,1,0,1,3,GOAL_REACHED
6792,0.05,-44.0,50,0,6,0,1,0,ENERGY_DEPLETED
6793,0.05,-40.0,50,0,4,0,1,0,ENERGY_DEPLETED
6794,0.05,92.0,50,1,2,0,1,0,GOAL_REACHED
6795,0.05,-40.0,50,0,5,0,1,0,ENERGY_DEPLETED
6796,0.05,-36.0,50,0,4,0,1,0,ENERGY_DEPLETED
6797,0.05,104.0,46,1,0,0,1,4,GOAL_REACHED
6798,0.05,-57.0,50,0,7,1,1,0,ENERGY_DEPLETED
6799,0.05,-57.0,50,0,7,1,1,0,ENERGY_DEPLETED
6800,0.05,-32.0,50,0,3,0,1,0,ENERGY_DEPLETED
6801,0.05,98.0,44,1,2,0,1,6,GOAL_REACHED
6802,0.05,75.0,50,1,4,1,1,0,GOAL_REACHED
6803,0.05,90.0,47,1,1,1,1,3,GOAL_REACHED
6804,0.05,-41.0,50,0,2,1,1,0,ENERGY_DEPLETED
6805,0.05,88.0,46,1,4,0,1,4,GOAL_REACHED
6806,0.05,-49.0,50,0,5,1,1,0,ENERGY_DEPLETED
6807,0.05,-67.0,50,0,5,3,1,0,ENERGY_DEPLETED
6808,0.05,80.0,49,1,3,1,1,1,GOAL_REACHED
6809,0.05,-41.0,50,0,3,1,1,0,ENERGY_DEPLETED
6810,0.05,83.0,47,1,5,0,1,3,GOAL_REACHED
6811,0.05,60.0,50,1,10,0,1,0,GOAL_REACHED
6812,0.05,-57.0,50,0,7,1,1,0,ENERGY_DEPLETED
6813,0.05,75.0,47,1,7,0,1,3,GOAL_REACHED
6814,0.05,90.0,44,1,4,0,1,6,GOAL_REACHED
6815,0.05,89.0,49,1,3,0,1,1,GOAL_REACHED
6816,0.05,99.0,47,1,1,0,1,3,GOAL_REACHED
6817,0.05,96.0,46,1,2,0,1,4,GOAL_REACHED
6818,0.05,88.0,46,1,4,0,1,4,GOAL_REACHED
6819,0.05,75.0,50,1,4,1,1,0,GOAL_REACHED
6820,0.05,86.0,48,1,4,0,1,2,GOAL_REACHED
6821,0.05,76.0,50,1,6,0,1,0,GOAL_REACHED
6822,0.05,86.0,48,1,4,0,1,2,GOAL_REACHED
6823,0.05,90.0,44,1,4,0,1,6,GOAL_REACHED
6824,0.05,79.0,46,1,4,1,1,4,GOAL_REACHED
6825,0.05,-36.0,50,0,4,0,1,0,ENERGY_DEPLETED
6826,0.05,98.0,44,1,2,0,1,6,GOAL_REACHED
6827,0.05,75.0,50,1,4,1,1,0,GOAL_REACHED
6828,0.05,106.0,44,1,0,0,1,6,GOAL_REACHED
6829,0.05,-36.0,50,0,4,0,1,0,ENERGY_DEPLETED
6830,0.05,88.0,46,1,4,0,1,4,GOAL_REACHED
6831,0.05,91.0,47,1,3,0,1,3,GOAL_REACHED
6832,0.05,-24.0,50,0,1,0,1,0,ENERGY_DEPLETED
6833,0.05,75.0,47,1,7,0,1,3,GOAL_REACHED
6834,0.05,-28.0,50,0,2,0,1,0,ENERGY_DEPLETED
6835,0.05,-36.0,50,0,3,0,1,0,ENERGY_DEPLETED
6836,0.05,76.0,50,1,6,0,1,0,GOAL_REACHED
6837,0.05,96.0,46,1,2,0,1,4,GOAL_REACHED
6838,0.05,80.0,46,1,6,0,1,4,GOAL_REACHED
6839,0.05,81.0,49,1,5,0,1,1,GOAL_REACHED
6840,0.05,78.0,48,1,6,0,1,2,GOAL_REACHED
6841,0.05,94.0,48,1,2,0,1,2,GOAL_REACHED
6842,0.05,-32.0,50,0,3,0,1,0,ENERGY_DEPLETED
6843,0.05,86.0,48,1,4,0,1,2,GOAL_REACHED
6844,0.05,-32.0,50,0,3,0,1,0,ENERGY_DEPLETED
6845,0.05,-32.0,50,0,3,0,1,0,ENERGY_DEPLETED
6846,0.05,90.0,44,1,4,0,1,6,GOAL_REACHED
6847,0.05,97.0,44,1,0,1,1,6,GOAL_REACHED
6848,0.05,88.0,46,1,4,0,1,4,GOAL_REACHED
6849,0.05,65.0,49,1,9,0,1,1,GOAL_REACHED
6850,0.05,-20.0,50,0,0,0,1,0,ENERGY_DEPLETED
6851,0.05,80.0,46,1,6,0,1,4,GOAL_REACHED
6852,0.05,83.0,47,1,5,0,1,3,GOAL_REACHED
6853,0.05,91.0,47,1,3,0,1,3,GOAL_REACHED
6854,0.05,80.0,46,1,6,0,1,4,GOAL_REACHED
6855,0.05,-28.0,50,0,2,0,1,0,ENERGY_DEPLETED
6856,0.05,-40.0,50,0,4,0,1,0,ENERGY_DEPLETED
6857,0.05,96.0,46,1,2,0,1,4,GOAL_REACHED
6858,0.05,94.0,48,1,2,0,1,2,GOAL_REACHED
6859,0.05,-45.0,50,0,4,1,1,0,ENERGY_DEPLETED
6860,0.05,64.0,46,1,10,0,1,4,GOAL_REACHED
6861,0.05,96.0,46,1,2,0,1,4,GOAL_REACHED
6862,0.05,-61.0,50,0,8,1,1,0,ENERGY_DEPLETED
6863,0.05,-44.0,50,0,6,0,1,0,ENERGY_DEPLETED
6864,0.05,89.0,49,1,3,0,1,1,GOAL_REACHED
6865,0.05,83.0,47,1,5,0,1,3,GOAL_REACHED
6866,0.05,67.0,50,1,6,1,1,0,GOAL_REACHED
6867,0.05,83.0,47,1,5,0,1,3,GOAL_REACHED
6868,0.05,86.0,48,1,4,0,1,2,GOAL_REACHED
6869,0.05,82.0,44,1,6,0,1,6,GOAL_REACHED
6870,0.05,91.0,47,1,3,0,1,3,GOAL_REACHED
6871,0.05,94.0,48,1,2,0,1,2,GOAL_REACHED
6872,0.05,84.0,50,1,4,0,1,0,GOAL_REACHED
6873,0.05,90.0,47,1,1,1,1,3,GOAL_REACHED
6874,0.05,94.0,48,1,2,0,1,2,GOAL_REACHED
6875,0.05,-72.0,50,0,4,4,1,0,ENERGY_DEPLETED
6876,0.05,98.0,44,1,2,0,1,6,GOAL_REACHED
6877,0.05,98.0,44,1,2,0,1,6,GOAL_REACHED
6878,0.05,-36.0,50,0,4,0,1,0,ENERGY_DEPLETED
6879,0.05,97.0,49,1,1,0,1,1,GOAL_REACHED
6880,0.05,83.0,47,1,5,0,1,3,GOAL_REACHED
6881,0.05,-32.0,50,0,3,0,1,0,ENERGY_DEPLETED
6882,0.05,98.0,44,1,2,0,1,6,GOAL_REACHED
6883,0.05,78.0,48,1,6,0,1,2,GOAL_REACHED
6884,0.05,98.0,44,1,2,0,1,6,GOAL_REACHED
6885,0.05,98.0,44,1,2,0,1,6,GOAL_REACHED
6886,0.05,-28.0,50,0,2,0,1,0,ENERGY_DEPLETED
6887,0.05,90.0,44,1,4,0,1,6,GOAL_REACHED
6888,0.05,88.0,46,1,4,0,1,4,GOAL_REACHED
6889,0.05,-44.0,50,0,6,0,1,0,ENERGY_DEPLETED
6890,0.05,96.0,46,1,2,0,1,4,GOAL_REACHED
6891,0.05,-50.0,50,0,3,2,1,0,ENERGY_DEPLETED
6892,0.05,-57.0,50,0,6,1,1,0,ENERGY_DEPLETED
6893,0.05,-36.0,50,0,4,0,1,0,ENERGY_DEPLETED
6894,0.05,-48.0,50,0,6,0,1,0,ENERGY_DEPLETED
6895,0.05,95.0,46,1,0,1,1,4,GOAL_REACHED
6896,0.05,-28.0,50,0,2,0,1,0,ENERGY_DEPLETED
6897,0.05,90.0,44,1,4,0,1,6,GOAL_REACHED
6898,0.05,-41.0,50,0,3,1,1,0,ENERGY_DEPLETED
6899,0.05,86.0,48,1,4,0,1,2,GOAL_REACHED
6900,0.05,81.0,49,1,5,0,1,1,GOAL_REACHED
6901,0.05,83.0,47,1,5,0,1,3,GOAL_REACHED
6902,0.05,106.0,44,1,0,0,1,6,GOAL_REACHED
6903,0.05,-45.0,50,0,4,1,1,0,ENERGY_DEPLETED
6904,0.05,-28.0,50,0,2,0,1,0,ENERGY_DEPLETED
6905,0.05,-28.0,50,0,2,0,1,0,ENERGY_DEPLETED
6906,0.05,-40.0,50,0,4,0,1,0,ENERGY_DEPLETED
6907,0.05,95.0,46,1,0,1,1,4,GOAL_REACHED
6908,0.05,-32.0,50,0,3,0,1,0,ENERGY_DEPLETED
6909,0.05,86.0,48,1,4,0,1,2,GOAL_REACHED
6910,0.05,-48.0,50,0,7,0,1,0,ENERGY_DEPLETED
6911,0.05,80.0,46,1,6,0,1,4,GOAL_REACHED
6912,0.05,94.0,48,1,2,0,1,2,GOAL_REACHED
6913,0.05,-32.0,50,0,3,0,1,0,ENERGY_DEPLETED
6914,0.05,-32.0,50,0,3,0,1,0,ENERGY_DEPLETED
6915,0.05,75.0,47,1,7,0,1,3,GOAL_REACHED
6916,0.05,84.0,50,1,4,0,1,0,GOAL_REACHED
6917,0.05,-37.0,50,0,2,1,1,0,ENERGY_DEPLETED
6918,0.05,75.0,47,1,7,0,1,3,GOAL_REACHED
6919,0.05,70.0,48,1,8,0,1,2,GOAL_REACHED
6920,0.05,-36.0,50,0,4,0,1,0,ENERGY_DEPLETED
6921,0.05,-24.0,50,0,0,0,1,0,ENERGY_DEPLETED
6922,0.05,88.0,46,1,4,0,1,4,GOAL_REACHED
6923,0.05,-36.0,50,0,4,0,1,0,ENERGY_DEPLETED
6924,0.05,98.0,44,1,2,0,1,6,GOAL_REACHED
6925,0.05,-44.0,50,0,6,0,1,0,ENERGY_DEPLETED
6926,0.05,98.0,44,1,2,0,1,6,GOAL_REACHED
6927,0.05,-58.0,50,0,5,2,1,0,ENERGY_DEPLETED
6928,0.05,96.0,46,1,2,0,1,4,GOAL_REACHED
6929,0.05,78.0,48,1,6,0,1,2,GOAL_REACHED
6930,0.05,-32.0,50,0,3,0,1,0,ENERGY_DEPLETED
6931,0.05,99.0,47,1,1,0,1,3,GOAL_REACHED
6932,0.05,67.0,47,1,9,0,1,3,GOAL_REACHED
6933,0.05,79.0,46,1,4,1,1,4,GOAL_REACHED
6934,0.05,92.0,50,1,2,0,1,0,GOAL_REACHED
6935,0.05,-40.0,50,0,5,0,1,0,ENERGY_DEPLETED
6936,0.05,-24.0,50,0,1,0,1,0,ENERGY_DEPLETED
6937,0.05,-32.0,50,0,3,0,1,0,ENERGY_DEPLETED
6938,0.05,-54.0,50,0,4,2,1,0,ENERGY_DEPLETED
6939,0.05,92.0,50,1,2,0,1,0,GOAL_REACHED
6940,0.05,-45.0,50,0,4,1,1,0,ENERGY_DEPLETED
6941,0.05,-44.0,50,0,6,0,1,0,ENERGY_DEPLETED
6942,0.05,80.0,46,1,6,0,1,4,GOAL_REACHED
6943,0.05,-57.0,50,0,7,1,1,0,ENERGY_DEPLETED
6944,0.05,84.0,50,1,4,0,1,0,GOAL_REACHED
6945,0.05,98.0,44,1,2,0,1,6,GOAL_REACHED
6946,0.05,-36.0,50,0,4,0,1,0,ENERGY_DEPLETED
6947,0.05,88.0,46,1,4,0,1,4,GOAL_REACHED
6948,0.05,-48.0,50,0,7,0,1,0,ENERGY_DEPLETED
6949,0.05,-48.0,50,0,7,0,1,0,ENERGY_DEPLETED
6950,0.05,-42.0,50,0,1,2,1,0,ENERGY_DEPLETED
6951,0.05,94.0,48,1,2,0,1,2,GOAL_REACHED
6952,0.05,74.0,50,1,2,2,1,0,GOAL_REACHED
6953,0.05,86.0,48,1,4,0,1,2,GOAL_REACHED
6954,0.05,74.0,44,1,8,0,1,6,GOAL_REACHED
6955,0.05,74.0,47,1,5,1,1,3,GOAL_REACHED
6956,0.05,98.0,44,1,2,0,1,6,GOAL_REACHED
6957,0.05,-32.0,50,0,3,0,1,0,ENERGY_DEPLETED
6958,0.05,88.0,46,1,4,0,1,4,GOAL_REACHED
6959,0.05,68.0,50,1,8,0,1,0,GOAL_REACHED
6960,0.05,-64.0,50,0,2,4,1,0,ENERGY_DEPLETED
6961,0.05,-56.0,50,0,9,0,1,0,ENERGY_DEPLETED
6962,0.05,88.0,46,1,4,0,1,4,GOAL_REACHED
6963,0.05,96.0,46,1,2,0,1,4,GOAL_REACHED
6964,0.05,-45.0,50,0,4,1,1,0,ENERGY_DEPLETED
6965,0.05,-28.0,50,0,2,0,1,0,ENERGY_DEPLETED
6966,0.05,98.0,44,1,2,0,1,6,GOAL_REACHED
6967,0.05,78.0,48,1,6,0,1,2,GOAL_REACHED
6968,0.05,-52.0,50,0,8,0,1,0,ENERGY_DEPLETED
6969,0.05,-61.0,50,0,8,1,1,0,ENERGY_DEPLETED
6970,0.05,-52.0,50,0,8,0,1,0,ENERGY_DEPLETED
6971,0.05,91.0,47,1,3,0,1,3,GOAL_REACHED
6972,0.05,-41.0,50,0,3,1,1,0,ENERGY_DEPLETED
6973,0.05,-41.0,50,0,3,1,1,0,ENERGY_DEPLETED
6974,0.05,-48.0,50,0,6,0,1,0,ENERGY_DEPLETED
6975,0.05,-45.0,50,0,4,1,1,0,ENERGY_DEPLETED
6976,0.05,-41.0,50,0,2,1,1,0,ENERGY_DEPLETED
6977,0.05,98.0,44,1,2,0,1,6,GOAL_REACHED
6978,0.05,-45.0,50,0,4,1,1,0,ENERGY_DEPLETED
6979,0.05,73.0,49,1,7,0,1,1,GOAL_REACHED
6980,0.05,78.0,48,1,6,0,1,2,GOAL_REACHED
6981,0.05,98.0,44,1,2,0,1,6,GOAL_REACHED
6982,0.05,-49.0,50,0,5,1,1,0,ENERGY_DEPLETED
6983,0.05,67.0,50,1,6,1,1,0,GOAL_REACHED
6984,0.05,-36.0,50,0,4,0,1,0,ENERGY_DEPLETED
6985,0.05,-45.0,50,0,4,1,1,0,ENERGY_DEPLETED
6986,0.05,84.0,50,1,4,0,1,0,GOAL_REACHED
6987,0.05,91.0,47,1,3,0,1,3,GOAL_REACHED
6988,0.05,90.0,44,1,4,0,1,6,GOAL_REACHED
6989,0.05,85.0,48,1,2,1,1,2,GOAL_REACHED
6990,0.05,91.0,47,1,3,0,1,3,GOAL_REACHED
6991,0.05,-48.0,50,0,7,0,1,0,ENERGY_DEPLETED
6992,0.05,98.0,44,1,2,0,1,6,GOAL_REACHED
6993,0.05,-36.0,50,0,4,0,1,0,ENERGY_DEPLETED
6994,0.05,74.0,50,1,2,2,1,0,GOAL_REACHED
6995,0.05,102.0,48,1,0,0,1,2,GOAL_REACHED
6996,0.05,88.0,46,1,4,0,1,4,GOAL_REACHED
6997,0.05,98.0,44,1,2,0,1,6,GOAL_REACHED
6998,0.05,80.0,46,1,6,0,1,4,GOAL_REACHED
6999,0.05,88.0,46,1,4,0,1,4,GOAL_REACHED
7000,0.05,-57.0,50,0,6,1,1,0,ENERGY_DEPLETED
7001,0.05,-44.0,50,0,6,0,1,0,ENERGY_DEPLETED
7002,0.05,-40.0,50,0,5,0,1,0,ENERGY_DEPLETED
7003,0.05,68.0,50,1,8,0,1,0,GOAL_REACHED
7004,0.05,100.0,50,1,0,0,1,0,GOAL_REACHED
7005,0.05,96.0,46,1,2,0,1,4,GOAL_REACHED
7006,0.05,92.0,50,1,2,0,1,0,GOAL_REACHED
7007,0.05,76.0,50,1,6,0,1,0,GOAL_REACHED
7008,0.05,68.0,50,1,8,0,1,0,GOAL_REACHED
7009,0.05,-28.0,50,0,2,0,1,0,ENERGY_DEPLETED
7010,0.05,-24.0,50,0,1,0,1,0,ENERGY_DEPLETED
7011,0.05,90.0,44,1,4,0,1,6,GOAL_REACHED
7012,0.05,-57.0,50,0,7,1,1,0,ENERGY_DEPLETED
7013,0.05,-32.0,50,0,3,0,1,0,ENERGY_DEPLETED
7014,0.05,-24.0,50,0,1,0,1,0,ENERGY_DEPLETED
7015,0.05,-24.0,50,0,0,0,1,0,ENERGY_DEPLETED
7016,0.05,-32.0,50,0,3,0,1,0,ENERGY_DEPLETED
7017,0.05,-71.0,50,0,5,3,1,0,ENERGY_DEPLETED
7018,0.05,79.0,46,1,4,1,1,4,GOAL_REACHED
7019,0.05,-32.0,50,0,3,0,1,0,ENERGY_DEPLETED
7020,0.05,-32.0,50,0,3,0,1,0,ENERGY_DEPLETED
7021,0.05,-28.0,50,0,2,0,1,0,ENERGY_DEPLETED
7022,0.05,-48.0,50,0,7,0,1,0,ENERGY_DEPLETED
7023,0.05,-44.0,50,0,6,0,1,0,ENERGY_DEPLETED
7024,0.05,76.0,50,1,6,0,1,0,GOAL_REACHED
7025,0.05,88.0,46,1,4,0,1,4,GOAL_REACHED
7026,0.05,-32.0,50,0,3,0,1,0,ENERGY_DEPLETED
7027,0.05,-36.0,50,0,4,0,1,0,ENERGY_DEPLETED
7028,0.05,-36.0,50,0,4,0,1,0,ENERGY_DEPLETED
7029,0.05,92.0,50,1,2,0,1,0,GOAL_REACHED
7030,0.05,61.0,48,1,8,1,1,2,GOAL_REACHED
7031,0.05,68.0,50,1,8,0,1,0,GOAL_REACHED
7032,0.05,76.0,50,1,6,0,1,0,GOAL_REACHED
7033,0.05,91.0,47,1,3,0,1,3,GOAL_REACHED
7034,0.05,-44.0,50,0,6,0,1,0,ENERGY_DEPLETED
7035,0.05,85.0,48,1,2,1,1,2,GOAL_REACHED
7036,0.05,75.0,47,1,7,0,1,3,GOAL_REACHED
7037,0.05,93.0,48,1,0,1,1,2,GOAL_REACHED
7038,0.05,82.0,47,1,3,1,1,3,GOAL_REACHED
7039,0.05,-33.0,50,0,1,1,1,0,ENERGY_DEPLETED
7040,0.05,78.0,48,1,6,0,1,2,GOAL_REACHED
7041,0.05,84.0,50,1,4,0,1,0,GOAL_REACHED
7042,0.05,96.0,46,1,2,0,1,4,GOAL_REACHED
7043,0.05,-40.0,50,0,5,0,1,0,ENERGY_DEPLETED
7044,0.05,78.0,48,1,6,0,1,2,GOAL_REACHED
7045,0.05,88.0,46,1,4,0,1,4,GOAL_REACHED
7046,0.05,104.0,46,1,0,0,1,4,GOAL_REACHED
7047,0.05,96.0,46,1,2,0,1,4,GOAL_REACHED
7048,0.05,-28.0,50,0,2,0,1,0,ENERGY_DEPLETED
7049,0.05,-32.0,50,0,3,0,1,0,ENERGY_DEPLETED
7050,0.05,96.0,46,1,2,0,1,4,GOAL_REACHED
7051,0.05,81.0,44,1,4,1,1,6,GOAL_REACHED
7052,0.05,69.0,48,1,6,1,1,2,GOAL_REACHED
7053,0.05,86.0,48,1,4,0,1,2,GOAL_REACHED
7054,0.05,67.0,50,1,6,1,1,0,GOAL_REACHED
7055,0.05,89.0,49,1,3,0,1,1,GOAL_REACHED
7056,0.05,-40.0,50,0,5,0,1,0,ENERGY_DEPLETED
7057,0.05,80.0,46,1,6,0,1,4,GOAL_REACHED
7058,0.05,-48.0,50,0,6,0,1,0,ENERGY_DEPLETED
7059,0.05,-60.0,50,0,10,0,1,0,ENERGY_DEPLETED
7060,0.05,-32.0,50,0,3,0,1,0,ENERGY_DEPLETED
7061,0.05,76.0,50,1,6,0,1,0,GOAL_REACHED
7062,0.05,87.0,46,1,2,1,1,4,GOAL_REACHED
7063,0.05,-53.0,50,0,6,1,1,0,ENERGY_DEPLETED
7064,0.05,-40.0,50,0,5,0,1,0,ENERGY_DEPLETED
7065,0.05,-44.0,50,0,6,0,1,0,ENERGY_DEPLETED
7066,0.05,-36.0,50,0,3,0,1,0,ENERGY_DEPLETED
7067,0.05,84.0,50,1,4,0,1,0,GOAL_REACHED
7068,0.05,98.0,44,1,2,0,1,6,GOAL_REACHED
7069,0.05,-37.0,50,0,2,1,1,0,ENERGY_DEPLETED
7070,0.05,96.0,46,1,2,0,1,4,GOAL_REACHED
7071,0.05,94.0,48,1,2,0,1,2,GOAL_REACHED
7072,0.05,-48.0,50,0,7,0,1,0,ENERGY_DEPLETED
7073,0.05,86.0,48,1,4,0,1,2,GOAL_REACHED
7074,0.05,-36.0,50,0,4,0,1,0,ENERGY_DEPLETED
7075,0.05,96.0,46,1,2,0,1,4,GOAL_REACHED
7076,0.05,76.0,50,1,6,0,1,0,GOAL_REACHED
7077,0.05,89.0,49,1,3,0,1,1,GOAL_REACHED
7078,0.05,-32.0,50,0,3,0,1,0,ENERGY_DEPLETED
7079,0.05,98.0,44,1,2,0,1,6,GOAL_REACHED
7080,0.05,98.0,44,1,2,0,1,6,GOAL_REACHED
7081,0.05,-20.0,50,0,0,0,1,0,ENERGY_DEPLETED
7082,0.05,-32.0,50,0,3,0,1,0,ENERGY_DEPLETED
7083,0.05,78.0,48,1,6,0,1,2,GOAL_REACHED
7084,0.05,-52.0,50,0,8,0,1,0,ENERGY_DEPLETED
7085,0.05,91.0,47,1,3,0,1,3,GOAL_REACHED
7086,0.05,-24.0,50,0,1,0,1,0,ENERGY_DEPLETED
7087,0.05,-32.0,50,0,3,0,1,0,ENERGY_DEPLETED
7088,0.05,84.0,50,1,4,0,1,0,GOAL_REACHED
7089,0.05,-57.0,50,0,7,1,1,0,ENERGY_DEPLETED
7090,0.05,-41.0,50,0,3,1,1,0,ENERGY_DEPLETED
7091,0.05,94.0,48,1,2,0,1,2,GOAL_REACHED
7092,0.05,75.0,50,1,4,1,1,0,GOAL_REACHED
7093,0.05,88.0,49,1,1,1,1,1,GOAL_REACHED
7094,0.05,106.0,44,1,0,0,1,6,GOAL_REACHED
7095,0.05,-28.0,50,0,2,0,1,0,ENERGY_DEPLETED
7096,0.05,-66.0,50,0,7,2,1,0,ENERGY_DEPLETED
7097,0.05,98.0,44,1,2,0,1,6,GOAL_REACHED
7098,0.05,75.0,47,1,7,0,1,3,GOAL_REACHED
7099,0.05,86.0,48,1,4,0,1,2,GOAL_REACHED
7100,0.05,84.0,50,1,4,0,1,0,GOAL_REACHED
7101,0.05,98.0,44,1,2,0,1,6,GOAL_REACHED
7102,0.05,-20.0,50,0,0,0,1,0,ENERGY_DEPLETED
7103,0.05,84.0,50,1,4,0,1,0,GOAL_REACHED
7104,0.05,98.0,44,1,2,0,1,6,GOAL_REACHED
7105,0.05,-48.0,50,0,7,0,1,0,ENERGY_DEPLETED
7106,0.05,87.0,46,1,2,1,1,4,GOAL_REACHED
7107,0.05,81.0,47,1,1,2,1,3,GOAL_REACHED
7108,0.05,86.0,48,1,4,0,1,2,GOAL_REACHED
7109,0.05,-49.0,50,0,5,1,1,0,ENERGY_DEPLETED
7110,0.05,-28.0,50,0,2,0,1,0,ENERGY_DEPLETED
7111,0.05,83.0,47,1,5,0,1,3,GOAL_REACHED
7112,0.05,88.0,46,1,4,0,1,4,GOAL_REACHED
7113,0.05,92.0,50,1,2,0,1,0,GOAL_REACHED
7114,0.05,-48.0,50,0,7,0,1,0,ENERGY_DEPLETED
7115,0.05,80.0,46,1,6,0,1,4,GOAL_REACHED
7116,0.05,91.0,47,1,3,0,1,3,GOAL_REACHED
7117,0.05,67.0,50,1,6,1,1,0,GOAL_REACHED
7118,0.05,83.0,47,1,5,0,1,3,GOAL_REACHED
7119,0.05,-32.0,50,0,3,0,1,0,ENERGY_DEPLETED
7120,0.05,88.0,46,1,4,0,1,4,GOAL_REACHED
7121,0.05,75.0,47,1,7,0,1,3,GOAL_REACHED
7122,0.05,91.0,47,1,3,0,1,3,GOAL_REACHED
7123,0.05,-24.0,50,0,1,0,1,0,ENERGY_DEPLETED
7124,0.05,-48.0,50,0,6,0,1,0,ENERGY_DEPLETED
7125,0.05,90.0,44,1,4,0,1,6,GOAL_REACHED
7126,0.05,-44.0,50,0,6,0,1,0,ENERGY_DEPLETED
7127,0.05,-48.0,50,0,7,0,1,0,ENERGY_DEPLETED
7128,0.05,-36.0,50,0,4,0,1,0,ENERGY_DEPLETED
7129,0.05,85.0,48,1,2,1,1,2,GOAL_REACHED
7130,0.05,90.0,44,1,4,0,1,6,GOAL_REACHED
7131,0.05,76.0,50,1,6,0,1,0,GOAL_REACHED
7132,0.05,94.0,48,1,2,0,1,2,GOAL_REACHED
7133,0.05,-70.0,50,0,8,2,1,0,ENERGY_DEPLETED
7134,0.05,-32.0,50,0,3,0,1,0,ENERGY_DEPLETED
7135,0.05,98.0,44,1,2,0,1,6,GOAL_REACHED
7136,0.05,90.0,47,1,1,1,1,3,GOAL_REACHED
7137,0.05,-32.0,50,0,2,0,1,0,ENERGY_DEPLETED
7138,0.05,-32.0,50,0,3,0,1,0,ENERGY_DEPLETED
7139,0.05,-49.0,50,0,4,1,1,0,ENERGY_DEPLETED
7140,0.05,93.0,48,1,0,1,1,2,GOAL_REACHED
7141,0.05,-41.0,50,0,3,1,1,0,ENERGY_DEPLETED
7142,0.05,67.0,50,1,6,1,1,0,GOAL_REACHED
7143,0.05,84.0,50,1,4,0,1,0,GOAL_REACHED
7144,0.05,92.0,50,1,2,0,1,0,GOAL_REACHED
7145,0.05,94.0,48,1,2,0,1,2,GOAL_REACHED
7146,0.05,-37.0,50,0,2,1,1,0,ENERGY_DEPLETED
7147,0.05,-33.0,50,0,1,1,1,0,ENERGY_DEPLETED
7148,0.05,-40.0,50,0,5,0,1,0,ENERGY_DEPLETED
7149,0.05,67.0,50,1,6,1,1,0,GOAL_REACHED
7150,0.05,76.0,48,1,2,2,1,2,GOAL_REACHED
7151,0.05,78.0,48,1,6,0,1,2,GOAL_REACHED
7152,0.05,89.0,49,1,3,0,1,1,GOAL_REACHED
7153,0.05,86.0,48,1,4,0,1,2,GOAL_REACHED
7154,0.05,86.0,48,1,4,0,1,2,GOAL_REACHED
7155,0.05,76.0,50,1,6,0,1,0,GOAL_REACHED
7156,0.05,-24.0,50,0,1,0,1,0,ENERGY_DEPLETED
7157,0.05,88.0,46,1,4,0,1,4,GOAL_REACHED
7158,0.05,83.0,47,1,5,0,1,3,GOAL_REACHED
7159,0.05,96.0,46,1,2,0,1,4,GOAL_REACHED
7160,0.05,88.0,46,1,4,0,1,4,GOAL_REACHED
7161,0.05,-40.0,50,0,5,0,1,0,ENERGY_DEPLETED
7162,0.05,81.0,49,1,5,0,1,1,GOAL_REACHED
7163,0.05,88.0,46,1,4,0,1,4,GOAL_REACHED
7164,0.05,90.0,44,1,4,0,1,6,GOAL_REACHED
7165,0.05,86.0,48,1,4,0,1,2,GOAL_REACHED
7166,0.05,96.0,46,1,2,0,1,4,GOAL_REACHED
7167,0.05,-24.0,50,0,1,0,1,0,ENERGY_DEPLETED
7168,0.05,98.0,44,1,2,0,1,6,GOAL_REACHED
7169,0.05,81.0,49,1,5,0,1,1,GOAL_REACHED
7170,0.05,-40.0,50,0,4,0,1,0,ENERGY_DEPLETED
7171,0.05,-40.0,50,0,5,0,1,0,ENERGY_DEPLETED
7172,0.05,91.0,47,1,3,0,1,3,GOAL_REACHED
7173,0.05,-59.0,50,0,3,3,1,0,ENERGY_DEPLETED
7174,0.05,-24.0,50,0,1,0,1,0,ENERGY_DEPLETED
7175,0.05,-40.0,50,0,4,0,1,0,ENERGY_DEPLETED
7176,0.05,98.0,44,1,2,0,1,6,GOAL_REACHED
7177,0.05,86.0,48,1,4,0,1,2,GOAL_REACHED
7178,0.05,-36.0,50,0,4,0,1,0,ENERGY_DEPLETED
7179,0.05,94.0,48,1,2,0,1,2,GOAL_REACHED
7180,0.05,86.0,48,1,4,0,1,2,GOAL_REACHED
7181,0.05,81.0,49,1,5,0,1,1,GOAL_REACHED
7182,0.05,80.0,46,1,6,0,1,4,GOAL_REACHED
7183,0.05,-52.0,50,0,8,0,1,0,ENERGY_DEPLETED
7184,0.05,-32.0,50,0,3,0,1,0,ENERGY_DEPLETED
7185,0.05,91.0,47,1,3,0,1,3,GOAL_REACHED
7186,0.05,96.0,46,1,2,0,1,4,GOAL_REACHED
7187,0.05,-36.0,50,0,4,0,1,0,ENERGY_DEPLETED
7188,0.05,88.0,46,1,4,0,1,4,GOAL_REACHED
7189,0.05,-28.0,50,0,2,0,1,0,ENERGY_DEPLETED
7190,0.05,78.0,48,1,6,0,1,2,GOAL_REACHED
7191,0.05,-32.0,50,0,3,0,1,0,ENERGY_DEPLETED
7192,0.05,-32.0,50,0,3,0,1,0,ENERGY_DEPLETED
7193,0.05,-41.0,50,0,2,1,1,0,ENERGY_DEPLETED
7194,0.05,94.0,48,1,2,0,1,2,GOAL_REACHED
7195,0.05,-44.0,50,0,6,0,1,0,ENERGY_DEPLETED
7196,0.05,-28.0,50,0,2,0,1,0,ENERGY_DEPLETED
7197,0.05,75.0,50,1,4,1,1,0,GOAL_REACHED
7198,0.05,-40.0,50,0,5,0,1,0,ENERGY_DEPLETED
7199,0.05,86.0,48,1,4,0,1,2,GOAL_REACHED
7200,0.05,96.0,46,1,2,0,1,4,GOAL_REACHED
7201,0.05,86.0,48,1,4,0,1,2,GOAL_REACHED
7202,0.05,78.0,48,1,6,0,1,2,GOAL_REACHED
7203,0.05,-32.0,50,0,3,0,1,0,ENERGY_DEPLETED
7204,0.05,-40.0,50,0,5,0,1,0,ENERGY_DEPLETED
7205,0.05,83.0,47,1,5,0,1,3,GOAL_REACHED
7206,0.05,86.0,48,1,4,0,1,2,GOAL_REACHED
7207,0.05,86.0,48,1,4,0,1,2,GOAL_REACHED
7208,0.05,-48.0,50,0,7,0,1,0,ENERGY_DEPLETED
7209,0.05,72.0,46,1,8,0,1,4,GOAL_REACHED
7210,0.05,-32.0,50,0,3,0,1,0,ENERGY_DEPLETED
7211,0.05,77.0,48,1,4,1,1,2,GOAL_REACHED
7212,0.05,96.0,46,1,2,0,1,4,GOAL_REACHED
7213,0.05,-40.0,50,0,4,0,1,0,ENERGY_DEPLETED
7214,0.05,-44.0,50,0,6,0,1,0,ENERGY_DEPLETED
7215,0.05,80.0,46,1,6,0,1,4,GOAL_REACHED
7216,0.05,87.0,46,1,2,1,1,4,GOAL_REACHED
7217,0.05,-28.0,50,0,2,0,1,0,ENERGY_DEPLETED
7218,0.05,-44.0,50,0,6,0,1,0,ENERGY_DEPLETED
7219,0.05,-36.0,50,0,4,0,1,0,ENERGY_DEPLETED
7220,0.05,80.0,46,1,6,0,1,4,GOAL_REACHED
7221,0.05,92.0,50,1,2,0,1,0,GOAL_REACHED
7222,0.05,-40.0,50,0,5,0,1,0,ENERGY_DEPLETED
7223,0.05,94.0,48,1,2,0,1,2,GOAL_REACHED
7224,0.05,-32.0,50,0,2,0,1,0,ENERGY_DEPLETED
7225,0.05,-40.0,50,0,5,0,1,0,ENERGY_DEPLETED
7226,0.05,83.0,47,1,5,0,1,3,GOAL_REACHED
7227,0.05,79.0,46,1,4,1,1,4,GOAL_REACHED
7228,0.05,76.0,50,1,6,0,1,0,GOAL_REACHED
7229,0.05,-40.0,50,0,5,0,1,0,ENERGY_DEPLETED
7230,0.05,96.0,46,1,2,0,1,4,GOAL_REACHED
7231,0.05,-70.0,50,0,8,2,1,0,ENERGY_DEPLETED
7232,0.05,-64.0,50,0,11,0,1,0,ENERGY_DEPLETED
7233,0.05,-28.0,50,0,2,0,1,0,ENERGY_DEPLETED
7234,0.05,-40.0,50,0,5,0,1,0,ENERGY_DEPLETED
7235,0.05,84.0,50,1,4,0,1,0,GOAL_REACHED
7236,0.05,80.0,46,1,6,0,1,4,GOAL_REACHED
7237,0.05,96.0,46,1,2,0,1,4,GOAL_REACHED
7238,0.05,-48.0,50,0,7,0,1,0,ENERGY_DEPLETED
7239,0.05,-32.0,50,0,3,0,1,0,ENERGY_DEPLETED
7240,0.05,94.0,48,1,2,0,1,2,GOAL_REACHED
7241,0.05,96.0,46,1,2,0,1,4,GOAL_REACHED
7242,0.05,81.0,49,1,5,0,1,1,GOAL_REACHED
7243,0.05,87.0,46,1,2,1,1,4,GOAL_REACHED
7244,0.05,89.0,49,1,3,0,1,1,GOAL_REACHED
7245,0.05,-24.0,50,0,1,0,1,0,ENERGY_DEPLETED
7246,0.05,-36.0,50,0,4,0,1,0,ENERGY_DEPLETED
7247,0.05,-40.0,50,0,5,0,1,0,ENERGY_DEPLETED
7248,0.05,96.0,46,1,2,0,1,4,GOAL_REACHED
7249,0.05,84.0,50,1,4,0,1,0,GOAL_REACHED
7250,0.05,104.0,46,1,0,0,1,4,GOAL_REACHED
7251,0.05,-40.0,50,0,4,0,1,0,ENERGY_DEPLETED
7252,0.05,84.0,50,1,4,0,1,0,GOAL_REACHED
7253,0.05,-36.0,50,0,4,0,1,0,ENERGY_DEPLETED
7254,0.05,88.0,46,1,4,0,1,4,GOAL_REACHED
7255,0.05,106.0,44,1,0,0,1,6,GOAL_REACHED
7256,0.05,-44.0,50,0,6,0,1,0,ENERGY_DEPLETED
7257,0.05,70.0,48,1,8,0,1,2,GOAL_REACHED
7258,0.05,94.0,48,1,2,0,1,2,GOAL_REACHED
7259,0.05,88.0,46,1,4,0,1,4,GOAL_REACHED
7260,0.05,-40.0,50,0,5,0,1,0,ENERGY_DEPLETED
7261,0.05,88.0,46,1,4,0,1,4,GOAL_REACHED
7262,0.05,-44.0,50,0,6,0,1,0,ENERGY_DEPLETED
7263,0.05,-36.0,50,0,4,0,1,0,ENERGY_DEPLETED
7264,0.05,102.0,48,1,0,0,1,2,GOAL_REACHED
7265,0.05,-32.0,50,0,3,0,1,0,ENERGY_DEPLETED
7266,0.05,-36.0,50,0,4,0,1,0,ENERGY_DEPLETED
7267,0.05,-24.0,50,0,1,0,1,0,ENERGY_DEPLETED
7268,0.05,-49.0,50,0,4,1,1,0,ENERGY_DEPLETED
7269,0.05,-32.0,50,0,3,0,1,0,ENERGY_DEPLETED
7270,0.05,98.0,44,1,2,0,1,6,GOAL_REACHED
7271,0.05,89.0,49,1,3,0,1,1,GOAL_REACHED
7272,0.05,-36.0,50,0,4,0,1,0,ENERGY_DEPLETED
7273,0.05,-44.0,50,0,6,0,1,0,ENERGY_DEPLETED
7274,0.05,102.0,48,1,0,0,1,2,GOAL_REACHED
7275,0.05,96.0,46,1,2,0,1,4,GOAL_REACHED
7276,0.05,92.0,50,1,2,0,1,0,GOAL_REACHED
7277,0.05,78.0,48,1,6,0,1,2,GOAL_REACHED
7278,0.05,-32.0,50,0,3,0,1,0,ENERGY_DEPLETED
7279,0.05,-32.0,50,0,2,0,1,0,ENERGY_DEPLETED
7280,0.05,79.0,46,1,4,1,1,4,GOAL_REACHED
7281,0.05,-28.0,50,0,2,0,1,0,ENERGY_DEPLETED
7282,0.05,-44.0,50,0,6,0,1,0,ENERGY_DEPLETED
7283,0.05,86.0,48,1,4,0,1,2,GOAL_REACHED
7284,0.05,-49.0,50,0,5,1,1,0,ENERGY_DEPLETED
7285,0.05,85.0,48,1,2,1,1,2,GOAL_REACHED
7286,0.05,-24.0,50,0,1,0,1,0,ENERGY_DEPLETED
7287,0.05,86.0,48,1,4,0,1,2,GOAL_REACHED
7288,0.05,96.0,46,1,2,0,1,4,GOAL_REACHED
7289,0.05,-44.0,50,0,6,0,1,0,ENERGY_DEPLETED
7290,0.05,84.0,50,1,4,0,1,0,GOAL_REACHED
7291,0.05,-60.0,50,0,10,0,1,0,ENERGY_DEPLETED
7292,0.05,80.0,46,1,6,0,1,4,GOAL_REACHED
7293,0.05,75.0,50,1,4,1,1,0,GOAL_REACHED
7294,0.05,-36.0,50,0,4,0,1,0,ENERGY_DEPLETED
7295,0.05,-32.0,50,0,3,0,1,0,ENERGY_DEPLETED
7296,0.05,88.0,46,1,4,0,1,4,GOAL_REACHED
7297,0.05,84.0,50,1,4,0,1,0,GOAL_REACHED
7298,0.05,83.0,50,1,2,1,1,0,GOAL_REACHED
7299,0.05,-49.0,50,0,5,1,1,0,ENERGY_DEPLETED
7300,0.05,-36.0,50,0,4,0,1,0,ENERGY_DEPLETED
7301,0.05,91.0,47,1,3,0,1,3,GOAL_REACHED
7302,0.05,84.0,50,1,4,0,1,0,GOAL_REACHED
7303,0.05,94.0,48,1,2,0,1,2,GOAL_REACHED
7304,0.05,75.0,50,1,4,1,1,0,GOAL_REACHED
7305,0.05,96.0,46,1,2,0,1,4,GOAL_REACHED
7306,0.05,92.0,50,1,2,0,1,0,GOAL_REACHED
7307,0.05,-32.0,50,0,3,0,1,0,ENERGY_DEPLETED
7308,0.05,84.0,50,1,4,0,1,0,GOAL_REACHED
7309,0.05,78.0,48,1,6,0,1,2,GOAL_REACHED
7310,0.05,76.0,50,1,6,0,1,0,GOAL_REACHED
7311,0.05,86.0,48,1,4,0,1,2,GOAL_REACHED
7312,0.05,92.0,50,1,2,0,1,0,GOAL_REACHED
7313,0.05,94.0,48,1,2,0,1,2,GOAL_REACHED
7314,0.05,-40.0,50,0,5,0,1,0,ENERGY_DEPLETED
7315,0.05,91.0,47,1,3,0,1,3,GOAL_REACHED
7316,0.05,76.0,50,1,6,0,1,0,GOAL_REACHED
7317,0.05,73.0,49,1,7,0,1,1,GOAL_REACHED
7318,0.05,-36.0,50,0,4,0,1,0,ENERGY_DEPLETED
7319,0.05,88.0,46,1,4,0,1,4,GOAL_REACHED
7320,0.05,78.0,48,1,6,0,1,2,GOAL_REACHED
7321,0.05,78.0,48,1,6,0,1,2,GOAL_REACHED
7322,0.05,104.0,46,1,0,0,1,4,GOAL_REACHED
7323,0.05,88.0,46,1,4,0,1,4,GOAL_REACHED
7324,0.05,-32.0,50,0,3,0,1,0,ENERGY_DEPLETED
7325,0.05,96.0,46,1,2,0,1,4,GOAL_REACHED
7326,0.05,50.0,50,1,8,2,1,0,GOAL_REACHED
7327,0.05,96.0,46,1,2,0,1,4,GOAL_REACHED
7328,0.05,86.0,48,1,4,0,1,2,GOAL_REACHED
7329,0.05,88.0,46,1,4,0,1,4,GOAL_REACHED
7330,0.05,84.0,50,1,4,0,1,0,GOAL_REACHED
7331,0.05,-28.0,50,0,2,0,1,0,ENERGY_DEPLETED
7332,0.05,50.0,50,1,8,2,1,0,GOAL_REACHED
7333,0.05,-32.0,50,0,3,0,1,0,ENERGY_DEPLETED
7334,0.05,88.0,46,1,4,0,1,4,GOAL_REACHED
7335,0.05,76.0,50,1,6,0,1,0,GOAL_REACHED
7336,0.05,89.0,49,1,3,0,1,1,GOAL_REACHED
7337,0.05,-28.0,50,0,2,0,1,0,ENERGY_DEPLETED
7338,0.05,91.0,47,1,3,0,1,3,GOAL_REACHED
7339,0.05,88.0,46,1,4,0,1,4,GOAL_REACHED
7340,0.05,-48.0,50,0,6,0,1,0,ENERGY_DEPLETED
7341,0.05,76.0,50,1,6,0,1,0,GOAL_REACHED
7342,0.05,78.0,48,1,6,0,1,2,GOAL_REACHED
7343,0.05,-40.0,50,0,5,0,1,0,ENERGY_DEPLETED
7344,0.05,-36.0,50,0,4,0,1,0,ENERGY_DEPLETED
7345,0.05,98.0,44,1,2,0,1,6,GOAL_REACHED
7346,0.05,88.0,46,1,4,0,1,4,GOAL_REACHED
7347,0.05,96.0,46,1,2,0,1,4,GOAL_REACHED
7348,0.05,94.0,48,1,2,0,1,2,GOAL_REACHED
7349,0.05,-62.0,50,0,6,2,1,0,ENERGY_DEPLETED
7350,0.05,86.0,48,1,4,0,1,2,GOAL_REACHED
7351,0.05,88.0,46,1,4,0,1,4,GOAL_REACHED
7352,0.05,96.0,46,1,2,0,1,4,GOAL_REACHED
7353,0.05,88.0,46,1,4,0,1,4,GOAL_REACHED
7354,0.05,-49.0,50,0,5,1,1,0,ENERGY_DEPLETED
7355,0.05,-50.0,50,0,2,2,1,0,ENERGY_DEPLETED
7356,0.05,89.0,49,1,3,0,1,1,GOAL_REACHED
7357,0.05,-48.0,50,0,7,0,1,0,ENERGY_DEPLETED
7358,0.05,94.0,48,1,2,0,1,2,GOAL_REACHED
7359,0.05,-48.0,50,0,7,0,1,0,ENERGY_DEPLETED
7360,0.05,104.0,46,1,0,0,1,4,GOAL_REACHED
7361,0.05,-36.0,50,0,4,0,1,0,ENERGY_DEPLETED
7362,0.05,95.0,46,1,0,1,1,4,GOAL_REACHED
7363,0.05,99.0,47,1,1,0,1,3,GOAL_REACHED
7364,0.05,80.0,46,1,6,0,1,4,GOAL_REACHED
7365,0.05,-41.0,50,0,3,1,1,0,ENERGY_DEPLETED
7366,0.05,80.0,46,1,6,0,1,4,GOAL_REACHED
7367,0.05,96.0,46,1,2,0,1,4,GOAL_REACHED
7368,0.05,86.0,48,1,4,0,1,2,GOAL_REACHED
7369,0.05,92.0,50,1,2,0,1,0,GOAL_REACHED
7370,0.05,89.0,49,1,3,0,1,1,GOAL_REACHED
7371,0.05,79.0,46,1,4,1,1,4,GOAL_REACHED
7372,0.05,84.0,50,1,4,0,1,0,GOAL_REACHED
7373,0.05,-36.0,50,0,4,0,1,0,ENERGY_DEPLETED
7374,0.05,-40.0,50,0,5,0,1,0,ENERGY_DEPLETED
7375,0.05,-28.0,50,0,2,0,1,0,ENERGY_DEPLETED
7376,0.05,78.0,48,1,6,0,1,2,GOAL_REACHED
7377,0.05,-32.0,50,0,3,0,1,0,ENERGY_DEPLETED
7378,0.05,78.0,48,1,6,0,1,2,GOAL_REACHED
7379,0.05,80.0,46,1,6,0,1,4,GOAL_REACHED
7380,0.05,75.0,47,1,7,0,1,3,GOAL_REACHED
7381,0.05,-36.0,50,0,4,0,1,0,ENERGY_DEPLETED
7382,0.05,78.0,48,1,6,0,1,2,GOAL_REACHED
7383,0.05,83.0,50,1,2,1,1,0,GOAL_REACHED
7384,0.05,-55.0,50,0,2,3,1,0,ENERGY_DEPLETED
7385,0.05,-24.0,50,0,1,0,1,0,ENERGY_DEPLETED
7386,0.05,-64.0,50,0,11,0,1,0,ENERGY_DEPLETED
7387,0.05,96.0,46,1,2,0,1,4,GOAL_REACHED
7388,0.05,-40.0,50,0,5,0,1,0,ENERGY_DEPLETED
7389,0.05,-41.0,50,0,3,1,1,0,ENERGY_DEPLETED
7390,0.05,-40.0,50,0,4,0,1,0,ENERGY_DEPLETED
7391,0.05,66.0,47,1,7,1,1,3,GOAL_REACHED
7392,0.05,94.0,48,1,2,0,1,2,GOAL_REACHED
7393,0.05,-32.0,50,0,3,0,1,0,ENERGY_DEPLETED
7394,0.05,88.0,46,1,4,0,1,4,GOAL_REACHED
7395,0.05,-36.0,50,0,4,0,1,0,ENERGY_DEPLETED
7396,0.05,89.0,49,1,3,0,1,1,GOAL_REACHED
7397,0.05,-40.0,50,0,5,0,1,0,ENERGY_DEPLETED
7398,0.05,80.0,46,1,6,0,1,4,GOAL_REACHED
7399,0.05,86.0,48,1,4,0,1,2,GOAL_REACHED
7400,0.05,-33.0,50,0,1,1,1,0,ENERGY_DEPLETED
7401,0.05,78.0,48,1,6,0,1,2,GOAL_REACHED
7402,0.05,83.0,47,1,5,0,1,3,GOAL_REACHED
7403,0.05,-32.0,50,0,3,0,1,0,ENERGY_DEPLETED
7404,0.05,94.0,48,1,2,0,1,2,GOAL_REACHED
7405,0.05,-28.0,50,0,2,0,1,0,ENERGY_DEPLETED
7406,0.05,81.0,49,1,5,0,1,1,GOAL_REACHED
7407,0.05,85.0,48,1,2,1,1,2,GOAL_REACHED
7408,0.05,94.0,48,1,2,0,1,2,GOAL_REACHED
7409,0.05,-60.0,50,0,10,0,1,0,ENERGY_DEPLETED
7410,0.05,80.0,46,1,6,0,1,4,GOAL_REACHED
7411,0.05,-32.0,50,0,3,0,1,0,ENERGY_DEPLETED
7412,0.05,83.0,50,1,2,1,1,0,GOAL_REACHED
7413,0.05,98.0,44,1,2,0,1,6,GOAL_REACHED
7414,0.05,88.0,46,1,4,0,1,4,GOAL_REACHED
7415,0.05,-40.0,50,0,5,0,1,0,ENERGY_DEPLETED
7416,0.05,83.0,47,1,5,0,1,3,GOAL_REACHED
7417,0.05,94.0,48,1,2,0,1,2,GOAL_REACHED
7418,0.05,96.0,46,1,2,0,1,4,GOAL_REACHED
7419,0.05,91.0,47,1,3,0,1,3,GOAL_REACHED
7420,0.05,-44.0,50,0,6,0,1,0,ENERGY_DEPLETED
7421,0.05,-52.0,50,0,8,0,1,0,ENERGY_DEPLETED
7422,0.05,89.0,49,1,3,0,1,1,GOAL_REACHED
7423,0.05,-44.0,50,0,6,0,1,0,ENERGY_DEPLETED
7424,0.05,-32.0,50,0,3,0,1,0,ENERGY_DEPLETED
7425,0.05,86.0,48,1,4,0,1,2,GOAL_REACHED
7426,0.05,80.0,46,1,6,0,1,4,GOAL_REACHED
7427,0.05,96.0,46,1,2,0,1,4,GOAL_REACHED
7428,0.05,-40.0,50,0,5,0,1,0,ENERGY_DEPLETED
7429,0.05,-53.0,50,0,6,1,1,0,ENERGY_DEPLETED
7430,0.05,-20.0,50,0,0,0,1,0,ENERGY_DEPLETED
7431,0.05,94.0,48,1,2,0,1,2,GOAL_REACHED
7432,0.05,-36.0,50,0,4,0,1,0,ENERGY_DEPLETED
7433,0.05,75.0,50,1,4,1,1,0,GOAL_REACHED
7434,0.05,-32.0,50,0,2,0,1,0,ENERGY_DEPLETED
7435,0.05,-24.0,50,0,1,0,1,0,ENERGY_DEPLETED
7436,0.05,-41.0,50,0,3,1,1,0,ENERGY_DEPLETED
7437,0.05,88.0,46,1,4,0,1,4,GOAL_REACHED
7438,0.05,81.0,49,1,5,0,1,1,GOAL_REACHED
7439,0.05,83.0,47,1,5,0,1,3,GOAL_REACHED
7440,0.05,-62.0,50,0,5,2,1,0,ENERGY_DEPLETED
7441,0.05,-28.0,50,0,2,0,1,0,ENERGY_DEPLETED
7442,0.05,-33.0,50,0,1,1,1,0,ENERGY_DEPLETED
7443,0.05,96.0,46,1,2,0,1,4,GOAL_REACHED
7444,0.05,86.0,48,1,4,0,1,2,GOAL_REACHED
7445,0.05,96.0,46,1,2,0,1,4,GOAL_REACHED
7446,0.05,-44.0,50,0,6,0,1,0,ENERGY_DEPLETED
7447,0.05,74.0,47,1,5,1,1,3,GOAL_REACHED
7448,0.05,96.0,46,1,2,0,1,4,GOAL_REACHED
7449,0.05,92.0,50,1,2,0,1,0,GOAL_REACHED
7450,0.05,-40.0,50,0,5,0,1,0,ENERGY_DEPLETED
7451,0.05,104.0,46,1,0,0,1,4,GOAL_REACHED
7452,0.05,94.0,48,1,2,0,1,2,GOAL_REACHED
7453,0.05,84.0,50,1,4,0,1,0,GOAL_REACHED
7454,0.05,-78.0,50,0,2,0,0,0,ENERGY_DEPLETED
7455,0.05,68.0,50,1,8,0,1,0,GOAL_REACHED
7456,0.05,104.0,46,1,0,0,1,4,GOAL_REACHED
7457,0.05,60.0,50,1,10,0,1,0,GOAL_REACHED
7458,0.05,92.0,50,1,2,0,1,0,GOAL_REACHED
7459,0.05,-41.0,50,0,2,1,1,0,ENERGY_DEPLETED
7460,0.05,-32.0,50,0,3,0,1,0,ENERGY_DEPLETED
7461,0.05,96.0,46,1,2,0,1,4,GOAL_REACHED
7462,0.05,88.0,46,1,4,0,1,4,GOAL_REACHED
7463,0.05,-24.0,50,0,1,0,1,0,ENERGY_DEPLETED
7464,0.05,-48.0,50,0,6,0,1,0,ENERGY_DEPLETED
7465,0.05,91.0,50,1,0,1,1,0,GOAL_REACHED
7466,0.05,88.0,46,1,4,0,1,4,GOAL_REACHED
7467,0.05,-49.0,50,0,4,1,1,0,ENERGY_DEPLETED
7468,0.05,96.0,46,1,2,0,1,4,GOAL_REACHED
7469,0.05,90.0,44,1,4,0,1,6,GOAL_REACHED
7470,0.05,88.0,46,1,4,0,1,4,GOAL_REACHED
7471,0.05,68.0,50,1,8,0,1,0,GOAL_REACHED
7472,0.05,67.0,47,1,9,0,1,3,GOAL_REACHED
7473,0.05,-44.0,50,0,6,0,1,0,ENERGY_DEPLETED
7474,0.05,-28.0,50,0,2,0,1,0,ENERGY_DEPLETED
7475,0.05,92.0,50,1,2,0,1,0,GOAL_REACHED
7476,0.05,82.0,47,1,3,1,1,3,GOAL_REACHED
7477,0.05,-36.0,50,0,4,0,1,0,ENERGY_DEPLETED
7478,0.05,-54.0,50,0,4,2,1,0,ENERGY_DEPLETED
7479,0.05,96.0,46,1,2,0,1,4,GOAL_REACHED
7480,0.05,-32.0,50,0,3,0,1,0,ENERGY_DEPLETED
7481,0.05,86.0,48,1,4,0,1,2,GOAL_REACHED
7482,0.05,-40.0,50,0,5,0,1,0,ENERGY_DEPLETED
7483,0.05,83.0,47,1,5,0,1,3,GOAL_REACHED
7484,0.05,76.0,50,1,6,0,1,0,GOAL_REACHED
7485,0.05,-40.0,50,0,5,0,1,0,ENERGY_DEPLETED
7486,0.05,96.0,46,1,2,0,1,4,GOAL_REACHED
7487,0.05,86.0,48,1,4,0,1,2,GOAL_REACHED
7488,0.05,-58.0,50,0,5,2,1,0,ENERGY_DEPLETED
7489,0.05,84.0,50,1,4,0,1,0,GOAL_REACHED
7490,0.05,73.0,47,1,3,2,1,3,GOAL_REACHED
7491,0.05,-44.0,50,0,6,0,1,0,ENERGY_DEPLETED
7492,0.05,-59.0,50,0,3,3,1,0,ENERGY_DEPLETED
7493,0.05,85.0,48,1,2,1,1,2,GOAL_REACHED
7494,0.05,-32.0,50,0,3,0,1,0,ENERGY_DEPLETED
7495,0.05,-44.0,50,0,6,0,1,0,ENERGY_DEPLETED
7496,0.05,83.0,47,1,5,0,1,3,GOAL_REACHED
7497,0.05,84.0,50,1,4,0,1,0,GOAL_REACHED
7498,0.05,81.0,49,1,5,0,1,1,GOAL_REACHED
7499,0.05,-36.0,50,0,4,0,1,0,ENERGY_DEPLETED
7500,0.05,85.0,48,1,2,1,1,2,GOAL_REACHED
7501,0.05,75.0,47,1,7,0,1,3,GOAL_REACHED
7502,0.05,86.0,48,1,4,0,1,2,GOAL_REACHED
7503,0.05,98.0,44,1,2,0,1,6,GOAL_REACHED
7504,0.05,78.0,48,1,6,0,1,2,GOAL_REACHED
7505,0.05,-36.0,50,0,4,0,1,0,ENERGY_DEPLETED
7506,0.05,88.0,46,1,4,0,1,4,GOAL_REACHED
7507,0.05,-48.0,50,0,7,0,1,0,ENERGY_DEPLETED
7508,0.05,86.0,48,1,4,0,1,2,GOAL_REACHED
7509,0.05,-50.0,50,0,3,2,1,0,ENERGY_DEPLETED
7510,0.05,-36.0,50,0,4,0,1,0,ENERGY_DEPLETED
7511,0.05,-33.0,50,0,1,1,1,0,ENERGY_DEPLETED
7512,0.05,75.0,50,1,4,1,1,0,GOAL_REACHED
7513,0.05,-54.0,50,0,4,2,1,0,ENERGY_DEPLETED
7514,0.05,-28.0,50,0,2,0,1,0,ENERGY_DEPLETED
7515,0.05,-40.0,50,0,5,0,1,0,ENERGY_DEPLETED
7516,0.05,85.0,48,1,2,1,1,2,GOAL_REACHED
7517,0.05,-32.0,50,0,3,0,1,0,ENERGY_DEPLETED
7518,0.05,-36.0,50,0,4,0,1,0,ENERGY_DEPLETED
7519,0.05,96.0,46,1,2,0,1,4,GOAL_REACHED
7520,0.05,-36.0,50,0,4,0,1,0,ENERGY_DEPLETED
7521,0.05,-48.0,50,0,7,0,1,0,ENERGY_DEPLETED
7522,0.05,83.0,47,1,5,0,1,3,GOAL_REACHED
7523,0.05,93.0,48,1,0,1,1,2,GOAL_REACHED
7524,0.05,-28.0,50,0,2,0,1,0,ENERGY_DEPLETED
7525,0.05,99.0,47,1,1,0,1,3,GOAL_REACHED
7526,0.05,78.0,48,1,6,0,1,2,GOAL_REACHED
7527,0.05,-32.0,50,0,3,0,1,0,ENERGY_DEPLETED
7528,0.05,73.0,49,1,7,0,1,1,GOAL_REACHED
7529,0.05,-32.0,50,0,3,0,1,0,ENERGY_DEPLETED
7530,0.05,-32.0,50,0,3,0,1,0,ENERGY_DEPLETED
7531,0.05,68.0,50,1,8,0,1,0,GOAL_REACHED
7532,0.05,88.0,46,1,4,0,1,4,GOAL_REACHED
7533,0.05,70.0,48,1,8,0,1,2,GOAL_REACHED
7534,0.05,-40.0,50,0,4,0,1,0,ENERGY_DEPLETED
7535,0.05,76.0,50,1,6,0,1,0,GOAL_REACHED
7536,0.05,-32.0,50,0,3,0,1,0,ENERGY_DEPLETED
7537,0.05,92.0,50,1,2,0,1,0,GOAL_REACHED
7538,0.05,83.0,47,1,5,0,1,3,GOAL_REACHED
7539,0.05,-36.0,50,0,4,0,1,0,ENERGY_DEPLETED
7540,0.05,-52.0,50,0,8,0,1,0,ENERGY_DEPLETED
7541,0.05,68.0,50,1,8,0,1,0,GOAL_REACHED
7542,0.05,76.0,48,1,2,2,1,2,GOAL_REACHED
7543,0.05,77.0,48,1,4,1,1,2,GOAL_REACHED
7544,0.05,-28.0,50,0,2,0,1,0,ENERGY_DEPLETED
7545,0.05,-36.0,50,0,4,0,1,0,ENERGY_DEPLETED
7546,0.05,-24.0,50,0,1,0,1,0,ENERGY_DEPLETED
7547,0.05,-40.0,50,0,4,0,1,0,ENERGY_DEPLETED
7548,0.05,-37.0,50,0,2,1,1,0,ENERGY_DEPLETED
7549,0.05,90.0,44,1,4,0,1,6,GOAL_REACHED
7550,0.05,91.0,47,1,3,0,1,3,GOAL_REACHED
7551,0.05,78.0,48,1,6,0,1,2,GOAL_REACHED
7552,0.05,91.0,47,1,3,0,1,3,GOAL_REACHED
7553,0.05,80.0,49,1,3,1,1,1,GOAL_REACHED
7554,0.05,-48.0,50,0,6,0,1,0,ENERGY_DEPLETED
7555,0.05,73.0,49,1,7,0,1,1,GOAL_REACHED
7556,0.05,98.0,44,1,2,0,1,6,GOAL_REACHED
7557,0.05,90.0,44,1,4,0,1,6,GOAL_REACHED
7558,0.05,77.0,48,1,4,1,1,2,GOAL_REACHED
7559,0.05,90.0,44,1,4,0,1,6,GOAL_REACHED
7560,0.05,87.0,46,1,2,1,1,4,GOAL_REACHED
7561,0.05,-50.0,50,0,3,2,1,0,ENERGY_DEPLETED
7562,0.05,-40.0,50,0,5,0,1,0,ENERGY_DEPLETED
7563,0.05,-20.0,50,0,0,0,1,0,ENERGY_DEPLETED
7564,0.05,-32.0,50,0,3,0,1,0,ENERGY_DEPLETED
7565,0.05,-50.0,50,0,2,2,1,0,ENERGY_DEPLETED
7566,0.05,98.0,44,1,2,0,1,6,GOAL_REACHED
7567,0.05,-37.0,50,0,2,1,1,0,ENERGY_DEPLETED
7568,0.05,100.0,50,1,0,0,1,0,GOAL_REACHED
7569,0.05,75.0,50,1,4,1,1,0,GOAL_REACHED
7570,0.05,-24.0,50,0,0,0,1,0,ENERGY_DEPLETED
7571,0.05,88.0,46,1,4,0,1,4,GOAL_REACHED
7572,0.05,91.0,47,1,3,0,1,3,GOAL_REACHED
7573,0.05,84.0,50,1,4,0,1,0,GOAL_REACHED
7574,0.05,-32.0,50,0,2,0,1,0,ENERGY_DEPLETED
7575,0.05,91.0,47,1,3,0,1,3,GOAL_REACHED
7576,0.05,83.0,47,1,5,0,1,3,GOAL_REACHED
7577,0.05,76.0,50,1,6,0,1,0,GOAL_REACHED
7578,0.05,-36.0,50,0,4,0,1,0,ENERGY_DEPLETED
7579,0.05,-32.0,50,0,3,0,1,0,ENERGY_DEPLETED
7580,0.05,-56.0,50,0,9,0,1,0,ENERGY_DEPLETED
7581,0.05,98.0,44,1,2,0,1,6,GOAL_REACHED
7582,0.05,-48.0,50,0,6,0,1,0,ENERGY_DEPLETED
7583,0.05,-40.0,50,0,5,0,1,0,ENERGY_DEPLETED
7584,0.05,75.0,47,1,7,0,1,3,GOAL_REACHED
7585,0.05,88.0,46,1,4,0,1,4,GOAL_REACHED
7586,0.05,68.0,50,1,8,0,1,0,GOAL_REACHED
7587,0.05,-32.0,50,0,3,0,1,0,ENERGY_DEPLETED
7588,0.05,-36.0,50,0,4,0,1,0,ENERGY_DEPLETED
7589,0.05,87.0,46,1,2,1,1,4,GOAL_REACHED
7590,0.05,62.0,48,1,10,0,1,2,GOAL_REACHED
7591,0.05,-36.0,50,0,4,0,1,0,ENERGY_DEPLETED
7592,0.05,91.0,47,1,3,0,1,3,GOAL_REACHED
7593,0.05,-24.0,50,0,1,0,1,0,ENERGY_DEPLETED
7594,0.05,86.0,48,1,4,0,1,2,GOAL_REACHED
7595,0.05,-37.0,50,0,2,1,1,0,ENERGY_DEPLETED
7596,0.05,-40.0,50,0,5,0,1,0,ENERGY_DEPLETED
7597,0.05,88.0,46,1,4,0,1,4,GOAL_REACHED
7598,0.05,83.0,47,1,5,0,1,3,GOAL_REACHED
7599,0.05,-28.0,50,0,2,0,1,0,ENERGY_DEPLETED
7600,0.05,75.0,47,1,7,0,1,3,GOAL_REACHED
7601,0.05,-40.0,50,0,5,0,1,0,ENERGY_DEPLETED
7602,0.05,78.0,48,1,6,0,1,2,GOAL_REACHED
7603,0.05,80.0,46,1,6,0,1,4,GOAL_REACHED
7604,0.05,80.0,46,1,6,0,1,4,GOAL_REACHED
7605,0.05,92.0,50,1,2,0,1,0,GOAL_REACHED
7606,0.05,92.0,50,1,2,0,1,0,GOAL_REACHED
7607,0.05,92.0,50,1,2,0,1,0,GOAL_REACHED
7608,0.05,-44.0,50,0,6,0,1,0,ENERGY_DEPLETED
7609,0.05,90.0,44,1,4,0,1,6,GOAL_REACHED
7610,0.05,91.0,47,1,3,0,1,3,GOAL_REACHED
7611,0.05,83.0,47,1,5,0,1,3,GOAL_REACHED
7612,0.05,-24.0,50,0,1,0,1,0,ENERGY_DEPLETED
7613,0.05,-40.0,50,0,4,0,1,0,ENERGY_DEPLETED
7614,0.05,-65.0,50,0,9,1,1,0,ENERGY_DEPLETED
7615,0.05,83.0,47,1,5,0,1,3,GOAL_REACHED
7616,0.05,89.0,49,1,3,0,1,1,GOAL_REACHED
7617,0.05,98.0,44,1,2,0,1,6,GOAL_REACHED
7618,0.05,98.0,44,1,2,0,1,6,GOAL_REACHED
7619,0.05,84.0,50,1,4,0,1,0,GOAL_REACHED
7620,0.05,90.0,44,1,4,0,1,6,GOAL_REACHED
7621,0.05,83.0,50,1,2,1,1,0,GOAL_REACHED
7622,0.05,-32.0,50,0,3,0,1,0,ENERGY_DEPLETED
7623,0.05,-36.0,50,0,4,0,1,0,ENERGY_DEPLETED
7624,0.05,-40.0,50,0,5,0,1,0,ENERGY_DEPLETED
7625,0.05,-36.0,50,0,4,0,1,0,ENERGY_DEPLETED
7626,0.05,84.0,50,1,4,0,1,0,GOAL_REACHED
7627,0.05,-50.0,50,0,3,2,1,0,ENERGY_DEPLETED
7628,0.05,-40.0,50,0,5,0,1,0,ENERGY_DEPLETED
7629,0.05,-44.0,50,0,6,0,1,0,ENERGY_DEPLETED
7630,0.05,96.0,46,1,2,0,1,4,GOAL_REACHED
7631,0.05,-40.0,50,0,5,0,1,0,ENERGY_DEPLETED
7632,0.05,-36.0,50,0,4,0,1,0,ENERGY_DEPLETED
7633,0.05,-40.0,50,0,5,0,1,0,ENERGY_DEPLETED
7634,0.05,86.0,48,1,4,0,1,2,GOAL_REACHED
7635,0.05,88.0,46,1,4,0,1,4,GOAL_REACHED
7636,0.05,-36.0,50,0,4,0,1,0,ENERGY_DEPLETED
7637,0.05,102.0,48,1,0,0,1,2,GOAL_REACHED
7638,0.05,99.0,47,1,1,0,1,3,GOAL_REACHED
7639,0.05,90.0,44,1,4,0,1,6,GOAL_REACHED
7640,0.05,67.0,50,1,6,1,1,0,GOAL_REACHED
7641,0.05,77.0,48,1,4,1,1,2,GOAL_REACHED
7642,0.05,86.0,48,1,4,0,1,2,GOAL_REACHED
7643,0.05,104.0,46,1,0,0,1,4,GOAL_REACHED
7644,0.05,-36.0,50,0,4,0,1,0,ENERGY_DEPLETED
7645,0.05,81.0,49,1,5,0,1,1,GOAL_REACHED
7646,0.05,-52.0,50,0,8,0,1,0,ENERGY_DEPLETED
7647,0.05,98.0,44,1,2,0,1,6,GOAL_REACHED
7648,0.05,80.0,49,1,3,1,1,1,GOAL_REACHED
7649,0.05,-48.0,50,0,7,0,1,0,ENERGY_DEPLETED
7650,0.05,-24.0,50,0,1,0,1,0,ENERGY_DEPLETED
7651,0.05,92.0,50,1,2,0,1,0,GOAL_REACHED
7652,0.05,72.0,46,1,8,0,1,4,GOAL_REACHED
7653,0.05,-40.0,50,0,5,0,1,0,ENERGY_DEPLETED
7654,0.05,-36.0,50,0,4,0,1,0,ENERGY_DEPLETED
7655,0.05,89.0,49,1,3,0,1,1,GOAL_REACHED
7656,0.05,-32.0,50,0,3,0,1,0,ENERGY_DEPLETED
7657,0.05,-45.0,50,0,4,1,1,0,ENERGY_DEPLETED
7658,0.05,86.0,48,1,4,0,1,2,GOAL_REACHED
7659,0.05,-46.0,50,0,2,2,1,0,ENERGY_DEPLETED
7660,0.05,91.0,47,1,3,0,1,3,GOAL_REACHED
7661,0.05,96.0,46,1,2,0,1,4,GOAL_REACHED
7662,0.05,84.0,50,1,4,0,1,0,GOAL_REACHED
7663,0.05,84.0,50,1,4,0,1,0,GOAL_REACHED
7664,0.05,-41.0,50,0,3,1,1,0,ENERGY_DEPLETED
7665,0.05,90.0,47,1,1,1,1,3,GOAL_REACHED
7666,0.05,-62.0,50,0,6,2,1,0,ENERGY_DEPLETED
7667,0.05,-46.0,50,0,2,2,1,0,ENERGY_DEPLETED
7668,0.05,-40.0,50,0,5,0,1,0,ENERGY_DEPLETED
7669,0.05,-36.0,50,0,4,0,1,0,ENERGY_DEPLETED
7670,0.05,96.0,46,1,2,0,1,4,GOAL_REACHED
7671,0.05,85.0,45,1,5,0,1,5,GOAL_REACHED
7672,0.05,82.0,47,1,3,1,1,3,GOAL_REACHED
7673,0.05,104.0,46,1,0,0,1,4,GOAL_REACHED
7674,0.05,94.0,48,1,2,0,1,2,GOAL_REACHED
7675,0.05,-40.0,50,0,5,0,1,0,ENERGY_DEPLETED
7676,0.05,75.0,50,1,4,1,1,0,GOAL_REACHED
7677,0.05,-37.0,50,0,2,1,1,0,ENERGY_DEPLETED
7678,0.05,-32.0,50,0,3,0,1,0,ENERGY_DEPLETED
7679,0.05,86.0,48,1,4,0,1,2,GOAL_REACHED
7680,0.05,90.0,44,1,4,0,1,6,GOAL_REACHED
7681,0.05,84.0,50,1,4,0,1,0,GOAL_REACHED
7682,0.05,72.0,49,1,5,1,1,1,GOAL_REACHED
7683,0.05,94.0,48,1,2,0,1,2,GOAL_REACHED
7684,0.05,93.0,45,1,3,0,1,5,GOAL_REACHED
7685,0.05,-28.0,50,0,2,0,1,0,ENERGY_DEPLETED
7686,0.05,-28.0,50,0,2,0,1,0,ENERGY_DEPLETED
7687,0.05,-36.0,50,0,4,0,1,0,ENERGY_DEPLETED
7688,0.05,-32.0,50,0,3,0,1,0,ENERGY_DEPLETED
7689,0.05,74.0,47,1,5,1,1,3,GOAL_REACHED
7690,0.05,94.0,48,1,2,0,1,2,GOAL_REACHED
7691,0.05,96.0,46,1,2,0,1,4,GOAL_REACHED
7692,0.05,98.0,44,1,2,0,1,6,GOAL_REACHED
7693,0.05,-52.0,50,0,8,0,1,0,ENERGY_DEPLETED
7694,0.05,-40.0,50,0,5,0,1,0,ENERGY_DEPLETED
7695,0.05,-24.0,50,0,1,0,1,0,ENERGY_DEPLETED
7696,0.05,-44.0,50,0,6,0,1,0,ENERGY_DEPLETED
7697,0.05,-24.0,50,0,0,0,1,0,ENERGY_DEPLETED
7698,0.05,-40.0,50,0,4,0,1,0,ENERGY_DEPLETED
7699,0.05,82.0,44,1,6,0,1,6,GOAL_REACHED
7700,0.05,-32.0,50,0,3,0,1,0,ENERGY_DEPLETED
7701,0.05,96.0,46,1,2,0,1,4,GOAL_REACHED
7702,0.05,96.0,46,1,2,0,1,4,GOAL_REACHED
7703,0.05,89.0,49,1,3,0,1,1,GOAL_REACHED
7704,0.05,87.0,46,1,2,1,1,4,GOAL_REACHED
7705,0.05,89.0,49,1,3,0,1,1,GOAL_REACHED
7706,0.05,-53.0,50,0,6,1,1,0,ENERGY_DEPLETED
7707,0.05,94.0,48,1,2,0,1,2,GOAL_REACHED
7708,0.05,-36.0,50,0,4,0,1,0,ENERGY_DEPLETED
7709,0.05,80.0,46,1,6,0,1,4,GOAL_REACHED
7710,0.05,-49.0,50,0,5,1,1,0,ENERGY_DEPLETED
7711,0.05,-40.0,50,0,5,0,1,0,ENERGY_DEPLETED
7712,0.05,-48.0,50,0,7,0,1,0,ENERGY_DEPLETED
7713,0.05,104.0,46,1,0,0,1,4,GOAL_REACHED
7714,0.05,-53.0,50,0,6,1,1,0,ENERGY_DEPLETED
7715,0.05,88.0,46,1,4,0,1,4,GOAL_REACHED
7716,0.05,85.0,48,1,2,1,1,2,GOAL_REACHED
7717,0.05,86.0,48,1,4,0,1,2,GOAL_REACHED
7718,0.05,-53.0,50,0,6,1,1,0,ENERGY_DEPLETED
7719,0.05,89.0,49,1,3,0,1,1,GOAL_REACHED
7720,0.05,-41.0,50,0,3,1,1,0,ENERGY_DEPLETED
7721,0.05,87.0,46,1,2,1,1,4,GOAL_REACHED
7722,0.05,76.0,50,1,6,0,1,0,GOAL_REACHED
7723,0.05,86.0,48,1,4,0,1,2,GOAL_REACHED
7724,0.05,-36.0,50,0,4,0,1,0,ENERGY_DEPLETED
7725,0.05,99.0,47,1,1,0,1,3,GOAL_REACHED
7726,0.05,75.0,50,1,4,1,1,0,GOAL_REACHED
7727,0.05,77.0,48,1,4,1,1,2,GOAL_REACHED
7728,0.05,100.0,50,1,0,0,1,0,GOAL_REACHED
7729,0.05,-44.0,50,0,6,0,1,0,ENERGY_DEPLETED
7730,0.05,-36.0,50,0,4,0,1,0,ENERGY_DEPLETED
7731,0.05,84.0,50,1,4,0,1,0,GOAL_REACHED
7732,0.05,72.0,49,1,5,1,1,1,GOAL_REACHED
7733,0.05,96.0,46,1,2,0,1,4,GOAL_REACHED
7734,0.05,86.0,48,1,4,0,1,2,GOAL_REACHED
7735,0.05,-28.0,50,0,2,0,1,0,ENERGY_DEPLETED
7736,0.05,-53.0,50,0,6,1,1,0,ENERGY_DEPLETED
7737,0.05,-40.0,50,0,5,0,1,0,ENERGY_DEPLETED
7738,0.05,-40.0,50,0,5,0,1,0,ENERGY_DEPLETED
7739,0.05,76.0,50,1,6,0,1,0,GOAL_REACHED
7740,0.05,98.0,44,1,2,0,1,6,GOAL_REACHED
7741,0.05,96.0,46,1,2,0,1,4,GOAL_REACHED
7742,0.05,98.0,44,1,2,0,1,6,GOAL_REACHED
7743,0.05,89.0,49,1,3,0,1,1,GOAL_REACHED
7744,0.05,-36.0,50,0,4,0,1,0,ENERGY_DEPLETED
7745,0.05,-36.0,50,0,4,0,1,0,ENERGY_DEPLETED
7746,0.05,-40.0,50,0,5,0,1,0,ENERGY_DEPLETED
7747,0.05,70.0,48,1,8,0,1,2,GOAL_REACHED
7748,0.05,90.0,44,1,4,0,1,6,GOAL_REACHED
7749,0.05,96.0,46,1,2,0,1,4,GOAL_REACHED
7750,0.05,98.0,44,1,2,0,1,6,GOAL_REACHED
7751,0.05,-36.0,50,0,4,0,1,0,ENERGY_DEPLETED
7752,0.05,94.0,48,1,2,0,1,2,GOAL_REACHED
7753,0.05,92.0,50,1,2,0,1,0,GOAL_REACHED
7754,0.05,-28.0,50,0,2,0,1,0,ENERGY_DEPLETED
7755,0.05,-36.0,50,0,4,0,1,0,ENERGY_DEPLETED
7756,0.05,90.0,44,1,4,0,1,6,GOAL_REACHED
7757,0.05,-44.0,50,0,6,0,1,0,ENERGY_DEPLETED
7758,0.05,-24.0,50,0,1,0,1,0,ENERGY_DEPLETED
7759,0.05,88.0,46,1,4,0,1,4,GOAL_REACHED
7760,0.05,98.0,44,1,2,0,1,6,GOAL_REACHED
7761,0.05,-28.0,50,0,2,0,1,0,ENERGY_DEPLETED
7762,0.05,100.0,50,1,0,0,1,0,GOAL_REACHED
7763,0.05,-36.0,50,0,4,0,1,0,ENERGY_DEPLETED
7764,0.05,72.0,46,1,8,0,1,4,GOAL_REACHED
7765,0.05,65.0,49,1,9,0,1,1,GOAL_REACHED
7766,0.05,-40.0,50,0,4,0,1,0,ENERGY_DEPLETED
7767,0.05,-48.0,50,0,6,0,1,0,ENERGY_DEPLETED
7768,0.05,-41.0,50,0,3,1,1,0,ENERGY_DEPLETED
7769,0.05,84.0,50,1,4,0,1,0,GOAL_REACHED
7770,0.05,82.0,44,1,6,0,1,6,GOAL_REACHED
7771,0.05,90.0,44,1,4,0,1,6,GOAL_REACHED
7772,0.05,-36.0,50,0,4,0,1,0,ENERGY_DEPLETED
7773,0.05,94.0,48,1,2,0,1,2,GOAL_REACHED
7774,0.05,-44.0,50,0,6,0,1,0,ENERGY_DEPLETED
7775,0.05,-40.0,50,0,5,0,1,0,ENERGY_DEPLETED
7776,0.05,90.0,44,1,4,0,1,6,GOAL_REACHED
7777,0.05,98.0,44,1,2,0,1,6,GOAL_REACHED
7778,0.05,86.0,48,1,4,0,1,2,GOAL_REACHED
7779,0.05,86.0,48,1,4,0,1,2,GOAL_REACHED
7780,0.05,68.0,50,1,8,0,1,0,GOAL_REACHED
7781,0.05,-24.0,50,0,1,0,1,0,ENERGY_DEPLETED
7782,0.05,-40.0,50,0,5,0,1,0,ENERGY_DEPLETED
7783,0.05,-24.0,50,0,1,0,1,0,ENERGY_DEPLETED
7784,0.05,-36.0,50,0,4,0,1,0,ENERGY_DEPLETED
7785,0.05,72.0,46,1,8,0,1,4,GOAL_REACHED
7786,0.05,-32.0,50,0,3,0,1,0,ENERGY_DEPLETED
7787,0.05,88.0,46,1,4,0,1,4,GOAL_REACHED
7788,0.05,78.0,48,1,6,0,1,2,GOAL_REACHED
7789,0.05,-53.0,50,0,5,1,1,0,ENERGY_DEPLETED
7790,0.05,-48.0,50,0,7,0,1,0,ENERGY_DEPLETED
7791,0.05,89.0,49,1,3,0,1,1,GOAL_REACHED
7792,0.05,67.0,50,1,6,1,1,0,GOAL_REACHED
7793,0.05,94.0,48,1,2,0,1,2,GOAL_REACHED
7794,0.05,78.0,48,1,6,0,1,2,GOAL_REACHED
7795,0.05,70.0,48,1,8,0,1,2,GOAL_REACHED
7796,0.05,98.0,44,1,2,0,1,6,GOAL_REACHED
7797,0.05,89.0,49,1,3,0,1,1,GOAL_REACHED
7798,0.05,96.0,46,1,2,0,1,4,GOAL_REACHED
7799,0.05,-37.0,50,0,2,1,1,0,ENERGY_DEPLETED
7800,0.05,-48.0,50,0,7,0,1,0,ENERGY_DEPLETED
7801,0.05,-32.0,50,0,3,0,1,0,ENERGY_DEPLETED
7802,0.05,-48.0,50,0,7,0,1,0,ENERGY_DEPLETED
7803,0.05,90.0,44,1,4,0,1,6,GOAL_REACHED
7804,0.05,94.0,48,1,2,0,1,2,GOAL_REACHED
7805,0.05,59.0,50,1,8,1,1,0,GOAL_REACHED
7806,0.05,79.0,46,1,4,1,1,4,GOAL_REACHED
7807,0.05,96.0,46,1,2,0,1,4,GOAL_REACHED
7808,0.05,94.0,48,1,2,0,1,2,GOAL_REACHED
7809,0.05,100.0,50,1,0,0,1,0,GOAL_REACHED
7810,0.05,66.0,50,1,4,2,1,0,GOAL_REACHED
7811,0.05,84.0,50,1,4,0,1,0,GOAL_REACHED
7812,0.05,-28.0,50,0,2,0,1,0,ENERGY_DEPLETED
7813,0.05,-56.0,50,0,9,0,1,0,ENERGY_DEPLETED
7814,0.05,92.0,50,1,2,0,1,0,GOAL_REACHED
7815,0.05,96.0,46,1,2,0,1,4,GOAL_REACHED
7816,0.05,89.0,49,1,3,0,1,1,GOAL_REACHED
7817,0.05,-28.0,50,0,2,0,1,0,ENERGY_DEPLETED
7818,0.05,-48.0,50,0,7,0,1,0,ENERGY_DEPLETED
7819,0.05,92.0,50,1,2,0,1,0,GOAL_REACHED
7820,0.05,-32.0,50,0,3,0,1,0,ENERGY_DEPLETED
7821,0.05,83.0,47,1,5,0,1,3,GOAL_REACHED
7822,0.05,-32.0,50,0,3,0,1,0,ENERGY_DEPLETED
7823,0.05,78.0,48,1,6,0,1,2,GOAL_REACHED
7824,0.05,-32.0,50,0,3,0,1,0,ENERGY_DEPLETED
7825,0.05,80.0,46,1,6,0,1,4,GOAL_REACHED
7826,0.05,92.0,50,1,2,0,1,0,GOAL_REACHED
7827,0.05,-56.0,50,0,9,0,1,0,ENERGY_DEPLETED
7828,0.05,90.0,44,1,4,0,1,6,GOAL_REACHED
7829,0.05,88.0,46,1,4,0,1,4,GOAL_REACHED
7830,0.05,80.0,46,1,6,0,1,4,GOAL_REACHED
7831,0.05,88.0,46,1,4,0,1,4,GOAL_REACHED
7832,0.05,88.0,46,1,4,0,1,4,GOAL_REACHED
7833,0.05,91.0,47,1,3,0,1,3,GOAL_REACHED
7834,0.05,-61.0,50,0,8,1,1,0,ENERGY_DEPLETED
7835,0.05,-41.0,50,0,2,1,1,0,ENERGY_DEPLETED
7836,0.05,-32.0,50,0,3,0,1,0,ENERGY_DEPLETED
7837,0.05,90.0,44,1,4,0,1,6,GOAL_REACHED
7838,0.05,-36.0,50,0,4,0,1,0,ENERGY_DEPLETED
7839,0.05,-53.0,50,0,6,1,1,0,ENERGY_DEPLETED
7840,0.05,96.0,46,1,2,0,1,4,GOAL_REACHED
7841,0.05,-28.0,50,0,2,0,1,0,ENERGY_DEPLETED
7842,0.05,94.0,48,1,2,0,1,2,GOAL_REACHED
7843,0.05,98.0,44,1,2,0,1,6,GOAL_REACHED
7844,0.05,72.0,46,1,8,0,1,4,GOAL_REACHED
7845,0.05,90.0,44,1,4,0,1,6,GOAL_REACHED
7846,0.05,-44.0,50,0,6,0,1,0,ENERGY_DEPLETED
7847,0.05,-44.0,50,0,6,0,1,0,ENERGY_DEPLETED
7848,0.05,98.0,44,1,2,0,1,6,GOAL_REACHED
7849,0.05,-40.0,50,0,4,0,1,0,ENERGY_DEPLETED
7850,0.05,-36.0,50,0,4,0,1,0,ENERGY_DEPLETED
7851,0.05,-32.0,50,0,3,0,1,0,ENERGY_DEPLETED
7852,0.05,-36.0,50,0,4,0,1,0,ENERGY_DEPLETED
7853,0.05,104.0,46,1,0,0,1,4,GOAL_REACHED
7854,0.05,90.0,44,1,4,0,1,6,GOAL_REACHED
7855,0.05,75.0,50,1,4,1,1,0,GOAL_REACHED
7856,0.05,75.0,50,1,4,1,1,0,GOAL_REACHED
7857,0.05,87.0,46,1,2,1,1,4,GOAL_REACHED
7858,0.05,-44.0,50,0,6,0,1,0,ENERGY_DEPLETED
7859,0.05,94.0,48,1,2,0,1,2,GOAL_REACHED
7860,0.05,-61.0,50,0,8,1,1,0,ENERGY_DEPLETED
7861,0.05,-36.0,50,0,4,0,1,0,ENERGY_DEPLETED
7862,0.05,-28.0,50,0,2,0,1,0,ENERGY_DEPLETED
7863,0.05,94.0,48,1,2,0,1,2,GOAL_REACHED
7864,0.05,-50.0,50,0,3,2,1,0,ENERGY_DEPLETED
7865,0.05,73.0,49,1,7,0,1,1,GOAL_REACHED
7866,0.05,75.0,50,1,4,1,1,0,GOAL_REACHED
7867,0.05,-36.0,50,0,4,0,1,0,ENERGY_DEPLETED
7868,0.05,-29.0,50,0,0,1,1,0,ENERGY_DEPLETED
7869,0.05,98.0,44,1,2,0,1,6,GOAL_REACHED
7870,0.05,86.0,48,1,4,0,1,2,GOAL_REACHED
7871,0.05,92.0,50,1,2,0,1,0,GOAL_REACHED
7872,0.05,86.0,48,1,4,0,1,2,GOAL_REACHED
7873,0.05,90.0,44,1,4,0,1,6,GOAL_REACHED
7874,0.05,86.0,48,1,4,0,1,2,GOAL_REACHED
7875,0.05,78.0,48,1,6,0,1,2,GOAL_REACHED
7876,0.05,94.0,48,1,2,0,1,2,GOAL_REACHED
7877,0.05,-36.0,50,0,4,0,1,0,ENERGY_DEPLETED
7878,0.05,92.0,50,1,2,0,1,0,GOAL_REACHED
7879,0.05,-28.0,50,0,2,0,1,0,ENERGY_DEPLETED
7880,0.05,86.0,48,1,4,0,1,2,GOAL_REACHED
7881,0.05,89.0,49,1,3,0,1,1,GOAL_REACHED
7882,0.05,96.0,46,1,2,0,1,4,GOAL_REACHED
7883,0.05,76.0,50,1,6,0,1,0,GOAL_REACHED
7884,0.05,83.0,47,1,5,0,1,3,GOAL_REACHED
7885,0.05,-54.0,50,0,4,2,1,0,ENERGY_DEPLETED
7886,0.05,60.0,50,1,10,0,1,0,GOAL_REACHED
7887,0.05,-40.0,50,0,5,0,1,0,ENERGY_DEPLETED
7888,0.05,-36.0,50,0,4,0,1,0,ENERGY_DEPLETED
7889,0.05,69.0,48,1,6,1,1,2,GOAL_REACHED
7890,0.05,-44.0,50,0,6,0,1,0,ENERGY_DEPLETED
7891,0.05,-45.0,50,0,4,1,1,0,ENERGY_DEPLETED
7892,0.05,94.0,48,1,2,0,1,2,GOAL_REACHED
7893,0.05,98.0,44,1,2,0,1,6,GOAL_REACHED
7894,0.05,88.0,46,1,4,0,1,4,GOAL_REACHED
7895,0.05,-32.0,50,0,3,0,1,0,ENERGY_DEPLETED
7896,0.05,94.0,48,1,2,0,1,2,GOAL_REACHED
7897,0.05,-44.0,50,0,6,0,1,0,ENERGY_DEPLETED
7898,0.05,86.0,48,1,4,0,1,2,GOAL_REACHED
7899,0.05,80.0,46,1,6,0,1,4,GOAL_REACHED
7900,0.05,-36.0,50,0,4,0,1,0,ENERGY_DEPLETED
7901,0.05,-28.0,50,0,2,0,1,0,ENERGY_DEPLETED
7902,0.05,96.0,46,1,2,0,1,4,GOAL_REACHED
7903,0.05,96.0,46,1,2,0,1,4,GOAL_REACHED
7904,0.05,83.0,47,1,5,0,1,3,GOAL_REACHED
7905,0.05,88.0,46,1,4,0,1,4,GOAL_REACHED
7906,0.05,86.0,48,1,4,0,1,2,GOAL_REACHED
7907,0.05,85.0,48,1,2,1,1,2,GOAL_REACHED
7908,0.05,-36.0,50,0,4,0,1,0,ENERGY_DEPLETED
7909,0.05,96.0,46,1,2,0,1,4,GOAL_REACHED
7910,0.05,-44.0,50,0,6,0,1,0,ENERGY_DEPLETED
7911,0.05,79.0,46,1,4,1,1,4,GOAL_REACHED
7912,0.05,104.0,46,1,0,0,1,4,GOAL_REACHED
7913,0.05,-84.0,50,0,6,4,1,0,ENERGY_DEPLETED
7914,0.05,-36.0,50,0,4,0,1,0,ENERGY_DEPLETED
7915,0.05,88.0,46,1,4,0,1,4,GOAL_REACHED
7916,0.05,-36.0,50,0,4,0,1,0,ENERGY_DEPLETED
7917,0.05,-37.0,50,0,2,1,1,0,ENERGY_DEPLETED
7918,0.05,59.0,47,1,11,0,1,3,GOAL_REACHED
7919,0.05,70.0,48,1,8,0,1,2,GOAL_REACHED
7920,0.05,-36.0,50,0,4,0,1,0,ENERGY_DEPLETED
7921,0.05,-40.0,50,0,4,0,1,0,ENERGY_DEPLETED
7922,0.05,-49.0,50,0,5,1,1,0,ENERGY_DEPLETED
7923,0.05,87.0,46,1,2,1,1,4,GOAL_REACHED
7924,0.05,77.0,48,1,4,1,1,2,GOAL_REACHED
7925,0.05,106.0,44,1,0,0,1,6,GOAL_REACHED
7926,0.05,-36.0,50,0,4,0,1,0,ENERGY_DEPLETED
7927,0.05,-40.0,50,0,5,0,1,0,ENERGY_DEPLETED
7928,0.05,-37.0,50,0,2,1,1,0,ENERGY_DEPLETED
7929,0.05,88.0,46,1,4,0,1,4,GOAL_REACHED
7930,0.05,-45.0,50,0,4,1,1,0,ENERGY_DEPLETED
7931,0.05,87.0,46,1,2,1,1,4,GOAL_REACHED
7932,0.05,-37.0,50,0,2,1,1,0,ENERGY_DEPLETED
7933,0.05,88.0,46,1,4,0,1,4,GOAL_REACHED
7934,0.05,70.0,48,1,8,0,1,2,GOAL_REACHED
7935,0.05,88.0,46,1,4,0,1,4,GOAL_REACHED
7936,0.05,84.0,50,1,4,0,1,0,GOAL_REACHED
7937,0.05,-40.0,50,0,5,0,1,0,ENERGY_DEPLETED
7938,0.05,83.0,47,1,5,0,1,3,GOAL_REACHED
7939,0.05,94.0,48,1,2,0,1,2,GOAL_REACHED
7940,0.05,88.0,46,1,4,0,1,4,GOAL_REACHED
7941,0.05,99.0,47,1,1,0,1,3,GOAL_REACHED
7942,0.05,94.0,48,1,2,0,1,2,GOAL_REACHED
7943,0.05,88.0,46,1,4,0,1,4,GOAL_REACHED
7944,0.05,-32.0,50,0,3,0,1,0,ENERGY_DEPLETED
7945,0.05,-40.0,50,0,4,0,1,0,ENERGY_DEPLETED
7946,0.05,-28.0,50,0,2,0,1,0,ENERGY_DEPLETED
7947,0.05,86.0,48,1,4,0,1,2,GOAL_REACHED
7948,0.05,81.0,49,1,5,0,1,1,GOAL_REACHED
7949,0.05,96.0,46,1,2,0,1,4,GOAL_REACHED
7950,0.05,-28.0,50,0,2,0,1,0,ENERGY_DEPLETED
7951,0.05,-63.0,50,0,4,3,1,0,ENERGY_DEPLETED
7952,0.05,88.0,46,1,4,0,1,4,GOAL_REACHED
7953,0.05,69.0,48,1,6,1,1,2,GOAL_REACHED
7954,0.05,88.0,46,1,4,0,1,4,GOAL_REACHED
7955,0.05,-61.0,50,0,8,1,1,0,ENERGY_DEPLETED
7956,0.05,72.0,49,1,5,1,1,1,GOAL_REACHED
7957,0.05,-28.0,50,0,2,0,1,0,ENERGY_DEPLETED
7958,0.05,76.0,50,1,6,0,1,0,GOAL_REACHED
7959,0.05,75.0,50,1,4,1,1,0,GOAL_REACHED
7960,0.05,-36.0,50,0,4,0,1,0,ENERGY_DEPLETED
7961,0.05,87.0,46,1,2,1,1,4,GOAL_REACHED
7962,0.05,-52.0,50,0,8,0,1,0,ENERGY_DEPLETED
7963,0.05,88.0,46,1,4,0,1,4,GOAL_REACHED
7964,0.05,96.0,46,1,2,0,1,4,GOAL_REACHED
7965,0.05,-32.0,50,0,3,0,1,0,ENERGY_DEPLETED
7966,0.05,-40.0,50,0,5,0,1,0,ENERGY_DEPLETED
7967,0.05,-32.0,50,0,2,0,1,0,ENERGY_DEPLETED
7968,0.05,-61.0,50,0,8,1,1,0,ENERGY_DEPLETED
7969,0.05,-48.0,50,0,7,0,1,0,ENERGY_DEPLETED
7970,0.05,-29.0,50,0,0,1,1,0,ENERGY_DEPLETED
7971,0.05,-40.0,50,0,4,0,1,0,ENERGY_DEPLETED
7972,0.05,86.0,48,1,4,0,1,2,GOAL_REACHED
7973,0.05,-41.0,50,0,3,1,1,0,ENERGY_DEPLETED
7974,0.05,74.0,44,1,8,0,1,6,GOAL_REACHED
7975,0.05,-64.0,50,0,10,0,1,0,ENERGY_DEPLETED
7976,0.05,-28.0,50,0,2,0,1,0,ENERGY_DEPLETED
7977,0.05,-41.0,50,0,3,1,1,0,ENERGY_DEPLETED
7978,0.05,-32.0,50,0,3,0,1,0,ENERGY_DEPLETED
7979,0.05,76.0,50,1,6,0,1,0,GOAL_REACHED
7980,0.05,-45.0,50,0,4,1,1,0,ENERGY_DEPLETED
7981,0.05,76.0,50,1,6,0,1,0,GOAL_REACHED
7982,0.05,59.0,50,1,8,1,1,0,GOAL_REACHED
7983,0.05,-24.0,50,0,1,0,1,0,ENERGY_DEPLETED
7984,0.05,-44.0,50,0,6,0,1,0,ENERGY_DEPLETED
7985,0.05,92.0,50,1,2,0,1,0,GOAL_REACHED
7986,0.05,88.0,46,1,4,0,1,4,GOAL_REACHED
7987,0.05,-41.0,50,0,3,1,1,0,ENERGY_DEPLETED
7988,0.05,86.0,48,1,4,0,1,2,GOAL_REACHED
7989,0.05,-32.0,50,0,3,0,1,0,ENERGY_DEPLETED
7990,0.05,-44.0,50,0,6,0,1,0,ENERGY_DEPLETED
7991,0.05,70.0,48,1,8,0,1,2,GOAL_REACHED
7992,0.05,-56.0,50,0,9,0,1,0,ENERGY_DEPLETED
7993,0.05,72.0,46,1,8,0,1,4,GOAL_REACHED
7994,0.05,84.0,50,1,4,0,1,0,GOAL_REACHED
7995,0.05,68.0,48,1,4,2,1,2,GOAL_REACHED
7996,0.05,94.0,48,1,2,0,1,2,GOAL_REACHED
7997,0.05,-32.0,50,0,3,0,1,0,ENERGY_DEPLETED
7998,0.05,98.0,44,1,2,0,1,6,GOAL_REACHED
7999,0.05,102.0,48,1,0,0,1,2,GOAL_REACHED
8000,0.05,98.0,44,1,2,0,1,6,GOAL_REACHED
8001,0.05,68.0,48,1,4,2,1,2,GOAL_REACHED
8002,0.05,-36.0,50,0,4,0,1,0,ENERGY_DEPLETED
8003,0.05,94.0,48,1,2,0,1,2,GOAL_REACHED
8004,0.05,96.0,46,1,2,0,1,4,GOAL_REACHED
8005,0.05,-24.0,50,0,1,0,1,0,ENERGY_DEPLETED
8006,0.05,-29.0,50,0,0,1,1,0,ENERGY_DEPLETED
8007,0.05,86.0,48,1,4,0,1,2,GOAL_REACHED
8008,0.05,-36.0,50,0,4,0,1,0,ENERGY_DEPLETED
8009,0.05,-28.0,50,0,2,0,1,0,ENERGY_DEPLETED
8010,0.05,-28.0,50,0,2,0,1,0,ENERGY_DEPLETED
8011,0.05,96.0,46,1,2,0,1,4,GOAL_REACHED
8012,0.05,-24.0,50,0,1,0,1,0,ENERGY_DEPLETED
8013,0.05,60.0,50,1,10,0,1,0,GOAL_REACHED
8014,0.05,-37.0,50,0,2,1,1,0,ENERGY_DEPLETED
8015,0.05,-36.0,50,0,3,0,1,0,ENERGY_DEPLETED
8016,0.05,96.0,46,1,2,0,1,4,GOAL_REACHED
8017,0.05,-28.0,50,0,2,0,1,0,ENERGY_DEPLETED
8018,0.05,-36.0,50,0,4,0,1,0,ENERGY_DEPLETED
8019,0.05,-28.0,50,0,2,0,1,0,ENERGY_DEPLETED
8020,0.05,-53.0,50,0,6,1,1,0,ENERGY_DEPLETED
8021,0.05,88.0,46,1,4,0,1,4,GOAL_REACHED
8022,0.05,98.0,44,1,2,0,1,6,GOAL_REACHED
8023,0.05,84.0,50,1,4,0,1,0,GOAL_REACHED
8024,0.05,-45.0,50,0,4,1,1,0,ENERGY_DEPLETED
8025,0.05,88.0,46,1,4,0,1,4,GOAL_REACHED
8026,0.05,-40.0,50,0,5,0,1,0,ENERGY_DEPLETED
8027,0.05,92.0,50,1,2,0,1,0,GOAL_REACHED
8028,0.05,83.0,50,1,2,1,1,0,GOAL_REACHED
8029,0.05,88.0,46,1,4,0,1,4,GOAL_REACHED
8030,0.05,-40.0,50,0,5,0,1,0,ENERGY_DEPLETED
8031,0.05,80.0,46,1,6,0,1,4,GOAL_REACHED
8032,0.05,86.0,48,1,4,0,1,2,GOAL_REACHED
8033,0.05,92.0,50,1,2,0,1,0,GOAL_REACHED
8034,0.05,84.0,50,1,4,0,1,0,GOAL_REACHED
8035,0.05,80.0,49,1,3,1,1,1,GOAL_REACHED
8036,0.05,-37.0,50,0,2,1,1,0,ENERGY_DEPLETED
8037,0.05,90.0,44,1,4,0,1,6,GOAL_REACHED
8038,0.05,94.0,48,1,2,0,1,2,GOAL_REACHED
8039,0.05,-24.0,50,0,1,0,1,0,ENERGY_DEPLETED
8040,0.05,81.0,49,1,5,0,1,1,GOAL_REACHED
8041,0.05,-64.0,50,0,11,0,1,0,ENERGY_DEPLETED
8042,0.05,100.0,50,1,0,0,1,0,GOAL_REACHED
8043,0.05,-32.0,50,0,3,0,1,0,ENERGY_DEPLETED
8044,0.05,75.0,50,1,4,1,1,0,GOAL_REACHED
8045,0.05,84.0,50,1,4,0,1,0,GOAL_REACHED
8046,0.05,-36.0,50,0,4,0,1,0,ENERGY_DEPLETED
8047,0.05,98.0,44,1,2,0,1,6,GOAL_REACHED
8048,0.05,85.0,48,1,2,1,1,2,GOAL_REACHED
8049,0.05,-32.0,50,0,3,0,1,0,ENERGY_DEPLETED
8050,0.05,94.0,48,1,2,0,1,2,GOAL_REACHED
8051,0.05,-36.0,50,0,4,0,1,0,ENERGY_DEPLETED
8052,0.05,-40.0,50,0,5,0,1,0,ENERGY_DEPLETED
8053,0.05,96.0,46,1,2,0,1,4,GOAL_REACHED
8054,0.05,98.0,44,1,2,0,1,6,GOAL_REACHED
8055,0.05,-40.0,50,0,5,0,1,0,ENERGY_DEPLETED
8056,0.05,-41.0,50,0,3,1,1,0,ENERGY_DEPLETED
8057,0.05,-36.0,50,0,4,0,1,0,ENERGY_DEPLETED
8058,0.05,-65.0,50,0,8,1,1,0,ENERGY_DEPLETED
8059,0.05,-36.0,50,0,4,0,1,0,ENERGY_DEPLETED
8060,0.05,91.0,47,1,3,0,1,3,GOAL_REACHED
8061,0.05,-32.0,50,0,3,0,1,0,ENERGY_DEPLETED
8062,0.05,-53.0,50,0,6,1,1,0,ENERGY_DEPLETED
8063,0.05,96.0,46,1,2,0,1,4,GOAL_REACHED
8064,0.05,60.0,50,1,10,0,1,0,GOAL_REACHED
8065,0.05,-33.0,50,0,1,1,1,0,ENERGY_DEPLETED
8066,0.05,-41.0,50,0,3,1,1,0,ENERGY_DEPLETED
8067,0.05,-24.0,50,0,1,0,1,0,ENERGY_DEPLETED
8068,0.05,77.0,48,1,4,1,1,2,GOAL_REACHED
8069,0.05,93.0,48,1,0,1,1,2,GOAL_REACHED
8070,0.05,86.0,48,1,4,0,1,2,GOAL_REACHED
8071,0.05,-44.0,50,0,6,0,1,0,ENERGY_DEPLETED
8072,0.05,96.0,46,1,2,0,1,4,GOAL_REACHED
8073,0.05,-32.0,50,0,3,0,1,0,ENERGY_DEPLETED
8074,0.05,80.0,46,1,6,0,1,4,GOAL_REACHED
8075,0.05,98.0,44,1,2,0,1,6,GOAL_REACHED
8076,0.05,-40.0,50,0,5,0,1,0,ENERGY_DEPLETED
8077,0.05,96.0,46,1,2,0,1,4,GOAL_REACHED
8078,0.05,88.0,46,1,4,0,1,4,GOAL_REACHED
8079,0.05,88.0,46,1,4,0,1,4,GOAL_REACHED
8080,0.05,86.0,48,1,4,0,1,2,GOAL_REACHED
8081,0.05,59.0,50,1,8,1,1,0,GOAL_REACHED
8082,0.05,-56.0,50,0,9,0,1,0,ENERGY_DEPLETED
8083,0.05,74.0,47,1,5,1,1,3,GOAL_REACHED
8084,0.05,-40.0,50,0,5,0,1,0,ENERGY_DEPLETED
8085,0.05,77.0,48,1,4,1,1,2,GOAL_REACHED
8086,0.05,94.0,48,1,2,0,1,2,GOAL_REACHED
8087,0.05,80.0,49,1,3,1,1,1,GOAL_REACHED
8088,0.05,-28.0,50,0,2,0,1,0,ENERGY_DEPLETED
8089,0.05,84.0,50,1,4,0,1,0,GOAL_REACHED
8090,0.05,-40.0,50,0,5,0,1,0,ENERGY_DEPLETED
8091,0.05,92.0,50,1,2,0,1,0,GOAL_REACHED
8092,0.05,96.0,46,1,2,0,1,4,GOAL_REACHED
8093,0.05,-24.0,50,0,1,0,1,0,ENERGY_DEPLETED
8094,0.05,92.0,50,1,2,0,1,0,GOAL_REACHED
8095,0.05,-48.0,50,0,7,0,1,0,ENERGY_DEPLETED
8096,0.05,85.0,48,1,2,1,1,2,GOAL_REACHED
8097,0.05,84.0,50,1,4,0,1,0,GOAL_REACHED
8098,0.05,-40.0,50,0,5,0,1,0,ENERGY_DEPLETED
8099,0.05,-28.0,50,0,2,0,1,0,ENERGY_DEPLETED
8100,0.05,-48.0,50,0,6,0,1,0,ENERGY_DEPLETED
8101,0.05,-28.0,50,0,2,0,1,0,ENERGY_DEPLETED
8102,0.05,94.0,48,1,2,0,1,2,GOAL_REACHED
8103,0.05,86.0,46,1,0,2,1,4,GOAL_REACHED
8104,0.05,-28.0,50,0,2,0,1,0,ENERGY_DEPLETED
8105,0.05,-32.0,50,0,2,0,1,0,ENERGY_DEPLETED
8106,0.05,83.0,50,1,2,1,1,0,GOAL_REACHED
8107,0.05,-45.0,50,0,3,1,1,0,ENERGY_DEPLETED
8108,0.05,-36.0,50,0,4,0,1,0,ENERGY_DEPLETED
8109,0.05,96.0,46,1,2,0,1,4,GOAL_REACHED
8110,0.05,89.0,49,1,3,0,1,1,GOAL_REACHED
8111,0.05,-48.0,50,0,7,0,1,0,ENERGY_DEPLETED
8112,0.05,86.0,48,1,4,0,1,2,GOAL_REACHED
8113,0.05,99.0,47,1,1,0,1,3,GOAL_REACHED
8114,0.05,74.0,47,1,5,1,1,3,GOAL_REACHED
8115,0.05,-28.0,50,0,2,0,1,0,ENERGY_DEPLETED
8116,0.05,-36.0,50,0,4,0,1,0,ENERGY_DEPLETED
8117,0.05,-37.0,50,0,2,1,1,0,ENERGY_DEPLETED
8118,0.05,78.0,48,1,6,0,1,2,GOAL_REACHED
8119,0.05,-48.0,50,0,7,0,1,0,ENERGY_DEPLETED
8120,0.05,-28.0,50,0,2,0,1,0,ENERGY_DEPLETED
8121,0.05,-44.0,50,0,6,0,1,0,ENERGY_DEPLETED
8122,0.05,-36.0,50,0,4,0,1,0,ENERGY_DEPLETED
8123,0.05,96.0,46,1,2,0,1,4,GOAL_REACHED
8124,0.05,88.0,46,1,4,0,1,4,GOAL_REACHED
8125,0.05,-36.0,50,0,4,0,1,0,ENERGY_DEPLETED
8126,0.05,-36.0,50,0,4,0,1,0,ENERGY_DEPLETED
8127,0.05,-28.0,50,0,2,0,1,0,ENERGY_DEPLETED
8128,0.05,85.0,48,1,2,1,1,2,GOAL_REACHED
8129,0.05,80.0,49,1,3,1,1,1,GOAL_REACHED
8130,0.05,84.0,50,1,4,0,1,0,GOAL_REACHED
8131,0.05,88.0,46,1,4,0,1,4,GOAL_REACHED
8132,0.05,78.0,48,1,6,0,1,2,GOAL_REACHED
8133,0.05,88.0,46,1,4,0,1,4,GOAL_REACHED
8134,0.05,86.0,48,1,4,0,1,2,GOAL_REACHED
8135,0.05,-49.0,50,0,5,1,1,0,ENERGY_DEPLETED
8136,0.05,80.0,49,1,3,1,1,1,GOAL_REACHED
8137,0.05,86.0,48,1,4,0,1,2,GOAL_REACHED
8138,0.05,89.0,49,1,3,0,1,1,GOAL_REACHED
8139,0.05,96.0,46,1,2,0,1,4,GOAL_REACHED
8140,0.05,88.0,46,1,4,0,1,4,GOAL_REACHED
8141,0.05,83.0,47,1,5,0,1,3,GOAL_REACHED
8142,0.05,88.0,46,1,4,0,1,4,GOAL_REACHED
8143,0.05,-36.0,50,0,4,0,1,0,ENERGY_DEPLETED
8144,0.05,90.0,44,1,4,0,1,6,GOAL_REACHED
8145,0.05,67.0,47,1,9,0,1,3,GOAL_REACHED
8146,0.05,94.0,48,1,2,0,1,2,GOAL_REACHED
8147,0.05,-36.0,50,0,4,0,1,0,ENERGY_DEPLETED
8148,0.05,78.0,48,1,6,0,1,2,GOAL_REACHED
8149,0.05,-57.0,50,0,7,1,1,0,ENERGY_DEPLETED
8150,0.05,-36.0,50,0,4,0,1,0,ENERGY_DEPLETED
8151,0.05,-44.0,50,0,6,0,1,0,ENERGY_DEPLETED
8152,0.05,-36.0,50,0,4,0,1,0,ENERGY_DEPLETED
8153,0.05,66.0,47,1,7,1,1,3,GOAL_REACHED
8154,0.05,96.0,46,1,2,0,1,4,GOAL_REACHED
8155,0.05,98.0,44,1,2,0,1,6,GOAL_REACHED
8156,0.05,-24.0,50,0,1,0,1,0,ENERGY_DEPLETED
8157,0.05,-44.0,50,0,6,0,1,0,ENERGY_DEPLETED
8158,0.05,-44.0,50,0,6,0,1,0,ENERGY_DEPLETED
8159,0.05,-48.0,50,0,7,0,1,0,ENERGY_DEPLETED
8160,0.05,85.0,48,1,2,1,1,2,GOAL_REACHED
8161,0.05,89.0,44,1,2,1,1,6,GOAL_REACHED
8162,0.05,-32.0,50,0,3,0,1,0,ENERGY_DEPLETED
8163,0.05,-36.0,50,0,4,0,1,0,ENERGY_DEPLETED
8164,0.05,-32.0,50,0,2,0,1,0,ENERGY_DEPLETED
8165,0.05,-28.0,50,0,2,0,1,0,ENERGY_DEPLETED
8166,0.05,-32.0,50,0,3,0,1,0,ENERGY_DEPLETED
8167,0.05,-28.0,50,0,2,0,1,0,ENERGY_DEPLETED
8168,0.05,-28.0,50,0,2,0,1,0,ENERGY_DEPLETED
8169,0.05,98.0,44,1,2,0,1,6,GOAL_REACHED
8170,0.05,-32.0,50,0,3,0,1,0,ENERGY_DEPLETED
8171,0.05,-40.0,50,0,5,0,1,0,ENERGY_DEPLETED
8172,0.05,-24.0,50,0,1,0,1,0,ENERGY_DEPLETED
8173,0.05,-54.0,50,0,4,2,1,0,ENERGY_DEPLETED
8174,0.05,-36.0,50,0,4,0,1,0,ENERGY_DEPLETED
8175,0.05,-32.0,50,0,3,0,1,0,ENERGY_DEPLETED
8176,0.05,-40.0,50,0,5,0,1,0,ENERGY_DEPLETED
8177,0.05,92.0,50,1,2,0,1,0,GOAL_REACHED
8178,0.05,78.0,48,1,6,0,1,2,GOAL_REACHED
8179,0.05,-37.0,50,0,2,1,1,0,ENERGY_DEPLETED
8180,0.05,-24.0,50,0,1,0,1,0,ENERGY_DEPLETED
8181,0.05,-40.0,50,0,5,0,1,0,ENERGY_DEPLETED
8182,0.05,-44.0,50,0,6,0,1,0,ENERGY_DEPLETED
8183,0.05,67.0,50,1,6,1,1,0,GOAL_REACHED
8184,0.05,83.0,47,1,5,0,1,3,GOAL_REACHED
8185,0.05,-49.0,50,0,5,1,1,0,ENERGY_DEPLETED
8186,0.05,-24.0,50,0,1,0,1,0,ENERGY_DEPLETED
8187,0.05,-32.0,50,0,3,0,1,0,ENERGY_DEPLETED
8188,0.05,98.0,44,1,2,0,1,6,GOAL_REACHED
8189,0.05,81.0,49,1,5,0,1,1,GOAL_REACHED
8190,0.05,94.0,48,1,2,0,1,2,GOAL_REACHED
8191,0.05,-49.0,50,0,5,1,1,0,ENERGY_DEPLETED
8192,0.05,-40.0,50,0,5,0,1,0,ENERGY_DEPLETED
8193,0.05,-40.0,50,0,5,0,1,0,ENERGY_DEPLETED
8194,0.05,90.0,44,1,4,0,1,6,GOAL_REACHED
8195,0.05,-40.0,50,0,5,0,1,0,ENERGY_DEPLETED
8196,0.05,-48.0,50,0,6,0,1,0,ENERGY_DEPLETED
8197,0.05,-24.0,50,0,1,0,1,0,ENERGY_DEPLETED
8198,0.05,98.0,44,1,2,0,1,6,GOAL_REACHED
8199,0.05,-32.0,50,0,3,0,1,0,ENERGY_DEPLETED
8200,0.05,89.0,49,1,3,0,1,1,GOAL_REACHED
8201,0.05,88.0,46,1,4,0,1,4,GOAL_REACHED
8202,0.05,-36.0,50,0,4,0,1,0,ENERGY_DEPLETED
8203,0.05,75.0,47,1,7,0,1,3,GOAL_REACHED
8204,0.05,-41.0,50,0,3,1,1,0,ENERGY_DEPLETED
8205,0.05,-40.0,50,0,5,0,1,0,ENERGY_DEPLETED
8206,0.05,90.0,44,1,4,0,1,6,GOAL_REACHED
8207,0.05,-28.0,50,0,2,0,1,0,ENERGY_DEPLETED
8208,0.05,94.0,48,1,2,0,1,2,GOAL_REACHED
8209,0.05,59.0,50,1,8,1,1,0,GOAL_REACHED
8210,0.05,-53.0,50,0,6,1,1,0,ENERGY_DEPLETED
8211,0.05,-40.0,50,0,5,0,1,0,ENERGY_DEPLETED
8212,0.05,-32.0,50,0,3,0,1,0,ENERGY_DEPLETED
8213,0.05,-24.0,50,0,1,0,1,0,ENERGY_DEPLETED
8214,0.05,-40.0,50,0,5,0,1,0,ENERGY_DEPLETED
8215,0.05,-40.0,50,0,5,0,1,0,ENERGY_DEPLETED
8216,0.05,70.0,48,1,8,0,1,2,GOAL_REACHED
8217,0.05,102.0,48,1,0,0,1,2,GOAL_REACHED
8218,0.05,-52.0,50,0,8,0,1,0,ENERGY_DEPLETED
8219,0.05,-28.0,50,0,2,0,1,0,ENERGY_DEPLETED
8220,0.05,-36.0,50,0,4,0,1,0,ENERGY_DEPLETED
8221,0.05,82.0,44,1,6,0,1,6,GOAL_REACHED
8222,0.05,88.0,46,1,4,0,1,4,GOAL_REACHED
8223,0.05,98.0,44,1,2,0,1,6,GOAL_REACHED
8224,0.05,-49.0,50,0,5,1,1,0,ENERGY_DEPLETED
8225,0.05,-28.0,50,0,2,0,1,0,ENERGY_DEPLETED
8226,0.05,96.0,46,1,2,0,1,4,GOAL_REACHED
8227,0.05,-40.0,50,0,5,0,1,0,ENERGY_DEPLETED
8228,0.05,84.0,50,1,4,0,1,0,GOAL_REACHED
8229,0.05,94.0,48,1,2,0,1,2,GOAL_REACHED
8230,0.05,-36.0,50,0,4,0,1,0,ENERGY_DEPLETED
8231,0.05,83.0,47,1,5,0,1,3,GOAL_REACHED
8232,0.05,-32.0,50,0,3,0,1,0,ENERGY_DEPLETED
8233,0.05,88.0,46,1,4,0,1,4,GOAL_REACHED
8234,0.05,90.0,47,1,1,1,1,3,GOAL_REACHED
8235,0.05,84.0,50,1,4,0,1,0,GOAL_REACHED
8236,0.05,90.0,44,1,4,0,1,6,GOAL_REACHED
8237,0.05,76.0,50,1,6,0,1,0,GOAL_REACHED
8238,0.05,87.0,46,1,2,1,1,4,GOAL_REACHED
8239,0.05,-36.0,50,0,4,0,1,0,ENERGY_DEPLETED
8240,0.05,96.0,46,1,2,0,1,4,GOAL_REACHED
8241,0.05,-41.0,50,0,3,1,1,0,ENERGY_DEPLETED
8242,0.05,96.0,46,1,2,0,1,4,GOAL_REACHED
8243,0.05,86.0,48,1,4,0,1,2,GOAL_REACHED
8244,0.05,90.0,44,1,4,0,1,6,GOAL_REACHED
8245,0.05,96.0,46,1,2,0,1,4,GOAL_REACHED
8246,0.05,-32.0,50,0,3,0,1,0,ENERGY_DEPLETED
8247,0.05,-40.0,50,0,5,0,1,0,ENERGY_DEPLETED
8248,0.05,78.0,48,1,6,0,1,2,GOAL_REACHED
8249,0.05,84.0,50,1,4,0,1,0,GOAL_REACHED
8250,0.05,67.0,50,1,6,1,1,0,GOAL_REACHED
8251,0.05,88.0,46,1,4,0,1,4,GOAL_REACHED
8252,0.05,-41.0,50,0,2,1,1,0,ENERGY_DEPLETED
8253,0.05,98.0,44,1,2,0,1,6,GOAL_REACHED
8254,0.05,89.0,49,1,3,0,1,1,GOAL_REACHED
8255,0.05,-40.0,50,0,5,0,1,0,ENERGY_DEPLETED
8256,0.05,-52.0,50,0,8,0,1,0,ENERGY_DEPLETED
8257,0.05,83.0,47,1,5,0,1,3,GOAL_REACHED
8258,0.05,-32.0,50,0,3,0,1,0,ENERGY_DEPLETED
8259,0.05,86.0,48,1,4,0,1,2,GOAL_REACHED
8260,0.05,89.0,44,1,2,1,1,6,GOAL_REACHED
8261,0.05,-45.0,50,0,4,1,1,0,ENERGY_DEPLETED
8262,0.05,-48.0,50,0,6,0,1,0,ENERGY_DEPLETED
8263,0.05,-32.0,50,0,3,0,1,0,ENERGY_DEPLETED
8264,0.05,-28.0,50,0,2,0,1,0,ENERGY_DEPLETED
8265,0.05,98.0,44,1,2,0,1,6,GOAL_REACHED
8266,0.05,-40.0,50,0,5,0,1,0,ENERGY_DEPLETED
8267,0.05,-40.0,50,0,5,0,1,0,ENERGY_DEPLETED
8268,0.05,84.0,50,1,4,0,1,0,GOAL_REACHED
8269,0.05,78.0,48,1,6,0,1,2,GOAL_REACHED
8270,0.05,-49.0,50,0,5,1,1,0,ENERGY_DEPLETED
8271,0.05,88.0,46,1,4,0,1,4,GOAL_REACHED
8272,0.05,-40.0,50,0,5,0,1,0,ENERGY_DEPLETED
8273,0.05,85.0,48,1,2,1,1,2,GOAL_REACHED
8274,0.05,-40.0,50,0,5,0,1,0,ENERGY_DEPLETED
8275,0.05,-44.0,50,0,6,0,1,0,ENERGY_DEPLETED
8276,0.05,81.0,49,1,5,0,1,1,GOAL_REACHED
8277,0.05,68.0,50,1,8,0,1,0,GOAL_REACHED
8278,0.05,-28.0,50,0,2,0,1,0,ENERGY_DEPLETED
8279,0.05,78.0,48,1,6,0,1,2,GOAL_REACHED
8280,0.05,85.0,48,1,2,1,1,2,GOAL_REACHED
8281,0.05,81.0,49,1,5,0,1,1,GOAL_REACHED
8282,0.05,-40.0,50,0,5,0,1,0,ENERGY_DEPLETED
8283,0.05,-41.0,50,0,3,1,1,0,ENERGY_DEPLETED
8284,0.05,88.0,46,1,4,0,1,4,GOAL_REACHED
8285,0.05,-40.0,50,0,5,0,1,0,ENERGY_DEPLETED
8286,0.05,-49.0,50,0,4,1,1,0,ENERGY_DEPLETED
8287,0.05,69.0,48,1,6,1,1,2,GOAL_REACHED
8288,0.05,96.0,46,1,2,0,1,4,GOAL_REACHED
8289,0.05,69.0,48,1,6,1,1,2,GOAL_REACHED
8290,0.05,73.0,49,1,7,0,1,1,GOAL_REACHED
8291,0.05,-28.0,50,0,2,0,1,0,ENERGY_DEPLETED
8292,0.05,82.0,44,1,6,0,1,6,GOAL_REACHED
8293,0.05,82.0,44,1,6,0,1,6,GOAL_REACHED
8294,0.05,68.0,50,1,8,0,1,0,GOAL_REACHED
8295,0.05,81.0,49,1,5,0,1,1,GOAL_REACHED
8296,0.05,60.0,50,1,10,0,1,0,GOAL_REACHED
8297,0.05,-57.0,50,0,7,1,1,0,ENERGY_DEPLETED
8298,0.05,99.0,47,1,1,0,1,3,GOAL_REACHED
8299,0.05,76.0,50,1,6,0,1,0,GOAL_REACHED
8300,0.05,67.0,47,1,9,0,1,3,GOAL_REACHED
8301,0.05,98.0,44,1,2,0,1,6,GOAL_REACHED
8302,0.05,84.0,50,1,4,0,1,0,GOAL_REACHED
8303,0.05,78.0,48,1,6,0,1,2,GOAL_REACHED
8304,0.05,96.0,46,1,2,0,1,4,GOAL_REACHED
8305,0.05,96.0,46,1,2,0,1,4,GOAL_REACHED
8306,0.05,-56.0,50,0,9,0,1,0,ENERGY_DEPLETED
8307,0.05,98.0,44,1,2,0,1,6,GOAL_REACHED
8308,0.05,80.0,46,1,6,0,1,4,GOAL_REACHED
8309,0.05,92.0,50,1,2,0,1,0,GOAL_REACHED
8310,0.05,86.0,48,1,4,0,1,2,GOAL_REACHED
8311,0.05,84.0,50,1,4,0,1,0,GOAL_REACHED
8312,0.05,82.0,47,1,3,1,1,3,GOAL_REACHED
8313,0.05,92.0,50,1,2,0,1,0,GOAL_REACHED
8314,0.05,90.0,44,1,4,0,1,6,GOAL_REACHED
8315,0.05,-32.0,50,0,2,0,1,0,ENERGY_DEPLETED
8316,0.05,-44.0,50,0,6,0,1,0,ENERGY_DEPLETED
8317,0.05,81.0,49,1,5,0,1,1,GOAL_REACHED
8318,0.05,84.0,50,1,4,0,1,0,GOAL_REACHED
8319,0.05,-40.0,50,0,5,0,1,0,ENERGY_DEPLETED
8320,0.05,-32.0,50,0,2,0,1,0,ENERGY_DEPLETED
8321,0.05,68.0,50,1,8,0,1,0,GOAL_REACHED
8322,0.05,-32.0,50,0,3,0,1,0,ENERGY_DEPLETED
8323,0.05,-36.0,50,0,4,0,1,0,ENERGY_DEPLETED
8324,0.05,-44.0,50,0,6,0,1,0,ENERGY_DEPLETED
8325,0.05,82.0,47,1,3,1,1,3,GOAL_REACHED
8326,0.05,86.0,48,1,4,0,1,2,GOAL_REACHED
8327,0.05,-24.0,50,0,1,0,1,0,ENERGY_DEPLETED
8328,0.05,90.0,44,1,4,0,1,6,GOAL_REACHED
8329,0.05,-32.0,50,0,3,0,1,0,ENERGY_DEPLETED
8330,0.05,-36.0,50,0,4,0,1,0,ENERGY_DEPLETED
8331,0.05,-28.0,50,0,2,0,1,0,ENERGY_DEPLETED
8332,0.05,76.0,50,1,6,0,1,0,GOAL_REACHED
8333,0.05,-36.0,50,0,4,0,1,0,ENERGY_DEPLETED
8334,0.05,88.0,46,1,4,0,1,4,GOAL_REACHED
8335,0.05,-28.0,50,0,2,0,1,0,ENERGY_DEPLETED
8336,0.05,92.0,50,1,2,0,1,0,GOAL_REACHED
8337,0.05,89.0,49,1,3,0,1,1,GOAL_REACHED
8338,0.05,98.0,44,1,2,0,1,6,GOAL_REACHED
8339,0.05,-28.0,50,0,2,0,1,0,ENERGY_DEPLETED
8340,0.05,86.0,48,1,4,0,1,2,GOAL_REACHED
8341,0.05,98.0,44,1,2,0,1,6,GOAL_REACHED
8342,0.05,98.0,44,1,2,0,1,6,GOAL_REACHED
8343,0.05,90.0,44,1,4,0,1,6,GOAL_REACHED
8344,0.05,-40.0,50,0,5,0,1,0,ENERGY_DEPLETED
8345,0.05,72.0,46,1,8,0,1,4,GOAL_REACHED
8346,0.05,77.0,45,1,7,0,1,5,GOAL_REACHED
8347,0.05,68.0,48,1,4,2,1,2,GOAL_REACHED
8348,0.05,-32.0,50,0,3,0,1,0,ENERGY_DEPLETED
8349,0.05,94.0,48,1,2,0,1,2,GOAL_REACHED
8350,0.05,102.0,48,1,0,0,1,2,GOAL_REACHED
8351,0.05,88.0,46,1,4,0,1,4,GOAL_REACHED
8352,0.05,-24.0,50,0,1,0,1,0,ENERGY_DEPLETED
8353,0.05,-20.0,50,0,0,0,1,0,ENERGY_DEPLETED
8354,0.05,87.0,46,1,2,1,1,4,GOAL_REACHED
8355,0.05,82.0,44,1,6,0,1,6,GOAL_REACHED
8356,0.05,88.0,46,1,4,0,1,4,GOAL_REACHED
8357,0.05,86.0,48,1,4,0,1,2,GOAL_REACHED
8358,0.05,78.0,48,1,6,0,1,2,GOAL_REACHED
8359,0.05,98.0,44,1,2,0,1,6,GOAL_REACHED
8360,0.05,87.0,46,1,2,1,1,4,GOAL_REACHED
8361,0.05,79.0,46,1,4,1,1,4,GOAL_REACHED
8362,0.05,81.0,49,1,5,0,1,1,GOAL_REACHED
8363,0.05,75.0,50,1,4,1,1,0,GOAL_REACHED
8364,0.05,98.0,44,1,2,0,1,6,GOAL_REACHED
8365,0.05,-28.0,50,0,2,0,1,0,ENERGY_DEPLETED
8366,0.05,65.0,49,1,9,0,1,1,GOAL_REACHED
8367,0.05,98.0,44,1,2,0,1,6,GOAL_REACHED
8368,0.05,-28.0,50,0,2,0,1,0,ENERGY_DEPLETED
8369,0.05,-37.0,50,0,2,1,1,0,ENERGY_DEPLETED
8370,0.05,98.0,44,1,2,0,1,6,GOAL_REACHED
8371,0.05,-32.0,50,0,3,0,1,0,ENERGY_DEPLETED
8372,0.05,-40.0,50,0,5,0,1,0,ENERGY_DEPLETED
8373,0.05,96.0,46,1,2,0,1,4,GOAL_REACHED
8374,0.05,94.0,48,1,2,0,1,2,GOAL_REACHED
8375,0.05,84.0,50,1,4,0,1,0,GOAL_REACHED
8376,0.05,84.0,50,1,4,0,1,0,GOAL_REACHED
8377,0.05,66.0,44,1,10,0,1,6,GOAL_REACHED
8378,0.05,90.0,44,1,4,0,1,6,GOAL_REACHED
8379,0.05,78.0,48,1,6,0,1,2,GOAL_REACHED
8380,0.05,-53.0,50,0,6,1,1,0,ENERGY_DEPLETED
8381,0.05,84.0,50,1,4,0,1,0,GOAL_REACHED
8382,0.05,68.0,50,1,8,0,1,0,GOAL_REACHED
8383,0.05,96.0,46,1,2,0,1,4,GOAL_REACHED
8384,0.05,80.0,49,1,3,1,1,1,GOAL_REACHED
8385,0.05,-24.0,50,0,1,0,1,0,ENERGY_DEPLETED
8386,0.05,84.0,50,1,4,0,1,0,GOAL_REACHED
8387,0.05,69.0,48,1,6,1,1,2,GOAL_REACHED
8388,0.05,79.0,46,1,4,1,1,4,GOAL_REACHED
8389,0.05,88.0,46,1,4,0,1,4,GOAL_REACHED
8390,0.05,92.0,50,1,2,0,1,0,GOAL_REACHED
8391,0.05,94.0,48,1,2,0,1,2,GOAL_REACHED
8392,0.05,-44.0,50,0,6,0,1,0,ENERGY_DEPLETED
8393,0.05,75.0,50,1,4,1,1,0,GOAL_REACHED
8394,0.05,-40.0,50,0,5,0,1,0,ENERGY_DEPLETED
8395,0.05,-28.0,50,0,2,0,1,0,ENERGY_DEPLETED
8396,0.05,-36.0,50,0,4,0,1,0,ENERGY_DEPLETED
8397,0.05,-36.0,50,0,4,0,1,0,ENERGY_DEPLETED
8398,0.05,84.0,50,1,4,0,1,0,GOAL_REACHED
8399,0.05,94.0,48,1,2,0,1,2,GOAL_REACHED
8400,0.05,76.0,50,1,6,0,1,0,GOAL_REACHED
8401,0.05,84.0,50,1,4,0,1,0,GOAL_REACHED
8402,0.05,96.0,46,1,2,0,1,4,GOAL_REACHED
8403,0.05,84.0,50,1,4,0,1,0,GOAL_REACHED
8404,0.05,76.0,50,1,6,0,1,0,GOAL_REACHED
8405,0.05,83.0,47,1,5,0,1,3,GOAL_REACHED
8406,0.05,-32.0,50,0,3,0,1,0,ENERGY_DEPLETED
8407,0.05,88.0,46,1,4,0,1,4,GOAL_REACHED
8408,0.05,-36.0,50,0,4,0,1,0,ENERGY_DEPLETED
8409,0.05,90.0,44,1,4,0,1,6,GOAL_REACHED
8410,0.05,-24.0,50,0,1,0,1,0,ENERGY_DEPLETED
8411,0.05,-48.0,50,0,7,0,1,0,ENERGY_DEPLETED
8412,0.05,92.0,50,1,2,0,1,0,GOAL_REACHED
8413,0.05,-24.0,50,0,1,0,1,0,ENERGY_DEPLETED
8414,0.05,90.0,47,1,1,1,1,3,GOAL_REACHED
8415,0.05,-24.0,50,0,1,0,1,0,ENERGY_DEPLETED
8416,0.05,-33.0,50,0,1,1,1,0,ENERGY_DEPLETED
8417,0.05,-36.0,50,0,4,0,1,0,ENERGY_DEPLETED
8418,0.05,76.0,50,1,6,0,1,0,GOAL_REACHED
8419,0.05,-28.0,50,0,2,0,1,0,ENERGY_DEPLETED
8420,0.05,96.0,46,1,2,0,1,4,GOAL_REACHED
8421,0.05,-37.0,50,0,2,1,1,0,ENERGY_DEPLETED
8422,0.05,-40.0,50,0,5,0,1,0,ENERGY_DEPLETED
8423,0.05,87.0,46,1,2,1,1,4,GOAL_REACHED
8424,0.05,-32.0,50,0,3,0,1,0,ENERGY_DEPLETED
8425,0.05,-32.0,50,0,3,0,1,0,ENERGY_DEPLETED
8426,0.05,83.0,47,1,5,0,1,3,GOAL_REACHED
8427,0.05,-32.0,50,0,3,0,1,0,ENERGY_DEPLETED
8428,0.05,88.0,46,1,4,0,1,4,GOAL_REACHED
8429,0.05,96.0,46,1,2,0,1,4,GOAL_REACHED
8430,0.05,96.0,46,1,2,0,1,4,GOAL_REACHED
8431,0.05,-24.0,50,0,1,0,1,0,ENERGY_DEPLETED
8432,0.05,68.0,50,1,8,0,1,0,GOAL_REACHED
8433,0.05,96.0,46,1,2,0,1,4,GOAL_REACHED
8434,0.05,-32.0,50,0,3,0,1,0,ENERGY_DEPLETED
8435,0.05,84.0,50,1,4,0,1,0,GOAL_REACHED
8436,0.05,96.0,46,1,2,0,1,4,GOAL_REACHED
8437,0.05,-36.0,50,0,4,0,1,0,ENERGY_DEPLETED
8438,0.05,-36.0,50,0,4,0,1,0,ENERGY_DEPLETED
8439,0.05,-32.0,50,0,3,0,1,0,ENERGY_DEPLETED
8440,0.05,88.0,46,1,4,0,1,4,GOAL_REACHED
8441,0.05,96.0,46,1,2,0,1,4,GOAL_REACHED
8442,0.05,-58.0,50,0,5,2,1,0,ENERGY_DEPLETED
8443,0.05,88.0,46,1,4,0,1,4,GOAL_REACHED
8444,0.05,-40.0,50,0,5,0,1,0,ENERGY_DEPLETED
8445,0.05,-57.0,50,0,7,1,1,0,ENERGY_DEPLETED
8446,0.05,-28.0,50,0,2,0,1,0,ENERGY_DEPLETED
8447,0.05,76.0,50,1,6,0,1,0,GOAL_REACHED
8448,0.05,96.0,46,1,2,0,1,4,GOAL_REACHED
8449,0.05,78.0,48,1,6,0,1,2,GOAL_REACHED
8450,0.05,92.0,50,1,2,0,1,0,GOAL_REACHED
8451,0.05,-36.0,50,0,4,0,1,0,ENERGY_DEPLETED
8452,0.05,-40.0,50,0,5,0,1,0,ENERGY_DEPLETED
8453,0.05,94.0,48,1,2,0,1,2,GOAL_REACHED
8454,0.05,-49.0,50,0,4,1,1,0,ENERGY_DEPLETED
8455,0.05,78.0,48,1,6,0,1,2,GOAL_REACHED
8456,0.05,88.0,46,1,4,0,1,4,GOAL_REACHED
8457,0.05,87.0,46,1,2,1,1,4,GOAL_REACHED
8458,0.05,69.0,48,1,6,1,1,2,GOAL_REACHED
8459,0.05,88.0,46,1,4,0,1,4,GOAL_REACHED
8460,0.05,99.0,47,1,1,0,1,3,GOAL_REACHED
8461,0.05,-41.0,50,0,3,1,1,0,ENERGY_DEPLETED
8462,0.05,84.0,50,1,4,0,1,0,GOAL_REACHED
8463,0.05,-45.0,50,0,4,1,1,0,ENERGY_DEPLETED
8464,0.05,88.0,46,1,4,0,1,4,GOAL_REACHED
8465,0.05,-28.0,50,0,2,0,1,0,ENERGY_DEPLETED
8466,0.05,-28.0,50,0,2,0,1,0,ENERGY_DEPLETED
8467,0.05,-36.0,50,0,3,0,1,0,ENERGY_DEPLETED
8468,0.05,76.0,50,1,6,0,1,0,GOAL_REACHED
8469,0.05,83.0,47,1,5,0,1,3,GOAL_REACHED
8470,0.05,86.0,48,1,4,0,1,2,GOAL_REACHED
8471,0.05,76.0,50,1,6,0,1,0,GOAL_REACHED
8472,0.05,-36.0,50,0,4,0,1,0,ENERGY_DEPLETED
8473,0.05,-53.0,50,0,6,1,1,0,ENERGY_DEPLETED
8474,0.05,99.0,47,1,1,0,1,3,GOAL_REACHED
8475,0.05,92.0,50,1,2,0,1,0,GOAL_REACHED
8476,0.05,-40.0,50,0,5,0,1,0,ENERGY_DEPLETED
8477,0.05,80.0,46,1,6,0,1,4,GOAL_REACHED
8478,0.05,-24.0,50,0,1,0,1,0,ENERGY_DEPLETED
8479,0.05,-40.0,50,0,5,0,1,0,ENERGY_DEPLETED
8480,0.05,-44.0,50,0,6,0,1,0,ENERGY_DEPLETED
8481,0.05,-45.0,50,0,4,1,1,0,ENERGY_DEPLETED
8482,0.05,94.0,48,1,2,0,1,2,GOAL_REACHED
8483,0.05,80.0,46,1,6,0,1,4,GOAL_REACHED
8484,0.05,-40.0,50,0,5,0,1,0,ENERGY_DEPLETED
8485,0.05,83.0,50,1,2,1,1,0,GOAL_REACHED
8486,0.05,-32.0,50,0,3,0,1,0,ENERGY_DEPLETED
8487,0.05,-48.0,50,0,7,0,1,0,ENERGY_DEPLETED
8488,0.05,96.0,46,1,2,0,1,4,GOAL_REACHED
8489,0.05,84.0,50,1,4,0,1,0,GOAL_REACHED
8490,0.05,91.0,47,1,3,0,1,3,GOAL_REACHED
8491,0.05,83.0,47,1,5,0,1,3,GOAL_REACHED
8492,0.05,-44.0,50,0,6,0,1,0,ENERGY_DEPLETED
8493,0.05,94.0,48,1,2,0,1,2,GOAL_REACHED
8494,0.05,104.0,46,1,0,0,1,4,GOAL_REACHED
8495,0.05,93.0,45,1,3,0,1,5,GOAL_REACHED
8496,0.05,-72.0,50,0,12,0,1,0,ENERGY_DEPLETED
8497,0.05,-40.0,50,0,5,0,1,0,ENERGY_DEPLETED
8498,0.05,98.0,44,1,2,0,1,6,GOAL_REACHED
8499,0.05,94.0,48,1,2,0,1,2,GOAL_REACHED
8500,0.05,-32.0,50,0,3,0,1,0,ENERGY_DEPLETED
8501,0.05,-41.0,50,0,3,1,1,0,ENERGY_DEPLETED
8502,0.05,91.0,47,1,3,0,1,3,GOAL_REACHED
8503,0.05,-36.0,50,0,4,0,1,0,ENERGY_DEPLETED
8504,0.05,80.0,46,1,6,0,1,4,GOAL_REACHED
8505,0.05,88.0,46,1,4,0,1,4,GOAL_REACHED
8506,0.05,78.0,48,1,6,0,1,2,GOAL_REACHED
8507,0.05,99.0,47,1,1,0,1,3,GOAL_REACHED
8508,0.05,104.0,46,1,0,0,1,4,GOAL_REACHED
8509,0.05,-48.0,50,0,7,0,1,0,ENERGY_DEPLETED
8510,0.05,-44.0,50,0,6,0,1,0,ENERGY_DEPLETED
8511,0.05,-48.0,50,0,6,0,1,0,ENERGY_DEPLETED
8512,0.05,89.0,49,1,3,0,1,1,GOAL_REACHED
8513,0.05,-41.0,50,0,2,1,1,0,ENERGY_DEPLETED
8514,0.05,-41.0,50,0,3,1,1,0,ENERGY_DEPLETED
8515,0.05,72.0,46,1,8,0,1,4,GOAL_REACHED
8516,0.05,94.0,48,1,2,0,1,2,GOAL_REACHED
8517,0.05,75.0,47,1,7,0,1,3,GOAL_REACHED
8518,0.05,-53.0,50,0,6,1,1,0,ENERGY_DEPLETED
8519,0.05,76.0,50,1,6,0,1,0,GOAL_REACHED
8520,0.05,-48.0,50,0,7,0,1,0,ENERGY_DEPLETED
8521,0.05,86.0,48,1,4,0,1,2,GOAL_REACHED
8522,0.05,-36.0,50,0,4,0,1,0,ENERGY_DEPLETED
8523,0.05,78.0,48,1,6,0,1,2,GOAL_REACHED
8524,0.05,67.0,50,1,6,1,1,0,GOAL_REACHED
8525,0.05,86.0,48,1,4,0,1,2,GOAL_REACHED
8526,0.05,-49.0,50,0,5,1,1,0,ENERGY_DEPLETED
8527,0.05,88.0,46,1,4,0,1,4,GOAL_REACHED
8528,0.05,-45.0,50,0,4,1,1,0,ENERGY_DEPLETED
8529,0.05,96.0,46,1,2,0,1,4,GOAL_REACHED
8530,0.05,88.0,46,1,4,0,1,4,GOAL_REACHED
8531,0.05,96.0,46,1,2,0,1,4,GOAL_REACHED
8532,0.05,-36.0,50,0,4,0,1,0,ENERGY_DEPLETED
8533,0.05,84.0,50,1,4,0,1,0,GOAL_REACHED
8534,0.05,84.0,50,1,4,0,1,0,GOAL_REACHED
8535,0.05,-32.0,50,0,3,0,1,0,ENERGY_DEPLETED
8536,0.05,-32.0,50,0,3,0,1,0,ENERGY_DEPLETED
8537,0.05,-40.0,50,0,5,0,1,0,ENERGY_DEPLETED
8538,0.05,-41.0,50,0,3,1,1,0,ENERGY_DEPLETED
8539,0.05,84.0,50,1,4,0,1,0,GOAL_REACHED
8540,0.05,-36.0,50,0,4,0,1,0,ENERGY_DEPLETED
8541,0.05,-38.0,50,0,0,2,1,0,ENERGY_DEPLETED
8542,0.05,-48.0,50,0,7,0,1,0,ENERGY_DEPLETED
8543,0.05,90.0,44,1,4,0,1,6,GOAL_REACHED
8544,0.05,-32.0,50,0,3,0,1,0,ENERGY_DEPLETED
8545,0.05,84.0,50,1,4,0,1,0,GOAL_REACHED
8546,0.05,-24.0,50,0,1,0,1,0,ENERGY_DEPLETED
8547,0.05,94.0,48,1,2,0,1,2,GOAL_REACHED
8548,0.05,-48.0,50,0,6,0,1,0,ENERGY_DEPLETED
8549,0.05,-32.0,50,0,3,0,1,0,ENERGY_DEPLETED
8550,0.05,-44.0,50,0,6,0,1,0,ENERGY_DEPLETED
8551,0.05,84.0,50,1,4,0,1,0,GOAL_REACHED
8552,0.05,-28.0,50,0,2,0,1,0,ENERGY_DEPLETED
8553,0.05,85.0,48,1,2,1,1,2,GOAL_REACHED
8554,0.05,-40.0,50,0,4,0,1,0,ENERGY_DEPLETED
8555,0.05,86.0,48,1,4,0,1,2,GOAL_REACHED
8556,0.05,75.0,47,1,7,0,1,3,GOAL_REACHED
8557,0.05,88.0,46,1,4,0,1,4,GOAL_REACHED
8558,0.05,-32.0,50,0,3,0,1,0,ENERGY_DEPLETED
8559,0.05,75.0,47,1,7,0,1,3,GOAL_REACHED
8560,0.05,-45.0,50,0,4,1,1,0,ENERGY_DEPLETED
8561,0.05,-36.0,50,0,4,0,1,0,ENERGY_DEPLETED
8562,0.05,96.0,46,1,2,0,1,4,GOAL_REACHED
8563,0.05,-46.0,50,0,2,2,1,0,ENERGY_DEPLETED
8564,0.05,83.0,47,1,5,0,1,3,GOAL_REACHED
8565,0.05,88.0,46,1,4,0,1,4,GOAL_REACHED
8566,0.05,74.0,44,1,8,0,1,6,GOAL_REACHED
8567,0.05,-33.0,50,0,1,1,1,0,ENERGY_DEPLETED
8568,0.05,104.0,46,1,0,0,1,4,GOAL_REACHED
8569,0.05,-40.0,50,0,5,0,1,0,ENERGY_DEPLETED
8570,0.05,86.0,48,1,4,0,1,2,GOAL_REACHED
8571,0.05,-52.0,50,0,8,0,1,0,ENERGY_DEPLETED
8572,0.05,88.0,46,1,4,0,1,4,GOAL_REACHED
8573,0.05,-44.0,50,0,6,0,1,0,ENERGY_DEPLETED
8574,0.05,-45.0,50,0,4,1,1,0,ENERGY_DEPLETED
8575,0.05,74.0,47,1,5,1,1,3,GOAL_REACHED
8576,0.05,87.0,46,1,2,1,1,4,GOAL_REACHED
8577,0.05,-28.0,50,0,2,0,1,0,ENERGY_DEPLETED
8578,0.05,-56.0,50,0,9,0,1,0,ENERGY_DEPLETED
8579,0.05,81.0,49,1,5,0,1,1,GOAL_REACHED
8580,0.05,86.0,48,1,4,0,1,2,GOAL_REACHED
8581,0.05,-28.0,50,0,2,0,1,0,ENERGY_DEPLETED
8582,0.05,-40.0,50,0,5,0,1,0,ENERGY_DEPLETED
8583,0.05,83.0,47,1,5,0,1,3,GOAL_REACHED
8584,0.05,-28.0,50,0,2,0,1,0,ENERGY_DEPLETED
8585,0.05,78.0,48,1,6,0,1,2,GOAL_REACHED
8586,0.05,78.0,48,1,6,0,1,2,GOAL_REACHED
8587,0.05,96.0,46,1,2,0,1,4,GOAL_REACHED
8588,0.05,83.0,47,1,5,0,1,3,GOAL_REACHED
8589,0.05,72.0,46,1,8,0,1,4,GOAL_REACHED
8590,0.05,-32.0,50,0,2,0,1,0,ENERGY_DEPLETED
8591,0.05,-53.0,50,0,6,1,1,0,ENERGY_DEPLETED
8592,0.05,-28.0,50,0,2,0,1,0,ENERGY_DEPLETED
8593,0.05,-48.0,50,0,7,0,1,0,ENERGY_DEPLETED
8594,0.05,92.0,50,1,2,0,1,0,GOAL_REACHED
8595,0.05,67.0,50,1,6,1,1,0,GOAL_REACHED
8596,0.05,90.0,44,1,4,0,1,6,GOAL_REACHED
8597,0.05,83.0,47,1,5,0,1,3,GOAL_REACHED
8598,0.05,94.0,48,1,2,0,1,2,GOAL_REACHED
8599,0.05,-32.0,50,0,3,0,1,0,ENERGY_DEPLETED
8600,0.05,92.0,50,1,2,0,1,0,GOAL_REACHED
8601,0.05,75.0,50,1,4,1,1,0,GOAL_REACHED
8602,0.05,78.0,48,1,6,0,1,2,GOAL_REACHED
8603,0.05,84.0,50,1,4,0,1,0,GOAL_REACHED
8604,0.05,-54.0,50,0,4,2,1,0,ENERGY_DEPLETED
8605,0.05,-48.0,50,0,7,0,1,0,ENERGY_DEPLETED
8606,0.05,70.0,48,1,8,0,1,2,GOAL_REACHED
8607,0.05,96.0,46,1,2,0,1,4,GOAL_REACHED
8608,0.05,78.0,48,1,6,0,1,2,GOAL_REACHED
8609,0.05,78.0,48,1,6,0,1,2,GOAL_REACHED
8610,0.05,88.0,46,1,4,0,1,4,GOAL_REACHED
8611,0.05,-28.0,50,0,2,0,1,0,ENERGY_DEPLETED
8612,0.05,76.0,50,1,6,0,1,0,GOAL_REACHED
8613,0.05,84.0,50,1,4,0,1,0,GOAL_REACHED
8614,0.05,-36.0,50,0,4,0,1,0,ENERGY_DEPLETED
8615,0.05,-29.0,50,0,0,1,1,0,ENERGY_DEPLETED
8616,0.05,76.0,50,1,6,0,1,0,GOAL_REACHED
8617,0.05,-40.0,50,0,4,0,1,0,ENERGY_DEPLETED
8618,0.05,106.0,44,1,0,0,1,6,GOAL_REACHED
8619,0.05,-49.0,50,0,4,1,1,0,ENERGY_DEPLETED
8620,0.05,-48.0,50,0,6,0,1,0,ENERGY_DEPLETED
8621,0.05,89.0,49,1,3,0,1,1,GOAL_REACHED
8622,0.05,-28.0,50,0,2,0,1,0,ENERGY_DEPLETED
8623,0.05,-44.0,50,0,6,0,1,0,ENERGY_DEPLETED
8624,0.05,-58.0,50,0,4,2,1,0,ENERGY_DEPLETED
8625,0.05,86.0,48,1,4,0,1,2,GOAL_REACHED
8626,0.05,67.0,50,1,6,1,1,0,GOAL_REACHED
8627,0.05,-48.0,50,0,7,0,1,0,ENERGY_DEPLETED
8628,0.05,84.0,50,1,4,0,1,0,GOAL_REACHED
8629,0.05,-56.0,50,0,9,0,1,0,ENERGY_DEPLETED
8630,0.05,-28.0,50,0,2,0,1,0,ENERGY_DEPLETED
8631,0.05,88.0,46,1,4,0,1,4,GOAL_REACHED
8632,0.05,-28.0,50,0,2,0,1,0,ENERGY_DEPLETED
8633,0.05,-41.0,50,0,3,1,1,0,ENERGY_DEPLETED
8634,0.05,-48.0,50,0,7,0,1,0,ENERGY_DEPLETED
8635,0.05,-40.0,50,0,5,0,1,0,ENERGY_DEPLETED
8636,0.05,86.0,48,1,4,0,1,2,GOAL_REACHED
8637,0.05,84.0,50,1,4,0,1,0,GOAL_REACHED
8638,0.05,-36.0,50,0,4,0,1,0,ENERGY_DEPLETED
8639,0.05,-32.0,50,0,3,0,1,0,ENERGY_DEPLETED
8640,0.05,96.0,46,1,2,0,1,4,GOAL_REACHED
8641,0.05,-36.0,50,0,4,0,1,0,ENERGY_DEPLETED
8642,0.05,84.0,50,1,4,0,1,0,GOAL_REACHED
8643,0.05,-32.0,50,0,3,0,1,0,ENERGY_DEPLETED
8644,0.05,88.0,46,1,4,0,1,4,GOAL_REACHED
8645,0.05,-28.0,50,0,2,0,1,0,ENERGY_DEPLETED
8646,0.05,-48.0,50,0,7,0,1,0,ENERGY_DEPLETED
8647,0.05,84.0,50,1,4,0,1,0,GOAL_REACHED
8648,0.05,-42.0,50,0,1,2,1,0,ENERGY_DEPLETED
8649,0.05,-28.0,50,0,2,0,1,0,ENERGY_DEPLETED
8650,0.05,-36.0,50,0,4,0,1,0,ENERGY_DEPLETED
8651,0.05,-32.0,50,0,2,0,1,0,ENERGY_DEPLETED
8652,0.05,-41.0,50,0,3,1,1,0,ENERGY_DEPLETED
8653,0.05,-36.0,50,0,4,0,1,0,ENERGY_DEPLETED
8654,0.05,104.0,46,1,0,0,1,4,GOAL_REACHED
8655,0.05,-50.0,50,0,3,2,1,0,ENERGY_DEPLETED
8656,0.05,94.0,48,1,2,0,1,2,GOAL_REACHED
8657,0.05,83.0,47,1,5,0,1,3,GOAL_REACHED
8658,0.05,-62.0,50,0,5,2,1,0,ENERGY_DEPLETED
8659,0.05,78.0,48,1,6,0,1,2,GOAL_REACHED
8660,0.05,88.0,46,1,4,0,1,4,GOAL_REACHED
8661,0.05,92.0,50,1,2,0,1,0,GOAL_REACHED
8662,0.05,-49.0,50,0,5,1,1,0,ENERGY_DEPLETED
8663,0.05,-40.0,50,0,5,0,1,0,ENERGY_DEPLETED
8664,0.05,-37.0,50,0,2,1,1,0,ENERGY_DEPLETED
8665,0.05,-32.0,50,0,3,0,1,0,ENERGY_DEPLETED
8666,0.05,79.0,46,1,4,1,1,4,GOAL_REACHED
8667,0.05,87.0,46,1,2,1,1,4,GOAL_REACHED
8668,0.05,96.0,46,1,2,0,1,4,GOAL_REACHED
8669,0.05,-40.0,50,0,4,0,1,0,ENERGY_DEPLETED
8670,0.05,96.0,46,1,2,0,1,4,GOAL_REACHED
8671,0.05,-36.0,50,0,4,0,1,0,ENERGY_DEPLETED
8672,0.05,-32.0,50,0,3,0,1,0,ENERGY_DEPLETED
8673,0.05,-40.0,50,0,5,0,1,0,ENERGY_DEPLETED
8674,0.05,-57.0,50,0,7,1,1,0,ENERGY_DEPLETED
8675,0.05,88.0,46,1,4,0,1,4,GOAL_REACHED
8676,0.05,89.0,49,1,3,0,1,1,GOAL_REACHED
8677,0.05,59.0,50,1,8,1,1,0,GOAL_REACHED
8678,0.05,83.0,50,1,2,1,1,0,GOAL_REACHED
8679,0.05,-28.0,50,0,2,0,1,0,ENERGY_DEPLETED
8680,0.05,96.0,46,1,2,0,1,4,GOAL_REACHED
8681,0.05,94.0,48,1,2,0,1,2,GOAL_REACHED
8682,0.05,-40.0,50,0,5,0,1,0,ENERGY_DEPLETED
8683,0.05,-28.0,50,0,2,0,1,0,ENERGY_DEPLETED
8684,0.05,-36.0,50,0,4,0,1,0,ENERGY_DEPLETED
8685,0.05,-36.0,50,0,4,0,1,0,ENERGY_DEPLETED
8686,0.05,-36.0,50,0,4,0,1,0,ENERGY_DEPLETED
8687,0.05,-28.0,50,0,2,0,1,0,ENERGY_DEPLETED
8688,0.05,-32.0,50,0,3,0,1,0,ENERGY_DEPLETED
8689,0.05,70.0,48,1,8,0,1,2,GOAL_REACHED
8690,0.05,96.0,46,1,2,0,1,4,GOAL_REACHED
8691,0.05,-55.0,50,0,2,3,1,0,ENERGY_DEPLETED
8692,0.05,84.0,50,1,4,0,1,0,GOAL_REACHED
8693,0.05,-32.0,50,0,3,0,1,0,ENERGY_DEPLETED
8694,0.05,81.0,49,1,5,0,1,1,GOAL_REACHED
8695,0.05,75.0,50,1,4,1,1,0,GOAL_REACHED
8696,0.05,-52.0,50,0,8,0,1,0,ENERGY_DEPLETED
8697,0.05,-44.0,50,0,6,0,1,0,ENERGY_DEPLETED
8698,0.05,84.0,50,1,4,0,1,0,GOAL_REACHED
8699,0.05,76.0,50,1,6,0,1,0,GOAL_REACHED
8700,0.05,96.0,46,1,2,0,1,4,GOAL_REACHED
8701,0.05,92.0,50,1,2,0,1,0,GOAL_REACHED
8702,0.05,99.0,47,1,1,0,1,3,GOAL_REACHED
8703,0.05,86.0,48,1,4,0,1,2,GOAL_REACHED
8704,0.05,-28.0,50,0,2,0,1,0,ENERGY_DEPLETED
8705,0.05,76.0,50,1,6,0,1,0,GOAL_REACHED
8706,0.05,-40.0,50,0,5,0,1,0,ENERGY_DEPLETED
8707,0.05,102.0,48,1,0,0,1,2,GOAL_REACHED
8708,0.05,-45.0,50,0,4,1,1,0,ENERGY_DEPLETED
8709,0.05,94.0,48,1,2,0,1,2,GOAL_REACHED
8710,0.05,92.0,50,1,2,0,1,0,GOAL_REACHED
8711,0.05,84.0,50,1,4,0,1,0,GOAL_REACHED
8712,0.05,-24.0,50,0,1,0,1,0,ENERGY_DEPLETED
8713,0.05,94.0,48,1,2,0,1,2,GOAL_REACHED
8714,0.05,99.0,47,1,1,0,1,3,GOAL_REACHED
8715,0.05,-28.0,50,0,2,0,1,0,ENERGY_DEPLETED
8716,0.05,-40.0,50,0,5,0,1,0,ENERGY_DEPLETED
8717,0.05,-28.0,50,0,2,0,1,0,ENERGY_DEPLETED
8718,0.05,-24.0,50,0,1,0,1,0,ENERGY_DEPLETED
8719,0.05,-48.0,50,0,7,0,1,0,ENERGY_DEPLETED
8720,0.05,96.0,46,1,2,0,1,4,GOAL_REACHED
8721,0.05,-36.0,50,0,4,0,1,0,ENERGY_DEPLETED
8722,0.05,78.0,48,1,6,0,1,2,GOAL_REACHED
8723,0.05,-40.0,50,0,5,0,1,0,ENERGY_DEPLETED
8724,0.05,96.0,46,1,2,0,1,4,GOAL_REACHED
8725,0.05,85.0,48,1,2,1,1,2,GOAL_REACHED
8726,0.05,91.0,47,1,3,0,1,3,GOAL_REACHED
8727,0.05,-41.0,50,0,3,1,1,0,ENERGY_DEPLETED
8728,0.05,-40.0,50,0,4,0,1,0,ENERGY_DEPLETED
8729,0.05,68.0,50,1,8,0,1,0,GOAL_REACHED
8730,0.05,-28.0,50,0,2,0,1,0,ENERGY_DEPLETED
8731,0.05,-44.0,50,0,6,0,1,0,ENERGY_DEPLETED
8732,0.05,-50.0,50,0,3,2,1,0,ENERGY_DEPLETED
8733,0.05,83.0,47,1,5,0,1,3,GOAL_REACHED
8734,0.05,-20.0,50,0,0,0,1,0,ENERGY_DEPLETED
8735,0.05,68.0,50,1,8,0,1,0,GOAL_REACHED
8736,0.05,70.0,48,1,8,0,1,2,GOAL_REACHED
8737,0.05,-36.0,50,0,4,0,1,0,ENERGY_DEPLETED
8738,0.05,-40.0,50,0,5,0,1,0,ENERGY_DEPLETED
8739,0.05,79.0,46,1,4,1,1,4,GOAL_REACHED
8740,0.05,92.0,50,1,2,0,1,0,GOAL_REACHED
8741,0.05,86.0,48,1,4,0,1,2,GOAL_REACHED
8742,0.05,78.0,48,1,6,0,1,2,GOAL_REACHED
8743,0.05,-32.0,50,0,3,0,1,0,ENERGY_DEPLETED
8744,0.05,96.0,46,1,2,0,1,4,GOAL_REACHED
8745,0.05,80.0,46,1,6,0,1,4,GOAL_REACHED
8746,0.05,96.0,46,1,2,0,1,4,GOAL_REACHED
8747,0.05,-44.0,50,0,6,0,1,0,ENERGY_DEPLETED
8748,0.05,70.0,48,1,8,0,1,2,GOAL_REACHED
8749,0.05,104.0,46,1,0,0,1,4,GOAL_REACHED
8750,0.05,-36.0,50,0,4,0,1,0,ENERGY_DEPLETED
8751,0.05,86.0,48,1,4,0,1,2,GOAL_REACHED
8752,0.05,78.0,48,1,6,0,1,2,GOAL_REACHED
8753,0.05,72.0,46,1,8,0,1,4,GOAL_REACHED
8754,0.05,54.0,48,1,12,0,1,2,GOAL_REACHED
8755,0.05,88.0,46,1,4,0,1,4,GOAL_REACHED
8756,0.05,84.0,50,1,4,0,1,0,GOAL_REACHED
8757,0.05,-45.0,50,0,4,1,1,0,ENERGY_DEPLETED
8758,0.05,-37.0,50,0,2,1,1,0,ENERGY_DEPLETED
8759,0.05,-44.0,50,0,6,0,1,0,ENERGY_DEPLETED
8760,0.05,-28.0,50,0,2,0,1,0,ENERGY_DEPLETED
8761,0.05,-73.0,50,0,11,1,1,0,ENERGY_DEPLETED
8762,0.05,96.0,46,1,2,0,1,4,GOAL_REACHED
8763,0.05,-32.0,50,0,3,0,1,0,ENERGY_DEPLETED
8764,0.05,-57.0,50,0,6,1,1,0,ENERGY_DEPLETED
8765,0.05,80.0,46,1,6,0,1,4,GOAL_REACHED
8766,0.05,99.0,47,1,1,0,1,3,GOAL_REACHED
8767,0.05,86.0,48,1,4,0,1,2,GOAL_REACHED
8768,0.05,-32.0,50,0,3,0,1,0,ENERGY_DEPLETED
8769,0.05,-28.0,50,0,2,0,1,0,ENERGY_DEPLETED
8770,0.05,-28.0,50,0,2,0,1,0,ENERGY_DEPLETED
8771,0.05,-24.0,50,0,1,0,1,0,ENERGY_DEPLETED
8772,0.05,-32.0,50,0,3,0,1,0,ENERGY_DEPLETED
8773,0.05,-24.0,50,0,1,0,1,0,ENERGY_DEPLETED
8774,0.05,-48.0,50,0,6,0,1,0,ENERGY_DEPLETED
8775,0.05,96.0,46,1,2,0,1,4,GOAL_REACHED
8776,0.05,-37.0,50,0,2,1,1,0,ENERGY_DEPLETED
8777,0.05,-28.0,50,0,2,0,1,0,ENERGY_DEPLETED
8778,0.05,94.0,48,1,2,0,1,2,GOAL_REACHED
8779,0.05,80.0,49,1,3,1,1,1,GOAL_REACHED
8780,0.05,-53.0,50,0,6,1,1,0,ENERGY_DEPLETED
8781,0.05,-36.0,50,0,4,0,1,0,ENERGY_DEPLETED
8782,0.05,-36.0,50,0,4,0,1,0,ENERGY_DEPLETED
8783,0.05,-28.0,50,0,2,0,1,0,ENERGY_DEPLETED
8784,0.05,-53.0,50,0,6,1,1,0,ENERGY_DEPLETED
8785,0.05,74.0,47,1,5,1,1,3,GOAL_REACHED
8786,0.05,96.0,46,1,2,0,1,4,GOAL_REACHED
8787,0.05,-32.0,50,0,3,0,1,0,ENERGY_DEPLETED
8788,0.05,-36.0,50,0,4,0,1,0,ENERGY_DEPLETED
8789,0.05,91.0,47,1,3,0,1,3,GOAL_REACHED
8790,0.05,-45.0,50,0,4,1,1,0,ENERGY_DEPLETED
8791,0.05,-36.0,50,0,4,0,1,0,ENERGY_DEPLETED
8792,0.05,-45.0,50,0,4,1,1,0,ENERGY_DEPLETED
8793,0.05,75.0,50,1,4,1,1,0,GOAL_REACHED
8794,0.05,-36.0,50,0,4,0,1,0,ENERGY_DEPLETED
8795,0.05,-28.0,50,0,2,0,1,0,ENERGY_DEPLETED
8796,0.05,92.0,50,1,2,0,1,0,GOAL_REACHED
8797,0.05,94.0,48,1,2,0,1,2,GOAL_REACHED
8798,0.05,-41.0,50,0,3,1,1,0,ENERGY_DEPLETED
8799,0.05,87.0,46,1,2,1,1,4,GOAL_REACHED
8800,0.05,75.0,47,1,7,0,1,3,GOAL_REACHED
8801,0.05,78.0,48,1,6,0,1,2,GOAL_REACHED
8802,0.05,-44.0,50,0,6,0,1,0,ENERGY_DEPLETED
8803,0.05,-28.0,50,0,2,0,1,0,ENERGY_DEPLETED
8804,0.05,80.0,46,1,6,0,1,4,GOAL_REACHED
8805,0.05,84.0,50,1,4,0,1,0,GOAL_REACHED
8806,0.05,51.0,50,1,10,1,1,0,GOAL_REACHED
8807,0.05,-36.0,50,0,4,0,1,0,ENERGY_DEPLETED
8808,0.05,96.0,46,1,2,0,1,4,GOAL_REACHED
8809,0.05,-57.0,50,0,7,1,1,0,ENERGY_DEPLETED
8810,0.05,94.0,48,1,2,0,1,2,GOAL_REACHED
8811,0.05,-53.0,50,0,6,1,1,0,ENERGY_DEPLETED
8812,0.05,-28.0,50,0,2,0,1,0,ENERGY_DEPLETED
8813,0.05,-32.0,50,0,3,0,1,0,ENERGY_DEPLETED
8814,0.05,-44.0,50,0,6,0,1,0,ENERGY_DEPLETED
8815,0.05,49.0,50,1,6,3,1,0,GOAL_REACHED
8816,0.05,74.0,47,1,5,1,1,3,GOAL_REACHED
8817,0.05,-28.0,50,0,2,0,1,0,ENERGY_DEPLETED
8818,0.05,88.0,46,1,4,0,1,4,GOAL_REACHED
8819,0.05,96.0,46,1,2,0,1,4,GOAL_REACHED
8820,0.05,86.0,48,1,4,0,1,2,GOAL_REACHED
8821,0.05,-36.0,50,0,4,0,1,0,ENERGY_DEPLETED
8822,0.05,94.0,48,1,2,0,1,2,GOAL_REACHED
8823,0.05,-20.0,50,0,0,0,1,0,ENERGY_DEPLETED
8824,0.05,94.0,48,1,2,0,1,2,GOAL_REACHED
8825,0.05,86.0,48,1,4,0,1,2,GOAL_REACHED
8826,0.05,-45.0,50,0,4,1,1,0,ENERGY_DEPLETED
8827,0.05,72.0,49,1,5,1,1,1,GOAL_REACHED
8828,0.05,-40.0,50,0,5,0,1,0,ENERGY_DEPLETED
8829,0.05,-44.0,50,0,6,0,1,0,ENERGY_DEPLETED
8830,0.05,84.0,50,1,4,0,1,0,GOAL_REACHED
8831,0.05,-36.0,50,0,4,0,1,0,ENERGY_DEPLETED
8832,0.05,-44.0,50,0,6,0,1,0,ENERGY_DEPLETED
8833,0.05,94.0,48,1,2,0,1,2,GOAL_REACHED
8834,0.05,63.0,46,1,8,1,1,4,GOAL_REACHED
8835,0.05,-56.0,50,0,8,0,1,0,ENERGY_DEPLETED
8836,0.05,94.0,48,1,2,0,1,2,GOAL_REACHED
8837,0.05,67.0,50,1,6,1,1,0,GOAL_REACHED
8838,0.05,94.0,48,1,2,0,1,2,GOAL_REACHED
8839,0.05,-24.0,50,0,1,0,1,0,ENERGY_DEPLETED
8840,0.05,68.0,50,1,8,0,1,0,GOAL_REACHED
8841,0.05,-40.0,50,0,5,0,1,0,ENERGY_DEPLETED
8842,0.05,-32.0,50,0,3,0,1,0,ENERGY_DEPLETED
8843,0.05,91.0,47,1,3,0,1,3,GOAL_REACHED
8844,0.05,104.0,46,1,0,0,1,4,GOAL_REACHED
8845,0.05,78.0,48,1,6,0,1,2,GOAL_REACHED
8846,0.05,83.0,47,1,5,0,1,3,GOAL_REACHED
8847,0.05,102.0,48,1,0,0,1,2,GOAL_REACHED
8848,0.05,77.0,48,1,4,1,1,2,GOAL_REACHED
8849,0.05,-24.0,50,0,1,0,1,0,ENERGY_DEPLETED
8850,0.05,78.0,48,1,6,0,1,2,GOAL_REACHED
8851,0.05,84.0,50,1,4,0,1,0,GOAL_REACHED
8852,0.05,-36.0,50,0,4,0,1,0,ENERGY_DEPLETED
8853,0.05,84.0,50,1,4,0,1,0,GOAL_REACHED
8854,0.05,92.0,50,1,2,0,1,0,GOAL_REACHED
8855,0.05,-36.0,50,0,4,0,1,0,ENERGY_DEPLETED
8856,0.05,60.0,50,1,10,0,1,0,GOAL_REACHED
8857,0.05,-24.0,50,0,1,0,1,0,ENERGY_DEPLETED
8858,0.05,-44.0,50,0,6,0,1,0,ENERGY_DEPLETED
8859,0.05,88.0,46,1,4,0,1,4,GOAL_REACHED
8860,0.05,99.0,47,1,1,0,1,3,GOAL_REACHED
8861,0.05,89.0,49,1,3,0,1,1,GOAL_REACHED
8862,0.05,96.0,46,1,2,0,1,4,GOAL_REACHED
8863,0.05,89.0,49,1,3,0,1,1,GOAL_REACHED
8864,0.05,83.0,47,1,5,0,1,3,GOAL_REACHED
8865,0.05,83.0,47,1,5,0,1,3,GOAL_REACHED
8866,0.05,-44.0,50,0,6,0,1,0,ENERGY_DEPLETED
8867,0.05,88.0,46,1,4,0,1,4,GOAL_REACHED
8868,0.05,-24.0,50,0,1,0,1,0,ENERGY_DEPLETED
8869,0.05,88.0,46,1,4,0,1,4,GOAL_REACHED
8870,0.05,-40.0,50,0,5,0,1,0,ENERGY_DEPLETED
8871,0.05,72.0,46,1,8,0,1,4,GOAL_REACHED
8872,0.05,-28.0,50,0,2,0,1,0,ENERGY_DEPLETED
8873,0.05,-32.0,50,0,3,0,1,0,ENERGY_DEPLETED
8874,0.05,96.0,46,1,2,0,1,4,GOAL_REACHED
8875,0.05,99.0,47,1,1,0,1,3,GOAL_REACHED
8876,0.05,-24.0,50,0,1,0,1,0,ENERGY_DEPLETED
8877,0.05,-49.0,50,0,4,1,1,0,ENERGY_DEPLETED
8878,0.05,86.0,48,1,4,0,1,2,GOAL_REACHED
8879,0.05,92.0,50,1,2,0,1,0,GOAL_REACHED
8880,0.05,76.0,50,1,6,0,1,0,GOAL_REACHED
8881,0.05,94.0,48,1,2,0,1,2,GOAL_REACHED
8882,0.05,-48.0,50,0,7,0,1,0,ENERGY_DEPLETED
8883,0.05,-36.0,50,0,4,0,1,0,ENERGY_DEPLETED
8884,0.05,80.0,46,1,6,0,1,4,GOAL_REACHED
8885,0.05,86.0,48,1,4,0,1,2,GOAL_REACHED
8886,0.05,-24.0,50,0,1,0,1,0,ENERGY_DEPLETED
8887,0.05,-28.0,50,0,2,0,1,0,ENERGY_DEPLETED
8888,0.05,71.0,46,1,6,1,1,4,GOAL_REACHED
8889,0.05,-28.0,50,0,2,0,1,0,ENERGY_DEPLETED
8890,0.05,92.0,50,1,2,0,1,0,GOAL_REACHED
8891,0.05,-40.0,50,0,5,0,1,0,ENERGY_DEPLETED
8892,0.05,102.0,48,1,0,0,1,2,GOAL_REACHED
8893,0.05,-28.0,50,0,2,0,1,0,ENERGY_DEPLETED
8894,0.05,-40.0,50,0,5,0,1,0,ENERGY_DEPLETED
8895,0.05,-53.0,50,0,6,1,1,0,ENERGY_DEPLETED
8896,0.05,86.0,48,1,4,0,1,2,GOAL_REACHED
8897,0.05,-24.0,50,0,1,0,1,0,ENERGY_DEPLETED
8898,0.05,96.0,46,1,2,0,1,4,GOAL_REACHED
8899,0.05,-44.0,50,0,6,0,1,0,ENERGY_DEPLETED
8900,0.05,76.0,48,1,2,2,1,2,GOAL_REACHED
8901,0.05,78.0,48,1,6,0,1,2,GOAL_REACHED
8902,0.05,94.0,48,1,2,0,1,2,GOAL_REACHED
8903,0.05,-44.0,50,0,6,0,1,0,ENERGY_DEPLETED
8904,0.05,96.0,46,1,2,0,1,4,GOAL_REACHED
8905,0.05,94.0,48,1,2,0,1,2,GOAL_REACHED
8906,0.05,-24.0,50,0,1,0,1,0,ENERGY_DEPLETED
8907,0.05,96.0,46,1,2,0,1,4,GOAL_REACHED
8908,0.05,-57.0,50,0,7,1,1,0,ENERGY_DEPLETED
8909,0.05,-44.0,50,0,6,0,1,0,ENERGY_DEPLETED
8910,0.05,-32.0,50,0,3,0,1,0,ENERGY_DEPLETED
8911,0.05,75.0,50,1,4,1,1,0,GOAL_REACHED
8912,0.05,-48.0,50,0,7,0,1,0,ENERGY_DEPLETED
8913,0.05,-40.0,50,0,5,0,1,0,ENERGY_DEPLETED
8914,0.05,75.0,50,1,4,1,1,0,GOAL_REACHED
8915,0.05,84.0,50,1,4,0,1,0,GOAL_REACHED
8916,0.05,-40.0,50,0,5,0,1,0,ENERGY_DEPLETED
8917,0.05,-28.0,50,0,2,0,1,0,ENERGY_DEPLETED
8918,0.05,-24.0,50,0,1,0,1,0,ENERGY_DEPLETED
8919,0.05,86.0,48,1,4,0,1,2,GOAL_REACHED
8920,0.05,88.0,46,1,4,0,1,4,GOAL_REACHED
8921,0.05,88.0,46,1,4,0,1,4,GOAL_REACHED
8922,0.05,-36.0,50,0,4,0,1,0,ENERGY_DEPLETED
8923,0.05,92.0,50,1,2,0,1,0,GOAL_REACHED
8924,0.05,-45.0,50,0,4,1,1,0,ENERGY_DEPLETED
8925,0.05,67.0,47,1,9,0,1,3,GOAL_REACHED
8926,0.05,84.0,50,1,4,0,1,0,GOAL_REACHED
8927,0.05,-42.0,50,0,1,2,1,0,ENERGY_DEPLETED
8928,0.05,-24.0,50,0,1,0,1,0,ENERGY_DEPLETED
8929,0.05,75.0,50,1,4,1,1,0,GOAL_REACHED
8930,0.05,-40.0,50,0,4,0,1,0,ENERGY_DEPLETED
8931,0.05,-48.0,50,0,6,0,1,0,ENERGY_DEPLETED
8932,0.05,84.0,50,1,4,0,1,0,GOAL_REACHED
8933,0.05,-28.0,50,0,2,0,1,0,ENERGY_DEPLETED
8934,0.05,-24.0,50,0,1,0,1,0,ENERGY_DEPLETED
8935,0.05,-36.0,50,0,4,0,1,0,ENERGY_DEPLETED
8936,0.05,-57.0,50,0,7,1,1,0,ENERGY_DEPLETED
8937,0.05,102.0,48,1,0,0,1,2,GOAL_REACHED
8938,0.05,-24.0,50,0,1,0,1,0,ENERGY_DEPLETED
8939,0.05,-62.0,50,0,6,2,1,0,ENERGY_DEPLETED
8940,0.05,80.0,46,1,6,0,1,4,GOAL_REACHED
8941,0.05,-32.0,50,0,3,0,1,0,ENERGY_DEPLETED
8942,0.05,-32.0,50,0,3,0,1,0,ENERGY_DEPLETED
8943,0.05,80.0,49,1,3,1,1,1,GOAL_REACHED
8944,0.05,-32.0,50,0,3,0,1,0,ENERGY_DEPLETED
8945,0.05,-32.0,50,0,3,0,1,0,ENERGY_DEPLETED
8946,0.05,-32.0,50,0,3,0,1,0,ENERGY_DEPLETED
8947,0.05,88.0,49,1,1,1,1,1,GOAL_REACHED
8948,0.05,81.0,49,1,5,0,1,1,GOAL_REACHED
8949,0.05,96.0,46,1,2,0,1,4,GOAL_REACHED
8950,0.05,96.0,46,1,2,0,1,4,GOAL_REACHED
8951,0.05,96.0,46,1,2,0,1,4,GOAL_REACHED
8952,0.05,77.0,48,1,4,1,1,2,GOAL_REACHED
8953,0.05,84.0,50,1,4,0,1,0,GOAL_REACHED
8954,0.05,-32.0,50,0,2,0,1,0,ENERGY_DEPLETED
8955,0.05,-40.0,50,0,5,0,1,0,ENERGY_DEPLETED
8956,0.05,-40.0,50,0,4,0,1,0,ENERGY_DEPLETED
8957,0.05,-32.0,50,0,3,0,1,0,ENERGY_DEPLETED
8958,0.05,-20.0,50,0,0,0,1,0,ENERGY_DEPLETED
8959,0.05,-40.0,50,0,5,0,1,0,ENERGY_DEPLETED
8960,0.05,94.0,48,1,2,0,1,2,GOAL_REACHED
8961,0.05,85.0,48,1,2,1,1,2,GOAL_REACHED
8962,0.05,97.0,49,1,1,0,1,1,GOAL_REACHED
8963,0.05,-48.0,50,0,6,0,1,0,ENERGY_DEPLETED
8964,0.05,-24.0,50,0,1,0,1,0,ENERGY_DEPLETED
8965,0.05,88.0,46,1,4,0,1,4,GOAL_REACHED
8966,0.05,96.0,46,1,2,0,1,4,GOAL_REACHED
8967,0.05,-44.0,50,0,6,0,1,0,ENERGY_DEPLETED
8968,0.05,-20.0,50,0,0,0,1,0,ENERGY_DEPLETED
8969,0.05,-50.0,50,0,3,2,1,0,ENERGY_DEPLETED
8970,0.05,-48.0,50,0,7,0,1,0,ENERGY_DEPLETED
8971,0.05,-32.0,50,0,3,0,1,0,ENERGY_DEPLETED
8972,0.05,-32.0,50,0,2,0,1,0,ENERGY_DEPLETED
8973,0.05,94.0,48,1,2,0,1,2,GOAL_REACHED
8974,0.05,-52.0,50,0,8,0,1,0,ENERGY_DEPLETED
8975,0.05,68.0,50,1,8,0,1,0,GOAL_REACHED
8976,0.05,84.0,50,1,4,0,1,0,GOAL_REACHED
8977,0.05,-28.0,50,0,2,0,1,0,ENERGY_DEPLETED
8978,0.05,96.0,46,1,2,0,1,4,GOAL_REACHED
8979,0.05,99.0,47,1,1,0,1,3,GOAL_REACHED
8980,0.05,96.0,46,1,2,0,1,4,GOAL_REACHED
8981,0.05,76.0,50,1,6,0,1,0,GOAL_REACHED
8982,0.05,-36.0,50,0,4,0,1,0,ENERGY_DEPLETED
8983,0.05,69.0,48,1,6,1,1,2,GOAL_REACHED
8984,0.05,85.0,48,1,2,1,1,2,GOAL_REACHED
8985,0.05,76.0,50,1,6,0,1,0,GOAL_REACHED
8986,0.05,-24.0,50,0,1,0,1,0,ENERGY_DEPLETED
8987,0.05,88.0,46,1,4,0,1,4,GOAL_REACHED
8988,0.05,96.0,46,1,2,0,1,4,GOAL_REACHED
8989,0.05,96.0,46,1,2,0,1,4,GOAL_REACHED
8990,0.05,-32.0,50,0,3,0,1,0,ENERGY_DEPLETED
8991,0.05,81.0,49,1,5,0,1,1,GOAL_REACHED
8992,0.05,84.0,50,1,4,0,1,0,GOAL_REACHED
8993,0.05,74.0,47,1,5,1,1,3,GOAL_REACHED
8994,0.05,96.0,46,1,2,0,1,4,GOAL_REACHED
8995,0.05,86.0,48,1,4,0,1,2,GOAL_REACHED
8996,0.05,87.0,46,1,2,1,1,4,GOAL_REACHED
8997,0.05,79.0,46,1,4,1,1,4,GOAL_REACHED
8998,0.05,-20.0,50,0,0,0,1,0,ENERGY_DEPLETED
8999,0.05,83.0,47,1,5,0,1,3,GOAL_REACHED
9000,0.05,88.0,46,1,4,0,1,4,GOAL_REACHED
9001,0.05,-24.0,50,0,1,0,1,0,ENERGY_DEPLETED
9002,0.05,84.0,50,1,4,0,1,0,GOAL_REACHED
9003,0.05,96.0,46,1,2,0,1,4,GOAL_REACHED
9004,0.05,-32.0,50,0,3,0,1,0,ENERGY_DEPLETED
9005,0.05,-28.0,50,0,2,0,1,0,ENERGY_DEPLETED
9006,0.05,-36.0,50,0,4,0,1,0,ENERGY_DEPLETED
9007,0.05,-40.0,50,0,5,0,1,0,ENERGY_DEPLETED
9008,0.05,-57.0,50,0,6,1,1,0,ENERGY_DEPLETED
9009,0.05,86.0,48,1,4,0,1,2,GOAL_REACHED
9010,0.05,76.0,50,1,6,0,1,0,GOAL_REACHED
9011,0.05,-36.0,50,0,4,0,1,0,ENERGY_DEPLETED
9012,0.05,84.0,50,1,4,0,1,0,GOAL_REACHED
9013,0.05,86.0,48,1,4,0,1,2,GOAL_REACHED
9014,0.05,-32.0,50,0,2,0,1,0,ENERGY_DEPLETED
9015,0.05,88.0,46,1,4,0,1,4,GOAL_REACHED
9016,0.05,-36.0,50,0,4,0,1,0,ENERGY_DEPLETED
9017,0.05,-28.0,50,0,2,0,1,0,ENERGY_DEPLETED
9018,0.05,83.0,47,1,5,0,1,3,GOAL_REACHED
9019,0.05,-37.0,50,0,2,1,1,0,ENERGY_DEPLETED
9020,0.05,68.0,50,1,8,0,1,0,GOAL_REACHED
9021,0.05,86.0,48,1,4,0,1,2,GOAL_REACHED
9022,0.05,104.0,46,1,0,0,1,4,GOAL_REACHED
9023,0.05,-32.0,50,0,3,0,1,0,ENERGY_DEPLETED
9024,0.05,96.0,46,1,2,0,1,4,GOAL_REACHED
9025,0.05,59.0,50,1,8,1,1,0,GOAL_REACHED
9026,0.05,96.0,46,1,2,0,1,4,GOAL_REACHED
9027,0.05,96.0,46,1,2,0,1,4,GOAL_REACHED
9028,0.05,85.0,48,1,2,1,1,2,GOAL_REACHED
9029,0.05,68.0,50,1,8,0,1,0,GOAL_REACHED
9030,0.05,85.0,48,1,2,1,1,2,GOAL_REACHED
9031,0.05,84.0,50,1,4,0,1,0,GOAL_REACHED
9032,0.05,88.0,46,1,4,0,1,4,GOAL_REACHED
9033,0.05,86.0,48,1,4,0,1,2,GOAL_REACHED
9034,0.05,86.0,48,1,4,0,1,2,GOAL_REACHED
9035,0.05,96.0,46,1,2,0,1,4,GOAL_REACHED
9036,0.05,-36.0,50,0,4,0,1,0,ENERGY_DEPLETED
9037,0.05,-40.0,50,0,5,0,1,0,ENERGY_DEPLETED
9038,0.05,85.0,48,1,2,1,1,2,GOAL_REACHED
9039,0.05,79.0,46,1,4,1,1,4,GOAL_REACHED
9040,0.05,-41.0,50,0,3,1,1,0,ENERGY_DEPLETED
9041,0.05,-28.0,50,0,2,0,1,0,ENERGY_DEPLETED
9042,0.05,-32.0,50,0,3,0,1,0,ENERGY_DEPLETED
9043,0.05,-37.0,50,0,2,1,1,0,ENERGY_DEPLETED
9044,0.05,-40.0,50,0,5,0,1,0,ENERGY_DEPLETED
9045,0.05,104.0,46,1,0,0,1,4,GOAL_REACHED
9046,0.05,92.0,50,1,2,0,1,0,GOAL_REACHED
9047,0.05,-40.0,50,0,5,0,1,0,ENERGY_DEPLETED
9048,0.05,94.0,48,1,2,0,1,2,GOAL_REACHED
9049,0.05,-28.0,50,0,2,0,1,0,ENERGY_DEPLETED
9050,0.05,96.0,46,1,2,0,1,4,GOAL_REACHED
9051,0.05,76.0,50,1,6,0,1,0,GOAL_REACHED
9052,0.05,86.0,48,1,4,0,1,2,GOAL_REACHED
9053,0.05,-48.0,50,0,6,0,1,0,ENERGY_DEPLETED
9054,0.05,-56.0,50,0,9,0,1,0,ENERGY_DEPLETED
9055,0.05,-46.0,50,0,2,2,1,0,ENERGY_DEPLETED
9056,0.05,83.0,47,1,5,0,1,3,GOAL_REACHED
9057,0.05,67.0,50,1,6,1,1,0,GOAL_REACHED
9058,0.05,85.0,48,1,2,1,1,2,GOAL_REACHED
9059,0.05,84.0,50,1,4,0,1,0,GOAL_REACHED
9060,0.05,-45.0,50,0,4,1,1,0,ENERGY_DEPLETED
9061,0.05,78.0,48,1,6,0,1,2,GOAL_REACHED
9062,0.05,92.0,50,1,2,0,1,0,GOAL_REACHED
9063,0.05,89.0,49,1,3,0,1,1,GOAL_REACHED
9064,0.05,88.0,46,1,4,0,1,4,GOAL_REACHED
9065,0.05,75.0,47,1,7,0,1,3,GOAL_REACHED
9066,0.05,99.0,47,1,1,0,1,3,GOAL_REACHED
9067,0.05,89.0,49,1,3,0,1,1,GOAL_REACHED
9068,0.05,-36.0,50,0,4,0,1,0,ENERGY_DEPLETED
9069,0.05,86.0,48,1,4,0,1,2,GOAL_REACHED
9070,0.05,91.0,47,1,3,0,1,3,GOAL_REACHED
9071,0.05,-37.0,50,0,2,1,1,0,ENERGY_DEPLETED
9072,0.05,-49.0,50,0,5,1,1,0,ENERGY_DEPLETED
9073,0.05,-40.0,50,0,5,0,1,0,ENERGY_DEPLETED
9074,0.05,77.0,48,1,4,1,1,2,GOAL_REACHED
9075,0.05,84.0,50,1,4,0,1,0,GOAL_REACHED
9076,0.05,75.0,47,1,7,0,1,3,GOAL_REACHED
9077,0.05,-41.0,50,0,3,1,1,0,ENERGY_DEPLETED
9078,0.05,-44.0,50,0,6,0,1,0,ENERGY_DEPLETED
9079,0.05,78.0,48,1,6,0,1,2,GOAL_REACHED
9080,0.05,102.0,48,1,0,0,1,2,GOAL_REACHED
9081,0.05,-36.0,50,0,4,0,1,0,ENERGY_DEPLETED
9082,0.05,-28.0,50,0,2,0,1,0,ENERGY_DEPLETED
9083,0.05,-36.0,50,0,4,0,1,0,ENERGY_DEPLETED
9084,0.05,92.0,50,1,2,0,1,0,GOAL_REACHED
9085,0.05,88.0,46,1,4,0,1,4,GOAL_REACHED
9086,0.05,74.0,47,1,5,1,1,3,GOAL_REACHED
9087,0.05,88.0,46,1,4,0,1,4,GOAL_REACHED
9088,0.05,-40.0,50,0,5,0,1,0,ENERGY_DEPLETED
9089,0.05,96.0,46,1,2,0,1,4,GOAL_REACHED
9090,0.05,78.0,48,1,6,0,1,2,GOAL_REACHED
9091,0.05,91.0,47,1,3,0,1,3,GOAL_REACHED
9092,0.05,84.0,50,1,4,0,1,0,GOAL_REACHED
9093,0.05,88.0,46,1,4,0,1,4,GOAL_REACHED
9094,0.05,-32.0,50,0,3,0,1,0,ENERGY_DEPLETED
9095,0.05,83.0,47,1,5,0,1,3,GOAL_REACHED
9096,0.05,76.0,48,1,2,2,1,2,GOAL_REACHED
9097,0.05,-28.0,50,0,2,0,1,0,ENERGY_DEPLETED
9098,0.05,-24.0,50,0,1,0,1,0,ENERGY_DEPLETED
9099,0.05,-28.0,50,0,2,0,1,0,ENERGY_DEPLETED
9100,0.05,-37.0,50,0,2,1,1,0,ENERGY_DEPLETED
9101,0.05,96.0,46,1,2,0,1,4,GOAL_REACHED
9102,0.05,-45.0,50,0,4,1,1,0,ENERGY_DEPLETED
9103,0.05,-49.0,50,0,5,1,1,0,ENERGY_DEPLETED
9104,0.05,-24.0,50,0,1,0,1,0,ENERGY_DEPLETED
9105,0.05,-52.0,50,0,8,0,1,0,ENERGY_DEPLETED
9106,0.05,-36.0,50,0,4,0,1,0,ENERGY_DEPLETED
9107,0.05,80.0,46,1,6,0,1,4,GOAL_REACHED
9108,0.05,96.0,46,1,2,0,1,4,GOAL_REACHED
9109,0.05,80.0,46,1,6,0,1,4,GOAL_REACHED
9110,0.05,83.0,47,1,5,0,1,3,GOAL_REACHED
9111,0.05,88.0,46,1,4,0,1,4,GOAL_REACHED
9112,0.05,86.0,48,1,4,0,1,2,GOAL_REACHED
9113,0.05,91.0,47,1,3,0,1,3,GOAL_REACHED
9114,0.05,71.0,46,1,6,1,1,4,GOAL_REACHED
9115,0.05,73.0,49,1,7,0,1,1,GOAL_REACHED
9116,0.05,84.0,50,1,4,0,1,0,GOAL_REACHED
9117,0.05,84.0,50,1,4,0,1,0,GOAL_REACHED
9118,0.05,76.0,50,1,6,0,1,0,GOAL_REACHED
9119,0.05,84.0,50,1,4,0,1,0,GOAL_REACHED
9120,0.05,83.0,47,1,5,0,1,3,GOAL_REACHED
9121,0.05,78.0,48,1,6,0,1,2,GOAL_REACHED
9122,0.05,67.0,47,1,9,0,1,3,GOAL_REACHED
9123,0.05,71.0,46,1,6,1,1,4,GOAL_REACHED
9124,0.05,96.0,46,1,2,0,1,4,GOAL_REACHED
9125,0.05,104.0,46,1,0,0,1,4,GOAL_REACHED
9126,0.05,84.0,50,1,4,0,1,0,GOAL_REACHED
9127,0.05,-28.0,50,0,2,0,1,0,ENERGY_DEPLETED
9128,0.05,102.0,48,1,0,0,1,2,GOAL_REACHED
9129,0.05,78.0,48,1,6,0,1,2,GOAL_REACHED
9130,0.05,85.0,48,1,2,1,1,2,GOAL_REACHED
9131,0.05,94.0,48,1,2,0,1,2,GOAL_REACHED
9132,0.05,86.0,48,1,4,0,1,2,GOAL_REACHED
9133,0.05,88.0,46,1,4,0,1,4,GOAL_REACHED
9134,0.05,-32.0,50,0,3,0,1,0,ENERGY_DEPLETED
9135,0.05,94.0,48,1,2,0,1,2,GOAL_REACHED
9136,0.05,73.0,49,1,7,0,1,1,GOAL_REACHED
9137,0.05,96.0,46,1,2,0,1,4,GOAL_REACHED
9138,0.05,-32.0,50,0,3,0,1,0,ENERGY_DEPLETED
9139,0.05,-36.0,50,0,4,0,1,0,ENERGY_DEPLETED
9140,0.05,94.0,48,1,2,0,1,2,GOAL_REACHED
9141,0.05,-36.0,50,0,4,0,1,0,ENERGY_DEPLETED
9142,0.05,94.0,48,1,2,0,1,2,GOAL_REACHED
9143,0.05,-32.0,50,0,3,0,1,0,ENERGY_DEPLETED
9144,0.05,76.0,50,1,6,0,1,0,GOAL_REACHED
9145,0.05,-61.0,50,0,8,1,1,0,ENERGY_DEPLETED
9146,0.05,88.0,46,1,4,0,1,4,GOAL_REACHED
9147,0.05,-28.0,50,0,2,0,1,0,ENERGY_DEPLETED
9148,0.05,84.0,50,1,4,0,1,0,GOAL_REACHED
9149,0.05,75.0,47,1,7,0,1,3,GOAL_REACHED
9150,0.05,84.0,50,1,4,0,1,0,GOAL_REACHED
9151,0.05,-36.0,50,0,4,0,1,0,ENERGY_DEPLETED
9152,0.05,-28.0,50,0,2,0,1,0,ENERGY_DEPLETED
9153,0.05,91.0,47,1,3,0,1,3,GOAL_REACHED
9154,0.05,88.0,46,1,4,0,1,4,GOAL_REACHED
9155,0.05,-45.0,50,0,4,1,1,0,ENERGY_DEPLETED
9156,0.05,78.0,48,1,6,0,1,2,GOAL_REACHED
9157,0.05,-36.0,50,0,4,0,1,0,ENERGY_DEPLETED
9158,0.05,-37.0,50,0,2,1,1,0,ENERGY_DEPLETED
9159,0.05,-24.0,50,0,1,0,1,0,ENERGY_DEPLETED
9160,0.05,-48.0,50,0,6,0,1,0,ENERGY_DEPLETED
9161,0.05,-44.0,50,0,6,0,1,0,ENERGY_DEPLETED
9162,0.05,-36.0,50,0,4,0,1,0,ENERGY_DEPLETED
9163,0.05,96.0,46,1,2,0,1,4,GOAL_REACHED
9164,0.05,-40.0,50,0,4,0,1,0,ENERGY_DEPLETED
9165,0.05,-28.0,50,0,2,0,1,0,ENERGY_DEPLETED
9166,0.05,-40.0,50,0,4,0,1,0,ENERGY_DEPLETED
9167,0.05,96.0,46,1,2,0,1,4,GOAL_REACHED
9168,0.05,96.0,46,1,2,0,1,4,GOAL_REACHED
9169,0.05,60.0,50,1,10,0,1,0,GOAL_REACHED
9170,0.05,-40.0,50,0,4,0,1,0,ENERGY_DEPLETED
9171,0.05,94.0,48,1,2,0,1,2,GOAL_REACHED
9172,0.05,75.0,50,1,4,1,1,0,GOAL_REACHED
9173,0.05,75.0,50,1,4,1,1,0,GOAL_REACHED
9174,0.05,104.0,46,1,0,0,1,4,GOAL_REACHED
9175,0.05,94.0,48,1,2,0,1,2,GOAL_REACHED
9176,0.05,-24.0,50,0,1,0,1,0,ENERGY_DEPLETED
9177,0.05,-44.0,50,0,6,0,1,0,ENERGY_DEPLETED
9178,0.05,-77.0,50,0,12,1,1,0,ENERGY_DEPLETED
9179,0.05,76.0,50,1,6,0,1,0,GOAL_REACHED
9180,0.05,-28.0,50,0,2,0,1,0,ENERGY_DEPLETED
9181,0.05,-40.0,50,0,5,0,1,0,ENERGY_DEPLETED
9182,0.05,97.0,49,1,1,0,1,1,GOAL_REACHED
9183,0.05,75.0,50,1,4,1,1,0,GOAL_REACHED
9184,0.05,98.0,44,1,2,0,1,6,GOAL_REACHED
9185,0.05,68.0,50,1,8,0,1,0,GOAL_REACHED
9186,0.05,-64.0,50,0,11,0,1,0,ENERGY_DEPLETED
9187,0.05,88.0,46,1,4,0,1,4,GOAL_REACHED
9188,0.05,-32.0,50,0,3,0,1,0,ENERGY_DEPLETED
9189,0.05,-37.0,50,0,2,1,1,0,ENERGY_DEPLETED
9190,0.05,-28.0,50,0,2,0,1,0,ENERGY_DEPLETED
9191,0.05,89.0,44,1,2,1,1,6,GOAL_REACHED
9192,0.05,80.0,46,1,6,0,1,4,GOAL_REACHED
9193,0.05,-32.0,50,0,3,0,1,0,ENERGY_DEPLETED
9194,0.05,90.0,44,1,4,0,1,6,GOAL_REACHED
9195,0.05,83.0,50,1,2,1,1,0,GOAL_REACHED
9196,0.05,-71.0,50,0,6,3,1,0,ENERGY_DEPLETED
9197,0.05,64.0,49,1,7,1,1,1,GOAL_REACHED
9198,0.05,-48.0,50,0,6,0,1,0,ENERGY_DEPLETED
9199,0.05,-32.0,50,0,3,0,1,0,ENERGY_DEPLETED
9200,0.05,88.0,46,1,4,0,1,4,GOAL_REACHED
9201,0.05,79.0,46,1,4,1,1,4,GOAL_REACHED
9202,0.05,84.0,50,1,4,0,1,0,GOAL_REACHED
9203,0.05,100.0,50,1,0,0,1,0,GOAL_REACHED
9204,0.05,93.0,48,1,0,1,1,2,GOAL_REACHED
9205,0.05,-53.0,50,0,6,1,1,0,ENERGY_DEPLETED
9206,0.05,88.0,46,1,4,0,1,4,GOAL_REACHED
9207,0.05,-36.0,50,0,4,0,1,0,ENERGY_DEPLETED
9208,0.05,-36.0,50,0,4,0,1,0,ENERGY_DEPLETED
9209,0.05,76.0,50,1,6,0,1,0,GOAL_REACHED
9210,0.05,83.0,47,1,5,0,1,3,GOAL_REACHED
9211,0.05,86.0,48,1,4,0,1,2,GOAL_REACHED
9212,0.05,-49.0,50,0,5,1,1,0,ENERGY_DEPLETED
9213,0.05,-53.0,50,0,6,1,1,0,ENERGY_DEPLETED
9214,0.05,-44.0,50,0,6,0,1,0,ENERGY_DEPLETED
9215,0.05,-40.0,50,0,5,0,1,0,ENERGY_DEPLETED
9216,0.05,90.0,44,1,4,0,1,6,GOAL_REACHED
9217,0.05,85.0,45,1,5,0,1,5,GOAL_REACHED
9218,0.05,-36.0,50,0,4,0,1,0,ENERGY_DEPLETED
9219,0.05,90.0,44,1,4,0,1,6,GOAL_REACHED
9220,0.05,76.0,50,1,6,0,1,0,GOAL_REACHED
9221,0.05,92.0,50,1,2,0,1,0,GOAL_REACHED
9222,0.05,94.0,48,1,2,0,1,2,GOAL_REACHED
9223,0.05,96.0,46,1,2,0,1,4,GOAL_REACHED
9224,0.05,-36.0,50,0,4,0,1,0,ENERGY_DEPLETED
9225,0.05,-48.0,50,0,6,0,1,0,ENERGY_DEPLETED
9226,0.05,94.0,48,1,2,0,1,2,GOAL_REACHED
9227,0.05,79.0,46,1,4,1,1,4,GOAL_REACHED
9228,0.05,-32.0,50,0,3,0,1,0,ENERGY_DEPLETED
9229,0.05,68.0,50,1,8,0,1,0,GOAL_REACHED
9230,0.05,96.0,46,1,2,0,1,4,GOAL_REACHED
9231,0.05,81.0,44,1,4,1,1,6,GOAL_REACHED
9232,0.05,77.0,48,1,4,1,1,2,GOAL_REACHED
9233,0.05,-40.0,50,0,5,0,1,0,ENERGY_DEPLETED
9234,0.05,-32.0,50,0,3,0,1,0,ENERGY_DEPLETED
9235,0.05,84.0,50,1,4,0,1,0,GOAL_REACHED
9236,0.05,68.0,50,1,8,0,1,0,GOAL_REACHED
9237,0.05,83.0,47,1,5,0,1,3,GOAL_REACHED
9238,0.05,96.0,46,1,2,0,1,4,GOAL_REACHED
9239,0.05,86.0,46,1,0,2,1,4,GOAL_REACHED
9240,0.05,87.0,46,1,2,1,1,4,GOAL_REACHED
9241,0.05,-32.0,50,0,3,0,1,0,ENERGY_DEPLETED
9242,0.05,96.0,46,1,2,0,1,4,GOAL_REACHED
9243,0.05,84.0,50,1,4,0,1,0,GOAL_REACHED
9244,0.05,-32.0,50,0,3,0,1,0,ENERGY_DEPLETED
9245,0.05,80.0,46,1,6,0,1,4,GOAL_REACHED
9246,0.05,-36.0,50,0,4,0,1,0,ENERGY_DEPLETED
9247,0.05,82.0,47,1,3,1,1,3,GOAL_REACHED
9248,0.05,-36.0,50,0,4,0,1,0,ENERGY_DEPLETED
9249,0.05,-45.0,50,0,4,1,1,0,ENERGY_DEPLETED
9250,0.05,-36.0,50,0,3,0,1,0,ENERGY_DEPLETED
9251,0.05,-36.0,50,0,4,0,1,0,ENERGY_DEPLETED
9252,0.05,-28.0,50,0,2,0,1,0,ENERGY_DEPLETED
9253,0.05,67.0,50,1,6,1,1,0,GOAL_REACHED
9254,0.05,84.0,50,1,4,0,1,0,GOAL_REACHED
9255,0.05,90.0,44,1,4,0,1,6,GOAL_REACHED
9256,0.05,86.0,48,1,4,0,1,2,GOAL_REACHED
9257,0.05,-32.0,50,0,2,0,1,0,ENERGY_DEPLETED
9258,0.05,78.0,48,1,6,0,1,2,GOAL_REACHED
9259,0.05,91.0,47,1,3,0,1,3,GOAL_REACHED
9260,0.05,-44.0,50,0,6,0,1,0,ENERGY_DEPLETED
9261,0.05,88.0,46,1,4,0,1,4,GOAL_REACHED
9262,0.05,92.0,50,1,2,0,1,0,GOAL_REACHED
9263,0.05,98.0,44,1,2,0,1,6,GOAL_REACHED
9264,0.05,85.0,48,1,2,1,1,2,GOAL_REACHED
9265,0.05,88.0,46,1,4,0,1,4,GOAL_REACHED
9266,0.05,94.0,48,1,2,0,1,2,GOAL_REACHED
9267,0.05,-32.0,50,0,3,0,1,0,ENERGY_DEPLETED
9268,0.05,-28.0,50,0,2,0,1,0,ENERGY_DEPLETED
9269,0.05,85.0,48,1,2,1,1,2,GOAL_REACHED
9270,0.05,100.0,50,1,0,0,1,0,GOAL_REACHED
9271,0.05,-28.0,50,0,2,0,1,0,ENERGY_DEPLETED
9272,0.05,-37.0,50,0,2,1,1,0,ENERGY_DEPLETED
9273,0.05,87.0,46,1,2,1,1,4,GOAL_REACHED
9274,0.05,-36.0,50,0,4,0,1,0,ENERGY_DEPLETED
9275,0.05,78.0,48,1,6,0,1,2,GOAL_REACHED
9276,0.05,94.0,48,1,2,0,1,2,GOAL_REACHED
9277,0.05,92.0,50,1,2,0,1,0,GOAL_REACHED
9278,0.05,-24.0,50,0,1,0,1,0,ENERGY_DEPLETED
9279,0.05,-32.0,50,0,3,0,1,0,ENERGY_DEPLETED
9280,0.05,-53.0,50,0,6,1,1,0,ENERGY_DEPLETED
9281,0.05,-32.0,50,0,2,0,1,0,ENERGY_DEPLETED
9282,0.05,-32.0,50,0,3,0,1,0,ENERGY_DEPLETED
9283,0.05,-36.0,50,0,4,0,1,0,ENERGY_DEPLETED
9284,0.05,-32.0,50,0,3,0,1,0,ENERGY_DEPLETED
9285,0.05,-28.0,50,0,2,0,1,0,ENERGY_DEPLETED
9286,0.05,96.0,46,1,2,0,1,4,GOAL_REACHED
9287,0.05,98.0,44,1,2,0,1,6,GOAL_REACHED
9288,0.05,-54.0,50,0,4,2,1,0,ENERGY_DEPLETED
9289,0.05,86.0,48,1,4,0,1,2,GOAL_REACHED
9290,0.05,-36.0,50,0,4,0,1,0,ENERGY_DEPLETED
9291,0.05,-49.0,50,0,5,1,1,0,ENERGY_DEPLETED
9292,0.05,91.0,47,1,3,0,1,3,GOAL_REACHED
9293,0.05,88.0,46,1,4,0,1,4,GOAL_REACHED
9294,0.05,96.0,46,1,2,0,1,4,GOAL_REACHED
9295,0.05,-56.0,50,0,9,0,1,0,ENERGY_DEPLETED
9296,0.05,94.0,48,1,2,0,1,2,GOAL_REACHED
9297,0.05,74.0,47,1,5,1,1,3,GOAL_REACHED
9298,0.05,76.0,50,1,6,0,1,0,GOAL_REACHED
9299,0.05,-28.0,50,0,2,0,1,0,ENERGY_DEPLETED
9300,0.05,-28.0,50,0,2,0,1,0,ENERGY_DEPLETED
9301,0.05,76.0,50,1,6,0,1,0,GOAL_REACHED
9302,0.05,91.0,47,1,3,0,1,3,GOAL_REACHED
9303,0.05,86.0,48,1,4,0,1,2,GOAL_REACHED
9304,0.05,86.0,48,1,4,0,1,2,GOAL_REACHED
9305,0.05,83.0,47,1,5,0,1,3,GOAL_REACHED
9306,0.05,-36.0,50,0,4,0,1,0,ENERGY_DEPLETED
9307,0.05,-40.0,50,0,4,0,1,0,ENERGY_DEPLETED
9308,0.05,94.0,48,1,2,0,1,2,GOAL_REACHED
9309,0.05,-32.0,50,0,3,0,1,0,ENERGY_DEPLETED
9310,0.05,67.0,50,1,6,1,1,0,GOAL_REACHED
9311,0.05,78.0,48,1,6,0,1,2,GOAL_REACHED
9312,0.05,-45.0,50,0,4,1,1,0,ENERGY_DEPLETED
9313,0.05,78.0,48,1,6,0,1,2,GOAL_REACHED
9314,0.05,68.0,50,1,8,0,1,0,GOAL_REACHED
9315,0.05,91.0,47,1,3,0,1,3,GOAL_REACHED
9316,0.05,86.0,48,1,4,0,1,2,GOAL_REACHED
9317,0.05,75.0,50,1,4,1,1,0,GOAL_REACHED
9318,0.05,84.0,50,1,4,0,1,0,GOAL_REACHED
9319,0.05,-36.0,50,0,4,0,1,0,ENERGY_DEPLETED
9320,0.05,-28.0,50,0,2,0,1,0,ENERGY_DEPLETED
9321,0.05,94.0,48,1,2,0,1,2,GOAL_REACHED
9322,0.05,-32.0,50,0,3,0,1,0,ENERGY_DEPLETED
9323,0.05,-40.0,50,0,5,0,1,0,ENERGY_DEPLETED
9324,0.05,96.0,46,1,2,0,1,4,GOAL_REACHED
9325,0.05,76.0,48,1,2,2,1,2,GOAL_REACHED
9326,0.05,71.0,46,1,6,1,1,4,GOAL_REACHED
9327,0.05,-28.0,50,0,2,0,1,0,ENERGY_DEPLETED
9328,0.05,84.0,50,1,4,0,1,0,GOAL_REACHED
9329,0.05,-40.0,50,0,5,0,1,0,ENERGY_DEPLETED
9330,0.05,92.0,50,1,2,0,1,0,GOAL_REACHED
9331,0.05,67.0,50,1,6,1,1,0,GOAL_REACHED
9332,0.05,94.0,48,1,2,0,1,2,GOAL_REACHED
9333,0.05,83.0,47,1,5,0,1,3,GOAL_REACHED
9334,0.05,-41.0,50,0,3,1,1,0,ENERGY_DEPLETED
9335,0.05,66.0,44,1,10,0,1,6,GOAL_REACHED
9336,0.05,-48.0,50,0,6,0,1,0,ENERGY_DEPLETED
9337,0.05,98.0,44,1,2,0,1,6,GOAL_REACHED
9338,0.05,80.0,46,1,6,0,1,4,GOAL_REACHED
9339,0.05,91.0,47,1,3,0,1,3,GOAL_REACHED
9340,0.05,-36.0,50,0,4,0,1,0,ENERGY_DEPLETED
9341,0.05,-28.0,50,0,2,0,1,0,ENERGY_DEPLETED
9342,0.05,86.0,48,1,4,0,1,2,GOAL_REACHED
9343,0.05,106.0,44,1,0,0,1,6,GOAL_REACHED
9344,0.05,-32.0,50,0,3,0,1,0,ENERGY_DEPLETED
9345,0.05,-40.0,50,0,5,0,1,0,ENERGY_DEPLETED
9346,0.05,88.0,46,1,4,0,1,4,GOAL_REACHED
9347,0.05,98.0,44,1,2,0,1,6,GOAL_REACHED
9348,0.05,98.0,44,1,2,0,1,6,GOAL_REACHED
9349,0.05,-28.0,50,0,2,0,1,0,ENERGY_DEPLETED
9350,0.05,86.0,48,1,4,0,1,2,GOAL_REACHED
9351,0.05,84.0,50,1,4,0,1,0,GOAL_REACHED
9352,0.05,-49.0,50,0,5,1,1,0,ENERGY_DEPLETED
9353,0.05,94.0,48,1,2,0,1,2,GOAL_REACHED
9354,0.05,78.0,48,1,6,0,1,2,GOAL_REACHED
9355,0.05,-36.0,50,0,4,0,1,0,ENERGY_DEPLETED
9356,0.05,-24.0,50,0,1,0,1,0,ENERGY_DEPLETED
9357,0.05,-45.0,50,0,4,1,1,0,ENERGY_DEPLETED
9358,0.05,69.0,48,1,6,1,1,2,GOAL_REACHED
9359,0.05,-58.0,50,0,5,2,1,0,ENERGY_DEPLETED
9360,0.05,-36.0,50,0,4,0,1,0,ENERGY_DEPLETED
9361,0.05,96.0,46,1,2,0,1,4,GOAL_REACHED
9362,0.05,86.0,48,1,4,0,1,2,GOAL_REACHED
9363,0.05,-40.0,50,0,5,0,1,0,ENERGY_DEPLETED
9364,0.05,-32.0,50,0,3,0,1,0,ENERGY_DEPLETED
9365,0.05,-44.0,50,0,6,0,1,0,ENERGY_DEPLETED
9366,0.05,88.0,46,1,4,0,1,4,GOAL_REACHED
9367,0.05,-48.0,50,0,6,0,1,0,ENERGY_DEPLETED
9368,0.05,98.0,44,1,2,0,1,6,GOAL_REACHED
9369,0.05,-58.0,50,0,5,2,1,0,ENERGY_DEPLETED
9370,0.05,96.0,46,1,2,0,1,4,GOAL_REACHED
9371,0.05,-40.0,50,0,5,0,1,0,ENERGY_DEPLETED
9372,0.05,67.0,47,1,9,0,1,3,GOAL_REACHED
9373,0.05,84.0,50,1,4,0,1,0,GOAL_REACHED
9374,0.05,-37.0,50,0,2,1,1,0,ENERGY_DEPLETED
9375,0.05,-24.0,50,0,1,0,1,0,ENERGY_DEPLETED
9376,0.05,-28.0,50,0,2,0,1,0,ENERGY_DEPLETED
9377,0.05,91.0,47,1,3,0,1,3,GOAL_REACHED
9378,0.05,98.0,44,1,2,0,1,6,GOAL_REACHED
9379,0.05,84.0,50,1,4,0,1,0,GOAL_REACHED
9380,0.05,-37.0,50,0,2,1,1,0,ENERGY_DEPLETED
9381,0.05,86.0,48,1,4,0,1,2,GOAL_REACHED
9382,0.05,-28.0,50,0,2,0,1,0,ENERGY_DEPLETED
9383,0.05,-40.0,50,0,5,0,1,0,ENERGY_DEPLETED
9384,0.05,86.0,48,1,4,0,1,2,GOAL_REACHED
9385,0.05,72.0,49,1,5,1,1,1,GOAL_REACHED
9386,0.05,90.0,44,1,4,0,1,6,GOAL_REACHED
9387,0.05,83.0,47,1,5,0,1,3,GOAL_REACHED
9388,0.05,-33.0,50,0,1,1,1,0,ENERGY_DEPLETED
9389,0.05,-45.0,50,0,4,1,1,0,ENERGY_DEPLETED
9390,0.05,76.0,50,1,6,0,1,0,GOAL_REACHED
9391,0.05,71.0,46,1,6,1,1,4,GOAL_REACHED
9392,0.05,86.0,48,1,4,0,1,2,GOAL_REACHED
9393,0.05,-36.0,50,0,4,0,1,0,ENERGY_DEPLETED
9394,0.05,86.0,48,1,4,0,1,2,GOAL_REACHED
9395,0.05,83.0,50,1,2,1,1,0,GOAL_REACHED
9396,0.05,-20.0,50,0,0,0,1,0,ENERGY_DEPLETED
9397,0.05,-28.0,50,0,2,0,1,0,ENERGY_DEPLETED
9398,0.05,75.0,50,1,4,1,1,0,GOAL_REACHED
9399,0.05,-24.0,50,0,1,0,1,0,ENERGY_DEPLETED
9400,0.05,78.0,48,1,6,0,1,2,GOAL_REACHED
9401,0.05,-32.0,50,0,3,0,1,0,ENERGY_DEPLETED
9402,0.05,84.0,50,1,4,0,1,0,GOAL_REACHED
9403,0.05,-32.0,50,0,3,0,1,0,ENERGY_DEPLETED
9404,0.05,102.0,48,1,0,0,1,2,GOAL_REACHED
9405,0.05,78.0,48,1,6,0,1,2,GOAL_REACHED
9406,0.05,-48.0,50,0,7,0,1,0,ENERGY_DEPLETED
9407,0.05,59.0,50,1,8,1,1,0,GOAL_REACHED
9408,0.05,-40.0,50,0,5,0,1,0,ENERGY_DEPLETED
9409,0.05,-45.0,50,0,4,1,1,0,ENERGY_DEPLETED
9410,0.05,96.0,46,1,2,0,1,4,GOAL_REACHED
9411,0.05,88.0,46,1,4,0,1,4,GOAL_REACHED
9412,0.05,80.0,46,1,6,0,1,4,GOAL_REACHED
9413,0.05,-53.0,50,0,6,1,1,0,ENERGY_DEPLETED
9414,0.05,-32.0,50,0,3,0,1,0,ENERGY_DEPLETED
9415,0.05,100.0,50,1,0,0,1,0,GOAL_REACHED
9416,0.05,-28.0,50,0,2,0,1,0,ENERGY_DEPLETED
9417,0.05,-32.0,50,0,3,0,1,0,ENERGY_DEPLETED
9418,0.05,-36.0,50,0,4,0,1,0,ENERGY_DEPLETED
9419,0.05,106.0,44,1,0,0,1,6,GOAL_REACHED
9420,0.05,92.0,50,1,2,0,1,0,GOAL_REACHED
9421,0.05,106.0,44,1,0,0,1,6,GOAL_REACHED
9422,0.05,-28.0,50,0,2,0,1,0,ENERGY_DEPLETED
9423,0.05,-24.0,50,0,0,0,1,0,ENERGY_DEPLETED
9424,0.05,74.0,50,1,2,2,1,0,GOAL_REACHED
9425,0.05,81.0,49,1,5,0,1,1,GOAL_REACHED
9426,0.05,86.0,48,1,4,0,1,2,GOAL_REACHED
9427,0.05,-32.0,50,0,3,0,1,0,ENERGY_DEPLETED
9428,0.05,71.0,46,1,6,1,1,4,GOAL_REACHED
9429,0.05,96.0,46,1,2,0,1,4,GOAL_REACHED
9430,0.05,-20.0,50,0,0,0,1,0,ENERGY_DEPLETED
9431,0.05,78.0,48,1,6,0,1,2,GOAL_REACHED
9432,0.05,88.0,46,1,4,0,1,4,GOAL_REACHED
9433,0.05,80.0,46,1,6,0,1,4,GOAL_REACHED
9434,0.05,76.0,50,1,6,0,1,0,GOAL_REACHED
9435,0.05,84.0,50,1,4,0,1,0,GOAL_REACHED
9436,0.05,-28.0,50,0,2,0,1,0,ENERGY_DEPLETED
9437,0.05,74.0,47,1,5,1,1,3,GOAL_REACHED
9438,0.05,-28.0,50,0,2,0,1,0,ENERGY_DEPLETED
9439,0.05,-36.0,50,0,4,0,1,0,ENERGY_DEPLETED
9440,0.05,76.0,50,1,6,0,1,0,GOAL_REACHED
9441,0.05,-40.0,50,0,5,0,1,0,ENERGY_DEPLETED
9442,0.05,88.0,46,1,4,0,1,4,GOAL_REACHED
9443,0.05,-49.0,50,0,5,1,1,0,ENERGY_DEPLETED
9444,0.05,-32.0,50,0,3,0,1,0,ENERGY_DEPLETED
9445,0.05,-48.0,50,0,7,0,1,0,ENERGY_DEPLETED
9446,0.05,96.0,46,1,2,0,1,4,GOAL_REACHED
9447,0.05,98.0,44,1,2,0,1,6,GOAL_REACHED
9448,0.05,92.0,50,1,2,0,1,0,GOAL_REACHED
9449,0.05,76.0,50,1,6,0,1,0,GOAL_REACHED
9450,0.05,81.0,49,1,5,0,1,1,GOAL_REACHED
9451,0.05,-32.0,50,0,2,0,1,0,ENERGY_DEPLETED
9452,0.05,-45.0,50,0,4,1,1,0,ENERGY_DEPLETED
9453,0.05,-24.0,50,0,1,0,1,0,ENERGY_DEPLETED
9454,0.05,84.0,50,1,4,0,1,0,GOAL_REACHED
9455,0.05,88.0,46,1,4,0,1,4,GOAL_REACHED
9456,0.05,-49.0,50,0,4,1,1,0,ENERGY_DEPLETED
9457,0.05,69.0,48,1,6,1,1,2,GOAL_REACHED
9458,0.05,-45.0,50,0,4,1,1,0,ENERGY_DEPLETED
9459,0.05,94.0,48,1,2,0,1,2,GOAL_REACHED
9460,0.05,77.0,48,1,4,1,1,2,GOAL_REACHED
9461,0.05,-36.0,50,0,4,0,1,0,ENERGY_DEPLETED
9462,0.05,-32.0,50,0,3,0,1,0,ENERGY_DEPLETED
9463,0.05,73.0,49,1,7,0,1,1,GOAL_REACHED
9464,0.05,90.0,44,1,4,0,1,6,GOAL_REACHED
9465,0.05,84.0,50,1,4,0,1,0,GOAL_REACHED
9466,0.05,-48.0,50,0,7,0,1,0,ENERGY_DEPLETED
9467,0.05,-44.0,50,0,6,0,1,0,ENERGY_DEPLETED
9468,0.05,81.0,49,1,5,0,1,1,GOAL_REACHED
9469,0.05,-32.0,50,0,3,0,1,0,ENERGY_DEPLETED
9470,0.05,98.0,44,1,2,0,1,6,GOAL_REACHED
9471,0.05,-44.0,50,0,6,0,1,0,ENERGY_DEPLETED
9472,0.05,-48.0,50,0,7,0,1,0,ENERGY_DEPLETED
9473,0.05,-40.0,50,0,4,0,1,0,ENERGY_DEPLETED
9474,0.05,76.0,50,1,6,0,1,0,GOAL_REACHED
9475,0.05,76.0,50,1,6,0,1,0,GOAL_REACHED
9476,0.05,-32.0,50,0,3,0,1,0,ENERGY_DEPLETED
9477,0.05,98.0,44,1,2,0,1,6,GOAL_REACHED
9478,0.05,98.0,44,1,2,0,1,6,GOAL_REACHED
9479,0.05,-40.0,50,0,5,0,1,0,ENERGY_DEPLETED
9480,0.05,96.0,46,1,2,0,1,4,GOAL_REACHED
9481,0.05,88.0,46,1,4,0,1,4,GOAL_REACHED
9482,0.05,94.0,48,1,2,0,1,2,GOAL_REACHED
9483,0.05,94.0,48,1,2,0,1,2,GOAL_REACHED
9484,0.05,-28.0,50,0,2,0,1,0,ENERGY_DEPLETED
9485,0.05,-24.0,50,0,1,0,1,0,ENERGY_DEPLETED
9486,0.05,-49.0,50,0,5,1,1,0,ENERGY_DEPLETED
9487,0.05,80.0,49,1,3,1,1,1,GOAL_REACHED
9488,0.05,89.0,49,1,3,0,1,1,GOAL_REACHED
9489,0.05,-44.0,50,0,6,0,1,0,ENERGY_DEPLETED
9490,0.05,74.0,47,1,5,1,1,3,GOAL_REACHED
9491,0.05,-44.0,50,0,6,0,1,0,ENERGY_DEPLETED
9492,0.05,91.0,47,1,3,0,1,3,GOAL_REACHED
9493,0.05,75.0,47,1,7,0,1,3,GOAL_REACHED
9494,0.05,96.0,46,1,2,0,1,4,GOAL_REACHED
9495,0.05,98.0,44,1,2,0,1,6,GOAL_REACHED
9496,0.05,-32.0,50,0,3,0,1,0,ENERGY_DEPLETED
9497,0.05,92.0,50,1,2,0,1,0,GOAL_REACHED
9498,0.05,80.0,46,1,6,0,1,4,GOAL_REACHED
9499,0.05,-40.0,50,0,5,0,1,0,ENERGY_DEPLETED
9500,0.05,-24.0,50,0,1,0,1,0,ENERGY_DEPLETED
9501,0.05,-20.0,50,0,0,0,1,0,ENERGY_DEPLETED
9502,0.05,84.0,50,1,4,0,1,0,GOAL_REACHED
9503,0.05,88.0,46,1,4,0,1,4,GOAL_REACHED
9504,0.05,-28.0,50,0,2,0,1,0,ENERGY_DEPLETED
9505,0.05,98.0,44,1,2,0,1,6,GOAL_REACHED
9506,0.05,-32.0,50,0,3,0,1,0,ENERGY_DEPLETED
9507,0.05,92.0,50,1,2,0,1,0,GOAL_REACHED
9508,0.05,-40.0,50,0,5,0,1,0,ENERGY_DEPLETED
9509,0.05,90.0,44,1,4,0,1,6,GOAL_REACHED
9510,0.05,86.0,48,1,4,0,1,2,GOAL_REACHED
9511,0.05,89.0,49,1,3,0,1,1,GOAL_REACHED
9512,0.05,106.0,44,1,0,0,1,6,GOAL_REACHED
9513,0.05,80.0,46,1,6,0,1,4,GOAL_REACHED
9514,0.05,83.0,47,1,5,0,1,3,GOAL_REACHED
9515,0.05,-36.0,50,0,4,0,1,0,ENERGY_DEPLETED
9516,0.05,80.0,46,1,6,0,1,4,GOAL_REACHED
9517,0.05,88.0,46,1,4,0,1,4,GOAL_REACHED
9518,0.05,-36.0,50,0,4,0,1,0,ENERGY_DEPLETED
9519,0.05,94.0,48,1,2,0,1,2,GOAL_REACHED
9520,0.05,87.0,46,1,2,1,1,4,GOAL_REACHED
9521,0.05,-57.0,50,0,7,1,1,0,ENERGY_DEPLETED
9522,0.05,-28.0,50,0,2,0,1,0,ENERGY_DEPLETED
9523,0.05,76.0,50,1,6,0,1,0,GOAL_REACHED
9524,0.05,89.0,44,1,2,1,1,6,GOAL_REACHED
9525,0.05,-52.0,50,0,8,0,1,0,ENERGY_DEPLETED
9526,0.05,84.0,50,1,4,0,1,0,GOAL_REACHED
9527,0.05,86.0,48,1,4,0,1,2,GOAL_REACHED
9528,0.05,59.0,50,1,8,1,1,0,GOAL_REACHED
9529,0.05,-32.0,50,0,3,0,1,0,ENERGY_DEPLETED
9530,0.05,-40.0,50,0,5,0,1,0,ENERGY_DEPLETED
9531,0.05,-52.0,50,0,8,0,1,0,ENERGY_DEPLETED
9532,0.05,-45.0,50,0,4,1,1,0,ENERGY_DEPLETED
9533,0.05,-36.0,50,0,4,0,1,0,ENERGY_DEPLETED
9534,0.05,-40.0,50,0,4,0,1,0,ENERGY_DEPLETED
9535,0.05,72.0,46,1,8,0,1,4,GOAL_REACHED
9536,0.05,-32.0,50,0,3,0,1,0,ENERGY_DEPLETED
9537,0.05,-37.0,50,0,2,1,1,0,ENERGY_DEPLETED
9538,0.05,-37.0,50,0,2,1,1,0,ENERGY_DEPLETED
9539,0.05,-32.0,50,0,3,0,1,0,ENERGY_DEPLETED
9540,0.05,-40.0,50,0,5,0,1,0,ENERGY_DEPLETED
9541,0.05,98.0,44,1,2,0,1,6,GOAL_REACHED
9542,0.05,-36.0,50,0,4,0,1,0,ENERGY_DEPLETED
9543,0.05,-61.0,50,0,8,1,1,0,ENERGY_DEPLETED
9544,0.05,88.0,46,1,4,0,1,4,GOAL_REACHED
9545,0.05,100.0,50,1,0,0,1,0,GOAL_REACHED
9546,0.05,-36.0,50,0,4,0,1,0,ENERGY_DEPLETED
9547,0.05,86.0,48,1,4,0,1,2,GOAL_REACHED
9548,0.05,-36.0,50,0,4,0,1,0,ENERGY_DEPLETED
9549,0.05,75.0,50,1,4,1,1,0,GOAL_REACHED
9550,0.05,-20.0,50,0,0,0,1,0,ENERGY_DEPLETED
9551,0.05,88.0,46,1,4,0,1,4,GOAL_REACHED
9552,0.05,-37.0,50,0,2,1,1,0,ENERGY_DEPLETED
9553,0.05,68.0,50,1,8,0,1,0,GOAL_REACHED
9554,0.05,76.0,50,1,6,0,1,0,GOAL_REACHED
9555,0.05,-32.0,50,0,3,0,1,0,ENERGY_DEPLETED
9556,0.05,98.0,44,1,2,0,1,6,GOAL_REACHED
9557,0.05,-32.0,50,0,3,0,1,0,ENERGY_DEPLETED
9558,0.05,98.0,44,1,2,0,1,6,GOAL_REACHED
9559,0.05,86.0,48,1,4,0,1,2,GOAL_REACHED
9560,0.05,-40.0,50,0,5,0,1,0,ENERGY_DEPLETED
9561,0.05,80.0,46,1,6,0,1,4,GOAL_REACHED
9562,0.05,67.0,50,1,6,1,1,0,GOAL_REACHED
9563,0.05,96.0,46,1,2,0,1,4,GOAL_REACHED
9564,0.05,-32.0,50,0,3,0,1,0,ENERGY_DEPLETED
9565,0.05,80.0,46,1,6,0,1,4,GOAL_REACHED
9566,0.05,-49.0,50,0,5,1,1,0,ENERGY_DEPLETED
9567,0.05,-50.0,50,0,3,2,1,0,ENERGY_DEPLETED
9568,0.05,-44.0,50,0,6,0,1,0,ENERGY_DEPLETED
9569,0.05,83.0,47,1,5,0,1,3,GOAL_REACHED
9570,0.05,-36.0,50,0,4,0,1,0,ENERGY_DEPLETED
9571,0.05,96.0,46,1,2,0,1,4,GOAL_REACHED
9572,0.05,80.0,46,1,6,0,1,4,GOAL_REACHED
9573,0.05,-36.0,50,0,4,0,1,0,ENERGY_DEPLETED
9574,0.05,101.0,45,1,1,0,1,5,GOAL_REACHED
9575,0.05,78.0,48,1,6,0,1,2,GOAL_REACHED
9576,0.05,86.0,48,1,4,0,1,2,GOAL_REACHED
9577,0.05,78.0,48,1,6,0,1,2,GOAL_REACHED
9578,0.05,-32.0,50,0,3,0,1,0,ENERGY_DEPLETED
9579,0.05,94.0,48,1,2,0,1,2,GOAL_REACHED
9580,0.05,84.0,50,1,4,0,1,0,GOAL_REACHED
9581,0.05,-28.0,50,0,2,0,1,0,ENERGY_DEPLETED
9582,0.05,-28.0,50,0,2,0,1,0,ENERGY_DEPLETED
9583,0.05,67.0,47,1,9,0,1,3,GOAL_REACHED
9584,0.05,92.0,50,1,2,0,1,0,GOAL_REACHED
9585,0.05,85.0,48,1,2,1,1,2,GOAL_REACHED
9586,0.05,96.0,46,1,2,0,1,4,GOAL_REACHED
9587,0.05,-28.0,50,0,2,0,1,0,ENERGY_DEPLETED
9588,0.05,-65.0,50,0,9,1,1,0,ENERGY_DEPLETED
9589,0.05,96.0,46,1,2,0,1,4,GOAL_REACHED
9590,0.05,88.0,46,1,4,0,1,4,GOAL_REACHED
9591,0.05,88.0,46,1,4,0,1,4,GOAL_REACHED
9592,0.05,70.0,48,1,8,0,1,2,GOAL_REACHED
9593,0.05,98.0,44,1,2,0,1,6,GOAL_REACHED
9594,0.05,96.0,46,1,2,0,1,4,GOAL_REACHED
9595,0.05,-48.0,50,0,7,0,1,0,ENERGY_DEPLETED
9596,0.05,90.0,44,1,4,0,1,6,GOAL_REACHED
9597,0.05,-55.0,50,0,2,3,1,0,ENERGY_DEPLETED
9598,0.05,-44.0,50,0,6,0,1,0,ENERGY_DEPLETED
9599,0.05,88.0,46,1,4,0,1,4,GOAL_REACHED
9600,0.05,-48.0,50,0,7,0,1,0,ENERGY_DEPLETED
9601,0.05,84.0,50,1,4,0,1,0,GOAL_REACHED
9602,0.05,-32.0,50,0,3,0,1,0,ENERGY_DEPLETED
9603,0.05,102.0,48,1,0,0,1,2,GOAL_REACHED
9604,0.05,84.0,50,1,4,0,1,0,GOAL_REACHED
9605,0.05,-36.0,50,0,4,0,1,0,ENERGY_DEPLETED
9606,0.05,-36.0,50,0,4,0,1,0,ENERGY_DEPLETED
9607,0.05,92.0,50,1,2,0,1,0,GOAL_REACHED
9608,0.05,86.0,48,1,4,0,1,2,GOAL_REACHED
9609,0.05,98.0,44,1,2,0,1,6,GOAL_REACHED
9610,0.05,-28.0,50,0,2,0,1,0,ENERGY_DEPLETED
9611,0.05,92.0,50,1,2,0,1,0,GOAL_REACHED
9612,0.05,72.0,46,1,8,0,1,4,GOAL_REACHED
9613,0.05,-40.0,50,0,5,0,1,0,ENERGY_DEPLETED
9614,0.05,-32.0,50,0,3,0,1,0,ENERGY_DEPLETED
9615,0.05,90.0,44,1,4,0,1,6,GOAL_REACHED
9616,0.05,98.0,44,1,2,0,1,6,GOAL_REACHED
9617,0.05,100.0,50,1,0,0,1,0,GOAL_REACHED
9618,0.05,-44.0,50,0,6,0,1,0,ENERGY_DEPLETED
9619,0.05,-28.0,50,0,2,0,1,0,ENERGY_DEPLETED
9620,0.05,88.0,46,1,4,0,1,4,GOAL_REACHED
9621,0.05,-32.0,50,0,3,0,1,0,ENERGY_DEPLETED
9622,0.05,-24.0,50,0,1,0,1,0,ENERGY_DEPLETED
9623,0.05,88.0,46,1,4,0,1,4,GOAL_REACHED
9624,0.05,-28.0,50,0,2,0,1,0,ENERGY_DEPLETED
9625,0.05,-60.0,50,0,10,0,1,0,ENERGY_DEPLETED
9626,0.05,-28.0,50,0,2,0,1,0,ENERGY_DEPLETED
9627,0.05,-24.0,50,0,1,0,1,0,ENERGY_DEPLETED
9628,0.05,96.0,46,1,2,0,1,4,GOAL_REACHED
9629,0.05,-44.0,50,0,6,0,1,0,ENERGY_DEPLETED
9630,0.05,-36.0,50,0,4,0,1,0,ENERGY_DEPLETED
9631,0.05,88.0,46,1,4,0,1,4,GOAL_REACHED
9632,0.05,-28.0,50,0,2,0,1,0,ENERGY_DEPLETED
9633,0.05,60.0,50,1,10,0,1,0,GOAL_REACHED
9634,0.05,85.0,48,1,2,1,1,2,GOAL_REACHED
9635,0.05,94.0,48,1,2,0,1,2,GOAL_REACHED
9636,0.05,91.0,47,1,3,0,1,3,GOAL_REACHED
9637,0.05,106.0,44,1,0,0,1,6,GOAL_REACHED
9638,0.05,94.0,48,1,2,0,1,2,GOAL_REACHED
9639,0.05,-28.0,50,0,2,0,1,0,ENERGY_DEPLETED
9640,0.05,86.0,48,1,4,0,1,2,GOAL_REACHED
9641,0.05,-28.0,50,0,2,0,1,0,ENERGY_DEPLETED
9642,0.05,88.0,46,1,4,0,1,4,GOAL_REACHED
9643,0.05,-49.0,50,0,4,1,1,0,ENERGY_DEPLETED
9644,0.05,81.0,49,1,5,0,1,1,GOAL_REACHED
9645,0.05,92.0,50,1,2,0,1,0,GOAL_REACHED
9646,0.05,-40.0,50,0,5,0,1,0,ENERGY_DEPLETED
9647,0.05,59.0,50,1,8,1,1,0,GOAL_REACHED
9648,0.05,96.0,46,1,2,0,1,4,GOAL_REACHED
9649,0.05,90.0,44,1,4,0,1,6,GOAL_REACHED
9650,0.05,88.0,46,1,4,0,1,4,GOAL_REACHED
9651,0.05,98.0,44,1,2,0,1,6,GOAL_REACHED
9652,0.05,88.0,46,1,4,0,1,4,GOAL_REACHED
9653,0.05,98.0,44,1,2,0,1,6,GOAL_REACHED
9654,0.05,96.0,46,1,2,0,1,4,GOAL_REACHED
9655,0.05,-49.0,50,0,5,1,1,0,ENERGY_DEPLETED
9656,0.05,-44.0,50,0,6,0,1,0,ENERGY_DEPLETED
9657,0.05,80.0,46,1,6,0,1,4,GOAL_REACHED
9658,0.05,86.0,48,1,4,0,1,2,GOAL_REACHED
9659,0.05,-36.0,50,0,4,0,1,0,ENERGY_DEPLETED
9660,0.05,86.0,48,1,4,0,1,2,GOAL_REACHED
9661,0.05,96.0,46,1,2,0,1,4,GOAL_REACHED
9662,0.05,96.0,46,1,2,0,1,4,GOAL_REACHED
9663,0.05,88.0,46,1,4,0,1,4,GOAL_REACHED
9664,0.05,84.0,50,1,4,0,1,0,GOAL_REACHED
9665,0.05,98.0,44,1,2,0,1,6,GOAL_REACHED
9666,0.05,-40.0,50,0,4,0,1,0,ENERGY_DEPLETED
9667,0.05,-28.0,50,0,2,0,1,0,ENERGY_DEPLETED
9668,0.05,-40.0,50,0,5,0,1,0,ENERGY_DEPLETED
9669,0.05,84.0,50,1,4,0,1,0,GOAL_REACHED
9670,0.05,75.0,50,1,4,1,1,0,GOAL_REACHED
9671,0.05,-28.0,50,0,2,0,1,0,ENERGY_DEPLETED
9672,0.05,-40.0,50,0,4,0,1,0,ENERGY_DEPLETED
9673,0.05,75.0,50,1,4,1,1,0,GOAL_REACHED
9674,0.05,104.0,46,1,0,0,1,4,GOAL_REACHED
9675,0.05,106.0,44,1,0,0,1,6,GOAL_REACHED
9676,0.05,85.0,48,1,2,1,1,2,GOAL_REACHED
9677,0.05,78.0,48,1,6,0,1,2,GOAL_REACHED
9678,0.05,-50.0,50,0,3,2,1,0,ENERGY_DEPLETED
9679,0.05,81.0,49,1,5,0,1,1,GOAL_REACHED
9680,0.05,92.0,50,1,2,0,1,0,GOAL_REACHED
9681,0.05,96.0,46,1,2,0,1,4,GOAL_REACHED
9682,0.05,-41.0,50,0,2,1,1,0,ENERGY_DEPLETED
9683,0.05,91.0,50,1,0,1,1,0,GOAL_REACHED
9684,0.05,75.0,50,1,4,1,1,0,GOAL_REACHED
9685,0.05,84.0,50,1,4,0,1,0,GOAL_REACHED
9686,0.05,96.0,46,1,2,0,1,4,GOAL_REACHED
9687,0.05,-32.0,50,0,3,0,1,0,ENERGY_DEPLETED
9688,0.05,-36.0,50,0,4,0,1,0,ENERGY_DEPLETED
9689,0.05,-32.0,50,0,3,0,1,0,ENERGY_DEPLETED
9690,0.05,72.0,46,1,8,0,1,4,GOAL_REACHED
9691,0.05,-24.0,50,0,1,0,1,0,ENERGY_DEPLETED
9692,0.05,85.0,48,1,2,1,1,2,GOAL_REACHED
9693,0.05,88.0,46,1,4,0,1,4,GOAL_REACHED
9694,0.05,82.0,47,1,3,1,1,3,GOAL_REACHED
9695,0.05,-52.0,50,0,8,0,1,0,ENERGY_DEPLETED
9696,0.05,-40.0,50,0,5,0,1,0,ENERGY_DEPLETED
9697,0.05,-28.0,50,0,2,0,1,0,ENERGY_DEPLETED
9698,0.05,-40.0,50,0,5,0,1,0,ENERGY_DEPLETED
9699,0.05,106.0,44,1,0,0,1,6,GOAL_REACHED
9700,0.05,-32.0,50,0,3,0,1,0,ENERGY_DEPLETED
9701,0.05,-53.0,50,0,6,1,1,0,ENERGY_DEPLETED
9702,0.05,-24.0,50,0,1,0,1,0,ENERGY_DEPLETED
9703,0.05,-32.0,50,0,3,0,1,0,ENERGY_DEPLETED
9704,0.05,106.0,44,1,0,0,1,6,GOAL_REACHED
9705,0.05,-28.0,50,0,2,0,1,0,ENERGY_DEPLETED
9706,0.05,-37.0,50,0,2,1,1,0,ENERGY_DEPLETED
9707,0.05,98.0,44,1,2,0,1,6,GOAL_REACHED
9708,0.05,78.0,48,1,6,0,1,2,GOAL_REACHED
9709,0.05,98.0,44,1,2,0,1,6,GOAL_REACHED
9710,0.05,98.0,44,1,2,0,1,6,GOAL_REACHED
9711,0.05,68.0,48,1,4,2,1,2,GOAL_REACHED
9712,0.05,78.0,48,1,6,0,1,2,GOAL_REACHED
9713,0.05,86.0,48,1,4,0,1,2,GOAL_REACHED
9714,0.05,-28.0,50,0,2,0,1,0,ENERGY_DEPLETED
9715,0.05,96.0,46,1,2,0,1,4,GOAL_REACHED
9716,0.05,86.0,48,1,4,0,1,2,GOAL_REACHED
9717,0.05,-44.0,50,0,6,0,1,0,ENERGY_DEPLETED
9718,0.05,94.0,48,1,2,0,1,2,GOAL_REACHED
9719,0.05,83.0,50,1,2,1,1,0,GOAL_REACHED
9720,0.05,91.0,47,1,3,0,1,3,GOAL_REACHED
9721,0.05,-40.0,50,0,4,0,1,0,ENERGY_DEPLETED
9722,0.05,75.0,50,1,4,1,1,0,GOAL_REACHED
9723,0.05,-28.0,50,0,2,0,1,0,ENERGY_DEPLETED
9724,0.05,-40.0,50,0,5,0,1,0,ENERGY_DEPLETED
9725,0.05,72.0,49,1,5,1,1,1,GOAL_REACHED
9726,0.05,-40.0,50,0,5,0,1,0,ENERGY_DEPLETED
9727,0.05,86.0,48,1,4,0,1,2,GOAL_REACHED
9728,0.05,-28.0,50,0,2,0,1,0,ENERGY_DEPLETED
9729,0.05,-57.0,50,0,7,1,1,0,ENERGY_DEPLETED
9730,0.05,-44.0,50,0,6,0,1,0,ENERGY_DEPLETED
9731,0.05,-24.0,50,0,1,0,1,0,ENERGY_DEPLETED
9732,0.05,-49.0,50,0,5,1,1,0,ENERGY_DEPLETED
9733,0.05,90.0,44,1,4,0,1,6,GOAL_REACHED
9734,0.05,89.0,49,1,3,0,1,1,GOAL_REACHED
9735,0.05,59.0,50,1,8,1,1,0,GOAL_REACHED
9736,0.05,88.0,46,1,4,0,1,4,GOAL_REACHED
9737,0.05,-44.0,50,0,6,0,1,0,ENERGY_DEPLETED
9738,0.05,78.0,48,1,6,0,1,2,GOAL_REACHED
9739,0.05,-28.0,50,0,2,0,1,0,ENERGY_DEPLETED
9740,0.05,82.0,44,1,6,0,1,6,GOAL_REACHED
9741,0.05,80.0,46,1,6,0,1,4,GOAL_REACHED
9742,0.05,84.0,50,1,4,0,1,0,GOAL_REACHED
9743,0.05,-49.0,50,0,5,1,1,0,ENERGY_DEPLETED
9744,0.05,-24.0,50,0,1,0,1,0,ENERGY_DEPLETED
9745,0.05,-24.0,50,0,1,0,1,0,ENERGY_DEPLETED
9746,0.05,88.0,46,1,4,0,1,4,GOAL_REACHED
9747,0.05,94.0,48,1,2,0,1,2,GOAL_REACHED
9748,0.05,80.0,46,1,6,0,1,4,GOAL_REACHED
9749,0.05,-28.0,50,0,2,0,1,0,ENERGY_DEPLETED
9750,0.05,-36.0,50,0,4,0,1,0,ENERGY_DEPLETED
9751,0.05,96.0,46,1,2,0,1,4,GOAL_REACHED
9752,0.05,-40.0,50,0,5,0,1,0,ENERGY_DEPLETED
9753,0.05,-28.0,50,0,2,0,1,0,ENERGY_DEPLETED
9754,0.05,77.0,45,1,7,0,1,5,GOAL_REACHED
9755,0.05,96.0,46,1,2,0,1,4,GOAL_REACHED
9756,0.05,99.0,47,1,1,0,1,3,GOAL_REACHED
9757,0.05,84.0,50,1,4,0,1,0,GOAL_REACHED
9758,0.05,-28.0,50,0,2,0,1,0,ENERGY_DEPLETED
9759,0.05,-28.0,50,0,2,0,1,0,ENERGY_DEPLETED
9760,0.05,-32.0,50,0,3,0,1,0,ENERGY_DEPLETED
9761,0.05,66.0,50,1,4,2,1,0,GOAL_REACHED
9762,0.05,-56.0,50,0,8,0,1,0,ENERGY_DEPLETED
9763,0.05,106.0,44,1,0,0,1,6,GOAL_REACHED
9764,0.05,-72.0,50,0,4,4,1,0,ENERGY_DEPLETED
9765,0.05,-44.0,50,0,6,0,1,0,ENERGY_DEPLETED
9766,0.05,-28.0,50,0,2,0,1,0,ENERGY_DEPLETED
9767,0.05,84.0,50,1,4,0,1,0,GOAL_REACHED
9768,0.05,84.0,50,1,4,0,1,0,GOAL_REACHED
9769,0.05,98.0,44,1,2,0,1,6,GOAL_REACHED
9770,0.05,75.0,50,1,4,1,1,0,GOAL_REACHED
9771,0.05,97.0,44,1,0,1,1,6,GOAL_REACHED
9772,0.05,106.0,44,1,0,0,1,6,GOAL_REACHED
9773,0.05,98.0,44,1,2,0,1,6,GOAL_REACHED
9774,0.05,76.0,50,1,6,0,1,0,GOAL_REACHED
9775,0.05,86.0,48,1,4,0,1,2,GOAL_REACHED
9776,0.05,94.0,48,1,2,0,1,2,GOAL_REACHED
9777,0.05,102.0,48,1,0,0,1,2,GOAL_REACHED
9778,0.05,80.0,46,1,6,0,1,4,GOAL_REACHED
9779,0.05,-28.0,50,0,2,0,1,0,ENERGY_DEPLETED
9780,0.05,-40.0,50,0,5,0,1,0,ENERGY_DEPLETED
9781,0.05,83.0,47,1,5,0,1,3,GOAL_REACHED
9782,0.05,-32.0,50,0,3,0,1,0,ENERGY_DEPLETED
9783,0.05,94.0,48,1,2,0,1,2,GOAL_REACHED
9784,0.05,71.0,46,1,6,1,1,4,GOAL_REACHED
9785,0.05,84.0,50,1,4,0,1,0,GOAL_REACHED
9786,0.05,61.0,48,1,8,1,1,2,GOAL_REACHED
9787,0.05,98.0,44,1,2,0,1,6,GOAL_REACHED
9788,0.05,92.0,50,1,2,0,1,0,GOAL_REACHED
9789,0.05,75.0,50,1,4,1,1,0,GOAL_REACHED
9790,0.05,76.0,50,1,6,0,1,0,GOAL_REACHED
9791,0.05,99.0,47,1,1,0,1,3,GOAL_REACHED
9792,0.05,94.0,48,1,2,0,1,2,GOAL_REACHED
9793,0.05,94.0,48,1,2,0,1,2,GOAL_REACHED
9794,0.05,-44.0,50,0,6,0,1,0,ENERGY_DEPLETED
9795,0.05,-45.0,50,0,4,1,1,0,ENERGY_DEPLETED
9796,0.05,92.0,50,1,2,0,1,0,GOAL_REACHED
9797,0.05,91.0,47,1,3,0,1,3,GOAL_REACHED
9798,0.05,96.0,46,1,2,0,1,4,GOAL_REACHED
9799,0.05,85.0,48,1,2,1,1,2,GOAL_REACHED
9800,0.05,-57.0,50,0,7,1,1,0,ENERGY_DEPLETED
9801,0.05,-36.0,50,0,4,0,1,0,ENERGY_DEPLETED
9802,0.05,-36.0,50,0,4,0,1,0,ENERGY_DEPLETED
9803,0.05,106.0,44,1,0,0,1,6,GOAL_REACHED
9804,0.05,-44.0,50,0,6,0,1,0,ENERGY_DEPLETED
9805,0.05,-36.0,50,0,4,0,1,0,ENERGY_DEPLETED
9806,0.05,83.0,50,1,2,1,1,0,GOAL_REACHED
9807,0.05,-52.0,50,0,8,0,1,0,ENERGY_DEPLETED
9808,0.05,96.0,46,1,2,0,1,4,GOAL_REACHED
9809,0.05,86.0,48,1,4,0,1,2,GOAL_REACHED
9810,0.05,100.0,50,1,0,0,1,0,GOAL_REACHED
9811,0.05,102.0,48,1,0,0,1,2,GOAL_REACHED
9812,0.05,88.0,46,1,4,0,1,4,GOAL_REACHED
9813,0.05,-41.0,50,0,3,1,1,0,ENERGY_DEPLETED
9814,0.05,-24.0,50,0,1,0,1,0,ENERGY_DEPLETED
9815,0.05,90.0,44,1,4,0,1,6,GOAL_REACHED
9816,0.05,-45.0,50,0,4,1,1,0,ENERGY_DEPLETED
9817,0.05,76.0,50,1,6,0,1,0,GOAL_REACHED
9818,0.05,-40.0,50,0,4,0,1,0,ENERGY_DEPLETED
9819,0.05,106.0,44,1,0,0,1,6,GOAL_REACHED
9820,0.05,89.0,49,1,3,0,1,1,GOAL_REACHED
9821,0.05,-32.0,50,0,3,0,1,0,ENERGY_DEPLETED
9822,0.05,96.0,46,1,2,0,1,4,GOAL_REACHED
9823,0.05,96.0,46,1,2,0,1,4,GOAL_REACHED
9824,0.05,-36.0,50,0,4,0,1,0,ENERGY_DEPLETED
9825,0.05,-58.0,50,0,5,2,1,0,ENERGY_DEPLETED
9826,0.05,-40.0,50,0,5,0,1,0,ENERGY_DEPLETED
9827,0.05,80.0,46,1,6,0,1,4,GOAL_REACHED
9828,0.05,-28.0,50,0,2,0,1,0,ENERGY_DEPLETED
9829,0.05,68.0,50,1,8,0,1,0,GOAL_REACHED
9830,0.05,-32.0,50,0,3,0,1,0,ENERGY_DEPLETED
9831,0.05,86.0,48,1,4,0,1,2,GOAL_REACHED
9832,0.05,85.0,48,1,2,1,1,2,GOAL_REACHED
9833,0.05,94.0,48,1,2,0,1,2,GOAL_REACHED
9834,0.05,-28.0,50,0,2,0,1,0,ENERGY_DEPLETED
9835,0.05,-28.0,50,0,2,0,1,0,ENERGY_DEPLETED
9836,0.05,92.0,50,1,2,0,1,0,GOAL_REACHED
9837,0.05,-49.0,50,0,5,1,1,0,ENERGY_DEPLETED
9838,0.05,-57.0,50,0,7,1,1,0,ENERGY_DEPLETED
9839,0.05,72.0,49,1,5,1,1,1,GOAL_REACHED
9840,0.05,78.0,48,1,6,0,1,2,GOAL_REACHED
9841,0.05,-20.0,50,0,0,0,1,0,ENERGY_DEPLETED
9842,0.05,76.0,50,1,6,0,1,0,GOAL_REACHED
9843,0.05,-37.0,50,0,2,1,1,0,ENERGY_DEPLETED
9844,0.05,75.0,50,1,4,1,1,0,GOAL_REACHED
9845,0.05,-40.0,50,0,5,0,1,0,ENERGY_DEPLETED
9846,0.05,-36.0,50,0,4,0,1,0,ENERGY_DEPLETED
9847,0.05,88.0,46,1,4,0,1,4,GOAL_REACHED
9848,0.05,-32.0,50,0,3,0,1,0,ENERGY_DEPLETED
9849,0.05,96.0,46,1,2,0,1,4,GOAL_REACHED
9850,0.05,-24.0,50,0,1,0,1,0,ENERGY_DEPLETED
9851,0.05,76.0,50,1,6,0,1,0,GOAL_REACHED
9852,0.05,-32.0,50,0,3,0,1,0,ENERGY_DEPLETED
9853,0.05,-37.0,50,0,2,1,1,0,ENERGY_DEPLETED
9854,0.05,-32.0,50,0,3,0,1,0,ENERGY_DEPLETED
9855,0.05,84.0,50,1,4,0,1,0,GOAL_REACHED
9856,0.05,-32.0,50,0,3,0,1,0,ENERGY_DEPLETED
9857,0.05,-28.0,50,0,2,0,1,0,ENERGY_DEPLETED
9858,0.05,84.0,50,1,4,0,1,0,GOAL_REACHED
9859,0.05,86.0,48,1,4,0,1,2,GOAL_REACHED
9860,0.05,86.0,48,1,4,0,1,2,GOAL_REACHED
9861,0.05,-53.0,50,0,6,1,1,0,ENERGY_DEPLETED
9862,0.05,80.0,49,1,3,1,1,1,GOAL_REACHED
9863,0.05,83.0,50,1,2,1,1,0,GOAL_REACHED
9864,0.05,83.0,47,1,5,0,1,3,GOAL_REACHED
9865,0.05,98.0,44,1,2,0,1,6,GOAL_REACHED
9866,0.05,-32.0,50,0,3,0,1,0,ENERGY_DEPLETED
9867,0.05,-41.0,50,0,2,1,1,0,ENERGY_DEPLETED
9868,0.05,88.0,46,1,4,0,1,4,GOAL_REACHED
9869,0.05,94.0,48,1,2,0,1,2,GOAL_REACHED
9870,0.05,-32.0,50,0,3,0,1,0,ENERGY_DEPLETED
9871,0.05,78.0,48,1,6,0,1,2,GOAL_REACHED
9872,0.05,-54.0,50,0,4,2,1,0,ENERGY_DEPLETED
9873,0.05,-28.0,50,0,2,0,1,0,ENERGY_DEPLETED
9874,0.05,-48.0,50,0,7,0,1,0,ENERGY_DEPLETED
9875,0.05,72.0,46,1,8,0,1,4,GOAL_REACHED
9876,0.05,-24.0,50,0,1,0,1,0,ENERGY_DEPLETED
9877,0.05,76.0,50,1,6,0,1,0,GOAL_REACHED
9878,0.05,76.0,50,1,6,0,1,0,GOAL_REACHED
9879,0.05,98.0,44,1,2,0,1,6,GOAL_REACHED
9880,0.05,-44.0,50,0,6,0,1,0,ENERGY_DEPLETED
9881,0.05,-32.0,50,0,3,0,1,0,ENERGY_DEPLETED
9882,0.05,-28.0,50,0,2,0,1,0,ENERGY_DEPLETED
9883,0.05,84.0,50,1,4,0,1,0,GOAL_REACHED
9884,0.05,-40.0,50,0,5,0,1,0,ENERGY_DEPLETED
9885,0.05,90.0,44,1,4,0,1,6,GOAL_REACHED
9886,0.05,83.0,47,1,5,0,1,3,GOAL_REACHED
9887,0.05,-40.0,50,0,5,0,1,0,ENERGY_DEPLETED
9888,0.05,86.0,48,1,4,0,1,2,GOAL_REACHED
9889,0.05,-36.0,50,0,4,0,1,0,ENERGY_DEPLETED
9890,0.05,58.0,50,1,6,2,1,0,GOAL_REACHED
9891,0.05,96.0,46,1,2,0,1,4,GOAL_REACHED
9892,0.05,90.0,44,1,4,0,1,6,GOAL_REACHED
9893,0.05,89.0,49,1,3,0,1,1,GOAL_REACHED
9894,0.05,106.0,44,1,0,0,1,6,GOAL_REACHED
9895,0.05,92.0,50,1,2,0,1,0,GOAL_REACHED
9896,0.05,96.0,46,1,2,0,1,4,GOAL_REACHED
9897,0.05,-36.0,50,0,4,0,1,0,ENERGY_DEPLETED
9898,0.05,-20.0,50,0,0,0,1,0,ENERGY_DEPLETED
9899,0.05,96.0,46,1,2,0,1,4,GOAL_REACHED
9900,0.05,-32.0,50,0,2,0,1,0,ENERGY_DEPLETED
9901,0.05,84.0,48,1,0,2,1,2,GOAL_REACHED
9902,0.05,-28.0,50,0,2,0,1,0,ENERGY_DEPLETED
9903,0.05,-32.0,50,0,3,0,1,0,ENERGY_DEPLETED
9904,0.05,84.0,48,1,0,2,1,2,GOAL_REACHED
9905,0.05,-32.0,50,0,3,0,1,0,ENERGY_DEPLETED
9906,0.05,96.0,46,1,2,0,1,4,GOAL_REACHED
9907,0.05,102.0,48,1,0,0,1,2,GOAL_REACHED
9908,0.05,-20.0,50,0,0,0,1,0,ENERGY_DEPLETED
9909,0.05,-40.0,50,0,5,0,1,0,ENERGY_DEPLETED
9910,0.05,-50.0,50,0,3,2,1,0,ENERGY_DEPLETED
9911,0.05,-28.0,50,0,2,0,1,0,ENERGY_DEPLETED
9912,0.05,-36.0,50,0,4,0,1,0,ENERGY_DEPLETED
9913,0.05,96.0,46,1,2,0,1,4,GOAL_REACHED
9914,0.05,91.0,47,1,3,0,1,3,GOAL_REACHED
9915,0.05,82.0,44,1,6,0,1,6,GOAL_REACHED
9916,0.05,-56.0,50,0,9,0,1,0,ENERGY_DEPLETED
9917,0.05,59.0,50,1,8,1,1,0,GOAL_REACHED
9918,0.05,98.0,44,1,2,0,1,6,GOAL_REACHED
9919,0.05,92.0,50,1,2,0,1,0,GOAL_REACHED
9920,0.05,84.0,50,1,4,0,1,0,GOAL_REACHED
9921,0.05,-28.0,50,0,2,0,1,0,ENERGY_DEPLETED
9922,0.05,-40.0,50,0,5,0,1,0,ENERGY_DEPLETED
9923,0.05,96.0,46,1,2,0,1,4,GOAL_REACHED
9924,0.05,84.0,50,1,4,0,1,0,GOAL_REACHED
9925,0.05,98.0,44,1,2,0,1,6,GOAL_REACHED
9926,0.05,-32.0,50,0,3,0,1,0,ENERGY_DEPLETED
9927,0.05,96.0,46,1,2,0,1,4,GOAL_REACHED
9928,0.05,104.0,46,1,0,0,1,4,GOAL_REACHED
9929,0.05,84.0,50,1,4,0,1,0,GOAL_REACHED
9930,0.05,-36.0,50,0,4,0,1,0,ENERGY_DEPLETED
9931,0.05,85.0,48,1,2,1,1,2,GOAL_REACHED
9932,0.05,-32.0,50,0,3,0,1,0,ENERGY_DEPLETED
9933,0.05,-44.0,50,0,6,0,1,0,ENERGY_DEPLETED
9934,0.05,-40.0,50,0,5,0,1,0,ENERGY_DEPLETED
9935,0.05,94.0,48,1,2,0,1,2,GOAL_REACHED
9936,0.05,96.0,46,1,2,0,1,4,GOAL_REACHED
9937,0.05,106.0,44,1,0,0,1,6,GOAL_REACHED
9938,0.05,-24.0,50,0,1,0,1,0,ENERGY_DEPLETED
9939,0.05,-32.0,50,0,3,0,1,0,ENERGY_DEPLETED
9940,0.05,64.0,49,1,7,1,1,1,GOAL_REACHED
9941,0.05,-36.0,50,0,4,0,1,0,ENERGY_DEPLETED
9942,0.05,80.0,46,1,6,0,1,4,GOAL_REACHED
9943,0.05,98.0,44,1,2,0,1,6,GOAL_REACHED
9944,0.05,96.0,46,1,2,0,1,4,GOAL_REACHED
9945,0.05,-45.0,50,0,4,1,1,0,ENERGY_DEPLETED
9946,0.05,-32.0,50,0,3,0,1,0,ENERGY_DEPLETED
9947,0.05,88.0,46,1,4,0,1,4,GOAL_REACHED
9948,0.05,88.0,46,1,4,0,1,4,GOAL_REACHED
9949,0.05,-44.0,50,0,6,0,1,0,ENERGY_DEPLETED
9950,0.05,-24.0,50,0,1,0,1,0,ENERGY_DEPLETED
9951,0.05,-28.0,50,0,2,0,1,0,ENERGY_DEPLETED
9952,0.05,-28.0,50,0,2,0,1,0,ENERGY_DEPLETED
9953,0.05,78.0,48,1,6,0,1,2,GOAL_REACHED
9954,0.05,-52.0,50,0,8,0,1,0,ENERGY_DEPLETED
9955,0.05,-36.0,50,0,4,0,1,0,ENERGY_DEPLETED
9956,0.05,-44.0,50,0,6,0,1,0,ENERGY_DEPLETED
9957,0.05,-32.0,50,0,3,0,1,0,ENERGY_DEPLETED
9958,0.05,92.0,50,1,2,0,1,0,GOAL_REACHED
9959,0.05,90.0,44,1,4,0,1,6,GOAL_REACHED
9960,0.05,-54.0,50,0,4,2,1,0,ENERGY_DEPLETED
9961,0.05,94.0,48,1,2,0,1,2,GOAL_REACHED
9962,0.05,-63.0,50,0,4,3,1,0,ENERGY_DEPLETED
9963,0.05,-28.0,50,0,2,0,1,0,ENERGY_DEPLETED
9964,0.05,100.0,50,1,0,0,1,0,GOAL_REACHED
9965,0.05,-32.0,50,0,3,0,1,0,ENERGY_DEPLETED
9966,0.05,-40.0,50,0,5,0,1,0,ENERGY_DEPLETED
9967,0.05,-32.0,50,0,2,0,1,0,ENERGY_DEPLETED
9968,0.05,86.0,48,1,4,0,1,2,GOAL_REACHED
9969,0.05,-54.0,50,0,4,2,1,0,ENERGY_DEPLETED
9970,0.05,91.0,47,1,3,0,1,3,GOAL_REACHED
9971,0.05,92.0,50,1,2,0,1,0,GOAL_REACHED
9972,0.05,-32.0,50,0,3,0,1,0,ENERGY_DEPLETED
9973,0.05,68.0,50,1,8,0,1,0,GOAL_REACHED
9974,0.05,94.0,48,1,2,0,1,2,GOAL_REACHED
9975,0.05,96.0,46,1,2,0,1,4,GOAL_REACHED
9976,0.05,98.0,44,1,2,0,1,6,GOAL_REACHED
9977,0.05,-48.0,50,0,7,0,1,0,ENERGY_DEPLETED
9978,0.05,75.0,47,1,7,0,1,3,GOAL_REACHED
9979,0.05,-28.0,50,0,2,0,1,0,ENERGY_DEPLETED
9980,0.05,98.0,44,1,2,0,1,6,GOAL_REACHED
9981,0.05,-32.0,50,0,3,0,1,0,ENERGY_DEPLETED
9982,0.05,73.0,49,1,7,0,1,1,GOAL_REACHED
9983,0.05,94.0,48,1,2,0,1,2,GOAL_REACHED
9984,0.05,-20.0,50,0,0,0,1,0,ENERGY_DEPLETED
9985,0.05,94.0,48,1,2,0,1,2,GOAL_REACHED
9986,0.05,82.0,44,1,6,0,1,6,GOAL_REACHED
9987,0.05,86.0,48,1,4,0,1,2,GOAL_REACHED
9988,0.05,-28.0,50,0,2,0,1,0,ENERGY_DEPLETED
9989,0.05,91.0,47,1,3,0,1,3,GOAL_REACHED
9990,0.05,-36.0,50,0,4,0,1,0,ENERGY_DEPLETED
9991,0.05,86.0,48,1,4,0,1,2,GOAL_REACHED
9992,0.05,88.0,46,1,4,0,1,4,GOAL_REACHED
9993,0.05,-44.0,50,0,6,0,1,0,ENERGY_DEPLETED
9994,0.05,73.0,49,1,7,0,1,1,GOAL_REACHED
9995,0.05,86.0,48,1,4,0,1,2,GOAL_REACHED
9996,0.05,-58.0,50,0,5,2,1,0,ENERGY_DEPLETED
9997,0.05,98.0,44,1,2,0,1,6,GOAL_REACHED
9998,0.05,59.0,50,1,8,1,1,0,GOAL_REACHED
9999,0.05,85.0,48,1,2,1,1,2,GOAL_REACHED
