episode,epsilon,total_reward,steps,success,wall_hits,penalty_entries,key_obtained,energy_left,end_event,active_traces_max
0,1.0,-134.0,50,0,16,0,0,0,ENERGY_DEPLETED,8
1,1.0,-110.0,50,0,10,0,0,0,ENERGY_DEPLETED,8
2,1.0,-110.0,50,0,9,0,0,0,ENERGY_DEPLETED,8
3,0.9999,-142.0,50,0,17,0,0,0,ENERGY_DEPLETED,8
4,0.9999,-126.0,50,0,14,0,0,0,ENERGY_DEPLETED,8
5,0.9999,-134.0,50,0,15,0,0,0,ENERGY_DEPLETED,8
6,0.9999,-118.0,50,0,11,0,0,0,ENERGY_DEPLETED,8
7,0.9998,-142.0,50,0,17,0,0,0,ENERGY_DEPLETED,8
8,0.9998,-146.0,50,0,19,0,0,0,ENERGY_DEPLETED,8
9,0.9998,-174.0,50,0,25,0,0,0,ENERGY_DEPLETED,8
10,0.9998,-106.0,50,0,9,0,0,0,ENERGY_DEPLETED,8
11,0.9997,-102.0,50,0,8,0,0,0,ENERGY_DEPLETED,8
12,0.9997,-126.0,50,0,13,0,0,0,ENERGY_DEPLETED,8
13,0.9997,-114.0,50,0,11,0,0,0,ENERGY_DEPLETED,8
14,0.9997,-130.0,50,0,15,0,0,0,ENERGY_DEPLETED,8
15,0.9996,-114.0,50,0,11,0,0,0,ENERGY_DEPLETED,8
16,0.9996,-126.0,50,0,14,0,0,0,ENERGY_DEPLETED,8
17,0.9996,-134.0,50,0,15,0,0,0,ENERGY_DEPLETED,8
18,0.9996,-126.0,50,0,14,0,0,0,ENERGY_DEPLETED,8
19,0.9995,-56.0,50,0,9,0,1,0,ENERGY_DEPLETED,8
20,0.9995,-130.0,50,0,15,0,0,0,ENERGY_DEPLETED,8
21,0.9995,-118.0,50,0,11,0,0,0,ENERGY_DEPLETED,8
22,0.9995,-126.0,50,0,14,0,0,0,ENERGY_DEPLETED,8
23,0.9994,-178.0,50,0,26,0,0,0,ENERGY_DEPLETED,8
24,0.9994,-106.0,50,0,9,0,0,0,ENERGY_DEPLETED,8
25,0.9994,-86.0,50,0,4,0,0,0,ENERGY_DEPLETED,8
26,0.9994,-106.0,50,0,9,0,0,0,ENERGY_DEPLETED,8
27,0.9993,-170.0,50,0,25,0,0,0,ENERGY_DEPLETED,8
28,0.9993,-110.0,50,0,9,0,0,0,ENERGY_DEPLETED,8
29,0.9993,-142.0,50,0,18,0,0,0,ENERGY_DEPLETED,8
30,0.9993,-118.0,50,0,12,0,0,0,ENERGY_DEPLETED,8
31,0.9992,-106.0,50,0,9,0,0,0,ENERGY_DEPLETED,8
32,0.9992,-150.0,50,0,20,0,0,0,ENERGY_DEPLETED,8
33,0.9992,-126.0,50,0,14,0,0,0,ENERGY_DEPLETED,8
34,0.9992,-118.0,50,0,12,0,0,0,ENERGY_DEPLETED,8
35,0.9991,-150.0,50,0,19,0,0,0,ENERGY_DEPLETED,8
36,0.9991,-142.0,50,0,18,0,0,0,ENERGY_DEPLETED,8
37,0.9991,-138.0,50,0,17,0,0,0,ENERGY_DEPLETED,8
38,0.9991,-138.0,50,0,17,0,0,0,ENERGY_DEPLETED,8
39,0.999,-118.0,50,0,12,0,0,0,ENERGY_DEPLETED,8
40,0.999,-134.0,50,0,16,0,0,0,ENERGY_DEPLETED,8
41,0.999,-118.0,50,0,12,0,0,0,ENERGY_DEPLETED,8
42,0.999,-110.0,50,0,10,0,0,0,ENERGY_DEPLETED,8
43,0.9989,-114.0,50,0,11,0,0,0,ENERGY_DEPLETED,8
44,0.9989,-154.0,50,0,21,0,0,0,ENERGY_DEPLETED,8
45,0.9989,-126.0,50,0,13,0,0,0,ENERGY_DEPLETED,8
46,0.9989,-106.0,50,0,9,0,0,0,ENERGY_DEPLETED,8
47,0.9988,-142.0,50,0,18,0,0,0,ENERGY_DEPLETED,8
48,0.9988,-118.0,50,0,12,0,0,0,ENERGY_DEPLETED,8
49,0.9988,-138.0,50,0,16,0,0,0,ENERGY_DEPLETED,8
50,0.9988,-146.0,50,0,18,0,0,0,ENERGY_DEPLETED,8
51,0.9987,-151.0,50,0,17,1,0,0,ENERGY_DEPLETED,8
52,0.9987,-142.0,50,0,18,0,0,0,ENERGY_DEPLETED,8
53,0.9987,-126.0,50,0,14,0,0,0,ENERGY_DEPLETED,8
54,0.9987,-146.0,50,0,19,0,0,0,ENERGY_DEPLETED,8
55,0.9986,-122.0,50,0,13,0,0,0,ENERGY_DEPLETED,8
56,0.9986,-130.0,50,0,15,0,0,0,ENERGY_DEPLETED,8
57,0.9986,-126.0,50,0,14,0,0,0,ENERGY_DEPLETED,8
58,0.9986,-130.0,50,0,15,0,0,0,ENERGY_DEPLETED,8
59,0.9985,-122.0,50,0,13,0,0,0,ENERGY_DEPLETED,8
60,0.9985,-102.0,50,0,8,0,0,0,ENERGY_DEPLETED,8
61,0.9985,-134.0,50,0,16,0,0,0,ENERGY_DEPLETED,8
62,0.9985,-118.0,50,0,11,0,0,0,ENERGY_DEPLETED,8
63,0.9984,-118.0,50,0,12,0,0,0,ENERGY_DEPLETED,8
64,0.9984,-118.0,50,0,12,0,0,0,ENERGY_DEPLETED,8
65,0.9984,-134.0,50,0,16,0,0,0,ENERGY_DEPLETED,8
66,0.9984,-150.0,50,0,20,0,0,0,ENERGY_DEPLETED,8
67,0.9983,-134.0,50,0,16,0,0,0,ENERGY_DEPLETED,8
68,0.9983,-146.0,50,0,19,0,0,0,ENERGY_DEPLETED,8
69,0.9983,-99.0,50,0,5,1,0,0,ENERGY_DEPLETED,8
70,0.9983,-158.0,50,0,21,0,0,0,ENERGY_DEPLETED,8
71,0.9982,-130.0,50,0,15,0,0,0,ENERGY_DEPLETED,8
72,0.9982,-130.0,50,0,14,0,0,0,ENERGY_DEPLETED,8
73,0.9982,-138.0,50,0,17,0,0,0,ENERGY_DEPLETED,8
74,0.9982,-138.0,50,0,17,0,0,0,ENERGY_DEPLETED,8
75,0.9981,-56.0,50,0,9,0,1,0,ENERGY_DEPLETED,8
76,0.9981,-138.0,50,0,17,0,0,0,ENERGY_DEPLETED,8
77,0.9981,-146.0,50,0,19,0,0,0,ENERGY_DEPLETED,8
78,0.9981,-166.0,50,0,23,0,0,0,ENERGY_DEPLETED,8
79,0.998,-118.0,50,0,11,0,0,0,ENERGY_DEPLETED,8
80,0.998,-154.0,50,0,20,0,0,0,ENERGY_DEPLETED,8
81,0.998,-56.0,50,0,9,0,1,0,ENERGY_DEPLETED,8
82,0.998,-138.0,50,0,17,0,0,0,ENERGY_DEPLETED,8
83,0.9979,-162.0,50,0,22,0,0,0,ENERGY_DEPLETED,8
84,0.9979,-134.0,50,0,16,0,0,0,ENERGY_DEPLETED,8
85,0.9979,-130.0,50,0,15,0,0,0,ENERGY_DEPLETED,8
86,0.9979,-170.0,50,0,25,0,0,0,ENERGY_DEPLETED,8
87,0.9978,-138.0,50,0,17,0,0,0,ENERGY_DEPLETED,8
88,0.9978,-142.0,50,0,17,0,0,0,ENERGY_DEPLETED,8
89,0.9978,-126.0,50,0,14,0,0,0,ENERGY_DEPLETED,8
90,0.9978,-138.0,50,0,17,0,0,0,ENERGY_DEPLETED,8
91,0.9977,-142.0,50,0,18,0,0,0,ENERGY_DEPLETED,8
92,0.9977,-102.0,50,0,7,0,0,0,ENERGY_DEPLETED,8
93,0.9977,-114.0,50,0,11,0,0,0,ENERGY_DEPLETED,8
94,0.9977,-60.0,50,0,10,0,1,0,ENERGY_DEPLETED,8
95,0.9976,-130.0,50,0,15,0,0,0,ENERGY_DEPLETED,8
96,0.9976,-142.0,50,0,18,0,0,0,ENERGY_DEPLETED,8
97,0.9976,-134.0,50,0,16,0,0,0,ENERGY_DEPLETED,8
98,0.9976,-130.0,50,0,15,0,0,0,ENERGY_DEPLETED,8
99,0.9975,-142.0,50,0,18,0,0,0,ENERGY_DEPLETED,8
100,0.9975,-142.0,50,0,17,0,0,0,ENERGY_DEPLETED,8
101,0.9975,-122.0,50,0,13,0,0,0,ENERGY_DEPLETED,8
102,0.9975,-130.0,50,0,15,0,0,0,ENERGY_DEPLETED,8
103,0.9974,-142.0,50,0,17,0,0,0,ENERGY_DEPLETED,8
104,0.9974,-118.0,50,0,12,0,0,0,ENERGY_DEPLETED,8
105,0.9974,-146.0,50,0,19,0,0,0,ENERGY_DEPLETED,8
106,0.9974,-130.0,50,0,15,0,0,0,ENERGY_DEPLETED,8
107,0.9973,-150.0,50,0,19,0,0,0,ENERGY_DEPLETED,8
108,0.9973,-122.0,50,0,13,0,0,0,ENERGY_DEPLETED,8
109,0.9973,-106.0,50,0,9,0,0,0,ENERGY_DEPLETED,8
110,0.9973,-106.0,50,0,9,0,0,0,ENERGY_DEPLETED,8
111,0.9972,-102.0,50,0,7,0,0,0,ENERGY_DEPLETED,8
112,0.9972,-146.0,50,0,19,0,0,0,ENERGY_DEPLETED,8
113,0.9972,-158.0,50,0,21,0,0,0,ENERGY_DEPLETED,8
114,0.9972,-110.0,50,0,10,0,0,0,ENERGY_DEPLETED,8
115,0.9971,-102.0,50,0,8,0,0,0,ENERGY_DEPLETED,8
116,0.9971,-154.0,50,0,21,0,0,0,ENERGY_DEPLETED,8
117,0.9971,-44.0,50,0,6,0,1,0,ENERGY_DEPLETED,8
118,0.9971,-138.0,50,0,17,0,0,0,ENERGY_DEPLETED,8
119,0.997,-130.0,50,0,15,0,0,0,ENERGY_DEPLETED,8
120,0.997,-130.0,50,0,15,0,0,0,ENERGY_DEPLETED,8
121,0.997,-142.0,50,0,17,0,0,0,ENERGY_DEPLETED,8
122,0.997,-106.0,50,0,8,0,0,0,ENERGY_DEPLETED,8
123,0.9969,-98.0,50,0,7,0,0,0,ENERGY_DEPLETED,8
124,0.9969,-130.0,50,0,15,0,0,0,ENERGY_DEPLETED,8
125,0.9969,-146.0,50,0,19,0,0,0,ENERGY_DEPLETED,8
126,0.9969,-146.0,50,0,19,0,0,0,ENERGY_DEPLETED,8
127,0.9968,-158.0,50,0,21,0,0,0,ENERGY_DEPLETED,8
128,0.9968,-142.0,50,0,17,0,0,0,ENERGY_DEPLETED,8
129,0.9968,-130.0,50,0,14,0,0,0,ENERGY_DEPLETED,8
130,0.9968,-126.0,50,0,14,0,0,0,ENERGY_DEPLETED,8
131,0.9967,-118.0,50,0,12,0,0,0,ENERGY_DEPLETED,8
132,0.9967,-102.0,50,0,8,0,0,0,ENERGY_DEPLETED,8
133,0.9967,-106.0,50,0,9,0,0,0,ENERGY_DEPLETED,8
134,0.9967,-134.0,50,0,16,0,0,0,ENERGY_DEPLETED,8
135,0.9966,-122.0,50,0,13,0,0,0,ENERGY_DEPLETED,8
136,0.9966,-130.0,50,0,15,0,0,0,ENERGY_DEPLETED,8
137,0.9966,-146.0,50,0,18,0,0,0,ENERGY_DEPLETED,8
138,0.9966,-134.0,50,0,15,0,0,0,ENERGY_DEPLETED,8
139,0.9965,-138.0,50,0,17,0,0,0,ENERGY_DEPLETED,8
140,0.9965,-142.0,50,0,18,0,0,0,ENERGY_DEPLETED,8
141,0.9965,-126.0,50,0,14,0,0,0,ENERGY_DEPLETED,8
142,0.9965,-134.0,50,0,16,0,0,0,ENERGY_DEPLETED,8
143,0.9964,-134.0,50,0,16,0,0,0,ENERGY_DEPLETED,8
144,0.9964,-130.0,50,0,14,0,0,0,ENERGY_DEPLETED,8
145,0.9964,-126.0,50,0,14,0,0,0,ENERGY_DEPLETED,8
146,0.9964,-114.0,50,0,10,0,0,0,ENERGY_DEPLETED,8
147,0.9963,-110.0,50,0,10,0,0,0,ENERGY_DEPLETED,8
148,0.9963,-130.0,50,0,15,0,0,0,ENERGY_DEPLETED,8
149,0.9963,-118.0,50,0,12,0,0,0,ENERGY_DEPLETED,8
150,0.9963,-126.0,50,0,14,0,0,0,ENERGY_DEPLETED,8
151,0.9962,-134.0,50,0,16,0,0,0,ENERGY_DEPLETED,8
152,0.9962,-102.0,50,0,8,0,0,0,ENERGY_DEPLETED,8
153,0.9962,-126.0,50,0,14,0,0,0,ENERGY_DEPLETED,8
154,0.9962,-118.0,50,0,12,0,0,0,ENERGY_DEPLETED,8
155,0.9961,-130.0,50,0,15,0,0,0,ENERGY_DEPLETED,8
156,0.9961,-162.0,50,0,23,0,0,0,ENERGY_DEPLETED,8
157,0.9961,-154.0,50,0,21,0,0,0,ENERGY_DEPLETED,8
158,0.9961,-126.0,50,0,13,0,0,0,ENERGY_DEPLETED,8
159,0.996,-154.0,50,0,20,0,0,0,ENERGY_DEPLETED,8
160,0.996,-134.0,50,0,15,0,0,0,ENERGY_DEPLETED,8
161,0.996,-142.0,50,0,18,0,0,0,ENERGY_DEPLETED,8
162,0.996,-146.0,50,0,19,0,0,0,ENERGY_DEPLETED,8
163,0.9959,-106.0,50,0,9,0,0,0,ENERGY_DEPLETED,8
164,0.9959,-150.0,50,0,20,0,0,0,ENERGY_DEPLETED,8
165,0.9959,-126.0,50,0,13,0,0,0,ENERGY_DEPLETED,8
166,0.9959,-102.0,50,0,8,0,0,0,ENERGY_DEPLETED,8
167,0.9958,-134.0,50,0,15,0,0,0,ENERGY_DEPLETED,8
168,0.9958,-114.0,50,0,11,0,0,0,ENERGY_DEPLETED,8
169,0.9958,-146.0,50,0,18,0,0,0,ENERGY_DEPLETED,8
170,0.9958,-138.0,50,0,17,0,0,0,ENERGY_DEPLETED,8
171,0.9957,-134.0,50,0,16,0,0,0,ENERGY_DEPLETED,8
172,0.9957,-138.0,50,0,17,0,0,0,ENERGY_DEPLETED,8
173,0.9957,-134.0,50,0,15,0,0,0,ENERGY_DEPLETED,8
174,0.9957,-146.0,50,0,19,0,0,0,ENERGY_DEPLETED,8
175,0.9956,-102.0,50,0,8,0,0,0,ENERGY_DEPLETED,8
176,0.9956,-138.0,50,0,17,0,0,0,ENERGY_DEPLETED,8
177,0.9956,-150.0,50,0,19,0,0,0,ENERGY_DEPLETED,8
178,0.9956,-122.0,50,0,12,0,0,0,ENERGY_DEPLETED,8
179,0.9955,-162.0,50,0,22,0,0,0,ENERGY_DEPLETED,8
180,0.9955,-134.0,50,0,16,0,0,0,ENERGY_DEPLETED,8
181,0.9955,-134.0,50,0,16,0,0,0,ENERGY_DEPLETED,8
182,0.9955,-48.0,50,0,7,0,1,0,ENERGY_DEPLETED,8
183,0.9954,-146.0,50,0,19,0,0,0,ENERGY_DEPLETED,8
184,0.9954,-102.0,50,0,8,0,0,0,ENERGY_DEPLETED,8
185,0.9954,-162.0,50,0,22,0,0,0,ENERGY_DEPLETED,8
186,0.9954,-114.0,50,0,11,0,0,0,ENERGY_DEPLETED,8
187,0.9953,-170.0,50,0,24,0,0,0,ENERGY_DEPLETED,8
188,0.9953,-118.0,50,0,12,0,0,0,ENERGY_DEPLETED,8
189,0.9953,-142.0,50,0,18,0,0,0,ENERGY_DEPLETED,8
190,0.9953,-126.0,50,0,14,0,0,0,ENERGY_DEPLETED,8
191,0.9952,-106.0,50,0,9,0,0,0,ENERGY_DEPLETED,8
192,0.9952,-166.0,50,0,23,0,0,0,ENERGY_DEPLETED,8
193,0.9952,-122.0,50,0,13,0,0,0,ENERGY_DEPLETED,8
194,0.9952,-130.0,50,0,15,0,0,0,ENERGY_DEPLETED,8
195,0.9951,-158.0,50,0,21,0,0,0,ENERGY_DEPLETED,8
196,0.9951,-126.0,50,0,14,0,0,0,ENERGY_DEPLETED,8
197,0.9951,-118.0,50,0,12,0,0,0,ENERGY_DEPLETED,8
198,0.9951,-106.0,50,0,9,0,0,0,ENERGY_DEPLETED,8
199,0.995,-166.0,50,0,24,0,0,0,ENERGY_DEPLETED,8
200,0.995,-146.0,50,0,19,0,0,0,ENERGY_DEPLETED,8
201,0.995,-126.0,50,0,14,0,0,0,ENERGY_DEPLETED,8
202,0.995,-118.0,50,0,12,0,0,0,ENERGY_DEPLETED,8
203,0.9949,-118.0,50,0,12,0,0,0,ENERGY_DEPLETED,8
204,0.9949,-118.0,50,0,12,0,0,0,ENERGY_DEPLETED,8
205,0.9949,-130.0,50,0,14,0,0,0,ENERGY_DEPLETED,8
206,0.9949,-114.0,50,0,11,0,0,0,ENERGY_DEPLETED,8
207,0.9948,-134.0,50,0,16,0,0,0,ENERGY_DEPLETED,8
208,0.9948,-158.0,50,0,22,0,0,0,ENERGY_DEPLETED,8
209,0.9948,-122.0,50,0,13,0,0,0,ENERGY_DEPLETED,8
210,0.9948,-146.0,50,0,19,0,0,0,ENERGY_DEPLETED,8
211,0.9947,-130.0,50,0,14,0,0,0,ENERGY_DEPLETED,8
212,0.9947,-134.0,50,0,15,0,0,0,ENERGY_DEPLETED,8
213,0.9947,-138.0,50,0,17,0,0,0,ENERGY_DEPLETED,8
214,0.9947,-158.0,50,0,22,0,0,0,ENERGY_DEPLETED,8
215,0.9946,-134.0,50,0,15,0,0,0,ENERGY_DEPLETED,8
216,0.9946,-150.0,50,0,19,0,0,0,ENERGY_DEPLETED,8
217,0.9946,-134.0,50,0,15,0,0,0,ENERGY_DEPLETED,8
218,0.9946,-134.0,50,0,16,0,0,0,ENERGY_DEPLETED,8
219,0.9945,-158.0,50,0,22,0,0,0,ENERGY_DEPLETED,8
220,0.9945,-130.0,50,0,15,0,0,0,ENERGY_DEPLETED,8
221,0.9945,-150.0,50,0,20,0,0,0,ENERGY_DEPLETED,8
222,0.9945,-166.0,50,0,23,0,0,0,ENERGY_DEPLETED,8
223,0.9944,-118.0,50,0,12,0,0,0,ENERGY_DEPLETED,8
224,0.9944,-137.0,50,0,10,3,0,0,ENERGY_DEPLETED,8
225,0.9944,-130.0,50,0,15,0,0,0,ENERGY_DEPLETED,8
226,0.9944,-106.0,50,0,8,0,0,0,ENERGY_DEPLETED,8
227,0.9943,-154.0,50,0,21,0,0,0,ENERGY_DEPLETED,8
228,0.9943,-130.0,50,0,15,0,0,0,ENERGY_DEPLETED,8
229,0.9943,-72.0,50,0,13,0,1,0,ENERGY_DEPLETED,8
230,0.9943,-162.0,50,0,23,0,0,0,ENERGY_DEPLETED,8
231,0.9942,-130.0,50,0,15,0,0,0,ENERGY_DEPLETED,8
232,0.9942,-146.0,50,0,19,0,0,0,ENERGY_DEPLETED,8
233,0.9942,-130.0,50,0,14,0,0,0,ENERGY_DEPLETED,8
234,0.9942,-126.0,50,0,13,0,0,0,ENERGY_DEPLETED,8
235,0.9942,-98.0,50,0,6,0,0,0,ENERGY_DEPLETED,8
236,0.9941,-126.0,50,0,13,0,0,0,ENERGY_DEPLETED,8
237,0.9941,-122.0,50,0,13,0,0,0,ENERGY_DEPLETED,8
238,0.9941,-150.0,50,0,19,0,0,0,ENERGY_DEPLETED,8
239,0.9941,-126.0,50,0,14,0,0,0,ENERGY_DEPLETED,8
240,0.994,-118.0,50,0,12,0,0,0,ENERGY_DEPLETED,8
241,0.994,-150.0,50,0,20,0,0,0,ENERGY_DEPLETED,8
242,0.994,-130.0,50,0,15,0,0,0,ENERGY_DEPLETED,8
243,0.994,-134.0,50,0,16,0,0,0,ENERGY_DEPLETED,8
244,0.9939,-150.0,50,0,20,0,0,0,ENERGY_DEPLETED,8
245,0.9939,-130.0,50,0,15,0,0,0,ENERGY_DEPLETED,8
246,0.9939,-102.0,50,0,8,0,0,0,ENERGY_DEPLETED,8
247,0.9939,-162.0,50,0,23,0,0,0,ENERGY_DEPLETED,8
248,0.9938,-162.0,50,0,23,0,0,0,ENERGY_DEPLETED,8
249,0.9938,-126.0,50,0,14,0,0,0,ENERGY_DEPLETED,8
250,0.9938,-122.0,50,0,13,0,0,0,ENERGY_DEPLETED,8
251,0.9938,-166.0,50,0,23,0,0,0,ENERGY_DEPLETED,8
252,0.9937,-158.0,50,0,21,0,0,0,ENERGY_DEPLETED,8
253,0.9937,-122.0,50,0,13,0,0,0,ENERGY_DEPLETED,8
254,0.9937,-126.0,50,0,14,0,0,0,ENERGY_DEPLETED,8
255,0.9937,-130.0,50,0,15,0,0,0,ENERGY_DEPLETED,8
256,0.9936,-158.0,50,0,22,0,0,0,ENERGY_DEPLETED,8
257,0.9936,-114.0,50,0,11,0,0,0,ENERGY_DEPLETED,8
258,0.9936,-146.0,50,0,19,0,0,0,ENERGY_DEPLETED,8
259,0.9936,-134.0,50,0,16,0,0,0,ENERGY_DEPLETED,8
260,0.9935,-142.0,50,0,18,0,0,0,ENERGY_DEPLETED,8
261,0.9935,-122.0,50,0,13,0,0,0,ENERGY_DEPLETED,8
262,0.9935,-106.0,50,0,9,0,0,0,ENERGY_DEPLETED,8
263,0.9935,-142.0,50,0,17,0,0,0,ENERGY_DEPLETED,8
264,0.9934,-106.0,50,0,9,0,0,0,ENERGY_DEPLETED,8
265,0.9934,-130.0,50,0,15,0,0,0,ENERGY_DEPLETED,8
266,0.9934,-134.0,50,0,16,0,0,0,ENERGY_DEPLETED,8
267,0.9934,-138.0,50,0,17,0,0,0,ENERGY_DEPLETED,8
268,0.9933,-130.0,50,0,14,0,0,0,ENERGY_DEPLETED,8
269,0.9933,-146.0,50,0,19,0,0,0,ENERGY_DEPLETED,8
270,0.9933,-114.0,50,0,11,0,0,0,ENERGY_DEPLETED,8
271,0.9933,-134.0,50,0,16,0,0,0,ENERGY_DEPLETED,8
272,0.9932,-130.0,50,0,15,0,0,0,ENERGY_DEPLETED,8
273,0.9932,-142.0,50,0,18,0,0,0,ENERGY_DEPLETED,8
274,0.9932,-142.0,50,0,18,0,0,0,ENERGY_DEPLETED,8
275,0.9932,-122.0,50,0,13,0,0,0,ENERGY_DEPLETED,8
276,0.9931,-122.0,50,0,13,0,0,0,ENERGY_DEPLETED,8
277,0.9931,-134.0,50,0,16,0,0,0,ENERGY_DEPLETED,8
278,0.9931,-106.0,50,0,9,0,0,0,ENERGY_DEPLETED,8
279,0.9931,-126.0,50,0,14,0,0,0,ENERGY_DEPLETED,8
280,0.993,-158.0,50,0,21,0,0,0,ENERGY_DEPLETED,8
281,0.993,-138.0,50,0,16,0,0,0,ENERGY_DEPLETED,8
282,0.993,-122.0,50,0,13,0,0,0,ENERGY_DEPLETED,8
283,0.993,-126.0,50,0,14,0,0,0,ENERGY_DEPLETED,8
284,0.9929,-126.0,50,0,13,0,0,0,ENERGY_DEPLETED,8
285,0.9929,-166.0,50,0,23,0,0,0,ENERGY_DEPLETED,8
286,0.9929,-150.0,50,0,19,0,0,0,ENERGY_DEPLETED,8
287,0.9929,-158.0,50,0,22,0,0,0,ENERGY_DEPLETED,8
288,0.9928,-76.0,50,0,14,0,1,0,ENERGY_DEPLETED,8
289,0.9928,-134.0,50,0,15,0,0,0,ENERGY_DEPLETED,8
290,0.9928,-138.0,50,0,17,0,0,0,ENERGY_DEPLETED,8
291,0.9928,-162.0,50,0,22,0,0,0,ENERGY_DEPLETED,8
292,0.9927,-138.0,50,0,17,0,0,0,ENERGY_DEPLETED,8
293,0.9927,-146.0,50,0,19,0,0,0,ENERGY_DEPLETED,8
294,0.9927,-146.0,50,0,19,0,0,0,ENERGY_DEPLETED,8
295,0.9927,-138.0,50,0,17,0,0,0,ENERGY_DEPLETED,8
296,0.9926,-102.0,50,0,8,0,0,0,ENERGY_DEPLETED,8
297,0.9926,-140.0,50,0,13,2,0,0,ENERGY_DEPLETED,8
298,0.9926,-138.0,50,0,17,0,0,0,ENERGY_DEPLETED,8
299,0.9926,-142.0,50,0,18,0,0,0,ENERGY_DEPLETED,8
300,0.9925,-130.0,50,0,15,0,0,0,ENERGY_DEPLETED,8
301,0.9925,-118.0,50,0,11,0,0,0,ENERGY_DEPLETED,8
302,0.9925,-158.0,50,0,22,0,0,0,ENERGY_DEPLETED,8
303,0.9925,-130.0,50,0,14,0,0,0,ENERGY_DEPLETED,8
304,0.9924,-134.0,50,0,15,0,0,0,ENERGY_DEPLETED,8
305,0.9924,-158.0,50,0,22,0,0,0,ENERGY_DEPLETED,8
306,0.9924,-134.0,50,0,15,0,0,0,ENERGY_DEPLETED,8
307,0.9924,-114.0,50,0,11,0,0,0,ENERGY_DEPLETED,8
308,0.9923,-114.0,50,0,11,0,0,0,ENERGY_DEPLETED,8
309,0.9923,-134.0,50,0,16,0,0,0,ENERGY_DEPLETED,8
310,0.9923,-110.0,50,0,9,0,0,0,ENERGY_DEPLETED,8
311,0.9923,-118.0,50,0,12,0,0,0,ENERGY_DEPLETED,8
312,0.9922,-138.0,50,0,17,0,0,0,ENERGY_DEPLETED,8
313,0.9922,-142.0,50,0,18,0,0,0,ENERGY_DEPLETED,8
314,0.9922,-126.0,50,0,13,0,0,0,ENERGY_DEPLETED,8
315,0.9922,-142.0,50,0,17,0,0,0,ENERGY_DEPLETED,8
316,0.9921,-130.0,50,0,15,0,0,0,ENERGY_DEPLETED,8
317,0.9921,-102.0,50,0,8,0,0,0,ENERGY_DEPLETED,8
318,0.9921,-102.0,50,0,8,0,0,0,ENERGY_DEPLETED,8
319,0.9921,-126.0,50,0,13,0,0,0,ENERGY_DEPLETED,8
320,0.992,-154.0,50,0,21,0,0,0,ENERGY_DEPLETED,8
321,0.992,-142.0,50,0,17,0,0,0,ENERGY_DEPLETED,8
322,0.992,-118.0,50,0,11,0,0,0,ENERGY_DEPLETED,8
323,0.992,-126.0,50,0,13,0,0,0,ENERGY_DEPLETED,8
324,0.9919,-158.0,50,0,22,0,0,0,ENERGY_DEPLETED,8
325,0.9919,-146.0,50,0,18,0,0,0,ENERGY_DEPLETED,8
326,0.9919,-146.0,50,0,19,0,0,0,ENERGY_DEPLETED,8
327,0.9919,-154.0,50,0,21,0,0,0,ENERGY_DEPLETED,8
328,0.9918,-142.0,50,0,18,0,0,0,ENERGY_DEPLETED,8
329,0.9918,-122.0,50,0,13,0,0,0,ENERGY_DEPLETED,8
330,0.9918,-142.0,50,0,18,0,0,0,ENERGY_DEPLETED,8
331,0.9918,-110.0,50,0,9,0,0,0,ENERGY_DEPLETED,8
332,0.9917,-110.0,50,0,9,0,0,0,ENERGY_DEPLETED,8
333,0.9917,-64.0,50,0,11,0,1,0,ENERGY_DEPLETED,8
334,0.9917,-126.0,50,0,14,0,0,0,ENERGY_DEPLETED,8
335,0.9917,-154.0,50,0,21,0,0,0,ENERGY_DEPLETED,8
336,0.9916,-130.0,50,0,15,0,0,0,ENERGY_DEPLETED,8
337,0.9916,-130.0,50,0,15,0,0,0,ENERGY_DEPLETED,8
338,0.9916,-162.0,50,0,23,0,0,0,ENERGY_DEPLETED,8
339,0.9916,-106.0,50,0,9,0,0,0,ENERGY_DEPLETED,8
340,0.9915,-146.0,50,0,19,0,0,0,ENERGY_DEPLETED,8
341,0.9915,-146.0,50,0,19,0,0,0,ENERGY_DEPLETED,8
342,0.9915,-114.0,50,0,11,0,0,0,ENERGY_DEPLETED,8
343,0.9915,-94.0,50,0,6,0,0,0,ENERGY_DEPLETED,8
344,0.9914,-146.0,50,0,19,0,0,0,ENERGY_DEPLETED,8
345,0.9914,-138.0,50,0,17,0,0,0,ENERGY_DEPLETED,8
346,0.9914,-110.0,50,0,9,0,0,0,ENERGY_DEPLETED,8
347,0.9914,-134.0,50,0,16,0,0,0,ENERGY_DEPLETED,8
348,0.9914,-138.0,50,0,17,0,0,0,ENERGY_DEPLETED,8
349,0.9913,-68.0,50,0,12,0,1,0,ENERGY_DEPLETED,8
350,0.9913,-138.0,50,0,17,0,0,0,ENERGY_DEPLETED,8
351,0.9913,-130.0,50,0,15,0,0,0,ENERGY_DEPLETED,8
352,0.9913,-126.0,50,0,14,0,0,0,ENERGY_DEPLETED,8
353,0.9912,-142.0,50,0,18,0,0,0,ENERGY_DEPLETED,8
354,0.9912,-142.0,50,0,18,0,0,0,ENERGY_DEPLETED,8
355,0.9912,-134.0,50,0,15,0,0,0,ENERGY_DEPLETED,8
356,0.9912,-150.0,50,0,20,0,0,0,ENERGY_DEPLETED,8
357,0.9911,-150.0,50,0,19,0,0,0,ENERGY_DEPLETED,8
358,0.9911,-142.0,50,0,17,0,0,0,ENERGY_DEPLETED,8
359,0.9911,-126.0,50,0,13,0,0,0,ENERGY_DEPLETED,8
360,0.9911,-142.0,50,0,18,0,0,0,ENERGY_DEPLETED,8
361,0.991,-134.0,50,0,16,0,0,0,ENERGY_DEPLETED,8
362,0.991,-126.0,50,0,13,0,0,0,ENERGY_DEPLETED,8
363,0.991,-134.0,50,0,16,0,0,0,ENERGY_DEPLETED,8
364,0.991,-138.0,50,0,16,0,0,0,ENERGY_DEPLETED,8
365,0.9909,-122.0,50,0,13,0,0,0,ENERGY_DEPLETED,8
366,0.9909,-114.0,50,0,11,0,0,0,ENERGY_DEPLETED,8
367,0.9909,-102.0,50,0,8,0,0,0,ENERGY_DEPLETED,8
368,0.9909,-114.0,50,0,11,0,0,0,ENERGY_DEPLETED,8
369,0.9908,-166.0,50,0,23,0,0,0,ENERGY_DEPLETED,8
370,0.9908,-158.0,50,0,21,0,0,0,ENERGY_DEPLETED,8
371,0.9908,-134.0,50,0,16,0,0,0,ENERGY_DEPLETED,8
372,0.9908,-126.0,50,0,14,0,0,0,ENERGY_DEPLETED,8
373,0.9907,-114.0,50,0,11,0,0,0,ENERGY_DEPLETED,8
374,0.9907,-122.0,50,0,13,0,0,0,ENERGY_DEPLETED,8
375,0.9907,-166.0,50,0,23,0,0,0,ENERGY_DEPLETED,8
376,0.9907,-114.0,50,0,11,0,0,0,ENERGY_DEPLETED,8
377,0.9906,-118.0,50,0,12,0,0,0,ENERGY_DEPLETED,8
378,0.9906,-122.0,50,0,13,0,0,0,ENERGY_DEPLETED,8
379,0.9906,-134.0,50,0,16,0,0,0,ENERGY_DEPLETED,8
380,0.9906,-150.0,50,0,20,0,0,0,ENERGY_DEPLETED,8
381,0.9905,-126.0,50,0,13,0,0,0,ENERGY_DEPLETED,8
382,0.9905,-138.0,50,0,17,0,0,0,ENERGY_DEPLETED,8
383,0.9905,-138.0,50,0,17,0,0,0,ENERGY_DEPLETED,8
384,0.9905,-98.0,50,0,7,0,0,0,ENERGY_DEPLETED,8
385,0.9904,-130.0,50,0,15,0,0,0,ENERGY_DEPLETED,8
386,0.9904,-146.0,50,0,19,0,0,0,ENERGY_DEPLETED,8
387,0.9904,-134.0,50,0,16,0,0,0,ENERGY_DEPLETED,8
388,0.9904,-118.0,50,0,12,0,0,0,ENERGY_DEPLETED,8
389,0.9903,-154.0,50,0,21,0,0,0,ENERGY_DEPLETED,8
390,0.9903,-138.0,50,0,17,0,0,0,ENERGY_DEPLETED,8
391,0.9903,-134.0,50,0,16,0,0,0,ENERGY_DEPLETED,8
392,0.9903,-130.0,50,0,15,0,0,0,ENERGY_DEPLETED,8
393,0.9902,-126.0,50,0,14,0,0,0,ENERGY_DEPLETED,8
394,0.9902,-142.0,50,0,17,0,0,0,ENERGY_DEPLETED,8
395,0.9902,-134.0,50,0,16,0,0,0,ENERGY_DEPLETED,8
396,0.9902,-130.0,50,0,14,0,0,0,ENERGY_DEPLETED,8
397,0.9901,-150.0,50,0,20,0,0,0,ENERGY_DEPLETED,8
398,0.9901,-114.0,50,0,11,0,0,0,ENERGY_DEPLETED,8
399,0.9901,-162.0,50,0,23,0,0,0,ENERGY_DEPLETED,8
400,0.9901,-134.0,50,0,16,0,0,0,ENERGY_DEPLETED,8
401,0.99,-126.0,50,0,14,0,0,0,ENERGY_DEPLETED,8
402,0.99,-110.0,50,0,10,0,0,0,ENERGY_DEPLETED,8
403,0.99,-158.0,50,0,22,0,0,0,ENERGY_DEPLETED,8
404,0.99,-146.0,50,0,19,0,0,0,ENERGY_DEPLETED,8
405,0.9899,-150.0,50,0,19,0,0,0,ENERGY_DEPLETED,8
406,0.9899,-142.0,50,0,17,0,0,0,ENERGY_DEPLETED,8
407,0.9899,-106.0,50,0,9,0,0,0,ENERGY_DEPLETED,8
408,0.9899,-150.0,50,0,19,0,0,0,ENERGY_DEPLETED,8
409,0.9898,-142.0,50,0,18,0,0,0,ENERGY_DEPLETED,8
410,0.9898,-126.0,50,0,14,0,0,0,ENERGY_DEPLETED,8
411,0.9898,-122.0,50,0,13,0,0,0,ENERGY_DEPLETED,8
412,0.9898,-122.0,50,0,13,0,0,0,ENERGY_DEPLETED,8
413,0.9897,-119.0,50,0,10,1,0,0,ENERGY_DEPLETED,8
414,0.9897,-126.0,50,0,13,0,0,0,ENERGY_DEPLETED,8
415,0.9897,-138.0,50,0,17,0,0,0,ENERGY_DEPLETED,8
416,0.9897,-118.0,50,0,11,0,0,0,ENERGY_DEPLETED,8
417,0.9896,-158.0,50,0,21,0,0,0,ENERGY_DEPLETED,8
418,0.9896,-80.0,50,0,15,0,1,0,ENERGY_DEPLETED,8
419,0.9896,-142.0,50,0,18,0,0,0,ENERGY_DEPLETED,8
420,0.9896,-118.0,50,0,12,0,0,0,ENERGY_DEPLETED,8
421,0.9895,-126.0,50,0,13,0,0,0,ENERGY_DEPLETED,8
422,0.9895,-122.0,50,0,13,0,0,0,ENERGY_DEPLETED,8
423,0.9895,-138.0,50,0,17,0,0,0,ENERGY_DEPLETED,8
424,0.9895,-142.0,50,0,18,0,0,0,ENERGY_DEPLETED,8
425,0.9894,-150.0,50,0,19,0,0,0,ENERGY_DEPLETED,8
426,0.9894,-114.0,50,0,11,0,0,0,ENERGY_DEPLETED,8
427,0.9894,-118.0,50,0,11,0,0,0,ENERGY_DEPLETED,8
428,0.9894,-130.0,50,0,15,0,0,0,ENERGY_DEPLETED,8
429,0.9893,-146.0,50,0,19,0,0,0,ENERGY_DEPLETED,8
430,0.9893,-130.0,50,0,15,0,0,0,ENERGY_DEPLETED,8
431,0.9893,-130.0,50,0,14,0,0,0,ENERGY_DEPLETED,8
432,0.9893,-130.0,50,0,15,0,0,0,ENERGY_DEPLETED,8
433,0.9892,-126.0,50,0,14,0,0,0,ENERGY_DEPLETED,8
434,0.9892,-126.0,50,0,14,0,0,0,ENERGY_DEPLETED,8
435,0.9892,-126.0,50,0,14,0,0,0,ENERGY_DEPLETED,8
436,0.9892,-110.0,50,0,9,0,0,0,ENERGY_DEPLETED,8
437,0.9891,-146.0,50,0,19,0,0,0,ENERGY_DEPLETED,8
438,0.9891,-158.0,50,0,22,0,0,0,ENERGY_DEPLETED,8
439,0.9891,-138.0,50,0,16,0,0,0,ENERGY_DEPLETED,8
440,0.9891,-106.0,50,0,9,0,0,0,ENERGY_DEPLETED,8
441,0.9891,-106.0,50,0,9,0,0,0,ENERGY_DEPLETED,8
442,0.989,-106.0,50,0,8,0,0,0,ENERGY_DEPLETED,8
443,0.989,-142.0,50,0,18,0,0,0,ENERGY_DEPLETED,8
444,0.989,-138.0,50,0,17,0,0,0,ENERGY_DEPLETED,8
445,0.989,-98.0,50,0,7,0,0,0,ENERGY_DEPLETED,8
446,0.9889,-126.0,50,0,14,0,0,0,ENERGY_DEPLETED,8
447,0.9889,-158.0,50,0,22,0,0,0,ENERGY_DEPLETED,8
448,0.9889,-174.0,50,0,25,0,0,0,ENERGY_DEPLETED,8
449,0.9889,-134.0,50,0,16,0,0,0,ENERGY_DEPLETED,8
450,0.9888,-118.0,50,0,12,0,0,0,ENERGY_DEPLETED,8
451,0.9888,-146.0,50,0,19,0,0,0,ENERGY_DEPLETED,8
452,0.9888,-138.0,50,0,17,0,0,0,ENERGY_DEPLETED,8
453,0.9888,-118.0,50,0,12,0,0,0,ENERGY_DEPLETED,8
454,0.9887,-134.0,50,0,16,0,0,0,ENERGY_DEPLETED,8
455,0.9887,-142.0,50,0,17,0,0,0,ENERGY_DEPLETED,8
456,0.9887,-134.0,50,0,16,0,0,0,ENERGY_DEPLETED,8
457,0.9887,-126.0,50,0,14,0,0,0,ENERGY_DEPLETED,8
458,0.9886,-130.0,50,0,14,0,0,0,ENERGY_DEPLETED,8
459,0.9886,-90.0,50,0,5,0,0,0,ENERGY_DEPLETED,8
460,0.9886,-166.0,50,0,24,0,0,0,ENERGY_DEPLETED,8
461,0.9886,-154.0,50,0,20,0,0,0,ENERGY_DEPLETED,8
462,0.9885,-102.0,50,0,8,0,0,0,ENERGY_DEPLETED,8
463,0.9885,-138.0,50,0,17,0,0,0,ENERGY_DEPLETED,8
464,0.9885,-174.0,50,0,26,0,0,0,ENERGY_DEPLETED,8
465,0.9885,-166.0,50,0,24,0,0,0,ENERGY_DEPLETED,8
466,0.9884,-118.0,50,0,12,0,0,0,ENERGY_DEPLETED,8
467,0.9884,-110.0,50,0,10,0,0,0,ENERGY_DEPLETED,8
468,0.9884,-52.0,50,0,8,0,1,0,ENERGY_DEPLETED,8
469,0.9884,-146.0,50,0,19,0,0,0,ENERGY_DEPLETED,8
470,0.9883,-138.0,50,0,17,0,0,0,ENERGY_DEPLETED,8
471,0.9883,-138.0,50,0,17,0,0,0,ENERGY_DEPLETED,8
472,0.9883,-110.0,50,0,9,0,0,0,ENERGY_DEPLETED,8
473,0.9883,-134.0,50,0,16,0,0,0,ENERGY_DEPLETED,8
474,0.9882,-142.0,50,0,18,0,0,0,ENERGY_DEPLETED,8
475,0.9882,-118.0,50,0,12,0,0,0,ENERGY_DEPLETED,8
476,0.9882,-106.0,50,0,9,0,0,0,ENERGY_DEPLETED,8
477,0.9882,-106.0,50,0,9,0,0,0,ENERGY_DEPLETED,8
478,0.9881,-150.0,50,0,20,0,0,0,ENERGY_DEPLETED,8
479,0.9881,-110.0,50,0,10,0,0,0,ENERGY_DEPLETED,8
480,0.9881,-166.0,50,0,23,0,0,0,ENERGY_DEPLETED,8
481,0.9881,-114.0,50,0,11,0,0,0,ENERGY_DEPLETED,8
482,0.988,-56.0,50,0,9,0,1,0,ENERGY_DEPLETED,8
483,0.988,-106.0,50,0,9,0,0,0,ENERGY_DEPLETED,8
484,0.988,-142.0,50,0,17,0,0,0,ENERGY_DEPLETED,8
485,0.988,-94.0,50,0,6,0,0,0,ENERGY_DEPLETED,8
486,0.9879,-142.0,50,0,18,0,0,0,ENERGY_DEPLETED,8
487,0.9879,-84.0,50,0,15,0,1,0,ENERGY_DEPLETED,8
488,0.9879,-122.0,50,0,13,0,0,0,ENERGY_DEPLETED,8
489,0.9879,-134.0,50,0,15,0,0,0,ENERGY_DEPLETED,8
490,0.9878,-158.0,50,0,22,0,0,0,ENERGY_DEPLETED,8
491,0.9878,-130.0,50,0,15,0,0,0,ENERGY_DEPLETED,8
492,0.9878,-134.0,50,0,16,0,0,0,ENERGY_DEPLETED,8
493,0.9878,-150.0,50,0,20,0,0,0,ENERGY_DEPLETED,8
494,0.9877,-130.0,50,0,15,0,0,0,ENERGY_DEPLETED,8
495,0.9877,-150.0,50,0,20,0,0,0,ENERGY_DEPLETED,8
496,0.9877,-118.0,50,0,12,0,0,0,ENERGY_DEPLETED,8
497,0.9877,-94.0,50,0,6,0,0,0,ENERGY_DEPLETED,8
498,0.9876,-102.0,50,0,8,0,0,0,ENERGY_DEPLETED,8
499,0.9876,-122.0,50,0,13,0,0,0,ENERGY_DEPLETED,8
500,0.9876,-146.0,50,0,18,0,0,0,ENERGY_DEPLETED,8
501,0.9876,-118.0,50,0,12,0,0,0,ENERGY_DEPLETED,8
502,0.9875,-158.0,50,0,22,0,0,0,ENERGY_DEPLETED,8
503,0.9875,-166.0,50,0,23,0,0,0,ENERGY_DEPLETED,8
504,0.9875,-150.0,50,0,19,0,0,0,ENERGY_DEPLETED,8
505,0.9875,-138.0,50,0,17,0,0,0,ENERGY_DEPLETED,8
506,0.9874,-126.0,50,0,13,0,0,0,ENERGY_DEPLETED,8
507,0.9874,-122.0,50,0,13,0,0,0,ENERGY_DEPLETED,8
508,0.9874,-122.0,50,0,12,0,0,0,ENERGY_DEPLETED,8
509,0.9874,-114.0,50,0,11,0,0,0,ENERGY_DEPLETED,8
510,0.9873,-126.0,50,0,14,0,0,0,ENERGY_DEPLETED,8
511,0.9873,-110.0,50,0,10,0,0,0,ENERGY_DEPLETED,8
512,0.9873,-134.0,50,0,15,0,0,0,ENERGY_DEPLETED,8
513,0.9873,-168.0,50,0,10,6,0,0,ENERGY_DEPLETED,8
514,0.9873,-126.0,50,0,14,0,0,0,ENERGY_DEPLETED,8
515,0.9872,-166.0,50,0,23,0,0,0,ENERGY_DEPLETED,8
516,0.9872,-122.0,50,0,13,0,0,0,ENERGY_DEPLETED,8
517,0.9872,-150.0,50,0,20,0,0,0,ENERGY_DEPLETED,8
518,0.9872,-122.0,50,0,13,0,0,0,ENERGY_DEPLETED,8
519,0.9871,-150.0,50,0,20,0,0,0,ENERGY_DEPLETED,8
520,0.9871,-134.0,50,0,15,0,0,0,ENERGY_DEPLETED,8
521,0.9871,-122.0,50,0,13,0,0,0,ENERGY_DEPLETED,8
522,0.9871,-126.0,50,0,13,0,0,0,ENERGY_DEPLETED,8
523,0.987,-138.0,50,0,17,0,0,0,ENERGY_DEPLETED,8
524,0.987,-134.0,50,0,16,0,0,0,ENERGY_DEPLETED,8
525,0.987,-122.0,50,0,12,0,0,0,ENERGY_DEPLETED,8
526,0.987,-154.0,50,0,21,0,0,0,ENERGY_DEPLETED,8
527,0.9869,-138.0,50,0,17,0,0,0,ENERGY_DEPLETED,8
528,0.9869,-130.0,50,0,15,0,0,0,ENERGY_DEPLETED,8
529,0.9869,-142.0,50,0,17,0,0,0,ENERGY_DEPLETED,8
530,0.9869,-122.0,50,0,12,0,0,0,ENERGY_DEPLETED,8
531,0.9868,-130.0,50,0,15,0,0,0,ENERGY_DEPLETED,8
532,0.9868,-146.0,50,0,19,0,0,0,ENERGY_DEPLETED,8
533,0.9868,-150.0,50,0,20,0,0,0,ENERGY_DEPLETED,8
534,0.9868,-166.0,50,0,23,0,0,0,ENERGY_DEPLETED,8
535,0.9867,-130.0,50,0,15,0,0,0,ENERGY_DEPLETED,8
536,0.9867,-114.0,50,0,11,0,0,0,ENERGY_DEPLETED,8
537,0.9867,-138.0,50,0,16,0,0,0,ENERGY_DEPLETED,8
538,0.9867,-142.0,50,0,18,0,0,0,ENERGY_DEPLETED,8
539,0.9866,-126.0,50,0,14,0,0,0,ENERGY_DEPLETED,8
540,0.9866,-122.0,50,0,13,0,0,0,ENERGY_DEPLETED,8
541,0.9866,-142.0,50,0,17,0,0,0,ENERGY_DEPLETED,8
542,0.9866,-150.0,50,0,20,0,0,0,ENERGY_DEPLETED,8
543,0.9865,-134.0,50,0,15,0,0,0,ENERGY_DEPLETED,8
544,0.9865,-138.0,50,0,17,0,0,0,ENERGY_DEPLETED,8
545,0.9865,-134.0,50,0,16,0,0,0,ENERGY_DEPLETED,8
546,0.9865,-142.0,50,0,18,0,0,0,ENERGY_DEPLETED,8
547,0.9864,-114.0,50,0,11,0,0,0,ENERGY_DEPLETED,8
548,0.9864,-126.0,50,0,14,0,0,0,ENERGY_DEPLETED,8
549,0.9864,-126.0,50,0,14,0,0,0,ENERGY_DEPLETED,8
550,0.9864,-158.0,50,0,21,0,0,0,ENERGY_DEPLETED,8
551,0.9863,-138.0,50,0,17,0,0,0,ENERGY_DEPLETED,8
552,0.9863,-114.0,50,0,11,0,0,0,ENERGY_DEPLETED,8
553,0.9863,-126.0,50,0,13,0,0,0,ENERGY_DEPLETED,8
554,0.9863,-126.0,50,0,14,0,0,0,ENERGY_DEPLETED,8
555,0.9862,-158.0,50,0,22,0,0,0,ENERGY_DEPLETED,8
556,0.9862,-158.0,50,0,22,0,0,0,ENERGY_DEPLETED,8
557,0.9862,-126.0,50,0,14,0,0,0,ENERGY_DEPLETED,8
558,0.9862,-146.0,50,0,19,0,0,0,ENERGY_DEPLETED,8
559,0.9861,-130.0,50,0,15,0,0,0,ENERGY_DEPLETED,8
560,0.9861,-72.0,50,0,13,0,1,0,ENERGY_DEPLETED,8
561,0.9861,-134.0,50,0,16,0,0,0,ENERGY_DEPLETED,8
562,0.9861,-118.0,50,0,12,0,0,0,ENERGY_DEPLETED,8
563,0.986,-154.0,50,0,21,0,0,0,ENERGY_DEPLETED,8
564,0.986,-118.0,50,0,12,0,0,0,ENERGY_DEPLETED,8
565,0.986,-110.0,50,0,9,0,0,0,ENERGY_DEPLETED,8
566,0.986,-110.0,50,0,10,0,0,0,ENERGY_DEPLETED,8
567,0.9859,-142.0,50,0,18,0,0,0,ENERGY_DEPLETED,8
568,0.9859,-146.0,50,0,18,0,0,0,ENERGY_DEPLETED,8
569,0.9859,-138.0,50,0,17,0,0,0,ENERGY_DEPLETED,8
570,0.9859,-142.0,50,0,17,0,0,0,ENERGY_DEPLETED,8
571,0.9858,-142.0,50,0,18,0,0,0,ENERGY_DEPLETED,8
572,0.9858,-134.0,50,0,15,0,0,0,ENERGY_DEPLETED,8
573,0.9858,-162.0,50,0,23,0,0,0,ENERGY_DEPLETED,8
574,0.9858,-118.0,50,0,12,0,0,0,ENERGY_DEPLETED,8
575,0.9857,-130.0,50,0,15,0,0,0,ENERGY_DEPLETED,8
576,0.9857,-118.0,50,0,12,0,0,0,ENERGY_DEPLETED,8
577,0.9857,-114.0,50,0,11,0,0,0,ENERGY_DEPLETED,8
578,0.9857,-118.0,50,0,12,0,0,0,ENERGY_DEPLETED,8
579,0.9856,-134.0,50,0,15,0,0,0,ENERGY_DEPLETED,8
580,0.9856,-146.0,50,0,18,0,0,0,ENERGY_DEPLETED,8
581,0.9856,-110.0,50,0,9,0,0,0,ENERGY_DEPLETED,8
582,0.9856,-142.0,50,0,18,0,0,0,ENERGY_DEPLETED,8
583,0.9856,-106.0,50,0,8,0,0,0,ENERGY_DEPLETED,8
584,0.9855,-142.0,50,0,17,0,0,0,ENERGY_DEPLETED,8
585,0.9855,-126.0,50,0,13,0,0,0,ENERGY_DEPLETED,8
586,0.9855,-150.0,50,0,20,0,0,0,ENERGY_DEPLETED,8
587,0.9855,-118.0,50,0,12,0,0,0,ENERGY_DEPLETED,8
588,0.9854,-134.0,50,0,16,0,0,0,ENERGY_DEPLETED,8
589,0.9854,-130.0,50,0,15,0,0,0,ENERGY_DEPLETED,8
590,0.9854,-126.0,50,0,14,0,0,0,ENERGY_DEPLETED,8
591,0.9854,-118.0,50,0,12,0,0,0,ENERGY_DEPLETED,8
592,0.9853,-134.0,50,0,16,0,0,0,ENERGY_DEPLETED,8
593,0.9853,-126.0,50,0,13,0,0,0,ENERGY_DEPLETED,8
594,0.9853,-158.0,50,0,22,0,0,0,ENERGY_DEPLETED,8
595,0.9853,-142.0,50,0,18,0,0,0,ENERGY_DEPLETED,8
596,0.9852,-122.0,50,0,13,0,0,0,ENERGY_DEPLETED,8
597,0.9852,-114.0,50,0,11,0,0,0,ENERGY_DEPLETED,8
598,0.9852,-130.0,50,0,15,0,0,0,ENERGY_DEPLETED,8
599,0.9852,-102.0,50,0,8,0,0,0,ENERGY_DEPLETED,8
600,0.9851,-138.0,50,0,17,0,0,0,ENERGY_DEPLETED,8
601,0.9851,-142.0,50,0,18,0,0,0,ENERGY_DEPLETED,8
602,0.9851,-134.0,50,0,15,0,0,0,ENERGY_DEPLETED,8
603,0.9851,-114.0,50,0,11,0,0,0,ENERGY_DEPLETED,8
604,0.985,-118.0,50,0,11,0,0,0,ENERGY_DEPLETED,8
605,0.985,-150.0,50,0,19,0,0,0,ENERGY_DEPLETED,8
606,0.985,-122.0,50,0,12,0,0,0,ENERGY_DEPLETED,8
607,0.985,-126.0,50,0,14,0,0,0,ENERGY_DEPLETED,8
608,0.9849,-142.0,50,0,18,0,0,0,ENERGY_DEPLETED,8
609,0.9849,-166.0,50,0,23,0,0,0,ENERGY_DEPLETED,8
610,0.9849,-102.0,50,0,8,0,0,0,ENERGY_DEPLETED,8
611,0.9849,-122.0,50,0,13,0,0,0,ENERGY_DEPLETED,8
612,0.9848,-150.0,50,0,20,0,0,0,ENERGY_DEPLETED,8
613,0.9848,-122.0,50,0,12,0,0,0,ENERGY_DEPLETED,8
614,0.9848,-138.0,50,0,16,0,0,0,ENERGY_DEPLETED,8
615,0.9848,-166.0,50,0,23,0,0,0,ENERGY_DEPLETED,8
616,0.9847,-122.0,50,0,13,0,0,0,ENERGY_DEPLETED,8
617,0.9847,-126.0,50,0,14,0,0,0,ENERGY_DEPLETED,8
618,0.9847,-142.0,50,0,18,0,0,0,ENERGY_DEPLETED,8
619,0.9847,-102.0,50,0,7,0,0,0,ENERGY_DEPLETED,8
620,0.9846,-126.0,50,0,13,0,0,0,ENERGY_DEPLETED,8
621,0.9846,-134.0,50,0,15,0,0,0,ENERGY_DEPLETED,8
622,0.9846,-122.0,50,0,13,0,0,0,ENERGY_DEPLETED,8
623,0.9846,-146.0,50,0,19,0,0,0,ENERGY_DEPLETED,8
624,0.9845,-106.0,50,0,9,0,0,0,ENERGY_DEPLETED,8
625,0.9845,-150.0,50,0,20,0,0,0,ENERGY_DEPLETED,8
626,0.9845,-134.0,50,0,15,0,0,0,ENERGY_DEPLETED,8
627,0.9845,-142.0,50,0,17,0,0,0,ENERGY_DEPLETED,8
628,0.9844,-142.0,50,0,18,0,0,0,ENERGY_DEPLETED,8
629,0.9844,-98.0,50,0,7,0,0,0,ENERGY_DEPLETED,8
630,0.9844,-130.0,50,0,15,0,0,0,ENERGY_DEPLETED,8
631,0.9844,-158.0,50,0,22,0,0,0,ENERGY_DEPLETED,8
632,0.9843,-110.0,50,0,10,0,0,0,ENERGY_DEPLETED,8
633,0.9843,-122.0,50,0,12,0,0,0,ENERGY_DEPLETED,8
634,0.9843,-118.0,50,0,12,0,0,0,ENERGY_DEPLETED,8
635,0.9843,-158.0,50,0,22,0,0,0,ENERGY_DEPLETED,8
636,0.9842,-162.0,50,0,22,0,0,0,ENERGY_DEPLETED,8
637,0.9842,-150.0,50,0,20,0,0,0,ENERGY_DEPLETED,8
638,0.9842,-138.0,50,0,17,0,0,0,ENERGY_DEPLETED,8
639,0.9842,-134.0,50,0,15,0,0,0,ENERGY_DEPLETED,8
640,0.9841,-126.0,50,0,14,0,0,0,ENERGY_DEPLETED,8
641,0.9841,-146.0,50,0,19,0,0,0,ENERGY_DEPLETED,8
642,0.9841,-94.0,50,0,5,0,0,0,ENERGY_DEPLETED,8
643,0.9841,-134.0,50,0,16,0,0,0,ENERGY_DEPLETED,8
644,0.9841,-138.0,50,0,17,0,0,0,ENERGY_DEPLETED,8
645,0.984,-130.0,50,0,15,0,0,0,ENERGY_DEPLETED,8
646,0.984,-114.0,50,0,11,0,0,0,ENERGY_DEPLETED,8
647,0.984,-138.0,50,0,17,0,0,0,ENERGY_DEPLETED,8
648,0.984,-138.0,50,0,17,0,0,0,ENERGY_DEPLETED,8
649,0.9839,-118.0,50,0,11,0,0,0,ENERGY_DEPLETED,8
650,0.9839,-146.0,50,0,19,0,0,0,ENERGY_DEPLETED,8
651,0.9839,-134.0,50,0,16,0,0,0,ENERGY_DEPLETED,8
652,0.9839,-126.0,50,0,13,0,0,0,ENERGY_DEPLETED,8
653,0.9838,-146.0,50,0,19,0,0,0,ENERGY_DEPLETED,8
654,0.9838,-162.0,50,0,23,0,0,0,ENERGY_DEPLETED,8
655,0.9838,-150.0,50,0,20,0,0,0,ENERGY_DEPLETED,8
656,0.9838,-150.0,50,0,19,0,0,0,ENERGY_DEPLETED,8
657,0.9837,-118.0,50,0,11,0,0,0,ENERGY_DEPLETED,8
658,0.9837,-126.0,50,0,13,0,0,0,ENERGY_DEPLETED,8
659,0.9837,-142.0,50,0,17,0,0,0,ENERGY_DEPLETED,8
660,0.9837,-134.0,50,0,16,0,0,0,ENERGY_DEPLETED,8
661,0.9836,-166.0,50,0,23,0,0,0,ENERGY_DEPLETED,8
662,0.9836,-134.0,50,0,15,0,0,0,ENERGY_DEPLETED,8
663,0.9836,-122.0,50,0,13,0,0,0,ENERGY_DEPLETED,8
664,0.9836,-146.0,50,0,19,0,0,0,ENERGY_DEPLETED,8
665,0.9835,-134.0,50,0,15,0,0,0,ENERGY_DEPLETED,8
666,0.9835,-146.0,50,0,19,0,0,0,ENERGY_DEPLETED,8
667,0.9835,-154.0,50,0,21,0,0,0,ENERGY_DEPLETED,8
668,0.9835,-114.0,50,0,11,0,0,0,ENERGY_DEPLETED,8
669,0.9834,-122.0,50,0,13,0,0,0,ENERGY_DEPLETED,8
670,0.9834,-142.0,50,0,17,0,0,0,ENERGY_DEPLETED,8
671,0.9834,-142.0,50,0,17,0,0,0,ENERGY_DEPLETED,8
672,0.9834,-134.0,50,0,16,0,0,0,ENERGY_DEPLETED,8
673,0.9833,-130.0,50,0,15,0,0,0,ENERGY_DEPLETED,8
674,0.9833,-126.0,50,0,14,0,0,0,ENERGY_DEPLETED,8
675,0.9833,-150.0,50,0,20,0,0,0,ENERGY_DEPLETED,8
676,0.9833,-118.0,50,0,12,0,0,0,ENERGY_DEPLETED,8
677,0.9832,-82.0,50,0,3,0,0,0,ENERGY_DEPLETED,8
678,0.9832,-126.0,50,0,14,0,0,0,ENERGY_DEPLETED,8
679,0.9832,-118.0,50,0,12,0,0,0,ENERGY_DEPLETED,8
680,0.9832,-122.0,50,0,13,0,0,0,ENERGY_DEPLETED,8
681,0.9831,-134.0,50,0,15,0,0,0,ENERGY_DEPLETED,8
682,0.9831,-158.0,50,0,22,0,0,0,ENERGY_DEPLETED,8
683,0.9831,-126.0,50,0,13,0,0,0,ENERGY_DEPLETED,8
684,0.9831,-118.0,50,0,12,0,0,0,ENERGY_DEPLETED,8
685,0.983,-146.0,50,0,19,0,0,0,ENERGY_DEPLETED,8
686,0.983,-130.0,50,0,15,0,0,0,ENERGY_DEPLETED,8
687,0.983,-134.0,50,0,16,0,0,0,ENERGY_DEPLETED,8
688,0.983,-142.0,50,0,17,0,0,0,ENERGY_DEPLETED,8
689,0.9829,-130.0,50,0,15,0,0,0,ENERGY_DEPLETED,8
690,0.9829,-150.0,50,0,20,0,0,0,ENERGY_DEPLETED,8
691,0.9829,-134.0,50,0,15,0,0,0,ENERGY_DEPLETED,8
692,0.9829,-114.0,50,0,11,0,0,0,ENERGY_DEPLETED,8
693,0.9828,-150.0,50,0,20,0,0,0,ENERGY_DEPLETED,8
694,0.9828,-166.0,50,0,23,0,0,0,ENERGY_DEPLETED,8
695,0.9828,-134.0,50,0,16,0,0,0,ENERGY_DEPLETED,8
696,0.9828,-126.0,50,0,13,0,0,0,ENERGY_DEPLETED,8
697,0.9828,-138.0,50,0,17,0,0,0,ENERGY_DEPLETED,8
698,0.9827,-110.0,50,0,10,0,0,0,ENERGY_DEPLETED,8
699,0.9827,-126.0,50,0,14,0,0,0,ENERGY_DEPLETED,8
700,0.9827,-138.0,50,0,16,0,0,0,ENERGY_DEPLETED,8
701,0.9827,-158.0,50,0,22,0,0,0,ENERGY_DEPLETED,8
702,0.9826,-134.0,50,0,15,0,0,0,ENERGY_DEPLETED,8
703,0.9826,-134.0,50,0,16,0,0,0,ENERGY_DEPLETED,8
704,0.9826,-142.0,50,0,18,0,0,0,ENERGY_DEPLETED,8
705,0.9826,-134.0,50,0,16,0,0,0,ENERGY_DEPLETED,8
706,0.9825,-126.0,50,0,14,0,0,0,ENERGY_DEPLETED,8
707,0.9825,-118.0,50,0,12,0,0,0,ENERGY_DEPLETED,8
708,0.9825,-90.0,50,0,5,0,0,0,ENERGY_DEPLETED,8
709,0.9825,-146.0,50,0,19,0,0,0,ENERGY_DEPLETED,8
710,0.9824,-130.0,50,0,15,0,0,0,ENERGY_DEPLETED,8
711,0.9824,-130.0,50,0,15,0,0,0,ENERGY_DEPLETED,8
712,0.9824,-130.0,50,0,15,0,0,0,ENERGY_DEPLETED,8
713,0.9824,-114.0,50,0,11,0,0,0,ENERGY_DEPLETED,8
714,0.9823,-142.0,50,0,18,0,0,0,ENERGY_DEPLETED,8
715,0.9823,-150.0,50,0,20,0,0,0,ENERGY_DEPLETED,8
716,0.9823,-118.0,50,0,11,0,0,0,ENERGY_DEPLETED,8
717,0.9823,-110.0,50,0,10,0,0,0,ENERGY_DEPLETED,8
718,0.9822,-138.0,50,0,17,0,0,0,ENERGY_DEPLETED,8
719,0.9822,-118.0,50,0,12,0,0,0,ENERGY_DEPLETED,8
720,0.9822,-118.0,50,0,11,0,0,0,ENERGY_DEPLETED,8
721,0.9822,-130.0,50,0,15,0,0,0,ENERGY_DEPLETED,8
722,0.9821,-114.0,50,0,11,0,0,0,ENERGY_DEPLETED,8
723,0.9821,-134.0,50,0,15,0,0,0,ENERGY_DEPLETED,8
724,0.9821,-126.0,50,0,13,0,0,0,ENERGY_DEPLETED,8
725,0.9821,-142.0,50,0,18,0,0,0,ENERGY_DEPLETED,8
726,0.982,-118.0,50,0,11,0,0,0,ENERGY_DEPLETED,8
727,0.982,-118.0,50,0,12,0,0,0,ENERGY_DEPLETED,8
728,0.982,-106.0,50,0,9,0,0,0,ENERGY_DEPLETED,8
729,0.982,-126.0,50,0,14,0,0,0,ENERGY_DEPLETED,8
730,0.9819,-122.0,50,0,13,0,0,0,ENERGY_DEPLETED,8
731,0.9819,-154.0,50,0,21,0,0,0,ENERGY_DEPLETED,8
732,0.9819,-118.0,50,0,11,0,0,0,ENERGY_DEPLETED,8
733,0.9819,-142.0,50,0,17,0,0,0,ENERGY_DEPLETED,8
734,0.9818,-126.0,50,0,14,0,0,0,ENERGY_DEPLETED,8
735,0.9818,-134.0,50,0,16,0,0,0,ENERGY_DEPLETED,8
736,0.9818,-114.0,50,0,11,0,0,0,ENERGY_DEPLETED,8
737,0.9818,-134.0,50,0,15,0,0,0,ENERGY_DEPLETED,8
738,0.9817,-154.0,50,0,20,0,0,0,ENERGY_DEPLETED,8
739,0.9817,-182.0,50,0,28,0,0,0,ENERGY_DEPLETED,8
740,0.9817,-126.0,50,0,14,0,0,0,ENERGY_DEPLETED,8
741,0.9817,-126.0,50,0,14,0,0,0,ENERGY_DEPLETED,8
742,0.9816,-126.0,50,0,14,0,0,0,ENERGY_DEPLETED,8
743,0.9816,-182.0,50,0,27,0,0,0,ENERGY_DEPLETED,8
744,0.9816,-106.0,50,0,9,0,0,0,ENERGY_DEPLETED,8
745,0.9816,-130.0,50,0,14,0,0,0,ENERGY_DEPLETED,8
746,0.9815,-118.0,50,0,12,0,0,0,ENERGY_DEPLETED,8
747,0.9815,-126.0,50,0,14,0,0,0,ENERGY_DEPLETED,8
748,0.9815,-134.0,50,0,16,0,0,0,ENERGY_DEPLETED,8
749,0.9815,-127.0,50,0,11,1,0,0,ENERGY_DEPLETED,8
750,0.9815,-146.0,50,0,19,0,0,0,ENERGY_DEPLETED,8
751,0.9814,-134.0,50,0,15,0,0,0,ENERGY_DEPLETED,8
752,0.9814,-122.0,50,0,12,0,0,0,ENERGY_DEPLETED,8
753,0.9814,-102.0,50,0,8,0,0,0,ENERGY_DEPLETED,8
754,0.9814,-142.0,50,0,17,0,0,0,ENERGY_DEPLETED,8
755,0.9813,-134.0,50,0,16,0,0,0,ENERGY_DEPLETED,8
756,0.9813,-110.0,50,0,10,0,0,0,ENERGY_DEPLETED,8
757,0.9813,-130.0,50,0,15,0,0,0,ENERGY_DEPLETED,8
758,0.9813,-92.0,50,0,18,0,0,0,ENERGY_DEPLETED,8
759,0.9812,-126.0,50,0,13,0,0,0,ENERGY_DEPLETED,8
760,0.9812,-68.0,50,0,12,0,1,0,ENERGY_DEPLETED,8
761,0.9812,-122.0,50,0,13,0,0,0,ENERGY_DEPLETED,8
762,0.9812,-150.0,50,0,19,0,0,0,ENERGY_DEPLETED,8
763,0.9811,-130.0,50,0,15,0,0,0,ENERGY_DEPLETED,8
764,0.9811,-134.0,50,0,16,0,0,0,ENERGY_DEPLETED,8
765,0.9811,-118.0,50,0,12,0,0,0,ENERGY_DEPLETED,8
766,0.9811,-142.0,50,0,17,0,0,0,ENERGY_DEPLETED,8
767,0.981,-102.0,50,0,8,0,0,0,ENERGY_DEPLETED,8
768,0.981,-130.0,50,0,15,0,0,0,ENERGY_DEPLETED,8
769,0.981,-138.0,50,0,17,0,0,0,ENERGY_DEPLETED,8
770,0.981,-114.0,50,0,11,0,0,0,ENERGY_DEPLETED,8
771,0.9809,-134.0,50,0,15,0,0,0,ENERGY_DEPLETED,8
772,0.9809,-154.0,50,0,20,0,0,0,ENERGY_DEPLETED,8
773,0.9809,-122.0,50,0,13,0,0,0,ENERGY_DEPLETED,8
774,0.9809,-122.0,50,0,13,0,0,0,ENERGY_DEPLETED,8
775,0.9808,-130.0,50,0,15,0,0,0,ENERGY_DEPLETED,8
776,0.9808,-146.0,50,0,18,0,0,0,ENERGY_DEPLETED,8
777,0.9808,-126.0,50,0,14,0,0,0,ENERGY_DEPLETED,8
778,0.9808,-138.0,50,0,17,0,0,0,ENERGY_DEPLETED,8
779,0.9807,-118.0,50,0,12,0,0,0,ENERGY_DEPLETED,8
780,0.9807,-118.0,50,0,11,0,0,0,ENERGY_DEPLETED,8
781,0.9807,-126.0,50,0,14,0,0,0,ENERGY_DEPLETED,8
782,0.9807,-126.0,50,0,13,0,0,0,ENERGY_DEPLETED,8
783,0.9806,-110.0,50,0,9,0,0,0,ENERGY_DEPLETED,8
784,0.9806,-142.0,50,0,18,0,0,0,ENERGY_DEPLETED,8
785,0.9806,-126.0,50,0,14,0,0,0,ENERGY_DEPLETED,8
786,0.9806,-146.0,50,0,19,0,0,0,ENERGY_DEPLETED,8
787,0.9805,-130.0,50,0,15,0,0,0,ENERGY_DEPLETED,8
788,0.9805,-130.0,50,0,15,0,0,0,ENERGY_DEPLETED,8
789,0.9805,-126.0,50,0,13,0,0,0,ENERGY_DEPLETED,8
790,0.9805,-154.0,50,0,21,0,0,0,ENERGY_DEPLETED,8
791,0.9804,-158.0,50,0,21,0,0,0,ENERGY_DEPLETED,8
792,0.9804,-154.0,50,0,21,0,0,0,ENERGY_DEPLETED,8
793,0.9804,-130.0,50,0,15,0,0,0,ENERGY_DEPLETED,8
794,0.9804,-174.0,50,0,26,0,0,0,ENERGY_DEPLETED,8
795,0.9803,-122.0,50,0,13,0,0,0,ENERGY_DEPLETED,8
796,0.9803,-68.0,50,0,12,0,1,0,ENERGY_DEPLETED,8
797,0.9803,-130.0,50,0,15,0,0,0,ENERGY_DEPLETED,8
798,0.9803,-158.0,50,0,21,0,0,0,ENERGY_DEPLETED,8
799,0.9803,-142.0,50,0,18,0,0,0,ENERGY_DEPLETED,8
800,0.9802,-138.0,50,0,17,0,0,0,ENERGY_DEPLETED,8
801,0.9802,-114.0,50,0,11,0,0,0,ENERGY_DEPLETED,8
802,0.9802,-114.0,50,0,11,0,0,0,ENERGY_DEPLETED,8
803,0.9802,-126.0,50,0,14,0,0,0,ENERGY_DEPLETED,8
804,0.9801,-134.0,50,0,16,0,0,0,ENERGY_DEPLETED,8
805,0.9801,-122.0,50,0,13,0,0,0,ENERGY_DEPLETED,8
806,0.9801,-154.0,50,0,21,0,0,0,ENERGY_DEPLETED,8
807,0.9801,-138.0,50,0,17,0,0,0,ENERGY_DEPLETED,8
808,0.98,-138.0,50,0,17,0,0,0,ENERGY_DEPLETED,8
809,0.98,-134.0,50,0,15,0,0,0,ENERGY_DEPLETED,8
810,0.98,-138.0,50,0,17,0,0,0,ENERGY_DEPLETED,8
811,0.98,-138.0,50,0,17,0,0,0,ENERGY_DEPLETED,8
812,0.9799,-150.0,50,0,19,0,0,0,ENERGY_DEPLETED,8
813,0.9799,-114.0,50,0,11,0,0,0,ENERGY_DEPLETED,8
814,0.9799,-142.0,50,0,18,0,0,0,ENERGY_DEPLETED,8
815,0.9799,-134.0,50,0,15,0,0,0,ENERGY_DEPLETED,8
816,0.9798,-134.0,50,0,15,0,0,0,ENERGY_DEPLETED,8
817,0.9798,-106.0,50,0,9,0,0,0,ENERGY_DEPLETED,8
818,0.9798,-122.0,50,0,13,0,0,0,ENERGY_DEPLETED,8
819,0.9798,-150.0,50,0,20,0,0,0,ENERGY_DEPLETED,8
820,0.9797,-130.0,50,0,15,0,0,0,ENERGY_DEPLETED,8
821,0.9797,-150.0,50,0,20,0,0,0,ENERGY_DEPLETED,8
822,0.9797,-170.0,50,0,24,0,0,0,ENERGY_DEPLETED,8
823,0.9797,-146.0,50,0,19,0,0,0,ENERGY_DEPLETED,8
824,0.9796,-150.0,50,0,20,0,0,0,ENERGY_DEPLETED,8
825,0.9796,-126.0,50,0,14,0,0,0,ENERGY_DEPLETED,8
826,0.9796,-130.0,50,0,15,0,0,0,ENERGY_DEPLETED,8
827,0.9796,-98.0,50,0,7,0,0,0,ENERGY_DEPLETED,8
828,0.9795,-146.0,50,0,18,0,0,0,ENERGY_DEPLETED,8
829,0.9795,-138.0,50,0,16,0,0,0,ENERGY_DEPLETED,8
830,0.9795,-138.0,50,0,17,0,0,0,ENERGY_DEPLETED,8
831,0.9795,-154.0,50,0,21,0,0,0,ENERGY_DEPLETED,8
832,0.9794,-126.0,50,0,14,0,0,0,ENERGY_DEPLETED,8
833,0.9794,-142.0,50,0,17,0,0,0,ENERGY_DEPLETED,8
834,0.9794,-126.0,50,0,14,0,0,0,ENERGY_DEPLETED,8
835,0.9794,-126.0,50,0,13,0,0,0,ENERGY_DEPLETED,8
836,0.9793,-110.0,50,0,10,0,0,0,ENERGY_DEPLETED,8
837,0.9793,-126.0,50,0,14,0,0,0,ENERGY_DEPLETED,8
838,0.9793,-138.0,50,0,17,0,0,0,ENERGY_DEPLETED,8
839,0.9793,-142.0,50,0,18,0,0,0,ENERGY_DEPLETED,8
840,0.9792,-138.0,50,0,17,0,0,0,ENERGY_DEPLETED,8
841,0.9792,-126.0,50,0,14,0,0,0,ENERGY_DEPLETED,8
842,0.9792,-150.0,50,0,20,0,0,0,ENERGY_DEPLETED,8
843,0.9792,-130.0,50,0,15,0,0,0,ENERGY_DEPLETED,8
844,0.9792,-106.0,50,0,9,0,0,0,ENERGY_DEPLETED,8
845,0.9791,-130.0,50,0,14,0,0,0,ENERGY_DEPLETED,8
846,0.9791,-142.0,50,0,17,0,0,0,ENERGY_DEPLETED,8
847,0.9791,-146.0,50,0,19,0,0,0,ENERGY_DEPLETED,8
848,0.9791,-130.0,50,0,14,0,0,0,ENERGY_DEPLETED,8
849,0.979,-98.0,50,0,7,0,0,0,ENERGY_DEPLETED,8
850,0.979,-134.0,50,0,15,0,0,0,ENERGY_DEPLETED,8
851,0.979,-114.0,50,0,11,0,0,0,ENERGY_DEPLETED,8
852,0.979,-154.0,50,0,21,0,0,0,ENERGY_DEPLETED,8
853,0.9789,-150.0,50,0,20,0,0,0,ENERGY_DEPLETED,8
854,0.9789,-158.0,50,0,21,0,0,0,ENERGY_DEPLETED,8
855,0.9789,-134.0,50,0,15,0,0,0,ENERGY_DEPLETED,8
856,0.9789,-134.0,50,0,16,0,0,0,ENERGY_DEPLETED,8
857,0.9788,-150.0,50,0,19,0,0,0,ENERGY_DEPLETED,8
858,0.9788,-126.0,50,0,13,0,0,0,ENERGY_DEPLETED,8
859,0.9788,-130.0,50,0,14,0,0,0,ENERGY_DEPLETED,8
860,0.9788,-126.0,50,0,14,0,0,0,ENERGY_DEPLETED,8
861,0.9787,-130.0,50,0,15,0,0,0,ENERGY_DEPLETED,8
862,0.9787,-150.0,50,0,20,0,0,0,ENERGY_DEPLETED,8
863,0.9787,-118.0,50,0,12,0,0,0,ENERGY_DEPLETED,8
864,0.9787,-160.0,50,0,18,2,0,0,ENERGY_DEPLETED,8
865,0.9786,-134.0,50,0,16,0,0,0,ENERGY_DEPLETED,8
866,0.9786,-138.0,50,0,17,0,0,0,ENERGY_DEPLETED,8
867,0.9786,-158.0,50,0,22,0,0,0,ENERGY_DEPLETED,8
868,0.9786,-114.0,50,0,11,0,0,0,ENERGY_DEPLETED,8
869,0.9785,-142.0,50,0,18,0,0,0,ENERGY_DEPLETED,8
870,0.9785,-110.0,50,0,10,0,0,0,ENERGY_DEPLETED,8
871,0.9785,-100.0,50,0,20,0,1,0,ENERGY_DEPLETED,8
872,0.9785,-138.0,50,0,17,0,0,0,ENERGY_DEPLETED,8
873,0.9784,-142.0,50,0,17,0,0,0,ENERGY_DEPLETED,8
874,0.9784,-122.0,50,0,13,0,0,0,ENERGY_DEPLETED,8
875,0.9784,-126.0,50,0,14,0,0,0,ENERGY_DEPLETED,8
876,0.9784,-126.0,50,0,13,0,0,0,ENERGY_DEPLETED,8
877,0.9783,-142.0,50,0,17,0,0,0,ENERGY_DEPLETED,8
878,0.9783,-146.0,50,0,18,0,0,0,ENERGY_DEPLETED,8
879,0.9783,-154.0,50,0,20,0,0,0,ENERGY_DEPLETED,8
880,0.9783,-114.0,50,0,11,0,0,0,ENERGY_DEPLETED,8
881,0.9782,-134.0,50,0,16,0,0,0,ENERGY_DEPLETED,8
882,0.9782,-122.0,50,0,13,0,0,0,ENERGY_DEPLETED,8
883,0.9782,-126.0,50,0,13,0,0,0,ENERGY_DEPLETED,8
884,0.9782,-122.0,50,0,13,0,0,0,ENERGY_DEPLETED,8
885,0.9781,-118.0,50,0,12,0,0,0,ENERGY_DEPLETED,8
886,0.9781,-130.0,50,0,15,0,0,0,ENERGY_DEPLETED,8
887,0.9781,-134.0,50,0,16,0,0,0,ENERGY_DEPLETED,8
888,0.9781,-110.0,50,0,10,0,0,0,ENERGY_DEPLETED,8
889,0.9781,-138.0,50,0,17,0,0,0,ENERGY_DEPLETED,8
890,0.978,-118.0,50,0,12,0,0,0,ENERGY_DEPLETED,8
891,0.978,-146.0,50,0,19,0,0,0,ENERGY_DEPLETED,8
892,0.978,-130.0,50,0,15,0,0,0,ENERGY_DEPLETED,8
893,0.978,-122.0,50,0,13,0,0,0,ENERGY_DEPLETED,8
894,0.9779,-126.0,50,0,14,0,0,0,ENERGY_DEPLETED,8
895,0.9779,-118.0,50,0,12,0,0,0,ENERGY_DEPLETED,8
896,0.9779,-122.0,50,0,13,0,0,0,ENERGY_DEPLETED,8
897,0.9779,-110.0,50,0,9,0,0,0,ENERGY_DEPLETED,8
898,0.9778,-114.0,50,0,11,0,0,0,ENERGY_DEPLETED,8
899,0.9778,-110.0,50,0,9,0,0,0,ENERGY_DEPLETED,8
900,0.9778,-60.0,50,0,10,0,1,0,ENERGY_DEPLETED,8
901,0.9778,-142.0,50,0,18,0,0,0,ENERGY_DEPLETED,8
902,0.9777,-122.0,50,0,13,0,0,0,ENERGY_DEPLETED,8
903,0.9777,-44.0,50,0,6,0,0,0,ENERGY_DEPLETED,8
904,0.9777,-130.0,50,0,15,0,0,0,ENERGY_DEPLETED,8
905,0.9777,-118.0,50,0,12,0,0,0,ENERGY_DEPLETED,8
906,0.9776,-122.0,50,0,12,0,0,0,ENERGY_DEPLETED,8
907,0.9776,-118.0,50,0,11,0,0,0,ENERGY_DEPLETED,8
908,0.9776,-154.0,50,0,21,0,0,0,ENERGY_DEPLETED,8
909,0.9776,-118.0,50,0,12,0,0,0,ENERGY_DEPLETED,8
910,0.9775,-146.0,50,0,18,0,0,0,ENERGY_DEPLETED,8
911,0.9775,-118.0,50,0,12,0,0,0,ENERGY_DEPLETED,8
912,0.9775,-142.0,50,0,18,0,0,0,ENERGY_DEPLETED,8
913,0.9775,-102.0,50,0,8,0,0,0,ENERGY_DEPLETED,8
914,0.9774,-114.0,50,0,11,0,0,0,ENERGY_DEPLETED,8
915,0.9774,-134.0,50,0,15,0,0,0,ENERGY_DEPLETED,8
916,0.9774,-130.0,50,0,15,0,0,0,ENERGY_DEPLETED,8
917,0.9774,-118.0,50,0,12,0,0,0,ENERGY_DEPLETED,8
918,0.9773,-142.0,50,0,18,0,0,0,ENERGY_DEPLETED,8
919,0.9773,-146.0,50,0,19,0,0,0,ENERGY_DEPLETED,8
920,0.9773,-126.0,50,0,14,0,0,0,ENERGY_DEPLETED,8
921,0.9773,-142.0,50,0,18,0,0,0,ENERGY_DEPLETED,8
922,0.9772,-122.0,50,0,13,0,0,0,ENERGY_DEPLETED,8
923,0.9772,-138.0,50,0,17,0,0,0,ENERGY_DEPLETED,8
924,0.9772,-134.0,50,0,15,0,0,0,ENERGY_DEPLETED,8
925,0.9772,-118.0,50,0,11,0,0,0,ENERGY_DEPLETED,8
926,0.9771,-122.0,50,0,13,0,0,0,ENERGY_DEPLETED,8
927,0.9771,-118.0,50,0,11,0,0,0,ENERGY_DEPLETED,8
928,0.9771,-134.0,50,0,16,0,0,0,ENERGY_DEPLETED,8
929,0.9771,-134.0,50,0,16,0,0,0,ENERGY_DEPLETED,8
930,0.9771,-142.0,50,0,17,0,0,0,ENERGY_DEPLETED,8
931,0.977,-94.0,50,0,6,0,0,0,ENERGY_DEPLETED,8
932,0.977,-146.0,50,0,19,0,0,0,ENERGY_DEPLETED,8
933,0.977,-130.0,50,0,15,0,0,0,ENERGY_DEPLETED,8
934,0.977,-134.0,50,0,15,0,0,0,ENERGY_DEPLETED,8
935,0.9769,-134.0,50,0,16,0,0,0,ENERGY_DEPLETED,8
936,0.9769,-150.0,50,0,20,0,0,0,ENERGY_DEPLETED,8
937,0.9769,-138.0,50,0,17,0,0,0,ENERGY_DEPLETED,8
938,0.9769,-126.0,50,0,14,0,0,0,ENERGY_DEPLETED,8
939,0.9768,-114.0,50,0,11,0,0,0,ENERGY_DEPLETED,8
940,0.9768,-150.0,50,0,20,0,0,0,ENERGY_DEPLETED,8
941,0.9768,-158.0,50,0,21,0,0,0,ENERGY_DEPLETED,8
942,0.9768,-118.0,50,0,11,0,0,0,ENERGY_DEPLETED,8
943,0.9767,-119.0,50,0,10,0,0,0,ENERGY_DEPLETED,8
944,0.9767,-150.0,50,0,20,0,0,0,ENERGY_DEPLETED,8
945,0.9767,-130.0,50,0,14,0,0,0,ENERGY_DEPLETED,8
946,0.9767,-102.0,50,0,8,0,0,0,ENERGY_DEPLETED,8
947,0.9766,-150.0,50,0,20,0,0,0,ENERGY_DEPLETED,8
948,0.9766,-118.0,50,0,12,0,0,0,ENERGY_DEPLETED,8
949,0.9766,-130.0,50,0,15,0,0,0,ENERGY_DEPLETED,8
950,0.9766,-138.0,50,0,17,0,0,0,ENERGY_DEPLETED,8
951,0.9765,-150.0,50,0,20,0,0,0,ENERGY_DEPLETED,8
952,0.9765,-126.0,50,0,14,0,0,0,ENERGY_DEPLETED,8
953,0.9765,-106.0,50,0,9,0,0,0,ENERGY_DEPLETED,8
954,0.9765,-118.0,50,0,11,0,0,0,ENERGY_DEPLETED,8
955,0.9764,-80.0,50,0,15,0,1,0,ENERGY_DEPLETED,8
956,0.9764,-134.0,50,0,16,0,0,0,ENERGY_DEPLETED,8
957,0.9764,-118.0,50,0,12,0,0,0,ENERGY_DEPLETED,8
958,0.9764,-90.0,50,0,4,0,0,0,ENERGY_DEPLETED,8
959,0.9763,-110.0,50,0,9,0,0,0,ENERGY_DEPLETED,8
960,0.9763,-118.0,50,0,12,0,0,0,ENERGY_DEPLETED,8
961,0.9763,-178.0,50,0,27,0,0,0,ENERGY_DEPLETED,8
962,0.9763,-122.0,50,0,13,0,0,0,ENERGY_DEPLETED,8
963,0.9762,-110.0,50,0,10,0,0,0,ENERGY_DEPLETED,8
964,0.9762,-114.0,50,0,11,0,0,0,ENERGY_DEPLETED,8
965,0.9762,-114.0,50,0,11,0,0,0,ENERGY_DEPLETED,8
966,0.9762,-162.0,50,0,22,0,0,0,ENERGY_DEPLETED,8
967,0.9761,-122.0,50,0,12,0,0,0,ENERGY_DEPLETED,8
968,0.9761,-102.0,50,0,8,0,0,0,ENERGY_DEPLETED,8
969,0.9761,-138.0,50,0,16,0,0,0,ENERGY_DEPLETED,8
970,0.9761,-126.0,50,0,13,0,0,0,ENERGY_DEPLETED,8
971,0.9761,-98.0,50,0,6,0,0,0,ENERGY_DEPLETED,8
972,0.976,-130.0,50,0,15,0,0,0,ENERGY_DEPLETED,8
973,0.976,-106.0,50,0,9,0,0,0,ENERGY_DEPLETED,8
974,0.976,-134.0,50,0,15,0,0,0,ENERGY_DEPLETED,8
975,0.976,-162.0,50,0,23,0,0,0,ENERGY_DEPLETED,8
976,0.9759,-122.0,50,0,13,0,0,0,ENERGY_DEPLETED,8
977,0.9759,-134.0,50,0,16,0,0,0,ENERGY_DEPLETED,8
978,0.9759,-150.0,50,0,20,0,0,0,ENERGY_DEPLETED,8
979,0.9759,-146.0,50,0,19,0,0,0,ENERGY_DEPLETED,8
980,0.9758,-110.0,50,0,10,0,0,0,ENERGY_DEPLETED,8
981,0.9758,-138.0,50,0,17,0,0,0,ENERGY_DEPLETED,8
982,0.9758,-114.0,50,0,10,0,0,0,ENERGY_DEPLETED,8
983,0.9758,-118.0,50,0,12,0,0,0,ENERGY_DEPLETED,8
984,0.9757,-178.0,50,0,27,0,0,0,ENERGY_DEPLETED,8
985,0.9757,-114.0,50,0,11,0,0,0,ENERGY_DEPLETED,8
986,0.9757,-142.0,50,0,17,0,0,0,ENERGY_DEPLETED,8
987,0.9757,-142.0,50,0,18,0,0,0,ENERGY_DEPLETED,8
988,0.9756,-126.0,50,0,14,0,0,0,ENERGY_DEPLETED,8
989,0.9756,-130.0,50,0,15,0,0,0,ENERGY_DEPLETED,8
990,0.9756,-122.0,50,0,13,0,0,0,ENERGY_DEPLETED,8
991,0.9756,-106.0,50,0,9,0,0,0,ENERGY_DEPLETED,8
992,0.9755,-118.0,50,0,12,0,0,0,ENERGY_DEPLETED,8
993,0.9755,-106.0,50,0,9,0,0,0,ENERGY_DEPLETED,8
994,0.9755,-162.0,50,0,23,0,0,0,ENERGY_DEPLETED,8
995,0.9755,-134.0,50,0,15,0,0,0,ENERGY_DEPLETED,8
996,0.9754,-146.0,50,0,19,0,0,0,ENERGY_DEPLETED,8
997,0.9754,-110.0,50,0,10,0,0,0,ENERGY_DEPLETED,8
998,0.9754,-130.0,50,0,15,0,0,0,ENERGY_DEPLETED,8
999,0.9754,-146.0,50,0,19,0,0,0,ENERGY_DEPLETED,8
1000,0.9753,-126.0,50,0,13,0,0,0,ENERGY_DEPLETED,8
1001,0.9753,-129.0,50,0,8,3,0,0,ENERGY_DEPLETED,8
1002,0.9753,-138.0,50,0,17,0,0,0,ENERGY_DEPLETED,8
1003,0.9753,-150.0,50,0,19,0,0,0,ENERGY_DEPLETED,8
1004,0.9752,-130.0,50,0,14,0,0,0,ENERGY_DEPLETED,8
1005,0.9752,-118.0,50,0,12,0,0,0,ENERGY_DEPLETED,8
1006,0.9752,-146.0,50,0,19,0,0,0,ENERGY_DEPLETED,8
1007,0.9752,-146.0,50,0,18,0,0,0,ENERGY_DEPLETED,8
1008,0.9751,-110.0,50,0,10,0,0,0,ENERGY_DEPLETED,8
1009,0.9751,-130.0,50,0,15,0,0,0,ENERGY_DEPLETED,8
1010,0.9751,-102.0,50,0,7,0,0,0,ENERGY_DEPLETED,8
1011,0.9751,-130.0,50,0,15,0,0,0,ENERGY_DEPLETED,8
1012,0.9751,-118.0,50,0,11,0,0,0,ENERGY_DEPLETED,8
1013,0.975,-138.0,50,0,17,0,0,0,ENERGY_DEPLETED,8
1014,0.975,-114.0,50,0,11,0,0,0,ENERGY_DEPLETED,8
1015,0.975,-122.0,50,0,12,0,0,0,ENERGY_DEPLETED,8
1016,0.975,-138.0,50,0,17,0,0,0,ENERGY_DEPLETED,8
1017,0.9749,-154.0,50,0,21,0,0,0,ENERGY_DEPLETED,8
1018,0.9749,-138.0,50,0,17,0,0,0,ENERGY_DEPLETED,8
1019,0.9749,-126.0,50,0,14,0,0,0,ENERGY_DEPLETED,8
1020,0.9749,-130.0,50,0,15,0,0,0,ENERGY_DEPLETED,8
1021,0.9748,-110.0,50,0,10,0,0,0,ENERGY_DEPLETED,8
1022,0.9748,-106.0,50,0,9,0,0,0,ENERGY_DEPLETED,8
1023,0.9748,-110.0,50,0,10,0,0,0,ENERGY_DEPLETED,8
1024,0.9748,-130.0,50,0,15,0,0,0,ENERGY_DEPLETED,8
1025,0.9747,-68.0,50,0,12,0,1,0,ENERGY_DEPLETED,8
1026,0.9747,-134.0,50,0,15,0,0,0,ENERGY_DEPLETED,8
1027,0.9747,-166.0,50,0,24,0,0,0,ENERGY_DEPLETED,8
1028,0.9747,-126.0,50,0,13,0,0,0,ENERGY_DEPLETED,8
1029,0.9746,-130.0,50,0,15,0,0,0,ENERGY_DEPLETED,8
1030,0.9746,-134.0,50,0,15,0,0,0,ENERGY_DEPLETED,8
1031,0.9746,-126.0,50,0,14,0,0,0,ENERGY_DEPLETED,8
1032,0.9746,-118.0,50,0,12,0,0,0,ENERGY_DEPLETED,8
1033,0.9745,-118.0,50,0,12,0,0,0,ENERGY_DEPLETED,8
1034,0.9745,-122.0,50,0,13,0,0,0,ENERGY_DEPLETED,8
1035,0.9745,-118.0,50,0,12,0,0,0,ENERGY_DEPLETED,8
1036,0.9745,-150.0,50,0,20,0,0,0,ENERGY_DEPLETED,8
1037,0.9744,-154.0,50,0,21,0,0,0,ENERGY_DEPLETED,8
1038,0.9744,-94.0,50,0,6,0,0,0,ENERGY_DEPLETED,8
1039,0.9744,-118.0,50,0,12,0,0,0,ENERGY_DEPLETED,8
1040,0.9744,-106.0,50,0,9,0,0,0,ENERGY_DEPLETED,8
1041,0.9743,-138.0,50,0,17,0,0,0,ENERGY_DEPLETED,8
1042,0.9743,-134.0,50,0,16,0,0,0,ENERGY_DEPLETED,8
1043,0.9743,-122.0,50,0,13,0,0,0,ENERGY_DEPLETED,8
1044,0.9743,-122.0,50,0,13,0,0,0,ENERGY_DEPLETED,8
1045,0.9742,-134.0,50,0,15,0,0,0,ENERGY_DEPLETED,8
1046,0.9742,-102.0,50,0,8,0,0,0,ENERGY_DEPLETED,8
1047,0.9742,-146.0,50,0,18,0,0,0,ENERGY_DEPLETED,8
1048,0.9742,-118.0,50,0,12,0,0,0,ENERGY_DEPLETED,8
1049,0.9742,-142.0,50,0,18,0,0,0,ENERGY_DEPLETED,8
1050,0.9741,-126.0,50,0,13,0,0,0,ENERGY_DEPLETED,8
1051,0.9741,-118.0,50,0,12,0,0,0,ENERGY_DEPLETED,8
1052,0.9741,-94.0,50,0,6,0,0,0,ENERGY_DEPLETED,8
1053,0.9741,-142.0,50,0,17,0,0,0,ENERGY_DEPLETED,8
1054,0.974,-118.0,50,0,12,0,0,0,ENERGY_DEPLETED,8
1055,0.974,-158.0,50,0,21,0,0,0,ENERGY_DEPLETED,8
1056,0.974,-150.0,50,0,20,0,0,0,ENERGY_DEPLETED,8
1057,0.974,-130.0,50,0,15,0,0,0,ENERGY_DEPLETED,8
1058,0.9739,-122.0,50,0,13,0,0,0,ENERGY_DEPLETED,8
1059,0.9739,-134.0,50,0,16,0,0,0,ENERGY_DEPLETED,8
1060,0.9739,-138.0,50,0,17,0,0,0,ENERGY_DEPLETED,8
1061,0.9739,-158.0,50,0,22,0,0,0,ENERGY_DEPLETED,8
1062,0.9738,-110.0,50,0,9,0,0,0,ENERGY_DEPLETED,8
1063,0.9738,-143.0,50,0,16,1,0,0,ENERGY_DEPLETED,8
1064,0.9738,-106.0,50,0,9,0,0,0,ENERGY_DEPLETED,8
1065,0.9738,-118.0,50,0,12,0,0,0,ENERGY_DEPLETED,8
1066,0.9737,-142.0,50,0,18,0,0,0,ENERGY_DEPLETED,8
1067,0.9737,-118.0,50,0,11,0,0,0,ENERGY_DEPLETED,8
1068,0.9737,-64.0,50,0,11,0,1,0,ENERGY_DEPLETED,8
1069,0.9737,-122.0,50,0,13,0,0,0,ENERGY_DEPLETED,8
1070,0.9736,-146.0,50,0,19,0,0,0,ENERGY_DEPLETED,8
1071,0.9736,-130.0,50,0,15,0,0,0,ENERGY_DEPLETED,8
1072,0.9736,-122.0,50,0,13,0,0,0,ENERGY_DEPLETED,8
1073,0.9736,-126.0,50,0,13,0,0,0,ENERGY_DEPLETED,8
1074,0.9735,-138.0,50,0,17,0,0,0,ENERGY_DEPLETED,8
1075,0.9735,-134.0,50,0,16,0,0,0,ENERGY_DEPLETED,8
1076,0.9735,-126.0,50,0,14,0,0,0,ENERGY_DEPLETED,8
1077,0.9735,-126.0,50,0,13,0,0,0,ENERGY_DEPLETED,8
1078,0.9734,-130.0,50,0,15,0,0,0,ENERGY_DEPLETED,8
1079,0.9734,-126.0,50,0,13,0,0,0,ENERGY_DEPLETED,8
1080,0.9734,-158.0,50,0,22,0,0,0,ENERGY_DEPLETED,8
1081,0.9734,-150.0,50,0,19,0,0,0,ENERGY_DEPLETED,8
1082,0.9734,-154.0,50,0,21,0,0,0,ENERGY_DEPLETED,8
1083,0.9733,-142.0,50,0,17,0,0,0,ENERGY_DEPLETED,8
1084,0.9733,-154.0,50,0,21,0,0,0,ENERGY_DEPLETED,8
1085,0.9733,-154.0,50,0,21,0,0,0,ENERGY_DEPLETED,8
1086,0.9733,-146.0,50,0,19,0,0,0,ENERGY_DEPLETED,8
1087,0.9732,-130.0,50,0,15,0,0,0,ENERGY_DEPLETED,8
1088,0.9732,-158.0,50,0,21,0,0,0,ENERGY_DEPLETED,8
1089,0.9732,-126.0,50,0,14,0,0,0,ENERGY_DEPLETED,8
1090,0.9732,-94.0,50,0,6,0,0,0,ENERGY_DEPLETED,8
1091,0.9731,-134.0,50,0,15,0,0,0,ENERGY_DEPLETED,8
1092,0.9731,-130.0,50,0,15,0,0,0,ENERGY_DEPLETED,8
1093,0.9731,-118.0,50,0,12,0,0,0,ENERGY_DEPLETED,8
1094,0.9731,-114.0,50,0,11,0,0,0,ENERGY_DEPLETED,8
1095,0.973,-130.0,50,0,15,0,0,0,ENERGY_DEPLETED,8
1096,0.973,-126.0,50,0,13,0,0,0,ENERGY_DEPLETED,8
1097,0.973,-146.0,50,0,18,0,0,0,ENERGY_DEPLETED,8
1098,0.973,-158.0,50,0,22,0,0,0,ENERGY_DEPLETED,8
1099,0.9729,-134.0,50,0,15,0,0,0,ENERGY_DEPLETED,8
1100,0.9729,-138.0,50,0,17,0,0,0,ENERGY_DEPLETED,8
1101,0.9729,-126.0,50,0,14,0,0,0,ENERGY_DEPLETED,8
1102,0.9729,-110.0,50,0,10,0,0,0,ENERGY_DEPLETED,8
1103,0.9728,-182.0,50,0,28,0,0,0,ENERGY_DEPLETED,8
1104,0.9728,-130.0,50,0,15,0,0,0,ENERGY_DEPLETED,8
1105,0.9728,-166.0,50,0,24,0,0,0,ENERGY_DEPLETED,8
1106,0.9728,-150.0,50,0,19,0,0,0,ENERGY_DEPLETED,8
1107,0.9727,-142.0,50,0,18,0,0,0,ENERGY_DEPLETED,8
1108,0.9727,-150.0,50,0,20,0,0,0,ENERGY_DEPLETED,8
1109,0.9727,-154.0,50,0,20,0,0,0,ENERGY_DEPLETED,8
1110,0.9727,-126.0,50,0,14,0,0,0,ENERGY_DEPLETED,8
1111,0.9726,-134.0,50,0,16,0,0,0,ENERGY_DEPLETED,8
1112,0.9726,-126.0,50,0,14,0,0,0,ENERGY_DEPLETED,8
1113,0.9726,-110.0,50,0,10,0,0,0,ENERGY_DEPLETED,8
1114,0.9726,-130.0,50,0,15,0,0,0,ENERGY_DEPLETED,8
1115,0.9725,-134.0,50,0,16,0,0,0,ENERGY_DEPLETED,8
1116,0.9725,-122.0,50,0,13,0,0,0,ENERGY_DEPLETED,8
1117,0.9725,-142.0,50,0,18,0,0,0,ENERGY_DEPLETED,8
1118,0.9725,-150.0,50,0,20,0,0,0,ENERGY_DEPLETED,8
1119,0.9725,-146.0,50,0,19,0,0,0,ENERGY_DEPLETED,8
1120,0.9724,-138.0,50,0,17,0,0,0,ENERGY_DEPLETED,8
1121,0.9724,-129.0,50,0,8,3,0,0,ENERGY_DEPLETED,8
1122,0.9724,-130.0,50,0,15,0,0,0,ENERGY_DEPLETED,8
1123,0.9724,-126.0,50,0,14,0,0,0,ENERGY_DEPLETED,8
1124,0.9723,-154.0,50,0,21,0,0,0,ENERGY_DEPLETED,8
1125,0.9723,-150.0,50,0,19,0,0,0,ENERGY_DEPLETED,8
1126,0.9723,-118.0,50,0,12,0,0,0,ENERGY_DEPLETED,8
1127,0.9723,-134.0,50,0,15,0,0,0,ENERGY_DEPLETED,8
1128,0.9722,-130.0,50,0,15,0,0,0,ENERGY_DEPLETED,8
1129,0.9722,-146.0,50,0,18,0,0,0,ENERGY_DEPLETED,8
1130,0.9722,-102.0,50,0,8,0,0,0,ENERGY_DEPLETED,8
1131,0.9722,-122.0,50,0,12,0,0,0,ENERGY_DEPLETED,8
1132,0.9721,-134.0,50,0,15,0,0,0,ENERGY_DEPLETED,8
1133,0.9721,-126.0,50,0,14,0,0,0,ENERGY_DEPLETED,8
1134,0.9721,-126.0,50,0,14,0,0,0,ENERGY_DEPLETED,8
1135,0.9721,-134.0,50,0,15,0,0,0,ENERGY_DEPLETED,8
1136,0.972,-158.0,50,0,21,0,0,0,ENERGY_DEPLETED,8
1137,0.972,-114.0,50,0,11,0,0,0,ENERGY_DEPLETED,8
1138,0.972,-134.0,50,0,16,0,0,0,ENERGY_DEPLETED,8
1139,0.972,-134.0,50,0,15,0,0,0,ENERGY_DEPLETED,8
1140,0.9719,-138.0,50,0,17,0,0,0,ENERGY_DEPLETED,8
1141,0.9719,-114.0,50,0,11,0,0,0,ENERGY_DEPLETED,8
1142,0.9719,-130.0,50,0,15,0,0,0,ENERGY_DEPLETED,8
1143,0.9719,-134.0,50,0,16,0,0,0,ENERGY_DEPLETED,8
1144,0.9718,-126.0,50,0,14,0,0,0,ENERGY_DEPLETED,8
1145,0.9718,-170.0,50,0,25,0,0,0,ENERGY_DEPLETED,8
1146,0.9718,-134.0,50,0,15,0,0,0,ENERGY_DEPLETED,8
1147,0.9718,-110.0,50,0,10,0,0,0,ENERGY_DEPLETED,8
1148,0.9717,-122.0,50,0,12,0,0,0,ENERGY_DEPLETED,8
1149,0.9717,-142.0,50,0,17,0,0,0,ENERGY_DEPLETED,8
1150,0.9717,-114.0,50,0,11,0,0,0,ENERGY_DEPLETED,8
1151,0.9717,-150.0,50,0,20,0,0,0,ENERGY_DEPLETED,8
1152,0.9717,-134.0,50,0,15,0,0,0,ENERGY_DEPLETED,8
1153,0.9716,-146.0,50,0,19,0,0,0,ENERGY_DEPLETED,8
1154,0.9716,-146.0,50,0,19,0,0,0,ENERGY_DEPLETED,8
1155,0.9716,-118.0,50,0,12,0,0,0,ENERGY_DEPLETED,8
1156,0.9716,-142.0,50,0,17,0,0,0,ENERGY_DEPLETED,8
1157,0.9715,-150.0,50,0,20,0,0,0,ENERGY_DEPLETED,8
1158,0.9715,-94.0,50,0,6,0,0,0,ENERGY_DEPLETED,8
1159,0.9715,-110.0,50,0,10,0,0,0,ENERGY_DEPLETED,8
1160,0.9715,-106.0,50,0,9,0,0,0,ENERGY_DEPLETED,8
1161,0.9714,-130.0,50,0,15,0,0,0,ENERGY_DEPLETED,8
1162,0.9714,-142.0,50,0,17,0,0,0,ENERGY_DEPLETED,8
1163,0.9714,-130.0,50,0,15,0,0,0,ENERGY_DEPLETED,8
1164,0.9714,-146.0,50,0,19,0,0,0,ENERGY_DEPLETED,8
1165,0.9713,-118.0,50,0,12,0,0,0,ENERGY_DEPLETED,8
1166,0.9713,-118.0,50,0,12,0,0,0,ENERGY_DEPLETED,8
1167,0.9713,-138.0,50,0,17,0,0,0,ENERGY_DEPLETED,8
1168,0.9713,-122.0,50,0,13,0,0,0,ENERGY_DEPLETED,8
1169,0.9712,-126.0,50,0,14,0,0,0,ENERGY_DEPLETED,8
1170,0.9712,-142.0,50,0,17,0,0,0,ENERGY_DEPLETED,8
1171,0.9712,-110.0,50,0,10,0,0,0,ENERGY_DEPLETED,8
1172,0.9712,-130.0,50,0,15,0,0,0,ENERGY_DEPLETED,8
1173,0.9711,-126.0,50,0,14,0,0,0,ENERGY_DEPLETED,8
1174,0.9711,-142.0,50,0,18,0,0,0,ENERGY_DEPLETED,8
1175,0.9711,-138.0,50,0,17,0,0,0,ENERGY_DEPLETED,8
1176,0.9711,-126.0,50,0,13,0,0,0,ENERGY_DEPLETED,8
1177,0.971,-118.0,50,0,11,0,0,0,ENERGY_DEPLETED,8
1178,0.971,-146.0,50,0,19,0,0,0,ENERGY_DEPLETED,8
1179,0.971,-158.0,50,0,22,0,0,0,ENERGY_DEPLETED,8
1180,0.971,-138.0,50,0,17,0,0,0,ENERGY_DEPLETED,8
1181,0.9709,-126.0,50,0,14,0,0,0,ENERGY_DEPLETED,8
1182,0.9709,-158.0,50,0,21,0,0,0,ENERGY_DEPLETED,8
1183,0.9709,-118.0,50,0,12,0,0,0,ENERGY_DEPLETED,8
1184,0.9709,-118.0,50,0,11,0,0,0,ENERGY_DEPLETED,8
1185,0.9709,-126.0,50,0,14,0,0,0,ENERGY_DEPLETED,8
1186,0.9708,-146.0,50,0,19,0,0,0,ENERGY_DEPLETED,8
1187,0.9708,-94.0,50,0,6,0,0,0,ENERGY_DEPLETED,8
1188,0.9708,-122.0,50,0,13,0,0,0,ENERGY_DEPLETED,8
1189,0.9708,-146.0,50,0,19,0,0,0,ENERGY_DEPLETED,8
1190,0.9707,-142.0,50,0,18,0,0,0,ENERGY_DEPLETED,8
1191,0.9707,-126.0,50,0,13,0,0,0,ENERGY_DEPLETED,8
1192,0.9707,-114.0,50,0,11,0,0,0,ENERGY_DEPLETED,8
1193,0.9707,-130.0,50,0,15,0,0,0,ENERGY_DEPLETED,8
1194,0.9706,-142.0,50,0,17,0,0,0,ENERGY_DEPLETED,8
1195,0.9706,-138.0,50,0,17,0,0,0,ENERGY_DEPLETED,8
1196,0.9706,-138.0,50,0,17,0,0,0,ENERGY_DEPLETED,8
1197,0.9706,-138.0,50,0,16,0,0,0,ENERGY_DEPLETED,8
1198,0.9705,-134.0,50,0,16,0,0,0,ENERGY_DEPLETED,8
1199,0.9705,-122.0,50,0,13,0,0,0,ENERGY_DEPLETED,8
1200,0.9705,-118.0,50,0,12,0,0,0,ENERGY_DEPLETED,8
1201,0.9705,-134.0,50,0,15,0,0,0,ENERGY_DEPLETED,8
1202,0.9704,-130.0,50,0,14,0,0,0,ENERGY_DEPLETED,8
1203,0.9704,-122.0,50,0,13,0,0,0,ENERGY_DEPLETED,8
1204,0.9704,-150.0,50,0,20,0,0,0,ENERGY_DEPLETED,8
1205,0.9704,-146.0,50,0,19,0,0,0,ENERGY_DEPLETED,8
1206,0.9703,-142.0,50,0,17,0,0,0,ENERGY_DEPLETED,8
1207,0.9703,-142.0,50,0,18,0,0,0,ENERGY_DEPLETED,8
1208,0.9703,-154.0,50,0,21,0,0,0,ENERGY_DEPLETED,8
1209,0.9703,-130.0,50,0,15,0,0,0,ENERGY_DEPLETED,8
1210,0.9702,-126.0,50,0,14,0,0,0,ENERGY_DEPLETED,8
1211,0.9702,-158.0,50,0,21,0,0,0,ENERGY_DEPLETED,8
1212,0.9702,-126.0,50,0,13,0,0,0,ENERGY_DEPLETED,8
1213,0.9702,-98.0,50,0,7,0,0,0,ENERGY_DEPLETED,8
1214,0.9701,-146.0,50,0,19,0,0,0,ENERGY_DEPLETED,8
1215,0.9701,-102.0,50,0,8,0,0,0,ENERGY_DEPLETED,8
1216,0.9701,-138.0,50,0,17,0,0,0,ENERGY_DEPLETED,8
1217,0.9701,-138.0,50,0,17,0,0,0,ENERGY_DEPLETED,8
1218,0.9701,-126.0,50,0,14,0,0,0,ENERGY_DEPLETED,8
1219,0.97,-118.0,50,0,12,0,0,0,ENERGY_DEPLETED,8
1220,0.97,-76.0,50,0,13,0,1,0,ENERGY_DEPLETED,8
1221,0.97,-102.0,50,0,8,0,0,0,ENERGY_DEPLETED,8
1222,0.97,-146.0,50,0,18,0,0,0,ENERGY_DEPLETED,8
1223,0.9699,-126.0,50,0,13,0,0,0,ENERGY_DEPLETED,8
1224,0.9699,-118.0,50,0,12,0,0,0,ENERGY_DEPLETED,8
1225,0.9699,-158.0,50,0,21,0,0,0,ENERGY_DEPLETED,8
1226,0.9699,-146.0,50,0,19,0,0,0,ENERGY_DEPLETED,8
1227,0.9698,-142.0,50,0,18,0,0,0,ENERGY_DEPLETED,8
1228,0.9698,-158.0,50,0,21,0,0,0,ENERGY_DEPLETED,8
1229,0.9698,-154.0,50,0,21,0,0,0,ENERGY_DEPLETED,8
1230,0.9698,-126.0,50,0,14,0,0,0,ENERGY_DEPLETED,8
1231,0.9697,-134.0,50,0,16,0,0,0,ENERGY_DEPLETED,8
1232,0.9697,-130.0,50,0,15,0,0,0,ENERGY_DEPLETED,8
1233,0.9697,-126.0,50,0,14,0,0,0,ENERGY_DEPLETED,8
1234,0.9697,-142.0,50,0,17,0,0,0,ENERGY_DEPLETED,8
1235,0.9696,-118.0,50,0,12,0,0,0,ENERGY_DEPLETED,8
1236,0.9696,-122.0,50,0,13,0,0,0,ENERGY_DEPLETED,8
1237,0.9696,-118.0,50,0,12,0,0,0,ENERGY_DEPLETED,8
1238,0.9696,-134.0,50,0,16,0,0,0,ENERGY_DEPLETED,8
1239,0.9695,-126.0,50,0,14,0,0,0,ENERGY_DEPLETED,8
1240,0.9695,-126.0,50,0,14,0,0,0,ENERGY_DEPLETED,8
1241,0.9695,-154.0,50,0,21,0,0,0,ENERGY_DEPLETED,8
1242,0.9695,-134.0,50,0,15,0,0,0,ENERGY_DEPLETED,8
1243,0.9694,-154.0,50,0,21,0,0,0,ENERGY_DEPLETED,8
1244,0.9694,-90.0,50,0,5,0,0,0,ENERGY_DEPLETED,8
1245,0.9694,-126.0,50,0,13,0,0,0,ENERGY_DEPLETED,8
1246,0.9694,-126.0,50,0,14,0,0,0,ENERGY_DEPLETED,8
1247,0.9693,-126.0,50,0,13,0,0,0,ENERGY_DEPLETED,8
1248,0.9693,-106.0,50,0,8,0,0,0,ENERGY_DEPLETED,8
1249,0.9693,-122.0,50,0,13,0,0,0,ENERGY_DEPLETED,8
1250,0.9693,-118.0,50,0,12,0,0,0,ENERGY_DEPLETED,8
1251,0.9693,-126.0,50,0,14,0,0,0,ENERGY_DEPLETED,8
1252,0.9692,-146.0,50,0,19,0,0,0,ENERGY_DEPLETED,8
1253,0.9692,-126.0,50,0,13,0,0,0,ENERGY_DEPLETED,8
1254,0.9692,-118.0,50,0,12,0,0,0,ENERGY_DEPLETED,8
1255,0.9692,-142.0,50,0,18,0,0,0,ENERGY_DEPLETED,8
1256,0.9691,-52.0,50,0,8,0,1,0,ENERGY_DEPLETED,8
1257,0.9691,-138.0,50,0,17,0,0,0,ENERGY_DEPLETED,8
1258,0.9691,-122.0,50,0,13,0,0,0,ENERGY_DEPLETED,8
1259,0.9691,-130.0,50,0,15,0,0,0,ENERGY_DEPLETED,8
1260,0.969,-146.0,50,0,19,0,0,0,ENERGY_DEPLETED,8
1261,0.969,-150.0,50,0,20,0,0,0,ENERGY_DEPLETED,8
1262,0.969,-94.0,50,0,6,0,0,0,ENERGY_DEPLETED,8
1263,0.969,-142.0,50,0,18,0,0,0,ENERGY_DEPLETED,8
1264,0.9689,-130.0,50,0,15,0,0,0,ENERGY_DEPLETED,8
1265,0.9689,-126.0,50,0,14,0,0,0,ENERGY_DEPLETED,8
1266,0.9689,-162.0,50,0,23,0,0,0,ENERGY_DEPLETED,8
1267,0.9689,-130.0,50,0,15,0,0,0,ENERGY_DEPLETED,8
1268,0.9688,-114.0,50,0,11,0,0,0,ENERGY_DEPLETED,8
1269,0.9688,-118.0,50,0,11,0,0,0,ENERGY_DEPLETED,8
1270,0.9688,-134.0,50,0,15,0,0,0,ENERGY_DEPLETED,8
1271,0.9688,-106.0,50,0,9,0,0,0,ENERGY_DEPLETED,8
1272,0.9687,-110.0,50,0,10,0,0,0,ENERGY_DEPLETED,8
1273,0.9687,-150.0,50,0,20,0,0,0,ENERGY_DEPLETED,8
1274,0.9687,-142.0,50,0,17,0,0,0,ENERGY_DEPLETED,8
1275,0.9687,-134.0,50,0,16,0,0,0,ENERGY_DEPLETED,8
1276,0.9686,-138.0,50,0,16,0,0,0,ENERGY_DEPLETED,8
1277,0.9686,-126.0,50,0,13,0,0,0,ENERGY_DEPLETED,8
1278,0.9686,-122.0,50,0,13,0,0,0,ENERGY_DEPLETED,8
1279,0.9686,-126.0,50,0,14,0,0,0,ENERGY_DEPLETED,8
1280,0.9686,-134.0,50,0,16,0,0,0,ENERGY_DEPLETED,8
1281,0.9685,-122.0,50,0,13,0,0,0,ENERGY_DEPLETED,8
1282,0.9685,-110.0,50,0,10,0,0,0,ENERGY_DEPLETED,8
1283,0.9685,-118.0,50,0,12,0,0,0,ENERGY_DEPLETED,8
1284,0.9685,-150.0,50,0,20,0,0,0,ENERGY_DEPLETED,8
1285,0.9684,-130.0,50,0,15,0,0,0,ENERGY_DEPLETED,8
1286,0.9684,-206.0,50,0,33,0,0,0,ENERGY_DEPLETED,8
1287,0.9684,-134.0,50,0,16,0,0,0,ENERGY_DEPLETED,8
1288,0.9684,-134.0,50,0,16,0,0,0,ENERGY_DEPLETED,8
1289,0.9683,-134.0,50,0,16,0,0,0,ENERGY_DEPLETED,8
1290,0.9683,-138.0,50,0,17,0,0,0,ENERGY_DEPLETED,8
1291,0.9683,-94.0,50,0,6,0,0,0,ENERGY_DEPLETED,8
1292,0.9683,-122.0,50,0,13,0,0,0,ENERGY_DEPLETED,8
1293,0.9682,-138.0,50,0,17,0,0,0,ENERGY_DEPLETED,8
1294,0.9682,-162.0,50,0,22,0,0,0,ENERGY_DEPLETED,8
1295,0.9682,-166.0,50,0,23,0,0,0,ENERGY_DEPLETED,8
1296,0.9682,-126.0,50,0,13,0,0,0,ENERGY_DEPLETED,8
1297,0.9681,-134.0,50,0,15,0,0,0,ENERGY_DEPLETED,8
1298,0.9681,-174.0,50,0,25,0,0,0,ENERGY_DEPLETED,8
1299,0.9681,-118.0,50,0,11,0,0,0,ENERGY_DEPLETED,8
1300,0.9681,-106.0,50,0,9,0,0,0,ENERGY_DEPLETED,8
1301,0.968,-142.0,50,0,18,0,0,0,ENERGY_DEPLETED,8
1302,0.968,-98.0,50,0,7,0,0,0,ENERGY_DEPLETED,8
1303,0.968,-110.0,50,0,10,0,0,0,ENERGY_DEPLETED,8
1304,0.968,-102.0,50,0,8,0,0,0,ENERGY_DEPLETED,8
1305,0.9679,-158.0,50,0,13,4,0,0,ENERGY_DEPLETED,8
1306,0.9679,-126.0,50,0,14,0,0,0,ENERGY_DEPLETED,8
1307,0.9679,-64.0,50,0,11,0,1,0,ENERGY_DEPLETED,8
1308,0.9679,-122.0,50,0,13,0,0,0,ENERGY_DEPLETED,8
1309,0.9678,-126.0,50,0,14,0,0,0,ENERGY_DEPLETED,8
1310,0.9678,-142.0,50,0,18,0,0,0,ENERGY_DEPLETED,8
1311,0.9678,-142.0,50,0,17,0,0,0,ENERGY_DEPLETED,8
1312,0.9678,-118.0,50,0,12,0,0,0,ENERGY_DEPLETED,8
1313,0.9678,-130.0,50,0,14,0,0,0,ENERGY_DEPLETED,8
1314,0.9677,-134.0,50,0,15,0,0,0,ENERGY_DEPLETED,8
1315,0.9677,-138.0,50,0,17,0,0,0,ENERGY_DEPLETED,8
1316,0.9677,-110.0,50,0,9,0,0,0,ENERGY_DEPLETED,8
1317,0.9677,-130.0,50,0,15,0,0,0,ENERGY_DEPLETED,8
1318,0.9676,-146.0,50,0,19,0,0,0,ENERGY_DEPLETED,8
1319,0.9676,-106.0,50,0,9,0,0,0,ENERGY_DEPLETED,8
1320,0.9676,-118.0,50,0,12,0,0,0,ENERGY_DEPLETED,8
1321,0.9676,-130.0,50,0,14,0,0,0,ENERGY_DEPLETED,8
1322,0.9675,-122.0,50,0,13,0,0,0,ENERGY_DEPLETED,8
1323,0.9675,-110.0,50,0,10,0,0,0,ENERGY_DEPLETED,8
1324,0.9675,-126.0,50,0,14,0,0,0,ENERGY_DEPLETED,8
1325,0.9675,-110.0,50,0,9,0,0,0,ENERGY_DEPLETED,8
1326,0.9674,-162.0,50,0,23,0,0,0,ENERGY_DEPLETED,8
1327,0.9674,-126.0,50,0,14,0,0,0,ENERGY_DEPLETED,8
1328,0.9674,-114.0,50,0,11,0,0,0,ENERGY_DEPLETED,8
1329,0.9674,-106.0,50,0,9,0,0,0,ENERGY_DEPLETED,8
1330,0.9673,-110.0,50,0,10,0,0,0,ENERGY_DEPLETED,8
1331,0.9673,-130.0,50,0,14,0,0,0,ENERGY_DEPLETED,8
1332,0.9673,-106.0,50,0,9,0,0,0,ENERGY_DEPLETED,8
1333,0.9673,-134.0,50,0,16,0,0,0,ENERGY_DEPLETED,8
1334,0.9672,-126.0,50,0,14,0,0,0,ENERGY_DEPLETED,8
1335,0.9672,-114.0,50,0,11,0,0,0,ENERGY_DEPLETED,8
1336,0.9672,-122.0,50,0,13,0,0,0,ENERGY_DEPLETED,8
1337,0.9672,-114.0,50,0,11,0,0,0,ENERGY_DEPLETED,8
1338,0.9671,-174.0,50,0,25,0,0,0,ENERGY_DEPLETED,8
1339,0.9671,-142.0,50,0,17,0,0,0,ENERGY_DEPLETED,8
1340,0.9671,-160.0,50,0,9,6,0,0,ENERGY_DEPLETED,8
1341,0.9671,-138.0,50,0,17,0,0,0,ENERGY_DEPLETED,8
1342,0.9671,-142.0,50,0,17,0,0,0,ENERGY_DEPLETED,8
1343,0.967,-134.0,50,0,16,0,0,0,ENERGY_DEPLETED,8
1344,0.967,-130.0,50,0,15,0,0,0,ENERGY_DEPLETED,8
1345,0.967,-134.0,50,0,15,0,0,0,ENERGY_DEPLETED,8
1346,0.967,-150.0,50,0,19,0,0,0,ENERGY_DEPLETED,8
1347,0.9669,-142.0,50,0,18,0,0,0,ENERGY_DEPLETED,8
1348,0.9669,-122.0,50,0,12,0,0,0,ENERGY_DEPLETED,8
1349,0.9669,-158.0,50,0,22,0,0,0,ENERGY_DEPLETED,8
1350,0.9669,-142.0,50,0,18,0,0,0,ENERGY_DEPLETED,8
1351,0.9668,-118.0,50,0,11,0,0,0,ENERGY_DEPLETED,8
1352,0.9668,-122.0,50,0,12,0,0,0,ENERGY_DEPLETED,8
1353,0.9668,-142.0,50,0,18,0,0,0,ENERGY_DEPLETED,8
1354,0.9668,-110.0,50,0,10,0,0,0,ENERGY_DEPLETED,8
1355,0.9667,-150.0,50,0,19,0,0,0,ENERGY_DEPLETED,8
1356,0.9667,-130.0,50,0,14,0,0,0,ENERGY_DEPLETED,8
1357,0.9667,-114.0,50,0,11,0,0,0,ENERGY_DEPLETED,8
1358,0.9667,-68.0,50,0,12,0,1,0,ENERGY_DEPLETED,8
1359,0.9666,-114.0,50,0,11,0,0,0,ENERGY_DEPLETED,8
1360,0.9666,-110.0,50,0,10,0,0,0,ENERGY_DEPLETED,8
1361,0.9666,-106.0,50,0,9,0,0,0,ENERGY_DEPLETED,8
1362,0.9666,-134.0,50,0,15,0,0,0,ENERGY_DEPLETED,8
1363,0.9665,-150.0,50,0,19,0,0,0,ENERGY_DEPLETED,8
1364,0.9665,-126.0,50,0,14,0,0,0,ENERGY_DEPLETED,8
1365,0.9665,-146.0,50,0,18,0,0,0,ENERGY_DEPLETED,8
1366,0.9665,-114.0,50,0,11,0,0,0,ENERGY_DEPLETED,8
1367,0.9664,-114.0,50,0,11,0,0,0,ENERGY_DEPLETED,8
1368,0.9664,-134.0,50,0,16,0,0,0,ENERGY_DEPLETED,8
1369,0.9664,-142.0,50,0,18,0,0,0,ENERGY_DEPLETED,8
1370,0.9664,-150.0,50,0,19,0,0,0,ENERGY_DEPLETED,8
1371,0.9664,-150.0,50,0,19,0,0,0,ENERGY_DEPLETED,8
1372,0.9663,-126.0,50,0,14,0,0,0,ENERGY_DEPLETED,8
1373,0.9663,-138.0,50,0,17,0,0,0,ENERGY_DEPLETED,8
1374,0.9663,-126.0,50,0,14,0,0,0,ENERGY_DEPLETED,8
1375,0.9663,-150.0,50,0,19,0,0,0,ENERGY_DEPLETED,8
1376,0.9662,-126.0,50,0,14,0,0,0,ENERGY_DEPLETED,8
1377,0.9662,-94.0,50,0,6,0,0,0,ENERGY_DEPLETED,8
1378,0.9662,-142.0,50,0,18,0,0,0,ENERGY_DEPLETED,8
1379,0.9662,-98.0,50,0,7,0,0,0,ENERGY_DEPLETED,8
1380,0.9661,-110.0,50,0,10,0,0,0,ENERGY_DEPLETED,8
1381,0.9661,-114.0,50,0,11,0,0,0,ENERGY_DEPLETED,8
1382,0.9661,-110.0,50,0,10,0,0,0,ENERGY_DEPLETED,8
1383,0.9661,-154.0,50,0,21,0,0,0,ENERGY_DEPLETED,8
1384,0.966,-142.0,50,0,17,0,0,0,ENERGY_DEPLETED,8
1385,0.966,-114.0,50,0,11,0,0,0,ENERGY_DEPLETED,8
1386,0.966,-130.0,50,0,15,0,0,0,ENERGY_DEPLETED,8
1387,0.966,-110.0,50,0,10,0,0,0,ENERGY_DEPLETED,8
1388,0.9659,-138.0,50,0,17,0,0,0,ENERGY_DEPLETED,8
1389,0.9659,-130.0,50,0,15,0,0,0,ENERGY_DEPLETED,8
1390,0.9659,-110.0,50,0,9,0,0,0,ENERGY_DEPLETED,8
1391,0.9659,-118.0,50,0,12,0,0,0,ENERGY_DEPLETED,8
1392,0.9658,-114.0,50,0,11,0,0,0,ENERGY_DEPLETED,8
1393,0.9658,-154.0,50,0,20,0,0,0,ENERGY_DEPLETED,8
1394,0.9658,-118.0,50,0,12,0,0,0,ENERGY_DEPLETED,8
1395,0.9658,-114.0,50,0,11,0,0,0,ENERGY_DEPLETED,8
1396,0.9657,-118.0,50,0,12,0,0,0,ENERGY_DEPLETED,8
1397,0.9657,-158.0,50,0,22,0,0,0,ENERGY_DEPLETED,8
1398,0.9657,-110.0,50,0,9,0,0,0,ENERGY_DEPLETED,8
1399,0.9657,-122.0,50,0,13,0,0,0,ENERGY_DEPLETED,8
1400,0.9657,-110.0,50,0,10,0,0,0,ENERGY_DEPLETED,8
1401,0.9656,-126.0,50,0,14,0,0,0,ENERGY_DEPLETED,8
1402,0.9656,-102.0,50,0,8,0,0,0,ENERGY_DEPLETED,8
1403,0.9656,-158.0,50,0,22,0,0,0,ENERGY_DEPLETED,8
1404,0.9656,-114.0,50,0,11,0,0,0,ENERGY_DEPLETED,8
1405,0.9655,-150.0,50,0,19,0,0,0,ENERGY_DEPLETED,8
1406,0.9655,-114.0,50,0,11,0,0,0,ENERGY_DEPLETED,8
1407,0.9655,-142.0,50,0,17,0,0,0,ENERGY_DEPLETED,8
1408,0.9655,-146.0,50,0,19,0,0,0,ENERGY_DEPLETED,8
1409,0.9654,-122.0,50,0,13,0,0,0,ENERGY_DEPLETED,8
1410,0.9654,-138.0,50,0,17,0,0,0,ENERGY_DEPLETED,8
1411,0.9654,-130.0,50,0,15,0,0,0,ENERGY_DEPLETED,8
1412,0.9654,-154.0,50,0,21,0,0,0,ENERGY_DEPLETED,8
1413,0.9653,-142.0,50,0,18,0,0,0,ENERGY_DEPLETED,8
1414,0.9653,-126.0,50,0,13,0,0,0,ENERGY_DEPLETED,8
1415,0.9653,-142.0,50,0,18,0,0,0,ENERGY_DEPLETED,8
1416,0.9653,-146.0,50,0,19,0,0,0,ENERGY_DEPLETED,8
1417,0.9652,-126.0,50,0,14,0,0,0,ENERGY_DEPLETED,8
1418,0.9652,-118.0,50,0,11,0,0,0,ENERGY_DEPLETED,8
1419,0.9652,-142.0,50,0,18,0,0,0,ENERGY_DEPLETED,8
1420,0.9652,-122.0,50,0,13,0,0,0,ENERGY_DEPLETED,8
1421,0.9651,-134.0,50,0,16,0,0,0,ENERGY_DEPLETED,8
1422,0.9651,-134.0,50,0,15,0,0,0,ENERGY_DEPLETED,8
1423,0.9651,-126.0,50,0,13,0,0,0,ENERGY_DEPLETED,8
1424,0.9651,-146.0,50,0,19,0,0,0,ENERGY_DEPLETED,8
1425,0.9651,-134.0,50,0,15,0,0,0,ENERGY_DEPLETED,8
1426,0.965,-126.0,50,0,14,0,0,0,ENERGY_DEPLETED,8
1427,0.965,-134.0,50,0,16,0,0,0,ENERGY_DEPLETED,8
1428,0.965,-134.0,50,0,16,0,0,0,ENERGY_DEPLETED,8
1429,0.965,-146.0,50,0,19,0,0,0,ENERGY_DEPLETED,8
1430,0.9649,-126.0,50,0,14,0,0,0,ENERGY_DEPLETED,8
1431,0.9649,-118.0,50,0,12,0,0,0,ENERGY_DEPLETED,8
1432,0.9649,-114.0,50,0,11,0,0,0,ENERGY_DEPLETED,8
1433,0.9649,-122.0,50,0,13,0,0,0,ENERGY_DEPLETED,8
1434,0.9648,-142.0,50,0,18,0,0,0,ENERGY_DEPLETED,8
1435,0.9648,-126.0,50,0,13,0,0,0,ENERGY_DEPLETED,8
1436,0.9648,-110.0,50,0,10,0,0,0,ENERGY_DEPLETED,8
1437,0.9648,-138.0,50,0,16,0,0,0,ENERGY_DEPLETED,8
1438,0.9647,-122.0,50,0,13,0,0,0,ENERGY_DEPLETED,8
1439,0.9647,-134.0,50,0,16,0,0,0,ENERGY_DEPLETED,8
1440,0.9647,-118.0,50,0,12,0,0,0,ENERGY_DEPLETED,8
1441,0.9647,-114.0,50,0,11,0,0,0,ENERGY_DEPLETED,8
1442,0.9646,-122.0,50,0,13,0,0,0,ENERGY_DEPLETED,8
1443,0.9646,-114.0,50,0,11,0,0,0,ENERGY_DEPLETED,8
1444,0.9646,-158.0,50,0,21,0,0,0,ENERGY_DEPLETED,8
1445,0.9646,-118.0,50,0,12,0,0,0,ENERGY_DEPLETED,8
1446,0.9645,-118.0,50,0,12,0,0,0,ENERGY_DEPLETED,8
1447,0.9645,-142.0,50,0,18,0,0,0,ENERGY_DEPLETED,8
1448,0.9645,-118.0,50,0,12,0,0,0,ENERGY_DEPLETED,8
1449,0.9645,-122.0,50,0,13,0,0,0,ENERGY_DEPLETED,8
1450,0.9644,-142.0,50,0,17,0,0,0,ENERGY_DEPLETED,8
1451,0.9644,-114.0,50,0,11,0,0,0,ENERGY_DEPLETED,8
1452,0.9644,-134.0,50,0,16,0,0,0,ENERGY_DEPLETED,8
1453,0.9644,-150.0,50,0,19,0,0,0,ENERGY_DEPLETED,8
1454,0.9644,-114.0,50,0,11,0,0,0,ENERGY_DEPLETED,8
1455,0.9643,-102.0,50,0,8,0,0,0,ENERGY_DEPLETED,8
1456,0.9643,-134.0,50,0,16,0,0,0,ENERGY_DEPLETED,8
1457,0.9643,-122.0,50,0,13,0,0,0,ENERGY_DEPLETED,8
1458,0.9643,-106.0,50,0,9,0,0,0,ENERGY_DEPLETED,8
1459,0.9642,-48.0,50,0,7,0,1,0,ENERGY_DEPLETED,8
1460,0.9642,-130.0,50,0,15,0,0,0,ENERGY_DEPLETED,8
1461,0.9642,-126.0,50,0,14,0,0,0,ENERGY_DEPLETED,8
1462,0.9642,-146.0,50,0,19,0,0,0,ENERGY_DEPLETED,8
1463,0.9641,-146.0,50,0,19,0,0,0,ENERGY_DEPLETED,8
1464,0.9641,-106.0,50,0,9,0,0,0,ENERGY_DEPLETED,8
1465,0.9641,-110.0,50,0,10,0,0,0,ENERGY_DEPLETED,8
1466,0.9641,-154.0,50,0,21,0,0,0,ENERGY_DEPLETED,8
1467,0.964,-122.0,50,0,13,0,0,0,ENERGY_DEPLETED,8
1468,0.964,-154.0,50,0,20,0,0,0,ENERGY_DEPLETED,8
1469,0.964,-126.0,50,0,13,0,0,0,ENERGY_DEPLETED,8
1470,0.964,-142.0,50,0,17,0,0,0,ENERGY_DEPLETED,8
1471,0.9639,-134.0,50,0,16,0,0,0,ENERGY_DEPLETED,8
1472,0.9639,-134.0,50,0,16,0,0,0,ENERGY_DEPLETED,8
1473,0.9639,-126.0,50,0,13,0,0,0,ENERGY_DEPLETED,8
1474,0.9639,-122.0,50,0,13,0,0,0,ENERGY_DEPLETED,8
1475,0.9638,-118.0,50,0,12,0,0,0,ENERGY_DEPLETED,8
1476,0.9638,-158.0,50,0,21,0,0,0,ENERGY_DEPLETED,8
1477,0.9638,-126.0,50,0,13,0,0,0,ENERGY_DEPLETED,8
1478,0.9638,-138.0,50,0,16,0,0,0,ENERGY_DEPLETED,8
1479,0.9638,-130.0,50,0,15,0,0,0,ENERGY_DEPLETED,8
1480,0.9637,-138.0,50,0,17,0,0,0,ENERGY_DEPLETED,8
1481,0.9637,-114.0,50,0,11,0,0,0,ENERGY_DEPLETED,8
1482,0.9637,-114.0,50,0,11,0,0,0,ENERGY_DEPLETED,8
1483,0.9637,-110.0,50,0,10,0,0,0,ENERGY_DEPLETED,8
1484,0.9636,-110.0,50,0,10,0,0,0,ENERGY_DEPLETED,8
1485,0.9636,-102.0,50,0,8,0,0,0,ENERGY_DEPLETED,8
1486,0.9636,-122.0,50,0,13,0,0,0,ENERGY_DEPLETED,8
1487,0.9636,-118.0,50,0,11,0,0,0,ENERGY_DEPLETED,8
1488,0.9635,-166.0,50,0,24,0,0,0,ENERGY_DEPLETED,8
1489,0.9635,-142.0,50,0,17,0,0,0,ENERGY_DEPLETED,8
1490,0.9635,-110.0,50,0,10,0,0,0,ENERGY_DEPLETED,8
1491,0.9635,-106.0,50,0,9,0,0,0,ENERGY_DEPLETED,8
1492,0.9634,-118.0,50,0,12,0,0,0,ENERGY_DEPLETED,8
1493,0.9634,-158.0,50,0,21,0,0,0,ENERGY_DEPLETED,8
1494,0.9634,-102.0,50,0,8,0,0,0,ENERGY_DEPLETED,8
1495,0.9634,-118.0,50,0,12,0,0,0,ENERGY_DEPLETED,8
1496,0.9633,-150.0,50,0,20,0,0,0,ENERGY_DEPLETED,8
1497,0.9633,-138.0,50,0,17,0,0,0,ENERGY_DEPLETED,8
1498,0.9633,-138.0,50,0,17,0,0,0,ENERGY_DEPLETED,8
1499,0.9633,-126.0,50,0,13,0,0,0,ENERGY_DEPLETED,8
1500,0.9632,-114.0,50,0,11,0,0,0,ENERGY_DEPLETED,8
1501,0.9632,-130.0,50,0,15,0,0,0,ENERGY_DEPLETED,8
1502,0.9632,-142.0,50,0,17,0,0,0,ENERGY_DEPLETED,8
1503,0.9632,-102.0,50,0,8,0,0,0,ENERGY_DEPLETED,8
1504,0.9631,-146.0,50,0,18,0,0,0,ENERGY_DEPLETED,8
1505,0.9631,-118.0,50,0,11,0,0,0,ENERGY_DEPLETED,8
1506,0.9631,-68.0,50,0,12,0,1,0,ENERGY_DEPLETED,8
1507,0.9631,-110.0,50,0,10,0,0,0,ENERGY_DEPLETED,8
1508,0.9631,-118.0,50,0,12,0,0,0,ENERGY_DEPLETED,8
1509,0.963,-138.0,50,0,17,0,0,0,ENERGY_DEPLETED,8
1510,0.963,-122.0,50,0,13,0,0,0,ENERGY_DEPLETED,8
1511,0.963,-114.0,50,0,11,0,0,0,ENERGY_DEPLETED,8
1512,0.963,-158.0,50,0,21,0,0,0,ENERGY_DEPLETED,8
1513,0.9629,-126.0,50,0,14,0,0,0,ENERGY_DEPLETED,8
1514,0.9629,-158.0,50,0,22,0,0,0,ENERGY_DEPLETED,8
1515,0.9629,-126.0,50,0,13,0,0,0,ENERGY_DEPLETED,8
1516,0.9629,-154.0,50,0,21,0,0,0,ENERGY_DEPLETED,8
1517,0.9628,-142.0,50,0,17,0,0,0,ENERGY_DEPLETED,8
1518,0.9628,-142.0,50,0,17,0,0,0,ENERGY_DEPLETED,8
1519,0.9628,-142.0,50,0,17,0,0,0,ENERGY_DEPLETED,8
1520,0.9628,-130.0,50,0,15,0,0,0,ENERGY_DEPLETED,8
1521,0.9627,-106.0,50,0,9,0,0,0,ENERGY_DEPLETED,8
1522,0.9627,-102.0,50,0,8,0,0,0,ENERGY_DEPLETED,8
1523,0.9627,-126.0,50,0,14,0,0,0,ENERGY_DEPLETED,8
1524,0.9627,-56.0,50,0,9,0,1,0,ENERGY_DEPLETED,8
1525,0.9626,-130.0,50,0,15,0,0,0,ENERGY_DEPLETED,8
1526,0.9626,-118.0,50,0,11,0,0,0,ENERGY_DEPLETED,8
1527,0.9626,-146.0,50,0,19,0,0,0,ENERGY_DEPLETED,8
1528,0.9626,-142.0,50,0,17,0,0,0,ENERGY_DEPLETED,8
1529,0.9625,-126.0,50,0,13,0,0,0,ENERGY_DEPLETED,8
1530,0.9625,-138.0,50,0,17,0,0,0,ENERGY_DEPLETED,8
1531,0.9625,-154.0,50,0,21,0,0,0,ENERGY_DEPLETED,8
1532,0.9625,-146.0,50,0,19,0,0,0,ENERGY_DEPLETED,8
1533,0.9625,-114.0,50,0,11,0,0,0,ENERGY_DEPLETED,8
1534,0.9624,-134.0,50,0,15,0,0,0,ENERGY_DEPLETED,8
1535,0.9624,-118.0,50,0,12,0,0,0,ENERGY_DEPLETED,8
1536,0.9624,-138.0,50,0,17,0,0,0,ENERGY_DEPLETED,8
1537,0.9624,-118.0,50,0,12,0,0,0,ENERGY_DEPLETED,8
1538,0.9623,-126.0,50,0,13,0,0,0,ENERGY_DEPLETED,8
1539,0.9623,-138.0,50,0,16,0,0,0,ENERGY_DEPLETED,8
1540,0.9623,-114.0,50,0,11,0,0,0,ENERGY_DEPLETED,8
1541,0.9623,-170.0,50,0,24,0,0,0,ENERGY_DEPLETED,8
1542,0.9622,-138.0,50,0,17,0,0,0,ENERGY_DEPLETED,8
1543,0.9622,-110.0,50,0,10,0,0,0,ENERGY_DEPLETED,8
1544,0.9622,-111.0,50,0,8,0,0,0,ENERGY_DEPLETED,8
1545,0.9622,-134.0,50,0,15,0,0,0,ENERGY_DEPLETED,8
1546,0.9621,-130.0,50,0,15,0,0,0,ENERGY_DEPLETED,8
1547,0.9621,-130.0,50,0,15,0,0,0,ENERGY_DEPLETED,8
1548,0.9621,-138.0,50,0,17,0,0,0,ENERGY_DEPLETED,8
1549,0.9621,-122.0,50,0,13,0,0,0,ENERGY_DEPLETED,8
1550,0.962,-106.0,50,0,9,0,0,0,ENERGY_DEPLETED,8
1551,0.962,-142.0,50,0,18,0,0,0,ENERGY_DEPLETED,8
1552,0.962,-126.0,50,0,14,0,0,0,ENERGY_DEPLETED,8
1553,0.962,-138.0,50,0,17,0,0,0,ENERGY_DEPLETED,8
1554,0.9619,-118.0,50,0,12,0,0,0,ENERGY_DEPLETED,8
1555,0.9619,-138.0,50,0,17,0,0,0,ENERGY_DEPLETED,8
1556,0.9619,-126.0,50,0,14,0,0,0,ENERGY_DEPLETED,8
1557,0.9619,-122.0,50,0,13,0,0,0,ENERGY_DEPLETED,8
1558,0.9619,-142.0,50,0,18,0,0,0,ENERGY_DEPLETED,8
1559,0.9618,-118.0,50,0,12,0,0,0,ENERGY_DEPLETED,8
1560,0.9618,-130.0,50,0,15,0,0,0,ENERGY_DEPLETED,8
1561,0.9618,-130.0,50,0,15,0,0,0,ENERGY_DEPLETED,8
1562,0.9618,-142.0,50,0,18,0,0,0,ENERGY_DEPLETED,8
1563,0.9617,-142.0,50,0,18,0,0,0,ENERGY_DEPLETED,8
1564,0.9617,-138.0,50,0,16,0,0,0,ENERGY_DEPLETED,8
1565,0.9617,-134.0,50,0,16,0,0,0,ENERGY_DEPLETED,8
1566,0.9617,-118.0,50,0,11,0,0,0,ENERGY_DEPLETED,8
1567,0.9616,-138.0,50,0,17,0,0,0,ENERGY_DEPLETED,8
1568,0.9616,-126.0,50,0,14,0,0,0,ENERGY_DEPLETED,8
1569,0.9616,-118.0,50,0,11,0,0,0,ENERGY_DEPLETED,8
1570,0.9616,-118.0,50,0,11,0,0,0,ENERGY_DEPLETED,8
1571,0.9615,-142.0,50,0,17,0,0,0,ENERGY_DEPLETED,8
1572,0.9615,-134.0,50,0,16,0,0,0,ENERGY_DEPLETED,8
1573,0.9615,-118.0,50,0,11,0,0,0,ENERGY_DEPLETED,8
1574,0.9615,-110.0,50,0,10,0,0,0,ENERGY_DEPLETED,8
1575,0.9614,-110.0,50,0,10,0,0,0,ENERGY_DEPLETED,8
1576,0.9614,-134.0,50,0,16,0,0,0,ENERGY_DEPLETED,8
1577,0.9614,-142.0,50,0,18,0,0,0,ENERGY_DEPLETED,8
1578,0.9614,-166.0,50,0,24,0,0,0,ENERGY_DEPLETED,8
1579,0.9613,-146.0,50,0,19,0,0,0,ENERGY_DEPLETED,8
1580,0.9613,-114.0,50,0,10,0,0,0,ENERGY_DEPLETED,8
1581,0.9613,-150.0,50,0,20,0,0,0,ENERGY_DEPLETED,8
1582,0.9613,-110.0,50,0,10,0,0,0,ENERGY_DEPLETED,8
1583,0.9613,-166.0,50,0,23,0,0,0,ENERGY_DEPLETED,8
1584,0.9612,-150.0,50,0,20,0,0,0,ENERGY_DEPLETED,8
1585,0.9612,-130.0,50,0,15,0,0,0,ENERGY_DEPLETED,8
1586,0.9612,-150.0,50,0,20,0,0,0,ENERGY_DEPLETED,8
1587,0.9612,-118.0,50,0,12,0,0,0,ENERGY_DEPLETED,8
1588,0.9611,-142.0,50,0,18,0,0,0,ENERGY_DEPLETED,8
1589,0.9611,-154.0,50,0,21,0,0,0,ENERGY_DEPLETED,8
1590,0.9611,-102.0,50,0,8,0,0,0,ENERGY_DEPLETED,8
1591,0.9611,-134.0,50,0,15,0,0,0,ENERGY_DEPLETED,8
1592,0.961,-134.0,50,0,15,0,0,0,ENERGY_DEPLETED,8
1593,0.961,-134.0,50,0,16,0,0,0,ENERGY_DEPLETED,8
1594,0.961,-126.0,50,0,14,0,0,0,ENERGY_DEPLETED,8
1595,0.961,-60.0,50,0,10,0,1,0,ENERGY_DEPLETED,8
1596,0.9609,-118.0,50,0,12,0,0,0,ENERGY_DEPLETED,8
1597,0.9609,-106.0,50,0,9,0,0,0,ENERGY_DEPLETED,8
1598,0.9609,-110.0,50,0,10,0,0,0,ENERGY_DEPLETED,8
1599,0.9609,-126.0,50,0,14,0,0,0,ENERGY_DEPLETED,8
1600,0.9608,-118.0,50,0,12,0,0,0,ENERGY_DEPLETED,8
1601,0.9608,-98.0,50,0,7,0,0,0,ENERGY_DEPLETED,8
1602,0.9608,-110.0,50,0,10,0,0,0,ENERGY_DEPLETED,8
1603,0.9608,-130.0,50,0,15,0,0,0,ENERGY_DEPLETED,8
1604,0.9607,-158.0,50,0,21,0,0,0,ENERGY_DEPLETED,8
1605,0.9607,-114.0,50,0,11,0,0,0,ENERGY_DEPLETED,8
1606,0.9607,-126.0,50,0,14,0,0,0,ENERGY_DEPLETED,8
1607,0.9607,-130.0,50,0,15,0,0,0,ENERGY_DEPLETED,8
1608,0.9607,-142.0,50,0,17,0,0,0,ENERGY_DEPLETED,8
1609,0.9606,-106.0,50,0,9,0,0,0,ENERGY_DEPLETED,8
1610,0.9606,-126.0,50,0,14,0,0,0,ENERGY_DEPLETED,8
1611,0.9606,-150.0,50,0,20,0,0,0,ENERGY_DEPLETED,8
1612,0.9606,-106.0,50,0,9,0,0,0,ENERGY_DEPLETED,8
1613,0.9605,-127.0,50,0,12,1,0,0,ENERGY_DEPLETED,8
1614,0.9605,-142.0,50,0,18,0,0,0,ENERGY_DEPLETED,8
1615,0.9605,-142.0,50,0,18,0,0,0,ENERGY_DEPLETED,8
1616,0.9605,-130.0,50,0,15,0,0,0,ENERGY_DEPLETED,8
1617,0.9604,-134.0,50,0,15,0,0,0,ENERGY_DEPLETED,8
1618,0.9604,-154.0,50,0,21,0,0,0,ENERGY_DEPLETED,8
1619,0.9604,-134.0,50,0,16,0,0,0,ENERGY_DEPLETED,8
1620,0.9604,-150.0,50,0,20,0,0,0,ENERGY_DEPLETED,8
1621,0.9603,-134.0,50,0,16,0,0,0,ENERGY_DEPLETED,8
1622,0.9603,-134.0,50,0,16,0,0,0,ENERGY_DEPLETED,8
1623,0.9603,-126.0,50,0,14,0,0,0,ENERGY_DEPLETED,8
1624,0.9603,-134.0,50,0,16,0,0,0,ENERGY_DEPLETED,8
1625,0.9602,-126.0,50,0,14,0,0,0,ENERGY_DEPLETED,8
1626,0.9602,-150.0,50,0,19,0,0,0,ENERGY_DEPLETED,8
1627,0.9602,-154.0,50,0,20,0,0,0,ENERGY_DEPLETED,8
1628,0.9602,-106.0,50,0,9,0,0,0,ENERGY_DEPLETED,8
1629,0.9601,-138.0,50,0,17,0,0,0,ENERGY_DEPLETED,8
1630,0.9601,-118.0,50,0,12,0,0,0,ENERGY_DEPLETED,8
1631,0.9601,-126.0,50,0,14,0,0,0,ENERGY_DEPLETED,8
1632,0.9601,-60.0,50,0,10,0,1,0,ENERGY_DEPLETED,8
1633,0.9601,-122.0,50,0,13,0,0,0,ENERGY_DEPLETED,8
1634,0.96,-138.0,50,0,17,0,0,0,ENERGY_DEPLETED,8
1635,0.96,-130.0,50,0,15,0,0,0,ENERGY_DEPLETED,8
1636,0.96,-150.0,50,0,19,0,0,0,ENERGY_DEPLETED,8
1637,0.96,-130.0,50,0,15,0,0,0,ENERGY_DEPLETED,8
1638,0.9599,-142.0,50,0,17,0,0,0,ENERGY_DEPLETED,8
1639,0.9599,-114.0,50,0,10,0,0,0,ENERGY_DEPLETED,8
1640,0.9599,-130.0,50,0,14,0,0,0,ENERGY_DEPLETED,8
1641,0.9599,-174.0,50,0,25,0,0,0,ENERGY_DEPLETED,8
1642,0.9598,-146.0,50,0,19,0,0,0,ENERGY_DEPLETED,8
1643,0.9598,-134.0,50,0,16,0,0,0,ENERGY_DEPLETED,8
1644,0.9598,-122.0,50,0,13,0,0,0,ENERGY_DEPLETED,8
1645,0.9598,-142.0,50,0,17,0,0,0,ENERGY_DEPLETED,8
1646,0.9597,-44.0,50,0,6,0,1,0,ENERGY_DEPLETED,8
1647,0.9597,-114.0,50,0,11,0,0,0,ENERGY_DEPLETED,8
1648,0.9597,-122.0,50,0,13,0,0,0,ENERGY_DEPLETED,8
1649,0.9597,-146.0,50,0,19,0,0,0,ENERGY_DEPLETED,8
1650,0.9596,-150.0,50,0,20,0,0,0,ENERGY_DEPLETED,8
1651,0.9596,-122.0,50,0,13,0,0,0,ENERGY_DEPLETED,8
1652,0.9596,-130.0,50,0,14,0,0,0,ENERGY_DEPLETED,8
1653,0.9596,-118.0,50,0,12,0,0,0,ENERGY_DEPLETED,8
1654,0.9595,-130.0,50,0,14,0,0,0,ENERGY_DEPLETED,8
1655,0.9595,-114.0,50,0,11,0,0,0,ENERGY_DEPLETED,8
1656,0.9595,-150.0,50,0,20,0,0,0,ENERGY_DEPLETED,8
1657,0.9595,-142.0,50,0,18,0,0,0,ENERGY_DEPLETED,8
1658,0.9595,-126.0,50,0,14,0,0,0,ENERGY_DEPLETED,8
1659,0.9594,-138.0,50,0,17,0,0,0,ENERGY_DEPLETED,8
1660,0.9594,-122.0,50,0,13,0,0,0,ENERGY_DEPLETED,8
1661,0.9594,-134.0,50,0,15,0,0,0,ENERGY_DEPLETED,8
1662,0.9594,-130.0,50,0,15,0,0,0,ENERGY_DEPLETED,8
1663,0.9593,-142.0,50,0,17,0,0,0,ENERGY_DEPLETED,8
1664,0.9593,-98.0,50,0,7,0,0,0,ENERGY_DEPLETED,8
1665,0.9593,-142.0,50,0,18,0,0,0,ENERGY_DEPLETED,8
1666,0.9593,-76.0,50,0,14,0,1,0,ENERGY_DEPLETED,8
1667,0.9592,-114.0,50,0,11,0,0,0,ENERGY_DEPLETED,8
1668,0.9592,-150.0,50,0,20,0,0,0,ENERGY_DEPLETED,8
1669,0.9592,-130.0,50,0,15,0,0,0,ENERGY_DEPLETED,8
1670,0.9592,-146.0,50,0,19,0,0,0,ENERGY_DEPLETED,8
1671,0.9591,-150.0,50,0,19,0,0,0,ENERGY_DEPLETED,8
1672,0.9591,-154.0,50,0,20,0,0,0,ENERGY_DEPLETED,8
1673,0.9591,-138.0,50,0,16,0,0,0,ENERGY_DEPLETED,8
1674,0.9591,-138.0,50,0,17,0,0,0,ENERGY_DEPLETED,8
1675,0.959,-148.0,50,0,15,2,0,0,ENERGY_DEPLETED,8
1676,0.959,-110.0,50,0,10,0,0,0,ENERGY_DEPLETED,8
1677,0.959,-150.0,50,0,19,0,0,0,ENERGY_DEPLETED,8
1678,0.959,-158.0,50,0,21,0,0,0,ENERGY_DEPLETED,8
1679,0.959,-114.0,50,0,11,0,0,0,ENERGY_DEPLETED,8
1680,0.9589,-126.0,50,0,13,0,0,0,ENERGY_DEPLETED,8
1681,0.9589,-110.0,50,0,10,0,0,0,ENERGY_DEPLETED,8
1682,0.9589,-150.0,50,0,20,0,0,0,ENERGY_DEPLETED,8
1683,0.9589,-134.0,50,0,16,0,0,0,ENERGY_DEPLETED,8
1684,0.9588,-122.0,50,0,13,0,0,0,ENERGY_DEPLETED,8
1685,0.9588,-142.0,50,0,18,0,0,0,ENERGY_DEPLETED,8
1686,0.9588,-126.0,50,0,13,0,0,0,ENERGY_DEPLETED,8
1687,0.9588,-126.0,50,0,14,0,0,0,ENERGY_DEPLETED,8
1688,0.9587,-110.0,50,0,10,0,0,0,ENERGY_DEPLETED,8
1689,0.9587,-134.0,50,0,16,0,0,0,ENERGY_DEPLETED,8
1690,0.9587,-130.0,50,0,15,0,0,0,ENERGY_DEPLETED,8
1691,0.9587,-106.0,50,0,8,0,0,0,ENERGY_DEPLETED,8
1692,0.9586,-44.0,50,0,6,0,0,0,ENERGY_DEPLETED,8
1693,0.9586,-126.0,50,0,14,0,0,0,ENERGY_DEPLETED,8
1694,0.9586,-134.0,50,0,16,0,0,0,ENERGY_DEPLETED,8
1695,0.9586,-166.0,50,0,23,0,0,0,ENERGY_DEPLETED,8
1696,0.9585,-68.0,50,0,12,0,1,0,ENERGY_DEPLETED,8
1697,0.9585,-98.0,50,0,7,0,0,0,ENERGY_DEPLETED,8
1698,0.9585,-166.0,50,0,24,0,0,0,ENERGY_DEPLETED,8
1699,0.9585,-130.0,50,0,14,0,0,0,ENERGY_DEPLETED,8
1700,0.9584,-122.0,50,0,13,0,0,0,ENERGY_DEPLETED,8
1701,0.9584,-138.0,50,0,17,0,0,0,ENERGY_DEPLETED,8
1702,0.9584,-118.0,50,0,11,0,0,0,ENERGY_DEPLETED,8
1703,0.9584,-130.0,50,0,15,0,0,0,ENERGY_DEPLETED,8
1704,0.9584,-130.0,50,0,15,0,0,0,ENERGY_DEPLETED,8
1705,0.9583,-150.0,50,0,20,0,0,0,ENERGY_DEPLETED,8
1706,0.9583,-134.0,50,0,15,0,0,0,ENERGY_DEPLETED,8
1707,0.9583,-134.0,50,0,16,0,0,0,ENERGY_DEPLETED,8
1708,0.9583,-56.0,50,0,9,0,1,0,ENERGY_DEPLETED,8
1709,0.9582,-126.0,50,0,13,0,0,0,ENERGY_DEPLETED,8
1710,0.9582,-138.0,50,0,17,0,0,0,ENERGY_DEPLETED,8
1711,0.9582,-134.0,50,0,16,0,0,0,ENERGY_DEPLETED,8
1712,0.9582,-142.0,50,0,18,0,0,0,ENERGY_DEPLETED,8
1713,0.9581,-138.0,50,0,17,0,0,0,ENERGY_DEPLETED,8
1714,0.9581,-138.0,50,0,17,0,0,0,ENERGY_DEPLETED,8
1715,0.9581,-106.0,50,0,8,0,0,0,ENERGY_DEPLETED,8
1716,0.9581,-122.0,50,0,13,0,0,0,ENERGY_DEPLETED,8
1717,0.958,-56.0,50,0,9,0,1,0,ENERGY_DEPLETED,8
1718,0.958,-142.0,50,0,17,0,0,0,ENERGY_DEPLETED,8
1719,0.958,-154.0,50,0,21,0,0,0,ENERGY_DEPLETED,8
1720,0.958,-130.0,50,0,14,0,0,0,ENERGY_DEPLETED,8
1721,0.9579,-130.0,50,0,15,0,0,0,ENERGY_DEPLETED,8
1722,0.9579,-126.0,50,0,13,0,0,0,ENERGY_DEPLETED,8
1723,0.9579,-146.0,50,0,19,0,0,0,ENERGY_DEPLETED,8
1724,0.9579,-126.0,50,0,14,0,0,0,ENERGY_DEPLETED,8
1725,0.9579,-150.0,50,0,19,0,0,0,ENERGY_DEPLETED,8
1726,0.9578,-134.0,50,0,16,0,0,0,ENERGY_DEPLETED,8
1727,0.9578,-114.0,50,0,11,0,0,0,ENERGY_DEPLETED,8
1728,0.9578,-106.0,50,0,9,0,0,0,ENERGY_DEPLETED,8
1729,0.9578,-102.0,50,0,8,0,0,0,ENERGY_DEPLETED,8
1730,0.9577,-130.0,50,0,14,0,0,0,ENERGY_DEPLETED,8
1731,0.9577,-142.0,50,0,17,0,0,0,ENERGY_DEPLETED,8
1732,0.9577,-118.0,50,0,12,0,0,0,ENERGY_DEPLETED,8
1733,0.9577,-114.0,50,0,11,0,0,0,ENERGY_DEPLETED,8
1734,0.9576,-130.0,50,0,15,0,0,0,ENERGY_DEPLETED,8
1735,0.9576,-122.0,50,0,13,0,0,0,ENERGY_DEPLETED,8
1736,0.9576,-126.0,50,0,13,0,0,0,ENERGY_DEPLETED,8
1737,0.9576,-80.0,50,0,14,0,1,0,ENERGY_DEPLETED,8
1738,0.9575,-154.0,50,0,21,0,0,0,ENERGY_DEPLETED,8
1739,0.9575,-122.0,50,0,13,0,0,0,ENERGY_DEPLETED,8
1740,0.9575,-130.0,50,0,15,0,0,0,ENERGY_DEPLETED,8
1741,0.9575,-126.0,50,0,14,0,0,0,ENERGY_DEPLETED,8
1742,0.9574,-150.0,50,0,20,0,0,0,ENERGY_DEPLETED,8
1743,0.9574,-138.0,50,0,16,0,0,0,ENERGY_DEPLETED,8
1744,0.9574,-154.0,50,0,21,0,0,0,ENERGY_DEPLETED,8
1745,0.9574,-142.0,50,0,18,0,0,0,ENERGY_DEPLETED,8
1746,0.9573,-126.0,50,0,14,0,0,0,ENERGY_DEPLETED,8
1747,0.9573,-146.0,50,0,19,0,0,0,ENERGY_DEPLETED,8
1748,0.9573,-158.0,50,0,22,0,0,0,ENERGY_DEPLETED,8
1749,0.9573,-126.0,50,0,13,0,0,0,ENERGY_DEPLETED,8
1750,0.9573,-118.0,50,0,12,0,0,0,ENERGY_DEPLETED,8
1751,0.9572,-122.0,50,0,13,0,0,0,ENERGY_DEPLETED,8
1752,0.9572,-138.0,50,0,16,0,0,0,ENERGY_DEPLETED,8
1753,0.9572,-114.0,50,0,10,0,0,0,ENERGY_DEPLETED,8
1754,0.9572,-122.0,50,0,13,0,0,0,ENERGY_DEPLETED,8
1755,0.9571,-134.0,50,0,16,0,0,0,ENERGY_DEPLETED,8
1756,0.9571,-162.0,50,0,22,0,0,0,ENERGY_DEPLETED,8
1757,0.9571,-126.0,50,0,13,0,0,0,ENERGY_DEPLETED,8
1758,0.9571,-134.0,50,0,16,0,0,0,ENERGY_DEPLETED,8
1759,0.957,-94.0,50,0,5,0,0,0,ENERGY_DEPLETED,8
1760,0.957,-138.0,50,0,17,0,0,0,ENERGY_DEPLETED,8
1761,0.957,-150.0,50,0,19,0,0,0,ENERGY_DEPLETED,8
1762,0.957,-138.0,50,0,17,0,0,0,ENERGY_DEPLETED,8
1763,0.9569,-118.0,50,0,11,0,0,0,ENERGY_DEPLETED,8
1764,0.9569,-138.0,50,0,17,0,0,0,ENERGY_DEPLETED,8
1765,0.9569,-138.0,50,0,16,0,0,0,ENERGY_DEPLETED,8
1766,0.9569,-110.0,50,0,9,0,0,0,ENERGY_DEPLETED,8
1767,0.9568,-114.0,50,0,11,0,0,0,ENERGY_DEPLETED,8
1768,0.9568,-126.0,50,0,14,0,0,0,ENERGY_DEPLETED,8
1769,0.9568,-48.0,50,0,7,0,1,0,ENERGY_DEPLETED,8
1770,0.9568,-126.0,50,0,13,0,0,0,ENERGY_DEPLETED,8
1771,0.9568,-102.0,50,0,7,0,0,0,ENERGY_DEPLETED,8
1772,0.9567,-110.0,50,0,10,0,0,0,ENERGY_DEPLETED,8
1773,0.9567,-122.0,50,0,13,0,0,0,ENERGY_DEPLETED,8
1774,0.9567,-114.0,50,0,11,0,0,0,ENERGY_DEPLETED,8
1775,0.9567,-118.0,50,0,11,0,0,0,ENERGY_DEPLETED,8
1776,0.9566,-126.0,50,0,13,0,0,0,ENERGY_DEPLETED,8
1777,0.9566,-134.0,50,0,16,0,0,0,ENERGY_DEPLETED,8
1778,0.9566,-102.0,50,0,8,0,0,0,ENERGY_DEPLETED,8
1779,0.9566,-150.0,50,0,20,0,0,0,ENERGY_DEPLETED,8
1780,0.9565,-146.0,50,0,19,0,0,0,ENERGY_DEPLETED,8
1781,0.9565,-118.0,50,0,12,0,0,0,ENERGY_DEPLETED,8
1782,0.9565,-122.0,50,0,13,0,0,0,ENERGY_DEPLETED,8
1783,0.9565,-122.0,50,0,12,0,0,0,ENERGY_DEPLETED,8
1784,0.9564,-150.0,50,0,19,0,0,0,ENERGY_DEPLETED,8
1785,0.9564,-154.0,50,0,21,0,0,0,ENERGY_DEPLETED,8
1786,0.9564,-134.0,50,0,15,0,0,0,ENERGY_DEPLETED,8
1787,0.9564,-114.0,50,0,10,0,0,0,ENERGY_DEPLETED,8
1788,0.9563,-122.0,50,0,12,0,0,0,ENERGY_DEPLETED,8
1789,0.9563,-122.0,50,0,13,0,0,0,ENERGY_DEPLETED,8
1790,0.9563,-126.0,50,0,14,0,0,0,ENERGY_DEPLETED,8
1791,0.9563,-118.0,50,0,12,0,0,0,ENERGY_DEPLETED,8
1792,0.9562,-130.0,50,0,15,0,0,0,ENERGY_DEPLETED,8
1793,0.9562,-98.0,50,0,7,0,0,0,ENERGY_DEPLETED,8
1794,0.9562,-118.0,50,0,12,0,0,0,ENERGY_DEPLETED,8
1795,0.9562,-134.0,50,0,15,0,0,0,ENERGY_DEPLETED,8
1796,0.9562,-130.0,50,0,14,0,0,0,ENERGY_DEPLETED,8
1797,0.9561,-134.0,50,0,16,0,0,0,ENERGY_DEPLETED,8
1798,0.9561,-118.0,50,0,12,0,0,0,ENERGY_DEPLETED,8
1799,0.9561,-126.0,50,0,14,0,0,0,ENERGY_DEPLETED,8
1800,0.9561,-158.0,50,0,22,0,0,0,ENERGY_DEPLETED,8
1801,0.956,-142.0,50,0,18,0,0,0,ENERGY_DEPLETED,8
1802,0.956,-138.0,50,0,17,0,0,0,ENERGY_DEPLETED,8
1803,0.956,-126.0,50,0,14,0,0,0,ENERGY_DEPLETED,8
1804,0.956,-110.0,50,0,10,0,0,0,ENERGY_DEPLETED,8
1805,0.9559,-110.0,50,0,9,0,0,0,ENERGY_DEPLETED,8
1806,0.9559,-138.0,50,0,17,0,0,0,ENERGY_DEPLETED,8
1807,0.9559,-122.0,50,0,12,0,0,0,ENERGY_DEPLETED,8
1808,0.9559,-150.0,50,0,20,0,0,0,ENERGY_DEPLETED,8
1809,0.9558,-130.0,50,0,15,0,0,0,ENERGY_DEPLETED,8
1810,0.9558,-90.0,50,0,5,0,0,0,ENERGY_DEPLETED,8
1811,0.9558,-126.0,50,0,14,0,0,0,ENERGY_DEPLETED,8
1812,0.9558,-110.0,50,0,10,0,0,0,ENERGY_DEPLETED,8
1813,0.9557,-114.0,50,0,11,0,0,0,ENERGY_DEPLETED,8
1814,0.9557,-122.0,50,0,13,0,0,0,ENERGY_DEPLETED,8
1815,0.9557,-126.0,50,0,13,0,0,0,ENERGY_DEPLETED,8
1816,0.9557,-130.0,50,0,15,0,0,0,ENERGY_DEPLETED,8
1817,0.9557,-138.0,50,0,17,0,0,0,ENERGY_DEPLETED,8
1818,0.9556,-106.0,50,0,9,0,0,0,ENERGY_DEPLETED,8
1819,0.9556,-118.0,50,0,12,0,0,0,ENERGY_DEPLETED,8
1820,0.9556,-90.0,50,0,4,0,0,0,ENERGY_DEPLETED,8
1821,0.9556,-114.0,50,0,11,0,0,0,ENERGY_DEPLETED,8
1822,0.9555,-126.0,50,0,14,0,0,0,ENERGY_DEPLETED,8
1823,0.9555,-122.0,50,0,13,0,0,0,ENERGY_DEPLETED,8
1824,0.9555,-150.0,50,0,20,0,0,0,ENERGY_DEPLETED,8
1825,0.9555,-122.0,50,0,13,0,0,0,ENERGY_DEPLETED,8
1826,0.9554,-154.0,50,0,21,0,0,0,ENERGY_DEPLETED,8
1827,0.9554,-94.0,50,0,6,0,0,0,ENERGY_DEPLETED,8
1828,0.9554,-118.0,50,0,12,0,0,0,ENERGY_DEPLETED,8
1829,0.9554,-106.0,50,0,9,0,0,0,ENERGY_DEPLETED,8
1830,0.9553,-122.0,50,0,13,0,0,0,ENERGY_DEPLETED,8
1831,0.9553,-118.0,50,0,12,0,0,0,ENERGY_DEPLETED,8
1832,0.9553,-118.0,50,0,11,0,0,0,ENERGY_DEPLETED,8
1833,0.9553,-114.0,50,0,11,0,0,0,ENERGY_DEPLETED,8
1834,0.9552,-114.0,50,0,11,0,0,0,ENERGY_DEPLETED,8
1835,0.9552,-114.0,50,0,11,0,0,0,ENERGY_DEPLETED,8
1836,0.9552,-118.0,50,0,11,0,0,0,ENERGY_DEPLETED,8
1837,0.9552,-174.0,50,0,25,0,0,0,ENERGY_DEPLETED,8
1838,0.9552,-64.0,50,0,11,0,1,0,ENERGY_DEPLETED,8
1839,0.9551,-130.0,50,0,15,0,0,0,ENERGY_DEPLETED,8
1840,0.9551,-130.0,50,0,15,0,0,0,ENERGY_DEPLETED,8
1841,0.9551,-126.0,50,0,14,0,0,0,ENERGY_DEPLETED,8
1842,0.9551,-162.0,50,0,23,0,0,0,ENERGY_DEPLETED,8
1843,0.955,-122.0,50,0,13,0,0,0,ENERGY_DEPLETED,8
1844,0.955,-134.0,50,0,16,0,0,0,ENERGY_DEPLETED,8
1845,0.955,-110.0,50,0,10,0,0,0,ENERGY_DEPLETED,8
1846,0.955,-142.0,50,0,18,0,0,0,ENERGY_DEPLETED,8
1847,0.9549,-146.0,50,0,19,0,0,0,ENERGY_DEPLETED,8
1848,0.9549,-138.0,50,0,16,0,0,0,ENERGY_DEPLETED,8
1849,0.9549,-122.0,50,0,13,0,0,0,ENERGY_DEPLETED,8
1850,0.9549,-126.0,50,0,13,0,0,0,ENERGY_DEPLETED,8
1851,0.9548,-146.0,50,0,18,0,0,0,ENERGY_DEPLETED,8
1852,0.9548,-106.0,50,0,9,0,0,0,ENERGY_DEPLETED,8
1853,0.9548,-118.0,50,0,12,0,0,0,ENERGY_DEPLETED,8
1854,0.9548,-142.0,50,0,18,0,0,0,ENERGY_DEPLETED,8
1855,0.9547,-130.0,50,0,15,0,0,0,ENERGY_DEPLETED,8
1856,0.9547,-122.0,50,0,12,0,0,0,ENERGY_DEPLETED,8
1857,0.9547,-114.0,50,0,11,0,0,0,ENERGY_DEPLETED,8
1858,0.9547,-106.0,50,0,9,0,0,0,ENERGY_DEPLETED,8
1859,0.9547,-130.0,50,0,15,0,0,0,ENERGY_DEPLETED,8
1860,0.9546,-126.0,50,0,14,0,0,0,ENERGY_DEPLETED,8
1861,0.9546,-106.0,50,0,9,0,0,0,ENERGY_DEPLETED,8
1862,0.9546,-130.0,50,0,14,0,0,0,ENERGY_DEPLETED,8
1863,0.9546,-118.0,50,0,12,0,0,0,ENERGY_DEPLETED,8
1864,0.9545,-134.0,50,0,16,0,0,0,ENERGY_DEPLETED,8
1865,0.9545,-118.0,50,0,11,0,0,0,ENERGY_DEPLETED,8
1866,0.9545,-134.0,50,0,15,0,0,0,ENERGY_DEPLETED,8
1867,0.9545,-150.0,50,0,20,0,0,0,ENERGY_DEPLETED,8
1868,0.9544,-126.0,50,0,14,0,0,0,ENERGY_DEPLETED,8
1869,0.9544,-118.0,50,0,11,0,0,0,ENERGY_DEPLETED,8
1870,0.9544,-142.0,50,0,18,0,0,0,ENERGY_DEPLETED,8
1871,0.9544,-126.0,50,0,13,0,0,0,ENERGY_DEPLETED,8
1872,0.9543,-118.0,50,0,11,0,0,0,ENERGY_DEPLETED,8
1873,0.9543,-158.0,50,0,21,0,0,0,ENERGY_DEPLETED,8
1874,0.9543,-114.0,50,0,11,0,0,0,ENERGY_DEPLETED,8
1875,0.9543,-134.0,50,0,16,0,0,0,ENERGY_DEPLETED,8
1876,0.9542,-110.0,50,0,9,0,0,0,ENERGY_DEPLETED,8
1877,0.9542,-114.0,50,0,11,0,0,0,ENERGY_DEPLETED,8
1878,0.9542,-126.0,50,0,14,0,0,0,ENERGY_DEPLETED,8
1879,0.9542,-150.0,50,0,19,0,0,0,ENERGY_DEPLETED,8
1880,0.9542,-110.0,50,0,10,0,0,0,ENERGY_DEPLETED,8
1881,0.9541,-138.0,50,0,16,0,0,0,ENERGY_DEPLETED,8
1882,0.9541,-134.0,50,0,16,0,0,0,ENERGY_DEPLETED,8
1883,0.9541,-114.0,50,0,11,0,0,0,ENERGY_DEPLETED,8
1884,0.9541,-142.0,50,0,17,0,0,0,ENERGY_DEPLETED,8
1885,0.954,-158.0,50,0,21,0,0,0,ENERGY_DEPLETED,8
1886,0.954,-138.0,50,0,17,0,0,0,ENERGY_DEPLETED,8
1887,0.954,-110.0,50,0,10,0,0,0,ENERGY_DEPLETED,8
1888,0.954,-158.0,50,0,22,0,0,0,ENERGY_DEPLETED,8
1889,0.9539,-76.0,50,0,14,0,0,0,ENERGY_DEPLETED,8
1890,0.9539,-142.0,50,0,18,0,0,0,ENERGY_DEPLETED,8
1891,0.9539,-122.0,50,0,12,0,0,0,ENERGY_DEPLETED,8
1892,0.9539,-118.0,50,0,12,0,0,0,ENERGY_DEPLETED,8
1893,0.9538,-134.0,50,0,16,0,0,0,ENERGY_DEPLETED,8
1894,0.9538,-118.0,50,0,11,0,0,0,ENERGY_DEPLETED,8
1895,0.9538,-142.0,50,0,17,0,0,0,ENERGY_DEPLETED,8
1896,0.9538,-130.0,50,0,15,0,0,0,ENERGY_DEPLETED,8
1897,0.9537,-126.0,50,0,14,0,0,0,ENERGY_DEPLETED,8
1898,0.9537,-122.0,50,0,13,0,0,0,ENERGY_DEPLETED,8
1899,0.9537,-122.0,50,0,12,0,0,0,ENERGY_DEPLETED,8
1900,0.9537,-110.0,50,0,10,0,0,0,ENERGY_DEPLETED,8
1901,0.9537,-142.0,50,0,17,0,0,0,ENERGY_DEPLETED,8
1902,0.9536,-166.0,50,0,24,0,0,0,ENERGY_DEPLETED,8
1903,0.9536,-130.0,50,0,15,0,0,0,ENERGY_DEPLETED,8
1904,0.9536,-118.0,50,0,12,0,0,0,ENERGY_DEPLETED,8
1905,0.9536,-106.0,50,0,9,0,0,0,ENERGY_DEPLETED,8
1906,0.9535,-154.0,50,0,21,0,0,0,ENERGY_DEPLETED,8
1907,0.9535,-102.0,50,0,8,0,0,0,ENERGY_DEPLETED,8
1908,0.9535,-118.0,50,0,11,0,0,0,ENERGY_DEPLETED,8
1909,0.9535,-122.0,50,0,12,0,0,0,ENERGY_DEPLETED,8
1910,0.9534,-146.0,50,0,19,0,0,0,ENERGY_DEPLETED,8
1911,0.9534,-114.0,50,0,11,0,0,0,ENERGY_DEPLETED,8
1912,0.9534,-150.0,50,0,19,0,0,0,ENERGY_DEPLETED,8
1913,0.9534,-146.0,50,0,19,0,0,0,ENERGY_DEPLETED,8
1914,0.9533,-90.0,50,0,5,0,0,0,ENERGY_DEPLETED,8
1915,0.9533,-110.0,50,0,10,0,0,0,ENERGY_DEPLETED,8
1916,0.9533,-114.0,50,0,11,0,0,0,ENERGY_DEPLETED,8
1917,0.9533,-130.0,50,0,15,0,0,0,ENERGY_DEPLETED,8
1918,0.9532,-114.0,50,0,11,0,0,0,ENERGY_DEPLETED,8
1919,0.9532,-138.0,50,0,17,0,0,0,ENERGY_DEPLETED,8
1920,0.9532,-118.0,50,0,12,0,0,0,ENERGY_DEPLETED,8
1921,0.9532,-122.0,50,0,13,0,0,0,ENERGY_DEPLETED,8
1922,0.9532,-68.0,50,0,12,0,1,0,ENERGY_DEPLETED,8
1923,0.9531,-114.0,50,0,11,0,0,0,ENERGY_DEPLETED,8
1924,0.9531,-118.0,50,0,12,0,0,0,ENERGY_DEPLETED,8
1925,0.9531,-134.0,50,0,15,0,0,0,ENERGY_DEPLETED,8
1926,0.9531,-130.0,50,0,15,0,0,0,ENERGY_DEPLETED,8
1927,0.953,-102.0,50,0,8,0,0,0,ENERGY_DEPLETED,8
1928,0.953,-122.0,50,0,13,0,0,0,ENERGY_DEPLETED,8
1929,0.953,-142.0,50,0,18,0,0,0,ENERGY_DEPLETED,8
1930,0.953,-134.0,50,0,16,0,0,0,ENERGY_DEPLETED,8
1931,0.9529,-146.0,50,0,19,0,0,0,ENERGY_DEPLETED,8
1932,0.9529,-142.0,50,0,18,0,0,0,ENERGY_DEPLETED,8
1933,0.9529,-134.0,50,0,16,0,0,0,ENERGY_DEPLETED,8
1934,0.9529,-118.0,50,0,11,0,0,0,ENERGY_DEPLETED,8
1935,0.9528,-142.0,50,0,17,0,0,0,ENERGY_DEPLETED,8
1936,0.9528,-126.0,50,0,14,0,0,0,ENERGY_DEPLETED,8
1937,0.9528,-126.0,50,0,14,0,0,0,ENERGY_DEPLETED,8
1938,0.9528,-134.0,50,0,16,0,0,0,ENERGY_DEPLETED,8
1939,0.9527,-142.0,50,0,18,0,0,0,ENERGY_DEPLETED,8
1940,0.9527,-138.0,50,0,17,0,0,0,ENERGY_DEPLETED,8
1941,0.9527,-146.0,50,0,19,0,0,0,ENERGY_DEPLETED,8
1942,0.9527,-126.0,50,0,14,0,0,0,ENERGY_DEPLETED,8
1943,0.9527,-126.0,50,0,13,0,0,0,ENERGY_DEPLETED,8
1944,0.9526,-146.0,50,0,19,0,0,0,ENERGY_DEPLETED,8
1945,0.9526,-102.0,50,0,8,0,0,0,ENERGY_DEPLETED,8
1946,0.9526,-130.0,50,0,14,0,0,0,ENERGY_DEPLETED,8
1947,0.9526,-126.0,50,0,14,0,0,0,ENERGY_DEPLETED,8
1948,0.9525,-138.0,50,0,17,0,0,0,ENERGY_DEPLETED,8
1949,0.9525,-150.0,50,0,20,0,0,0,ENERGY_DEPLETED,8
1950,0.9525,-114.0,50,0,11,0,0,0,ENERGY_DEPLETED,8
1951,0.9525,-142.0,50,0,18,0,0,0,ENERGY_DEPLETED,8
1952,0.9524,-134.0,50,0,16,0,0,0,ENERGY_DEPLETED,8
1953,0.9524,-102.0,50,0,8,0,0,0,ENERGY_DEPLETED,8
1954,0.9524,-126.0,50,0,14,0,0,0,ENERGY_DEPLETED,8
1955,0.9524,-150.0,50,0,19,0,0,0,ENERGY_DEPLETED,8
1956,0.9523,-138.0,50,0,16,0,0,0,ENERGY_DEPLETED,8
1957,0.9523,-126.0,50,0,14,0,0,0,ENERGY_DEPLETED,8
1958,0.9523,-126.0,50,0,13,0,0,0,ENERGY_DEPLETED,8
1959,0.9523,-146.0,50,0,19,0,0,0,ENERGY_DEPLETED,8
1960,0.9522,-130.0,50,0,15,0,0,0,ENERGY_DEPLETED,8
1961,0.9522,-138.0,50,0,17,0,0,0,ENERGY_DEPLETED,8
1962,0.9522,-106.0,50,0,9,0,0,0,ENERGY_DEPLETED,8
1963,0.9522,-130.0,50,0,15,0,0,0,ENERGY_DEPLETED,8
1964,0.9522,-138.0,50,0,17,0,0,0,ENERGY_DEPLETED,8
1965,0.9521,-106.0,50,0,9,0,0,0,ENERGY_DEPLETED,8
1966,0.9521,-134.0,50,0,16,0,0,0,ENERGY_DEPLETED,8
1967,0.9521,-138.0,50,0,17,0,0,0,ENERGY_DEPLETED,8
1968,0.9521,-154.0,50,0,21,0,0,0,ENERGY_DEPLETED,8
1969,0.952,-130.0,50,0,15,0,0,0,ENERGY_DEPLETED,8
1970,0.952,-150.0,50,0,19,0,0,0,ENERGY_DEPLETED,8
1971,0.952,-150.0,50,0,19,0,0,0,ENERGY_DEPLETED,8
1972,0.952,-114.0,50,0,11,0,0,0,ENERGY_DEPLETED,8
1973,0.9519,-118.0,50,0,11,0,0,0,ENERGY_DEPLETED,8
1974,0.9519,-134.0,50,0,16,0,0,0,ENERGY_DEPLETED,8
1975,0.9519,-126.0,50,0,13,0,0,0,ENERGY_DEPLETED,8
1976,0.9519,-166.0,50,0,23,0,0,0,ENERGY_DEPLETED,8
1977,0.9518,-114.0,50,0,11,0,0,0,ENERGY_DEPLETED,8
1978,0.9518,-146.0,50,0,19,0,0,0,ENERGY_DEPLETED,8
1979,0.9518,-98.0,50,0,7,0,0,0,ENERGY_DEPLETED,8
1980,0.9518,-126.0,50,0,13,0,0,0,ENERGY_DEPLETED,8
1981,0.9517,-166.0,50,0,23,0,0,0,ENERGY_DEPLETED,8
1982,0.9517,-122.0,50,0,13,0,0,0,ENERGY_DEPLETED,8
1983,0.9517,-138.0,50,0,17,0,0,0,ENERGY_DEPLETED,8
1984,0.9517,-118.0,50,0,12,0,0,0,ENERGY_DEPLETED,8
1985,0.9517,-106.0,50,0,9,0,0,0,ENERGY_DEPLETED,8
1986,0.9516,-146.0,50,0,18,0,0,0,ENERGY_DEPLETED,8
1987,0.9516,-98.0,50,0,7,0,0,0,ENERGY_DEPLETED,8
1988,0.9516,-122.0,50,0,13,0,0,0,ENERGY_DEPLETED,8
1989,0.9516,-142.0,50,0,17,0,0,0,ENERGY_DEPLETED,8
1990,0.9515,-150.0,50,0,19,0,0,0,ENERGY_DEPLETED,8
1991,0.9515,-130.0,50,0,14,0,0,0,ENERGY_DEPLETED,8
1992,0.9515,-174.0,50,0,25,0,0,0,ENERGY_DEPLETED,8
1993,0.9515,-162.0,50,0,22,0,0,0,ENERGY_DEPLETED,8
1994,0.9514,-118.0,50,0,12,0,0,0,ENERGY_DEPLETED,8
1995,0.9514,-130.0,50,0,14,0,0,0,ENERGY_DEPLETED,8
1996,0.9514,-122.0,50,0,13,0,0,0,ENERGY_DEPLETED,8
1997,0.9514,-134.0,50,0,16,0,0,0,ENERGY_DEPLETED,8
1998,0.9513,-138.0,50,0,16,0,0,0,ENERGY_DEPLETED,8
1999,0.9513,-122.0,50,0,12,0,0,0,ENERGY_DEPLETED,8
