episode,step,row,col,key,energy,intended_action,effective_action,next_row,next_col,next_key,next_energy,reward,event,done
0,0,0,0,0,50,LEFT,LEFT,0,0,0,49,-4.88,WALL_HIT,0
0,1,0,0,0,49,DOWN,DOWN,1,0,0,48,-1.87,MOVE,0
0,2,1,0,0,48,UP,UP,0,0,0,47,0.12,MOVE,0
0,3,0,0,0,47,RIGHT,RIGHT,0,1,0,46,0.11,MOVE,0
0,4,0,1,0,46,UP,UP,0,1,0,45,-4.89,WALL_HIT,0
0,5,0,1,0,45,UP,UP,0,1,0,44,-4.89,WALL_HIT,0
0,6,0,1,0,44,DOWN,DOWN,1,1,0,43,-1.88,MOVE,0
0,7,1,1,0,43,RIGHT,DOWN,2,1,0,42,0.11,MOVE,0
0,8,2,1,0,42,RIGHT,RIGHT,2,2,0,41,0.1,MOVE,0
0,9,2,2,0,41,DOWN,DOWN,3,2,0,40,-1.89,MOVE,0
0,10,3,2,0,40,DOWN,DOWN,4,2,0,39,-1.88,MOVE,0
0,11,4,2,0,39,UP,UP,3,2,0,38,0.11,MOVE,0
0,12,3,2,0,38,RIGHT,DOWN,4,2,0,37,-1.88,MOVE,0
0,13,4,2,0,37,UP,UP,3,2,0,36,0.11,MOVE,0
0,14,3,2,0,36,DOWN,DOWN,4,2,0,35,-1.88,MOVE,0
0,15,4,2,0,35,RIGHT,RIGHT,4,3,0,34,0.11,MOVE,0
0,16,4,3,0,34,LEFT,LEFT,4,2,0,33,-1.88,MOVE,0
0,17,4,2,0,33,RIGHT,RIGHT,4,3,0,32,0.11,MOVE,0
0,18,4,3,0,32,UP,RIGHT,4,4,0,31,0.1,MOVE,0
0,19,4,4,0,31,UP,UP,4,4,0,30,-4.9,WALL_HIT,0
0,20,4,4,0,30,UP,UP,4,4,0,29,-4.9,WALL_HIT,0
0,21,4,4,0,29,RIGHT,DOWN,5,4,0,28,-1.89,MOVE,0
0,22,5,4,0,28,DOWN,DOWN,6,4,0,27,-1.88,MOVE,0
0,23,6,4,0,27,UP,UP,5,4,0,26,0.11,MOVE,0
0,24,5,4,0,26,UP,UP,4,4,0,25,0.1,MOVE,0
0,25,4,4,0,25,DOWN,RIGHT,4,5,0,24,0.09,MOVE,0
0,26,4,5,0,24,DOWN,LEFT,4,4,0,23,-1.9,MOVE,0
0,27,4,4,0,23,UP,UP,4,4,0,22,-4.9,WALL_HIT,0
0,28,4,4,0,22,UP,UP,4,4,0,21,-4.9,WALL_HIT,0
0,29,4,4,0,21,RIGHT,RIGHT,4,5,0,20,0.09,MOVE,0
0,30,4,5,0,20,DOWN,DOWN,5,5,0,19,-1.9,MOVE,0
0,31,5,5,0,19,RIGHT,RIGHT,5,6,0,18,0.09,MOVE,0
0,32,5,6,0,18,UP,UP,4,6,0,17,0.08,MOVE,0
0,33,4,6,0,17,DOWN,DOWN,5,6,0,16,-1.91,MOVE,0
0,34,5,6,0,16,UP,LEFT,5,5,0,15,-1.9,MOVE,0
0,35,5,5,0,15,DOWN,DOWN,6,5,0,14,-1.89,MOVE,0
0,36,6,5,0,14,UP,UP,5,5,0,13,0.1,MOVE,0
0,37,5,5,0,13,RIGHT,RIGHT,5,6,0,12,0.09,MOVE,0
0,38,5,6,0,12,DOWN,DOWN,6,6,0,11,-1.9,MOVE,0
0,39,6,6,0,11,UP,UP,5,6,0,10,0.09,MOVE,0
0,40,5,6,0,10,UP,UP,4,6,0,9,0.08,MOVE,0
0,41,4,6,0,9,UP,UP,3,6,0,8,0.07,MOVE,0
0,42,3,6,0,8,LEFT,LEFT,3,5,0,7,-1.92,MOVE,0
0,43,3,5,0,7,RIGHT,RIGHT,3,6,0,6,0.07,MOVE,0
0,44,3,6,0,6,UP,UP,2,6,0,5,0.06,MOVE,0
0,45,2,6,0,5,LEFT,UP,1,6,0,4,0.05,MOVE,0
0,46,1,6,0,4,UP,RIGHT,1,7,0,3,0.04,MOVE,0
0,47,1,7,0,3,RIGHT,RIGHT,1,8,0,2,0.03,MOVE,0
0,48,1,8,0,2,UP,UP,0,8,0,1,0.02,MOVE,0
0,49,0,8,0,1,LEFT,LEFT,0,7,0,0,-19.0,ENERGY_DEPLETED,1
1,0,0,0,0,50,UP,UP,0,0,0,49,-4.88,WALL_HIT,0
1,1,0,0,0,49,RIGHT,RIGHT,0,1,0,48,0.11,MOVE,0
1,2,0,1,0,48,DOWN,DOWN,1,1,0,47,-1.88,MOVE,0
1,3,1,1,0,47,UP,UP,0,1,0,46,0.11,MOVE,0
1,4,0,1,0,46,DOWN,DOWN,1,1,0,45,-1.88,MOVE,0
1,5,1,1,0,45,RIGHT,RIGHT,1,1,0,44,-4.88,WALL_HIT,0
1,6,1,1,0,44,LEFT,LEFT,1,0,0,43,-1.87,MOVE,0
1,7,1,0,0,43,LEFT,LEFT,1,0,0,42,-4.87,WALL_HIT,0
1,8,1,0,0,42,LEFT,DOWN,2,0,0,41,0.12,MOVE,0
1,9,2,0,0,41,DOWN,DOWN,2,0,0,40,-4.88,WALL_HIT,0
1,10,2,0,0,40,DOWN,DOWN,2,0,0,39,-4.88,WALL_HIT,0
1,11,2,0,0,39,DOWN,DOWN,2,0,0,38,-4.88,WALL_HIT,0
1,12,2,0,0,38,UP,UP,1,0,0,37,-1.87,MOVE,0
1,13,1,0,0,37,RIGHT,DOWN,2,0,0,36,0.12,MOVE,0
1,14,2,0,0,36,UP,RIGHT,2,1,0,35,0.11,MOVE,0
1,15,2,1,0,35,LEFT,DOWN,3,1,0,34,-1.88,MOVE,0
1,16,3,1,0,34,RIGHT,RIGHT,3,2,0,33,0.11,MOVE,0
1,17,3,2,0,33,DOWN,RIGHT,3,3,0,32,0.1,MOVE,0
1,18,3,3,0,32,LEFT,LEFT,3,2,0,31,-1.89,MOVE,0
1,19,3,2,0,31,UP,UP,2,2,0,30,0.1,MOVE,0
1,20,2,2,0,30,DOWN,DOWN,3,2,0,29,-1.89,MOVE,0
1,21,3,2,0,29,RIGHT,RIGHT,3,3,0,28,0.1,MOVE,0
1,22,3,3,0,28,DOWN,DOWN,4,3,0,27,-1.89,MOVE,0
1,23,4,3,0,27,LEFT,LEFT,4,2,0,26,-1.88,MOVE,0
1,24,4,2,0,26,RIGHT,UP,3,2,0,25,0.11,MOVE,0
1,25,3,2,0,25,UP,UP,2,2,0,24,0.1,MOVE,0
1,26,2,2,0,24,DOWN,RIGHT,2,3,0,23,0.09,MOVE,0
1,27,2,3,0,23,UP,UP,1,3,0,22,0.08,MOVE,0
1,28,1,3,0,22,DOWN,DOWN,2,3,0,21,-1.91,MOVE,0
1,29,2,3,0,21,DOWN,DOWN,3,3,0,20,-1.9,MOVE,0
1,30,3,3,0,20,RIGHT,DOWN,4,3,0,19,-1.89,MOVE,0
1,31,4,3,0,19,RIGHT,DOWN,5,3,0,18,-1.88,MOVE,0
1,32,5,3,0,18,RIGHT,RIGHT,5,4,0,17,0.11,MOVE,0
1,33,5,4,0,17,LEFT,LEFT,5,3,0,16,-1.88,MOVE,0
1,34,5,3,0,16,UP,UP,4,3,0,15,0.11,MOVE,0
1,35,4,3,0,15,RIGHT,UP,3,3,0,14,0.1,MOVE,0
1,36,3,3,0,14,UP,UP,2,3,0,13,0.09,MOVE,0
1,37,2,3,0,13,LEFT,LEFT,2,2,0,12,-1.9,MOVE,0
1,38,2,2,0,12,DOWN,DOWN,3,2,0,11,-1.89,MOVE,0
1,39,3,2,0,11,UP,UP,2,2,0,10,0.1,MOVE,0
1,40,2,2,0,10,RIGHT,UP,2,2,0,9,-4.9,WALL_HIT,0
1,41,2,2,0,9,RIGHT,RIGHT,2,3,0,8,0.09,MOVE,0
1,42,2,3,0,8,UP,UP,1,3,0,7,0.08,MOVE,0
1,43,1,3,0,7,UP,UP,0,3,0,6,-1.91,MOVE,0
1,44,0,3,0,6,RIGHT,RIGHT,0,3,0,5,-4.91,WALL_HIT,0
1,45,0,3,0,5,RIGHT,RIGHT,0,3,0,4,-4.91,WALL_HIT,0
1,46,0,3,0,4,UP,UP,0,3,0,3,-4.91,WALL_HIT,0
1,47,0,3,0,3,UP,UP,0,3,0,2,-4.91,WALL_HIT,0
1,48,0,3,0,2,RIGHT,RIGHT,0,3,0,1,-4.91,WALL_HIT,0
1,49,0,3,0,1,UP,UP,0,3,0,0,-16.0,ENERGY_DEPLETED,1
2,0,0,0,0,50,UP,RIGHT,0,1,0,49,0.11,MOVE,0
2,1,0,1,0,49,DOWN,DOWN,1,1,0,48,-1.88,MOVE,0
2,2,1,1,0,48,UP,UP,0,1,0,47,0.11,MOVE,0
2,3,0,1,0,47,RIGHT,RIGHT,0,2,0,46,0.1,MOVE,0
2,4,0,2,0,46,RIGHT,UP,0,2,0,45,-4.9,WALL_HIT,0
2,5,0,2,0,45,UP,UP,0,2,0,44,-4.9,WALL_HIT,0
2,6,0,2,0,44,LEFT,LEFT,0,1,0,43,-1.89,MOVE,0
2,7,0,1,0,43,RIGHT,RIGHT,0,2,0,42,0.1,MOVE,0
2,8,0,2,0,42,RIGHT,RIGHT,0,3,0,41,0.09,MOVE,0
2,9,0,3,0,41,DOWN,RIGHT,0,3,0,40,-4.91,WALL_HIT,0
2,10,0,3,0,40,LEFT,LEFT,0,2,0,39,-1.9,MOVE,0
2,11,0,2,0,39,RIGHT,DOWN,0,2,0,38,-4.9,WALL_HIT,0
2,12,0,2,0,38,DOWN,DOWN,0,2,0,37,-4.9,WALL_HIT,0
2,13,0,2,0,37,UP,RIGHT,0,3,0,36,0.09,MOVE,0
2,14,0,3,0,36,UP,UP,0,3,0,35,-4.91,WALL_HIT,0
2,15,0,3,0,35,UP,UP,0,3,0,34,-4.91,WALL_HIT,0
2,16,0,3,0,34,UP,LEFT,0,2,0,33,-1.9,MOVE,0
2,17,0,2,0,33,DOWN,LEFT,0,1,0,32,-1.89,MOVE,0
2,18,0,1,0,32,UP,UP,0,1,0,31,-4.89,WALL_HIT,0
2,19,0,1,0,31,LEFT,DOWN,1,1,0,30,-1.88,MOVE,0
2,20,1,1,0,30,DOWN,RIGHT,1,1,0,29,-4.88,WALL_HIT,0
2,21,1,1,0,29,LEFT,LEFT,1,0,0,28,-1.87,MOVE,0
2,22,1,0,0,28,UP,UP,0,0,0,27,0.12,MOVE,0
2,23,0,0,0,27,RIGHT,RIGHT,0,1,0,26,0.11,MOVE,0
2,24,0,1,0,26,LEFT,DOWN,1,1,0,25,-1.88,MOVE,0
2,25,1,1,0,25,LEFT,LEFT,1,0,0,24,-1.87,MOVE,0
2,26,1,0,0,24,DOWN,DOWN,2,0,0,23,0.12,MOVE,0
2,27,2,0,0,23,LEFT,LEFT,2,0,0,22,-4.88,WALL_HIT,0
2,28,2,0,0,22,UP,UP,1,0,0,21,-1.87,MOVE,0
2,29,1,0,0,21,LEFT,LEFT,1,0,0,20,-4.87,WALL_HIT,0
2,30,1,0,0,20,RIGHT,DOWN,2,0,0,19,0.12,MOVE,0
2,31,2,0,0,19,LEFT,LEFT,2,0,0,18,-4.88,WALL_HIT,0
2,32,2,0,0,18,UP,UP,1,0,0,17,-1.87,MOVE,0
2,33,1,0,0,17,RIGHT,RIGHT,1,1,0,16,0.12,MOVE,0
2,34,1,1,0,16,LEFT,LEFT,1,0,0,15,-1.87,MOVE,0
2,35,1,0,0,15,LEFT,LEFT,1,0,0,14,-4.87,WALL_HIT,0
2,36,1,0,0,14,RIGHT,UP,0,0,0,13,0.12,MOVE,0
2,37,0,0,0,13,UP,UP,0,0,0,12,-4.88,WALL_HIT,0
2,38,0,0,0,12,RIGHT,RIGHT,0,1,0,11,0.11,MOVE,0
2,39,0,1,0,11,RIGHT,RIGHT,0,2,0,10,0.1,MOVE,0
2,40,0,2,0,10,DOWN,DOWN,0,2,0,9,-4.9,WALL_HIT,0
2,41,0,2,0,9,UP,UP,0,2,0,8,-4.9,WALL_HIT,0
2,42,0,2,0,8,DOWN,DOWN,0,2,0,7,-4.9,WALL_HIT,0
2,43,0,2,0,7,UP,UP,0,2,0,6,-4.9,WALL_HIT,0
2,44,0,2,0,6,LEFT,LEFT,0,1,0,5,-1.89,MOVE,0
2,45,0,1,0,5,DOWN,LEFT,0,0,0,4,-1.88,MOVE,0
2,46,0,0,0,4,UP,UP,0,0,0,3,-4.88,WALL_HIT,0
2,47,0,0,0,3,RIGHT,DOWN,1,0,0,2,-1.87,MOVE,0
2,48,1,0,0,2,RIGHT,RIGHT,1,1,0,1,0.12,MOVE,0
2,49,1,1,0,1,LEFT,DOWN,2,1,0,0,-9.0,ENERGY_DEPLETED,1
3,0,0,0,0,50,RIGHT,RIGHT,0,1,0,49,0.11,MOVE,0
3,1,0,1,0,49,LEFT,LEFT,0,0,0,48,-1.88,MOVE,0
3,2,0,0,0,48,UP,UP,0,0,0,47,-4.88,WALL_HIT,0
3,3,0,0,0,47,UP,UP,0,0,0,46,-4.88,WALL_HIT,0
3,4,0,0,0,46,DOWN,DOWN,1,0,0,45,-1.87,MOVE,0
3,5,1,0,0,45,UP,UP,0,0,0,44,0.12,MOVE,0
3,6,0,0,0,44,LEFT,LEFT,0,0,0,43,-4.88,WALL_HIT,0
3,7,0,0,0,43,DOWN,LEFT,0,0,0,42,-4.88,WALL_HIT,0
3,8,0,0,0,42,UP,UP,0,0,0,41,-4.88,WALL_HIT,0
3,9,0,0,0,41,RIGHT,RIGHT,0,1,0,40,0.11,MOVE,0
3,10,0,1,0,40,RIGHT,RIGHT,0,2,0,39,0.1,MOVE,0
3,11,0,2,0,39,DOWN,DOWN,0,2,0,38,-4.9,WALL_HIT,0
3,12,0,2,0,38,LEFT,LEFT,0,1,0,37,-1.89,MOVE,0
3,13,0,1,0,37,LEFT,LEFT,0,0,0,36,-1.88,MOVE,0
3,14,0,0,0,36,RIGHT,RIGHT,0,1,0,35,0.11,MOVE,0
3,15,0,1,0,35,DOWN,DOWN,1,1,0,34,-1.88,MOVE,0
3,16,1,1,0,34,UP,LEFT,1,0,0,33,-1.87,MOVE,0
3,17,1,0,0,33,UP,UP,0,0,0,32,0.12,MOVE,0
3,18,0,0,0,32,RIGHT,RIGHT,0,1,0,31,0.11,MOVE,0
3,19,0,1,0,31,UP,UP,0,1,0,30,-4.89,WALL_HIT,0
3,20,0,1,0,30,DOWN,DOWN,1,1,0,29,-1.88,MOVE,0
3,21,1,1,0,29,RIGHT,RIGHT,1,1,0,28,-4.88,WALL_HIT,0
3,22,1,1,0,28,DOWN,DOWN,2,1,0,27,0.11,MOVE,0
3,23,2,1,0,27,DOWN,DOWN,3,1,0,26,-1.88,MOVE,0
3,24,3,1,0,26,LEFT,LEFT,3,1,0,25,-4.88,WALL_HIT,0
3,25,3,1,0,25,UP,UP,2,1,0,24,0.11,MOVE,0
3,26,2,1,0,24,LEFT,LEFT,2,0,0,23,-1.88,MOVE,0
3,27,2,0,0,23,DOWN,DOWN,2,0,0,22,-4.88,WALL_HIT,0
3,28,2,0,0,22,UP,RIGHT,2,1,0,21,0.11,MOVE,0
3,29,2,1,0,21,LEFT,LEFT,2,0,0,20,-1.88,MOVE,0
3,30,2,0,0,20,DOWN,DOWN,2,0,0,19,-4.88,WALL_HIT,0
3,31,2,0,0,19,DOWN,DOWN,2,0,0,18,-4.88,WALL_HIT,0
3,32,2,0,0,18,RIGHT,RIGHT,2,1,0,17,0.11,MOVE,0
3,33,2,1,0,17,UP,RIGHT,2,2,0,16,0.1,MOVE,0
3,34,2,2,0,16,LEFT,DOWN,3,2,0,15,-1.89,MOVE,0
3,35,3,2,0,15,UP,UP,2,2,0,14,0.1,MOVE,0
3,36,2,2,0,14,RIGHT,RIGHT,2,3,0,13,0.09,MOVE,0
3,37,2,3,0,13,RIGHT,RIGHT,2,3,0,12,-4.91,WALL_HIT,0
3,38,2,3,0,12,DOWN,DOWN,3,3,0,11,-1.9,MOVE,0
3,39,3,3,0,11,DOWN,DOWN,4,3,0,10,-1.89,MOVE,0
3,40,4,3,0,10,UP,UP,3,3,0,9,0.1,MOVE,0
3,41,3,3,0,9,LEFT,LEFT,3,2,0,8,-1.89,MOVE,0
3,42,3,2,0,8,RIGHT,RIGHT,3,3,0,7,0.1,MOVE,0
3,43,3,3,0,7,DOWN,DOWN,4,3,0,6,-1.89,MOVE,0
3,44,4,3,0,6,UP,UP,3,3,0,5,0.1,MOVE,0
3,45,3,3,0,5,LEFT,LEFT,3,2,0,4,-1.89,MOVE,0
3,46,3,2,0,4,DOWN,DOWN,4,2,0,3,-1.88,MOVE,0
3,47,4,2,0,3,DOWN,RIGHT,4,3,0,2,0.11,MOVE,0
3,48,4,3,0,2,LEFT,LEFT,4,2,0,1,-1.88,MOVE,0
3,49,4,2,0,1,DOWN,DOWN,5,2,0,0,-9.0,ENERGY_DEPLETED,1
4,0,0,0,0,50,RIGHT,RIGHT,0,1,0,49,0.11,MOVE,0
4,1,0,1,0,49,RIGHT,DOWN,1,1,0,48,-1.88,MOVE,0
4,2,1,1,0,48,DOWN,DOWN,2,1,0,47,0.11,MOVE,0
4,3,2,1,0,47,UP,UP,1,1,0,46,-1.88,MOVE,0
4,4,1,1,0,46,DOWN,DOWN,2,1,0,45,0.11,MOVE,0
4,5,2,1,0,45,DOWN,DOWN,3,1,0,44,-1.88,MOVE,0
4,6,3,1,0,44,RIGHT,RIGHT,3,2,0,43,0.11,MOVE,0
4,7,3,2,0,43,DOWN,DOWN,4,2,0,42,-1.88,MOVE,0
4,8,4,2,0,42,UP,UP,3,2,0,41,0.11,MOVE,0
4,9,3,2,0,41,RIGHT,RIGHT,3,3,0,40,0.1,MOVE,0
4,10,3,3,0,40,RIGHT,RIGHT,3,3,0,39,-4.9,WALL_HIT,0
4,11,3,3,0,39,DOWN,LEFT,3,2,0,38,-1.89,MOVE,0
4,12,3,2,0,38,UP,UP,2,2,0,37,0.1,MOVE,0
4,13,2,2,0,37,RIGHT,RIGHT,2,3,0,36,0.09,MOVE,0
4,14,2,3,0,36,LEFT,LEFT,2,2,0,35,-1.9,MOVE,0
4,15,2,2,0,35,LEFT,LEFT,2,1,0,34,-1.89,MOVE,0
4,16,2,1,0,34,DOWN,LEFT,2,0,0,33,-1.88,MOVE,0
4,17,2,0,0,33,RIGHT,RIGHT,2,1,0,32,0.11,MOVE,0
4,18,2,1,0,32,UP,UP,1,1,0,31,-1.88,MOVE,0
4,19,1,1,0,31,UP,UP,0,1,0,30,0.11,MOVE,0
4,20,0,1,0,30,UP,UP,0,1,0,29,-4.89,WALL_HIT,0
4,21,0,1,0,29,LEFT,LEFT,0,0,0,28,-1.88,MOVE,0
4,22,0,0,0,28,DOWN,DOWN,1,0,0,27,-1.87,MOVE,0
4,23,1,0,0,27,RIGHT,RIGHT,1,1,0,26,0.12,MOVE,0
4,24,1,1,0,26,LEFT,LEFT,1,0,0,25,-1.87,MOVE,0
4,25,1,0,0,25,LEFT,DOWN,2,0,0,24,0.12,MOVE,0
4,26,2,0,0,24,DOWN,DOWN,2,0,0,23,-4.88,WALL_HIT,0
4,27,2,0,0,23,UP,UP,1,0,0,22,-1.87,MOVE,0
4,28,1,0,0,22,DOWN,DOWN,2,0,0,21,0.12,MOVE,0
4,29,2,0,0,21,DOWN,LEFT,2,0,0,20,-4.88,WALL_HIT,0
4,30,2,0,0,20,RIGHT,RIGHT,2,1,0,19,0.11,MOVE,0
4,31,2,1,0,19,UP,UP,1,1,0,18,-1.88,MOVE,0
4,32,1,1,0,18,RIGHT,RIGHT,1,1,0,17,-4.88,WALL_HIT,0
4,33,1,1,0,17,DOWN,DOWN,2,1,0,16,0.11,MOVE,0
4,34,2,1,0,16,DOWN,DOWN,3,1,0,15,-1.88,MOVE,0
4,35,3,1,0,15,RIGHT,RIGHT,3,2,0,14,0.11,MOVE,0
4,36,3,2,0,14,DOWN,DOWN,4,2,0,13,-1.88,MOVE,0
4,37,4,2,0,13,LEFT,LEFT,4,2,0,12,-4.88,WALL_HIT,0
4,38,4,2,0,12,RIGHT,RIGHT,4,3,0,11,0.11,MOVE,0
4,39,4,3,0,11,LEFT,LEFT,4,2,0,10,-1.88,MOVE,0
4,40,4,2,0,10,LEFT,LEFT,4,2,0,9,-4.88,WALL_HIT,0
4,41,4,2,0,9,RIGHT,RIGHT,4,3,0,8,0.11,MOVE,0
4,42,4,3,0,8,UP,UP,3,3,0,7,0.1,MOVE,0
4,43,3,3,0,7,LEFT,LEFT,3,2,0,6,-1.89,MOVE,0
4,44,3,2,0,6,DOWN,DOWN,4,2,0,5,-1.88,MOVE,0
4,45,4,2,0,5,LEFT,DOWN,5,2,0,4,-1.87,MOVE,0
4,46,5,2,0,4,UP,UP,4,2,0,3,0.12,MOVE,0
4,47,4,2,0,3,RIGHT,RIGHT,4,3,0,2,0.11,MOVE,0
4,48,4,3,0,2,DOWN,DOWN,5,3,0,1,-1.88,MOVE,0
4,49,5,3,0,1,UP,UP,4,3,0,0,-9.0,ENERGY_DEPLETED,1
5,0,0,0,0,50,LEFT,LEFT,0,0,0,49,-4.88,WALL_HIT,0
5,1,0,0,0,49,UP,RIGHT,0,1,0,48,0.11,MOVE,0
5,2,0,1,0,48,UP,UP,0,1,0,47,-4.89,WALL_HIT,0
5,3,0,1,0,47,DOWN,DOWN,1,1,0,46,-1.88,MOVE,0
5,4,1,1,0,46,RIGHT,UP,0,1,0,45,0.11,MOVE,0
5,5,0,1,0,45,UP,LEFT,0,0,0,44,-1.88,MOVE,0
5,6,0,0,0,44,UP,UP,0,0,0,43,-4.88,WALL_HIT,0
5,7,0,0,0,43,UP,LEFT,0,0,0,42,-4.88,WALL_HIT,0
5,8,0,0,0,42,UP,UP,0,0,0,41,-4.88,WALL_HIT,0
5,9,0,0,0,41,LEFT,LEFT,0,0,0,40,-4.88,WALL_HIT,0
5,10,0,0,0,40,DOWN,DOWN,1,0,0,39,-1.87,MOVE,0
5,11,1,0,0,39,UP,UP,0,0,0,38,0.12,MOVE,0
5,12,0,0,0,38,LEFT,UP,0,0,0,37,-4.88,WALL_HIT,0
5,13,0,0,0,37,RIGHT,UP,0,0,0,36,-4.88,WALL_HIT,0
5,14,0,0,0,36,DOWN,DOWN,1,0,0,35,-1.87,MOVE,0
5,15,1,0,0,35,LEFT,DOWN,2,0,0,34,0.12,MOVE,0
5,16,2,0,0,34,RIGHT,RIGHT,2,1,0,33,0.11,MOVE,0
5,17,2,1,0,33,LEFT,LEFT,2,0,0,32,-1.88,MOVE,0
5,18,2,0,0,32,RIGHT,RIGHT,2,1,0,31,0.11,MOVE,0
5,19,2,1,0,31,RIGHT,RIGHT,2,2,0,30,0.1,MOVE,0
5,20,2,2,0,30,UP,UP,2,2,0,29,-4.9,WALL_HIT,0
5,21,2,2,0,29,LEFT,LEFT,2,1,0,28,-1.89,MOVE,0
5,22,2,1,0,28,RIGHT,DOWN,3,1,0,27,-1.88,MOVE,0
5,23,3,1,0,27,DOWN,DOWN,3,1,0,26,-4.88,WALL_HIT,0
5,24,3,1,0,26,RIGHT,RIGHT,3,2,0,25,0.11,MOVE,0
5,25,3,2,0,25,RIGHT,RIGHT,3,3,0,24,0.1,MOVE,0
5,26,3,3,0,24,UP,UP,2,3,0,23,0.09,MOVE,0
5,27,2,3,0,23,RIGHT,RIGHT,2,3,0,22,-4.91,WALL_HIT,0
5,28,2,3,0,22,UP,UP,1,3,0,21,0.08,MOVE,0
5,29,1,3,0,21,LEFT,LEFT,1,3,0,20,-4.92,WALL_HIT,0
5,30,1,3,0,20,DOWN,DOWN,2,3,0,19,-1.91,MOVE,0
5,31,2,3,0,19,LEFT,UP,1,3,0,18,0.08,MOVE,0
5,32,1,3,0,18,RIGHT,RIGHT,1,4,0,17,0.07,MOVE,0
5,33,1,4,0,17,LEFT,LEFT,1,3,0,16,-1.92,MOVE,0
5,34,1,3,0,16,DOWN,DOWN,2,3,0,15,-1.91,MOVE,0
5,35,2,3,0,15,LEFT,LEFT,2,2,0,14,-1.9,MOVE,0
5,36,2,2,0,14,LEFT,LEFT,2,1,0,13,-1.89,MOVE,0
5,37,2,1,0,13,UP,UP,1,1,0,12,-1.88,MOVE,0
5,38,1,1,0,12,LEFT,LEFT,1,0,0,11,-1.87,MOVE,0
5,39,1,0,0,11,LEFT,LEFT,1,0,0,10,-4.87,WALL_HIT,0
5,40,1,0,0,10,LEFT,LEFT,1,0,0,9,-4.87,WALL_HIT,0
5,41,1,0,0,9,UP,UP,0,0,0,8,0.12,MOVE,0
5,42,0,0,0,8,RIGHT,RIGHT,0,1,0,7,0.11,MOVE,0
5,43,0,1,0,7,RIGHT,RIGHT,0,2,0,6,0.1,MOVE,0
5,44,0,2,0,6,LEFT,LEFT,0,1,0,5,-1.89,MOVE,0
5,45,0,1,0,5,RIGHT,RIGHT,0,2,0,4,0.1,MOVE,0
5,46,0,2,0,4,DOWN,DOWN,0,2,0,3,-4.9,WALL_HIT,0
5,47,0,2,0,3,UP,UP,0,2,0,2,-4.9,WALL_HIT,0
5,48,0,2,0,2,UP,UP,0,2,0,1,-4.9,WALL_HIT,0
5,49,0,2,0,1,LEFT,UP,0,2,0,0,-15.0,ENERGY_DEPLETED,1
6,0,0,0,0,50,LEFT,LEFT,0,0,0,49,-4.88,WALL_HIT,0
6,1,0,0,0,49,RIGHT,RIGHT,0,1,0,48,0.11,MOVE,0
6,2,0,1,0,48,DOWN,DOWN,1,1,0,47,-1.88,MOVE,0
6,3,1,1,0,47,LEFT,DOWN,2,1,0,46,0.11,MOVE,0
6,4,2,1,0,46,UP,UP,1,1,0,45,-1.88,MOVE,0
6,5,1,1,0,45,DOWN,DOWN,2,1,0,44,0.11,MOVE,0
6,6,2,1,0,44,LEFT,LEFT,2,0,0,43,-1.88,MOVE,0
6,7,2,0,0,43,DOWN,DOWN,2,0,0,42,-4.88,WALL_HIT,0
6,8,2,0,0,42,DOWN,DOWN,2,0,0,41,-4.88,WALL_HIT,0
6,9,2,0,0,41,DOWN,LEFT,2,0,0,40,-4.88,WALL_HIT,0
6,10,2,0,0,40,LEFT,UP,1,0,0,39,-1.87,MOVE,0
6,11,1,0,0,39,RIGHT,RIGHT,1,1,0,38,0.12,MOVE,0
6,12,1,1,0,38,LEFT,LEFT,1,0,0,37,-1.87,MOVE,0
6,13,1,0,0,37,DOWN,DOWN,2,0,0,36,0.12,MOVE,0
6,14,2,0,0,36,DOWN,DOWN,2,0,0,35,-4.88,WALL_HIT,0
6,15,2,0,0,35,RIGHT,RIGHT,2,1,0,34,0.11,MOVE,0
6,16,2,1,0,34,RIGHT,RIGHT,2,2,0,33,0.1,MOVE,0
6,17,2,2,0,33,UP,UP,2,2,0,32,-4.9,WALL_HIT,0
6,18,2,2,0,32,RIGHT,RIGHT,2,3,0,31,0.09,MOVE,0
6,19,2,3,0,31,LEFT,UP,1,3,0,30,0.08,MOVE,0
6,20,1,3,0,30,LEFT,UP,0,3,0,29,-1.91,MOVE,0
6,21,0,3,0,29,DOWN,DOWN,1,3,0,28,0.08,MOVE,0
6,22,1,3,0,28,UP,UP,0,3,0,27,-1.91,MOVE,0
6,23,0,3,0,27,UP,UP,0,3,0,26,-4.91,WALL_HIT,0
6,24,0,3,0,26,RIGHT,RIGHT,0,3,0,25,-4.91,WALL_HIT,0
6,25,0,3,0,25,DOWN,DOWN,1,3,0,24,0.08,MOVE,0
6,26,1,3,0,24,UP,UP,0,3,0,23,-1.91,MOVE,0
6,27,0,3,0,23,LEFT,LEFT,0,2,0,22,-1.9,MOVE,0
6,28,0,2,0,22,LEFT,LEFT,0,1,0,21,-1.89,MOVE,0
6,29,0,1,0,21,UP,UP,0,1,0,20,-4.89,WALL_HIT,0
6,30,0,1,0,20,DOWN,DOWN,1,1,0,19,-1.88,MOVE,0
6,31,1,1,0,19,DOWN,DOWN,2,1,0,18,0.11,MOVE,0
6,32,2,1,0,18,UP,UP,1,1,0,17,-1.88,MOVE,0
6,33,1,1,0,17,DOWN,DOWN,2,1,0,16,0.11,MOVE,0
6,34,2,1,0,16,UP,UP,1,1,0,15,-1.88,MOVE,0
6,35,1,1,0,15,DOWN,DOWN,2,1,0,14,0.11,MOVE,0
6,36,2,1,0,14,RIGHT,RIGHT,2,2,0,13,0.1,MOVE,0
6,37,2,2,0,13,LEFT,LEFT,2,1,0,12,-1.89,MOVE,0
6,38,2,1,0,12,RIGHT,RIGHT,2,2,0,11,0.1,MOVE,0
6,39,2,2,0,11,DOWN,DOWN,3,2,0,10,-1.89,MOVE,0
6,40,3,2,0,10,DOWN,DOWN,4,2,0,9,-1.88,MOVE,0
6,41,4,2,0,9,LEFT,LEFT,4,2,0,8,-4.88,WALL_HIT,0
6,42,4,2,0,8,UP,UP,3,2,0,7,0.11,MOVE,0
6,43,3,2,0,7,LEFT,LEFT,3,1,0,6,-1.88,MOVE,0
6,44,3,1,0,6,UP,RIGHT,3,2,0,5,0.11,MOVE,0
6,45,3,2,0,5,RIGHT,DOWN,4,2,0,4,-1.88,MOVE,0
6,46,4,2,0,4,DOWN,DOWN,5,2,0,3,-1.87,MOVE,0
6,47,5,2,0,3,LEFT,LEFT,5,1,0,2,-1.86,MOVE,0
6,48,5,1,0,2,LEFT,LEFT,5,0,0,1,-1.85,MOVE,0
6,49,5,0,0,1,LEFT,LEFT,5,0,0,0,-10.0,ENERGY_DEPLETED,1
7,0,0,0,0,50,DOWN,LEFT,0,0,0,49,-4.88,WALL_HIT,0
7,1,0,0,0,49,DOWN,DOWN,1,0,0,48,-1.87,MOVE,0
7,2,1,0,0,48,RIGHT,UP,0,0,0,47,0.12,MOVE,0
7,3,0,0,0,47,RIGHT,RIGHT,0,1,0,46,0.11,MOVE,0
7,4,0,1,0,46,UP,UP,0,1,0,45,-4.89,WALL_HIT,0
7,5,0,1,0,45,DOWN,DOWN,1,1,0,44,-1.88,MOVE,0
7,6,1,1,0,44,LEFT,LEFT,1,0,0,43,-1.87,MOVE,0
7,7,1,0,0,43,RIGHT,RIGHT,1,1,0,42,0.12,MOVE,0
7,8,1,1,0,42,DOWN,DOWN,2,1,0,41,0.11,MOVE,0
7,9,2,1,0,41,DOWN,DOWN,3,1,0,40,-1.88,MOVE,0
7,10,3,1,0,40,UP,UP,2,1,0,39,0.11,MOVE,0
7,11,2,1,0,39,UP,UP,1,1,0,38,-1.88,MOVE,0
7,12,1,1,0,38,DOWN,DOWN,2,1,0,37,0.11,MOVE,0
7,13,2,1,0,37,LEFT,LEFT,2,0,0,36,-1.88,MOVE,0
7,14,2,0,0,36,UP,UP,1,0,0,35,-1.87,MOVE,0
7,15,1,0,0,35,LEFT,LEFT,1,0,0,34,-4.87,WALL_HIT,0
7,16,1,0,0,34,LEFT,LEFT,1,0,0,33,-4.87,WALL_HIT,0
7,17,1,0,0,33,UP,RIGHT,1,1,0,32,0.12,MOVE,0
7,18,1,1,0,32,UP,UP,0,1,0,31,0.11,MOVE,0
7,19,0,1,0,31,LEFT,LEFT,0,0,0,30,-1.88,MOVE,0
7,20,0,0,0,30,LEFT,LEFT,0,0,0,29,-4.88,WALL_HIT,0
7,21,0,0,0,29,DOWN,DOWN,1,0,0,28,-1.87,MOVE,0
7,22,1,0,0,28,UP,UP,0,0,0,27,0.12,MOVE,0
7,23,0,0,0,27,LEFT,DOWN,1,0,0,26,-1.87,MOVE,0
7,24,1,0,0,26,DOWN,DOWN,2,0,0,25,0.12,MOVE,0
7,25,2,0,0,25,DOWN,DOWN,2,0,0,24,-4.88,WALL_HIT,0
7,26,2,0,0,24,RIGHT,RIGHT,2,1,0,23,0.11,MOVE,0
7,27,2,1,0,23,LEFT,LEFT,2,0,0,22,-1.88,MOVE,0
7,28,2,0,0,22,RIGHT,RIGHT,2,1,0,21,0.11,MOVE,0
7,29,2,1,0,21,DOWN,DOWN,3,1,0,20,-1.88,MOVE,0
7,30,3,1,0,20,LEFT,UP,2,1,0,19,0.11,MOVE,0
7,31,2,1,0,19,RIGHT,DOWN,3,1,0,18,-1.88,MOVE,0
7,32,3,1,0,18,DOWN,DOWN,3,1,0,17,-4.88,WALL_HIT,0
7,33,3,1,0,17,RIGHT,RIGHT,3,2,0,16,0.11,MOVE,0
7,34,3,2,0,16,LEFT,DOWN,4,2,0,15,-1.88,MOVE,0
7,35,4,2,0,15,LEFT,LEFT,4,2,0,14,-4.88,WALL_HIT,0
7,36,4,2,0,14,UP,UP,3,2,0,13,0.11,MOVE,0
7,37,3,2,0,13,DOWN,DOWN,4,2,0,12,-1.88,MOVE,0
7,38,4,2,0,12,LEFT,LEFT,4,2,0,11,-4.88,WALL_HIT,0
7,39,4,2,0,11,LEFT,LEFT,4,2,0,10,-4.88,WALL_HIT,0
7,40,4,2,0,10,LEFT,LEFT,4,2,0,9,-4.88,WALL_HIT,0
7,41,4,2,0,9,LEFT,LEFT,4,2,0,8,-4.88,WALL_HIT,0
7,42,4,2,0,8,DOWN,LEFT,4,2,0,7,-4.88,WALL_HIT,0
7,43,4,2,0,7,RIGHT,RIGHT,4,3,0,6,0.11,MOVE,0
7,44,4,3,0,6,RIGHT,RIGHT,4,4,0,5,0.1,MOVE,0
7,45,4,4,0,5,LEFT,LEFT,4,3,0,4,-1.89,MOVE,0
7,46,4,3,0,4,DOWN,DOWN,5,3,0,3,-1.88,MOVE,0
7,47,5,3,0,3,UP,UP,4,3,0,2,0.11,MOVE,0
7,48,4,3,0,2,LEFT,DOWN,5,3,0,1,-1.88,MOVE,0
7,49,5,3,0,1,UP,UP,4,3,0,0,-9.0,ENERGY_DEPLETED,1
8,0,0,0,0,50,RIGHT,RIGHT,0,1,0,49,0.11,MOVE,0
8,1,0,1,0,49,RIGHT,RIGHT,0,2,0,48,0.1,MOVE,0
8,2,0,2,0,48,UP,LEFT,0,1,0,47,-1.89,MOVE,0
8,3,0,1,0,47,DOWN,DOWN,1,1,0,46,-1.88,MOVE,0
8,4,1,1,0,46,RIGHT,RIGHT,1,1,0,45,-4.88,WALL_HIT,0
8,5,1,1,0,45,UP,UP,0,1,0,44,0.11,MOVE,0
8,6,0,1,0,44,RIGHT,RIGHT,0,2,0,43,0.1,MOVE,0
8,7,0,2,0,43,LEFT,LEFT,0,1,0,42,-1.89,MOVE,0
8,8,0,1,0,42,RIGHT,RIGHT,0,2,0,41,0.1,MOVE,0
8,9,0,2,0,41,RIGHT,UP,0,2,0,40,-4.9,WALL_HIT,0
8,10,0,2,0,40,UP,UP,0,2,0,39,-4.9,WALL_HIT,0
8,11,0,2,0,39,UP,UP,0,2,0,38,-4.9,WALL_HIT,0
8,12,0,2,0,38,UP,UP,0,2,0,37,-4.9,WALL_HIT,0
8,13,0,2,0,37,LEFT,DOWN,0,2,0,36,-4.9,WALL_HIT,0
8,14,0,2,0,36,UP,UP,0,2,0,35,-4.9,WALL_HIT,0
8,15,0,2,0,35,DOWN,LEFT,0,1,0,34,-1.89,MOVE,0
8,16,0,1,0,34,UP,UP,0,1,0,33,-4.89,WALL_HIT,0
8,17,0,1,0,33,RIGHT,RIGHT,0,2,0,32,0.1,MOVE,0
8,18,0,2,0,32,LEFT,LEFT,0,1,0,31,-1.89,MOVE,0
8,19,0,1,0,31,UP,LEFT,0,0,0,30,-1.88,MOVE,0
8,20,0,0,0,30,RIGHT,RIGHT,0,1,0,29,0.11,MOVE,0
8,21,0,1,0,29,RIGHT,RIGHT,0,2,0,28,0.1,MOVE,0
8,22,0,2,0,28,DOWN,LEFT,0,1,0,27,-1.89,MOVE,0
8,23,0,1,0,27,RIGHT,RIGHT,0,2,0,26,0.1,MOVE,0
8,24,0,2,0,26,RIGHT,RIGHT,0,3,0,25,0.09,MOVE,0
8,25,0,3,0,25,UP,UP,0,3,0,24,-4.91,WALL_HIT,0
8,26,0,3,0,24,RIGHT,RIGHT,0,3,0,23,-4.91,WALL_HIT,0
8,27,0,3,0,23,DOWN,DOWN,1,3,0,22,0.08,MOVE,0
8,28,1,3,0,22,LEFT,LEFT,1,3,0,21,-4.92,WALL_HIT,0
8,29,1,3,0,21,DOWN,DOWN,2,3,0,20,-1.91,MOVE,0
8,30,2,3,0,20,LEFT,LEFT,2,2,0,19,-1.9,MOVE,0
8,31,2,2,0,19,UP,UP,2,2,0,18,-4.9,WALL_HIT,0
8,32,2,2,0,18,UP,UP,2,2,0,17,-4.9,WALL_HIT,0
8,33,2,2,0,17,LEFT,UP,2,2,0,16,-4.9,WALL_HIT,0
8,34,2,2,0,16,DOWN,DOWN,3,2,0,15,-1.89,MOVE,0
8,35,3,2,0,15,LEFT,LEFT,3,1,0,14,-1.88,MOVE,0
8,36,3,1,0,14,LEFT,LEFT,3,1,0,13,-4.88,WALL_HIT,0
8,37,3,1,0,13,DOWN,DOWN,3,1,0,12,-4.88,WALL_HIT,0
8,38,3,1,0,12,UP,UP,2,1,0,11,0.11,MOVE,0
8,39,2,1,0,11,RIGHT,RIGHT,2,2,0,10,0.1,MOVE,0
8,40,2,2,0,10,DOWN,DOWN,3,2,0,9,-1.89,MOVE,0
8,41,3,2,0,9,DOWN,DOWN,4,2,0,8,-1.88,MOVE,0
8,42,4,2,0,8,LEFT,LEFT,4,2,0,7,-4.88,WALL_HIT,0
8,43,4,2,0,7,LEFT,LEFT,4,2,0,6,-4.88,WALL_HIT,0
8,44,4,2,0,6,DOWN,RIGHT,4,3,0,5,0.11,MOVE,0
8,45,4,3,0,5,DOWN,DOWN,5,3,0,4,-1.88,MOVE,0
8,46,5,3,0,4,UP,UP,4,3,0,3,0.11,MOVE,0
8,47,4,3,0,3,DOWN,DOWN,5,3,0,2,-1.88,MOVE,0
8,48,5,3,0,2,RIGHT,RIGHT,5,4,0,1,0.11,MOVE,0
8,49,5,4,0,1,UP,UP,4,4,0,0,-10.0,ENERGY_DEPLETED,1
9,0,0,0,0,50,UP,UP,0,0,0,49,-4.88,WALL_HIT,0
9,1,0,0,0,49,LEFT,LEFT,0,0,0,48,-4.88,WALL_HIT,0
9,2,0,0,0,48,RIGHT,UP,0,0,0,47,-4.88,WALL_HIT,0
9,3,0,0,0,47,LEFT,LEFT,0,0,0,46,-4.88,WALL_HIT,0
9,4,0,0,0,46,UP,UP,0,0,0,45,-4.88,WALL_HIT,0
9,5,0,0,0,45,LEFT,UP,0,0,0,44,-4.88,WALL_HIT,0
9,6,0,0,0,44,UP,UP,0,0,0,43,-4.88,WALL_HIT,0
9,7,0,0,0,43,UP,UP,0,0,0,42,-4.88,WALL_HIT,0
9,8,0,0,0,42,DOWN,LEFT,0,0,0,41,-4.88,WALL_HIT,0
9,9,0,0,0,41,UP,LEFT,0,0,0,40,-4.88,WALL_HIT,0
9,10,0,0,0,40,RIGHT,UP,0,0,0,39,-4.88,WALL_HIT,0
9,11,0,0,0,39,LEFT,LEFT,0,0,0,38,-4.88,WALL_HIT,0
9,12,0,0,0,38,UP,UP,0,0,0,37,-4.88,WALL_HIT,0
9,13,0,0,0,37,RIGHT,RIGHT,0,1,0,36,0.11,MOVE,0
9,14,0,1,0,36,LEFT,DOWN,1,1,0,35,-1.88,MOVE,0
9,15,1,1,0,35,UP,UP,0,1,0,34,0.11,MOVE,0
9,16,0,1,0,34,UP,UP,0,1,0,33,-4.89,WALL_HIT,0
9,17,0,1,0,33,UP,UP,0,1,0,32,-4.89,WALL_HIT,0
9,18,0,1,0,32,UP,UP,0,1,0,31,-4.89,WALL_HIT,0
9,19,0,1,0,31,LEFT,LEFT,0,0,0,30,-1.88,MOVE,0
9,20,0,0,0,30,UP,UP,0,0,0,29,-4.88,WALL_HIT,0
9,21,0,0,0,29,DOWN,DOWN,1,0,0,28,-1.87,MOVE,0
9,22,1,0,0,28,UP,UP,0,0,0,27,0.12,MOVE,0
9,23,0,0,0,27,DOWN,DOWN,1,0,0,26,-1.87,MOVE,0
9,24,1,0,0,26,LEFT,LEFT,1,0,0,25,-4.87,WALL_HIT,0
9,25,1,0,0,25,UP,UP,0,0,0,24,0.12,MOVE,0
9,26,0,0,0,24,DOWN,RIGHT,0,1,0,23,0.11,MOVE,0
9,27,0,1,0,23,RIGHT,DOWN,1,1,0,22,-1.88,MOVE,0
9,28,1,1,0,22,UP,UP,0,1,0,21,0.11,MOVE,0
9,29,0,1,0,21,RIGHT,RIGHT,0,2,0,20,0.1,MOVE,0
9,30,0,2,0,20,UP,RIGHT,0,3,0,19,0.09,MOVE,0
9,31,0,3,0,19,UP,UP,0,3,0,18,-4.91,WALL_HIT,0
9,32,0,3,0,18,UP,UP,0,3,0,17,-4.91,WALL_HIT,0
9,33,0,3,0,17,LEFT,LEFT,0,2,0,16,-1.9,MOVE,0
9,34,0,2,0,16,RIGHT,RIGHT,0,3,0,15,0.09,MOVE,0
9,35,0,3,0,15,UP,UP,0,3,0,14,-4.91,WALL_HIT,0
9,36,0,3,0,14,UP,UP,0,3,0,13,-4.91,WALL_HIT,0
9,37,0,3,0,13,UP,UP,0,3,0,12,-4.91,WALL_HIT,0
9,38,0,3,0,12,DOWN,DOWN,1,3,0,11,0.08,MOVE,0
9,39,1,3,0,11,DOWN,DOWN,2,3,0,10,-1.91,MOVE,0
9,40,2,3,0,10,DOWN,DOWN,3,3,0,9,-1.9,MOVE,0
9,41,3,3,0,9,DOWN,DOWN,4,3,0,8,-1.89,MOVE,0
9,42,4,3,0,8,UP,UP,3,3,0,7,0.1,MOVE,0
9,43,3,3,0,7,UP,UP,2,3,0,6,0.09,MOVE,0
9,44,2,3,0,6,UP,UP,1,3,0,5,0.08,MOVE,0
9,45,1,3,0,5,LEFT,LEFT,1,3,0,4,-4.92,WALL_HIT,0
9,46,1,3,0,4,LEFT,LEFT,1,3,0,3,-4.92,WALL_HIT,0
9,47,1,3,0,3,RIGHT,RIGHT,1,4,0,2,0.07,MOVE,0
9,48,1,4,0,2,LEFT,LEFT,1,3,0,1,-1.92,MOVE,0
9,49,1,3,0,1,UP,UP,0,3,0,0,-13.0,ENERGY_DEPLETED,1
10000,0,0,0,0,50,RIGHT,RIGHT,0,1,0,49,0.11,MOVE,0
10000,1,0,1,0,49,UP,UP,0,1,0,48,-4.89,WALL_HIT,0
10000,2,0,1,0,48,UP,UP,0,1,0,47,-4.89,WALL_HIT,0
10000,3,0,1,0,47,UP,UP,0,1,0,46,-4.89,WALL_HIT,0
10000,4,0,1,0,46,DOWN,DOWN,1,1,0,45,-1.88,MOVE,0
10000,5,1,1,0,45,RIGHT,RIGHT,1,1,0,44,-4.88,WALL_HIT,0
10000,6,1,1,0,44,LEFT,LEFT,1,0,0,43,-1.87,MOVE,0
10000,7,1,0,0,43,RIGHT,DOWN,2,0,0,42,0.12,MOVE,0
10000,8,2,0,0,42,LEFT,UP,1,0,0,41,-1.87,MOVE,0
10000,9,1,0,0,41,UP,UP,0,0,0,40,0.12,MOVE,0
10000,10,0,0,0,40,LEFT,LEFT,0,0,0,39,-4.88,WALL_HIT,0
10000,11,0,0,0,39,DOWN,DOWN,1,0,0,38,-1.87,MOVE,0
10000,12,1,0,0,38,RIGHT,RIGHT,1,1,0,37,0.12,MOVE,0
10000,13,1,1,0,37,RIGHT,RIGHT,1,1,0,36,-4.88,WALL_HIT,0
10000,14,1,1,0,36,RIGHT,RIGHT,1,1,0,35,-4.88,WALL_HIT,0
10000,15,1,1,0,35,RIGHT,RIGHT,1,1,0,34,-4.88,WALL_HIT,0
10000,16,1,1,0,34,RIGHT,RIGHT,1,1,0,33,-4.88,WALL_HIT,0
10000,17,1,1,0,33,RIGHT,RIGHT,1,1,0,32,-4.88,WALL_HIT,0
10000,18,1,1,0,32,UP,UP,0,1,0,31,0.11,MOVE,0
10000,19,0,1,0,31,LEFT,DOWN,1,1,0,30,-1.88,MOVE,0
10000,20,1,1,0,30,UP,UP,0,1,0,29,0.11,MOVE,0
10000,21,0,1,0,29,RIGHT,RIGHT,0,2,0,28,0.1,MOVE,0
10000,22,0,2,0,28,UP,UP,0,2,0,27,-4.9,WALL_HIT,0
10000,23,0,2,0,27,RIGHT,RIGHT,0,3,0,26,0.09,MOVE,0
10000,24,0,3,0,26,DOWN,DOWN,1,3,0,25,0.08,MOVE,0
10000,25,1,3,0,25,RIGHT,RIGHT,1,4,0,24,0.07,MOVE,0
10000,26,1,4,0,24,DOWN,RIGHT,1,5,0,23,0.06,MOVE,0
10000,27,1,5,0,23,RIGHT,RIGHT,1,6,0,22,0.05,MOVE,0
10000,28,1,6,0,22,LEFT,LEFT,1,5,0,21,-1.94,MOVE,0
10000,29,1,5,0,21,RIGHT,RIGHT,1,6,0,20,0.05,MOVE,0
10000,30,1,6,0,20,UP,RIGHT,1,7,0,19,0.04,MOVE,0
10000,31,1,7,0,19,RIGHT,RIGHT,1,8,0,18,0.03,MOVE,0
10000,32,1,8,0,18,UP,LEFT,1,7,0,17,-1.96,MOVE,0
10000,33,1,7,0,17,RIGHT,UP,0,7,0,16,0.03,MOVE,0
10000,34,0,7,0,16,RIGHT,RIGHT,0,8,0,15,0.02,MOVE,0
10000,35,0,8,0,15,LEFT,LEFT,0,7,0,14,-1.97,MOVE,0
10000,36,0,7,0,14,RIGHT,DOWN,1,7,0,13,-1.96,MOVE,0
10000,37,1,7,0,13,LEFT,LEFT,1,6,0,12,-1.95,MOVE,0
10000,38,1,6,0,12,UP,UP,0,6,0,11,0.04,MOVE,0
10000,39,0,6,0,11,RIGHT,RIGHT,0,7,0,10,0.03,MOVE,0
10000,40,0,7,0,10,DOWN,DOWN,1,7,0,9,-1.96,MOVE,0
10000,41,1,7,0,9,DOWN,DOWN,2,7,0,8,-1.95,MOVE,0
10000,42,2,7,0,8,UP,UP,1,7,0,7,0.04,MOVE,0
10000,43,1,7,0,7,LEFT,UP,0,7,0,6,0.03,MOVE,0
10000,44,0,7,0,6,DOWN,DOWN,1,7,0,5,-1.96,MOVE,0
10000,45,1,7,0,5,UP,UP,0,7,0,4,0.03,MOVE,0
10000,46,0,7,0,4,LEFT,LEFT,0,6,0,3,-1.96,MOVE,0
10000,47,0,6,0,3,LEFT,LEFT,0,5,0,2,-1.95,MOVE,0
10000,48,0,5,0,2,RIGHT,RIGHT,0,6,0,1,0.04,MOVE,0
10000,49,0,6,0,1,RIGHT,DOWN,1,6,0,0,-17.0,ENERGY_DEPLETED,1
20000,0,0,0,0,50,DOWN,DOWN,1,0,0,49,-1.87,MOVE,0
20000,1,1,0,0,49,RIGHT,RIGHT,1,1,0,48,0.12,MOVE,0
20000,2,1,1,0,48,RIGHT,RIGHT,1,1,0,47,-4.88,WALL_HIT,0
20000,3,1,1,0,47,LEFT,LEFT,1,0,0,46,-1.87,MOVE,0
20000,4,1,0,0,46,RIGHT,RIGHT,1,1,0,45,0.12,MOVE,0
20000,5,1,1,0,45,LEFT,LEFT,1,0,0,44,-1.87,MOVE,0
20000,6,1,0,0,44,DOWN,DOWN,2,0,0,43,0.12,MOVE,0
20000,7,2,0,0,43,UP,UP,1,0,0,42,-1.87,MOVE,0
20000,8,1,0,0,42,UP,UP,0,0,0,41,0.12,MOVE,0
20000,9,0,0,0,41,RIGHT,RIGHT,0,1,0,40,0.11,MOVE,0
20000,10,0,1,0,40,LEFT,LEFT,0,0,0,39,-1.88,MOVE,0
20000,11,0,0,0,39,DOWN,DOWN,1,0,0,38,-1.87,MOVE,0
20000,12,1,0,0,38,RIGHT,RIGHT,1,1,0,37,0.12,MOVE,0
20000,13,1,1,0,37,DOWN,LEFT,1,0,0,36,-1.87,MOVE,0
20000,14,1,0,0,36,DOWN,DOWN,2,0,0,35,0.12,MOVE,0
20000,15,2,0,0,35,LEFT,LEFT,2,0,0,34,-4.88,WALL_HIT,0
20000,16,2,0,0,34,RIGHT,RIGHT,2,1,0,33,0.11,MOVE,0
20000,17,2,1,0,33,RIGHT,RIGHT,2,2,0,32,0.1,MOVE,0
20000,18,2,2,0,32,DOWN,DOWN,3,2,0,31,-1.89,MOVE,0
20000,19,3,2,0,31,RIGHT,RIGHT,3,3,0,30,0.1,MOVE,0
20000,20,3,3,0,30,UP,UP,2,3,0,29,0.09,MOVE,0
20000,21,2,3,0,29,LEFT,LEFT,2,2,0,28,-1.9,MOVE,0
20000,22,2,2,0,28,LEFT,LEFT,2,1,0,27,-1.89,MOVE,0
20000,23,2,1,0,27,RIGHT,DOWN,3,1,0,26,-1.88,MOVE,0
20000,24,3,1,0,26,UP,UP,2,1,0,25,0.11,MOVE,0
20000,25,2,1,0,25,RIGHT,DOWN,3,1,0,24,-1.88,MOVE,0
20000,26,3,1,0,24,RIGHT,RIGHT,3,2,0,23,0.11,MOVE,0
20000,27,3,2,0,23,RIGHT,UP,2,2,0,22,0.1,MOVE,0
20000,28,2,2,0,22,UP,UP,2,2,0,21,-4.9,WALL_HIT,0
20000,29,2,2,0,21,LEFT,LEFT,2,1,0,20,-1.89,MOVE,0
20000,30,2,1,0,20,RIGHT,RIGHT,2,2,0,19,0.1,MOVE,0
20000,31,2,2,0,19,RIGHT,RIGHT,2,3,0,18,0.09,MOVE,0
20000,32,2,3,0,18,RIGHT,RIGHT,2,3,0,17,-4.91,WALL_HIT,0
20000,33,2,3,0,17,RIGHT,RIGHT,2,3,0,16,-4.91,WALL_HIT,0
20000,34,2,3,0,16,LEFT,LEFT,2,2,0,15,-1.9,MOVE,0
20000,35,2,2,0,15,LEFT,LEFT,2,1,0,14,-1.89,MOVE,0
20000,36,2,1,0,14,DOWN,DOWN,3,1,0,13,-1.88,MOVE,0
20000,37,3,1,0,13,RIGHT,RIGHT,3,2,0,12,0.11,MOVE,0
20000,38,3,2,0,12,LEFT,LEFT,3,1,0,11,-1.88,MOVE,0
20000,39,3,1,0,11,LEFT,LEFT,3,1,0,10,-4.88,WALL_HIT,0
20000,40,3,1,0,10,RIGHT,RIGHT,3,2,0,9,0.11,MOVE,0
20000,41,3,2,0,9,RIGHT,RIGHT,3,3,0,8,0.1,MOVE,0
20000,42,3,3,0,8,DOWN,RIGHT,3,3,0,7,-4.9,WALL_HIT,0
20000,43,3,3,0,7,UP,UP,2,3,0,6,0.09,MOVE,0
20000,44,2,3,0,6,UP,UP,1,3,0,5,0.08,MOVE,0
20000,45,1,3,0,5,UP,UP,0,3,0,4,-1.91,MOVE,0
20000,46,0,3,0,4,DOWN,RIGHT,0,3,0,3,-4.91,WALL_HIT,0
20000,47,0,3,0,3,LEFT,LEFT,0,2,0,2,-1.9,MOVE,0
20000,48,0,2,0,2,LEFT,LEFT,0,1,0,1,-1.89,MOVE,0
20000,49,0,1,0,1,DOWN,DOWN,1,1,0,0,-10.0,ENERGY_DEPLETED,1
30000,0,0,0,0,50,DOWN,LEFT,0,0,0,49,-4.88,WALL_HIT,0
30000,1,0,0,0,49,LEFT,LEFT,0,0,0,48,-4.88,WALL_HIT,0
30000,2,0,0,0,48,DOWN,DOWN,1,0,0,47,-1.87,MOVE,0
30000,3,1,0,0,47,RIGHT,RIGHT,1,1,0,46,0.12,MOVE,0
30000,4,1,1,0,46,LEFT,LEFT,1,0,0,45,-1.87,MOVE,0
30000,5,1,0,0,45,RIGHT,RIGHT,1,1,0,44,0.12,MOVE,0
30000,6,1,1,0,44,UP,RIGHT,1,1,0,43,-4.88,WALL_HIT,0
30000,7,1,1,0,43,UP,LEFT,1,0,0,42,-1.87,MOVE,0
30000,8,1,0,0,42,UP,UP,0,0,0,41,0.12,MOVE,0
30000,9,0,0,0,41,RIGHT,DOWN,1,0,0,40,-1.87,MOVE,0
30000,10,1,0,0,40,RIGHT,RIGHT,1,1,0,39,0.12,MOVE,0
30000,11,1,1,0,39,RIGHT,RIGHT,1,1,0,38,-4.88,WALL_HIT,0
30000,12,1,1,0,38,UP,LEFT,1,0,0,37,-1.87,MOVE,0
30000,13,1,0,0,37,DOWN,DOWN,2,0,0,36,0.12,MOVE,0
30000,14,2,0,0,36,RIGHT,RIGHT,2,1,0,35,0.11,MOVE,0
30000,15,2,1,0,35,RIGHT,RIGHT,2,2,0,34,0.1,MOVE,0
30000,16,2,2,0,34,RIGHT,RIGHT,2,3,0,33,0.09,MOVE,0
30000,17,2,3,0,33,RIGHT,DOWN,3,3,0,32,-1.9,MOVE,0
30000,18,3,3,0,32,UP,UP,2,3,0,31,0.09,MOVE,0
30000,19,2,3,0,31,RIGHT,RIGHT,2,3,0,30,-4.91,WALL_HIT,0
30000,20,2,3,0,30,LEFT,LEFT,2,2,0,29,-1.9,MOVE,0
30000,21,2,2,0,29,RIGHT,RIGHT,2,3,0,28,0.09,MOVE,0
30000,22,2,3,0,28,RIGHT,DOWN,3,3,0,27,-1.9,MOVE,0
30000,23,3,3,0,27,UP,UP,2,3,0,26,0.09,MOVE,0
30000,24,2,3,0,26,UP,UP,1,3,0,25,0.08,MOVE,0
30000,25,1,3,0,25,RIGHT,RIGHT,1,4,0,24,0.07,MOVE,0
30000,26,1,4,0,24,RIGHT,UP,1,4,0,23,-4.93,WALL_HIT,0
30000,27,1,4,0,23,LEFT,LEFT,1,3,0,22,-1.92,MOVE,0
30000,28,1,3,0,22,LEFT,LEFT,1,3,0,21,-4.92,WALL_HIT,0
30000,29,1,3,0,21,RIGHT,RIGHT,1,4,0,20,0.07,MOVE,0
30000,30,1,4,0,20,RIGHT,RIGHT,1,5,0,19,0.06,MOVE,0
30000,31,1,5,0,19,UP,UP,0,5,0,18,0.05,MOVE,0
30000,32,0,5,0,18,LEFT,LEFT,0,5,0,17,-4.95,WALL_HIT,0
30000,33,0,5,0,17,RIGHT,RIGHT,0,6,0,16,0.04,MOVE,0
30000,34,0,6,0,16,RIGHT,RIGHT,0,7,0,15,0.03,MOVE,0
30000,35,0,7,0,15,RIGHT,RIGHT,0,8,0,14,0.02,MOVE,0
30000,36,0,8,0,14,UP,UP,0,8,0,13,-4.98,WALL_HIT,0
30000,37,0,8,0,13,RIGHT,RIGHT,0,9,0,12,0.01,MOVE,0
30000,38,0,9,0,12,RIGHT,RIGHT,0,10,1,11,32.18,KEY_PICKUP,0
30000,39,0,10,1,11,LEFT,UP,0,10,1,10,-4.82,WALL_HIT,0
30000,40,0,10,1,10,DOWN,LEFT,0,9,1,9,-1.81,MOVE,0
30000,41,0,9,1,9,UP,UP,0,9,1,8,-4.81,WALL_HIT,0
30000,42,0,9,1,8,LEFT,LEFT,0,8,1,7,-1.8,MOVE,0
30000,43,0,8,1,7,DOWN,DOWN,1,8,1,6,0.19,MOVE,0
30000,44,1,8,1,6,LEFT,UP,0,8,1,5,-1.8,MOVE,0
30000,45,0,8,1,5,UP,LEFT,0,7,1,4,-1.79,MOVE,0
30000,46,0,7,1,4,DOWN,DOWN,1,7,1,3,0.2,MOVE,0
30000,47,1,7,1,3,RIGHT,RIGHT,1,8,1,2,0.19,MOVE,0
30000,48,1,8,1,2,LEFT,LEFT,1,7,1,1,-1.8,MOVE,0
30000,49,1,7,1,1,UP,LEFT,1,6,1,0,-1.0,ENERGY_DEPLETED,1
40000,0,0,0,0,50,RIGHT,RIGHT,0,1,0,49,0.11,MOVE,0
40000,1,0,1,0,49,RIGHT,RIGHT,0,2,0,48,0.1,MOVE,0
40000,2,0,2,0,48,LEFT,LEFT,0,1,0,47,-1.89,MOVE,0
40000,3,0,1,0,47,DOWN,DOWN,1,1,0,46,-1.88,MOVE,0
40000,4,1,1,0,46,LEFT,UP,0,1,0,45,0.11,MOVE,0
40000,5,0,1,0,45,RIGHT,RIGHT,0,2,0,44,0.1,MOVE,0
40000,6,0,2,0,44,LEFT,LEFT,0,1,0,43,-1.89,MOVE,0
40000,7,0,1,0,43,DOWN,LEFT,0,0,0,42,-1.88,MOVE,0
40000,8,0,0,0,42,RIGHT,RIGHT,0,1,0,41,0.11,MOVE,0
40000,9,0,1,0,41,RIGHT,RIGHT,0,2,0,40,0.1,MOVE,0
40000,10,0,2,0,40,RIGHT,RIGHT,0,3,0,39,0.09,MOVE,0
40000,11,0,3,0,39,UP,LEFT,0,2,0,38,-1.9,MOVE,0
40000,12,0,2,0,38,LEFT,LEFT,0,1,0,37,-1.89,MOVE,0
40000,13,0,1,0,37,RIGHT,RIGHT,0,2,0,36,0.1,MOVE,0
40000,14,0,2,0,36,RIGHT,RIGHT,0,3,0,35,0.09,MOVE,0
40000,15,0,3,0,35,UP,UP,0,3,0,34,-4.91,WALL_HIT,0
40000,16,0,3,0,34,DOWN,DOWN,1,3,0,33,0.08,MOVE,0
40000,17,1,3,0,33,RIGHT,RIGHT,1,4,0,32,0.07,MOVE,0
40000,18,1,4,0,32,RIGHT,RIGHT,1,5,0,31,0.06,MOVE,0
40000,19,1,5,0,31,RIGHT,UP,0,5,0,30,0.05,MOVE,0
40000,20,0,5,0,30,RIGHT,RIGHT,0,6,0,29,0.04,MOVE,0
40000,21,0,6,0,29,UP,LEFT,0,5,0,28,-1.95,MOVE,0
40000,22,0,5,0,28,RIGHT,RIGHT,0,6,0,27,0.04,MOVE,0
40000,23,0,6,0,27,LEFT,LEFT,0,5,0,26,-1.95,MOVE,0
40000,24,0,5,0,26,RIGHT,RIGHT,0,6,0,25,0.04,MOVE,0
40000,25,0,6,0,25,RIGHT,RIGHT,0,7,0,24,0.03,MOVE,0
40000,26,0,7,0,24,RIGHT,UP,0,7,0,23,-4.97,WALL_HIT,0
40000,27,0,7,0,23,RIGHT,RIGHT,0,8,0,22,0.02,MOVE,0
40000,28,0,8,0,22,DOWN,DOWN,1,8,0,21,-1.97,MOVE,0
40000,29,1,8,0,21,RIGHT,RIGHT,1,9,0,20,0.02,MOVE,0
40000,30,1,9,0,20,LEFT,LEFT,1,8,0,19,-1.97,MOVE,0
40000,31,1,8,0,19,UP,UP,0,8,0,18,0.02,MOVE,0
40000,32,0,8,0,18,LEFT,LEFT,0,7,0,17,-1.97,MOVE,0
40000,33,0,7,0,17,RIGHT,RIGHT,0,8,0,16,0.02,MOVE,0
40000,34,0,8,0,16,RIGHT,DOWN,1,8,0,15,-1.97,MOVE,0
40000,35,1,8,0,15,RIGHT,RIGHT,1,9,0,14,0.02,MOVE,0
40000,36,1,9,0,14,LEFT,UP,0,9,0,13,0.01,MOVE,0
40000,37,0,9,0,13,RIGHT,RIGHT,0,10,1,12,32.18,KEY_PICKUP,0
40000,38,0,10,1,12,DOWN,DOWN,1,10,1,11,0.17,MOVE,0
40000,39,1,10,1,11,DOWN,RIGHT,1,11,1,10,0.16,MOVE,0
40000,40,1,11,1,10,RIGHT,RIGHT,1,12,1,9,0.15,MOVE,0
40000,41,1,12,1,9,DOWN,DOWN,2,12,1,8,0.14,MOVE,0
40000,42,2,12,1,8,LEFT,DOWN,3,12,1,7,0.13,MOVE,0
40000,43,3,12,1,7,DOWN,RIGHT,3,13,1,6,0.12,MOVE,0
40000,44,3,13,1,6,DOWN,DOWN,4,13,1,5,0.11,MOVE,0
40000,45,4,13,1,5,DOWN,DOWN,5,13,1,4,0.1,MOVE,0
40000,46,5,13,1,4,UP,UP,4,13,1,3,-1.89,MOVE,0
40000,47,4,13,1,3,RIGHT,RIGHT,4,14,1,2,-1.88,MOVE,0
40000,48,4,14,1,2,DOWN,RIGHT,4,15,1,1,-1.87,MOVE,0
40000,49,4,15,1,1,LEFT,LEFT,4,14,1,0,-8.0,ENERGY_DEPLETED,1
50000,0,0,0,0,50,DOWN,RIGHT,0,1,0,49,0.11,MOVE,0
50000,1,0,1,0,49,DOWN,DOWN,1,1,0,48,-1.88,MOVE,0
50000,2,1,1,0,48,UP,UP,0,1,0,47,0.11,MOVE,0
50000,3,0,1,0,47,DOWN,LEFT,0,0,0,46,-1.88,MOVE,0
50000,4,0,0,0,46,RIGHT,RIGHT,0,1,0,45,0.11,MOVE,0
50000,5,0,1,0,45,DOWN,DOWN,1,1,0,44,-1.88,MOVE,0
50000,6,1,1,0,44,LEFT,LEFT,1,0,0,43,-1.87,MOVE,0
50000,7,1,0,0,43,UP,UP,0,0,0,42,0.12,MOVE,0
50000,8,0,0,0,42,RIGHT,RIGHT,0,1,0,41,0.11,MOVE,0
50000,9,0,1,0,41,RIGHT,DOWN,1,1,0,40,-1.88,MOVE,0
50000,10,1,1,0,40,UP,UP,0,1,0,39,0.11,MOVE,0
50000,11,0,1,0,39,RIGHT,RIGHT,0,2,0,38,0.1,MOVE,0
50000,12,0,2,0,38,RIGHT,RIGHT,0,3,0,37,0.09,MOVE,0
50000,13,0,3,0,37,RIGHT,RIGHT,0,3,0,36,-4.91,WALL_HIT,0
50000,14,0,3,0,36,DOWN,DOWN,1,3,0,35,0.08,MOVE,0
50000,15,1,3,0,35,RIGHT,RIGHT,1,4,0,34,0.07,MOVE,0
50000,16,1,4,0,34,RIGHT,DOWN,1,4,0,33,-4.93,WALL_HIT,0
50000,17,1,4,0,33,UP,UP,1,4,0,32,-4.93,WALL_HIT,0
50000,18,1,4,0,32,RIGHT,RIGHT,1,5,0,31,0.06,MOVE,0
50000,19,1,5,0,31,RIGHT,DOWN,1,5,0,30,-4.94,WALL_HIT,0
50000,20,1,5,0,30,RIGHT,RIGHT,1,6,0,29,0.05,MOVE,0
50000,21,1,6,0,29,RIGHT,RIGHT,1,7,0,28,0.04,MOVE,0
50000,22,1,7,0,28,RIGHT,RIGHT,1,8,0,27,0.03,MOVE,0
50000,23,1,8,0,27,RIGHT,DOWN,2,8,0,26,-1.96,MOVE,0
50000,24,2,8,0,26,RIGHT,RIGHT,2,9,0,25,0.03,MOVE,0
50000,25,2,9,0,25,LEFT,LEFT,2,8,0,24,-1.96,MOVE,0
50000,26,2,8,0,24,UP,UP,1,8,0,23,0.03,MOVE,0
50000,27,1,8,0,23,UP,UP,0,8,0,22,0.02,MOVE,0
50000,28,0,8,0,22,LEFT,LEFT,0,7,0,21,-1.97,MOVE,0
50000,29,0,7,0,21,DOWN,DOWN,1,7,0,20,-1.96,MOVE,0
50000,30,1,7,0,20,RIGHT,RIGHT,1,8,0,19,0.03,MOVE,0
50000,31,1,8,0,19,RIGHT,RIGHT,1,9,0,18,0.02,MOVE,0
50000,32,1,9,0,18,UP,UP,0,9,0,17,0.01,MOVE,0
50000,33,0,9,0,17,DOWN,DOWN,1,9,0,16,-1.98,MOVE,0
50000,34,1,9,0,16,UP,UP,0,9,0,15,0.01,MOVE,0
50000,35,0,9,0,15,RIGHT,RIGHT,0,10,1,14,32.18,KEY_PICKUP,0
50000,36,0,10,1,14,DOWN,DOWN,1,10,1,13,0.17,MOVE,0
50000,37,1,10,1,13,DOWN,DOWN,2,10,1,12,0.16,MOVE,0
50000,38,2,10,1,12,UP,UP,1,10,1,11,-1.83,MOVE,0
50000,39,1,10,1,11,DOWN,DOWN,2,10,1,10,0.16,MOVE,0
50000,40,2,10,1,10,DOWN,DOWN,3,10,1,9,0.15,MOVE,0
50000,41,3,10,1,9,LEFT,LEFT,3,9,1,8,-1.84,MOVE,0
50000,42,3,9,1,8,UP,LEFT,3,8,1,7,-1.83,MOVE,0
50000,43,3,8,1,7,RIGHT,DOWN,3,8,1,6,-4.83,WALL_HIT,0
50000,44,3,8,1,6,DOWN,LEFT,3,8,1,5,-4.83,WALL_HIT,0
50000,45,3,8,1,5,UP,UP,2,8,1,4,-1.82,MOVE,0
50000,46,2,8,1,4,UP,UP,1,8,1,3,-1.81,MOVE,0
50000,47,1,8,1,3,DOWN,DOWN,2,8,1,2,0.18,MOVE,0
50000,48,2,8,1,2,LEFT,UP,1,8,1,1,-1.81,MOVE,0
50000,49,1,8,1,1,UP,UP,0,8,1,0,-2.0,ENERGY_DEPLETED,1
60000,0,0,0,0,50,RIGHT,UP,0,0,0,49,-4.88,WALL_HIT,0
60000,1,0,0,0,49,LEFT,LEFT,0,0,0,48,-4.88,WALL_HIT,0
60000,2,0,0,0,48,DOWN,DOWN,1,0,0,47,-1.87,MOVE,0
60000,3,1,0,0,47,RIGHT,RIGHT,1,1,0,46,0.12,MOVE,0
60000,4,1,1,0,46,LEFT,LEFT,1,0,0,45,-1.87,MOVE,0
60000,5,1,0,0,45,UP,UP,0,0,0,44,0.12,MOVE,0
60000,6,0,0,0,44,RIGHT,RIGHT,0,1,0,43,0.11,MOVE,0
60000,7,0,1,0,43,LEFT,LEFT,0,0,0,42,-1.88,MOVE,0
60000,8,0,0,0,42,DOWN,DOWN,1,0,0,41,-1.87,MOVE,0
60000,9,1,0,0,41,RIGHT,RIGHT,1,1,0,40,0.12,MOVE,0
60000,10,1,1,0,40,DOWN,DOWN,2,1,0,39,0.11,MOVE,0
60000,11,2,1,0,39,RIGHT,UP,1,1,0,38,-1.88,MOVE,0
60000,12,1,1,0,38,UP,UP,0,1,0,37,0.11,MOVE,0
60000,13,0,1,0,37,RIGHT,RIGHT,0,2,0,36,0.1,MOVE,0
60000,14,0,2,0,36,RIGHT,UP,0,2,0,35,-4.9,WALL_HIT,0
60000,15,0,2,0,35,RIGHT,UP,0,2,0,34,-4.9,WALL_HIT,0
60000,16,0,2,0,34,UP,RIGHT,0,3,0,33,0.09,MOVE,0
60000,17,0,3,0,33,DOWN,DOWN,1,3,0,32,0.08,MOVE,0
60000,18,1,3,0,32,RIGHT,RIGHT,1,4,0,31,0.07,MOVE,0
60000,19,1,4,0,31,RIGHT,RIGHT,1,5,0,30,0.06,MOVE,0
60000,20,1,5,0,30,RIGHT,RIGHT,1,6,0,29,0.05,MOVE,0
60000,21,1,6,0,29,RIGHT,UP,0,6,0,28,0.04,MOVE,0
60000,22,0,6,0,28,RIGHT,RIGHT,0,7,0,27,0.03,MOVE,0
60000,23,0,7,0,27,RIGHT,UP,0,7,0,26,-4.97,WALL_HIT,0
60000,24,0,7,0,26,RIGHT,RIGHT,0,8,0,25,0.02,MOVE,0
60000,25,0,8,0,25,RIGHT,RIGHT,0,9,0,24,0.01,MOVE,0
60000,26,0,9,0,24,DOWN,DOWN,1,9,0,23,-1.98,MOVE,0
60000,27,1,9,0,23,UP,UP,0,9,0,22,0.01,MOVE,0
60000,28,0,9,0,22,RIGHT,RIGHT,0,10,1,21,32.18,KEY_PICKUP,0
60000,29,0,10,1,21,UP,UP,0,10,1,20,-4.82,WALL_HIT,0
60000,30,0,10,1,20,DOWN,DOWN,1,10,1,19,0.17,MOVE,0
60000,31,1,10,1,19,DOWN,DOWN,2,10,1,18,0.16,MOVE,0
60000,32,2,10,1,18,DOWN,DOWN,3,10,1,17,0.15,MOVE,0
60000,33,3,10,1,17,DOWN,DOWN,4,10,1,16,0.14,MOVE,0
60000,34,4,10,1,16,RIGHT,DOWN,5,10,1,15,0.13,MOVE,0
60000,35,5,10,1,15,RIGHT,RIGHT,5,11,1,14,0.12,MOVE,0
60000,36,5,11,1,14,DOWN,RIGHT,5,12,1,13,0.11,MOVE,0
60000,37,5,12,1,13,RIGHT,DOWN,6,12,1,12,0.1,MOVE,0
60000,38,6,12,1,12,RIGHT,RIGHT,6,13,1,11,0.09,MOVE,0
60000,39,6,13,1,11,DOWN,DOWN,7,13,1,10,0.08,MOVE,0
60000,40,7,13,1,10,LEFT,LEFT,7,13,1,9,-4.92,WALL_HIT,0
60000,41,7,13,1,9,LEFT,LEFT,7,13,1,8,-4.92,WALL_HIT,0
60000,42,7,13,1,8,LEFT,LEFT,7,13,1,7,-4.92,WALL_HIT,0
60000,43,7,13,1,7,RIGHT,RIGHT,7,14,1,6,-1.91,MOVE,0
60000,44,7,14,1,6,UP,UP,6,14,1,5,-1.9,MOVE,0
60000,45,6,14,1,5,RIGHT,DOWN,7,14,1,4,0.09,MOVE,0
60000,46,7,14,1,4,UP,UP,6,14,1,3,-1.9,MOVE,0
60000,47,6,14,1,3,LEFT,LEFT,6,13,1,2,0.09,MOVE,0
60000,48,6,13,1,2,DOWN,DOWN,7,13,1,1,0.08,MOVE,0
60000,49,7,13,1,1,RIGHT,RIGHT,7,14,1,0,-13.0,ENERGY_DEPLETED,1
70000,0,0,0,0,50,DOWN,RIGHT,0,1,0,49,0.11,MOVE,0
70000,1,0,1,0,49,LEFT,LEFT,0,0,0,48,-1.88,MOVE,0
70000,2,0,0,0,48,DOWN,DOWN,1,0,0,47,-1.87,MOVE,0
70000,3,1,0,0,47,RIGHT,RIGHT,1,1,0,46,0.12,MOVE,0
70000,4,1,1,0,46,LEFT,LEFT,1,0,0,45,-1.87,MOVE,0
70000,5,1,0,0,45,RIGHT,RIGHT,1,1,0,44,0.12,MOVE,0
70000,6,1,1,0,44,DOWN,DOWN,2,1,0,43,0.11,MOVE,0
70000,7,2,1,0,43,RIGHT,RIGHT,2,2,0,42,0.1,MOVE,0
70000,8,2,2,0,42,RIGHT,RIGHT,2,3,0,41,0.09,MOVE,0
70000,9,2,3,0,41,DOWN,DOWN,3,3,0,40,-1.9,MOVE,0
70000,10,3,3,0,40,UP,UP,2,3,0,39,0.09,MOVE,0
70000,11,2,3,0,39,UP,UP,1,3,0,38,0.08,MOVE,0
70000,12,1,3,0,38,RIGHT,RIGHT,1,4,0,37,0.07,MOVE,0
70000,13,1,4,0,37,RIGHT,RIGHT,1,5,0,36,0.06,MOVE,0
70000,14,1,5,0,36,UP,UP,0,5,0,35,0.05,MOVE,0
70000,15,0,5,0,35,RIGHT,RIGHT,0,6,0,34,0.04,MOVE,0
70000,16,0,6,0,34,RIGHT,RIGHT,0,7,0,33,0.03,MOVE,0
70000,17,0,7,0,33,DOWN,DOWN,1,7,0,32,-1.96,MOVE,0
70000,18,1,7,0,32,UP,UP,0,7,0,31,0.03,MOVE,0
70000,19,0,7,0,31,RIGHT,RIGHT,0,8,0,30,0.02,MOVE,0
70000,20,0,8,0,30,RIGHT,DOWN,1,8,0,29,-1.97,MOVE,0
70000,21,1,8,0,29,RIGHT,RIGHT,1,9,0,28,0.02,MOVE,0
70000,22,1,9,0,28,UP,UP,0,9,0,27,0.01,MOVE,0
70000,23,0,9,0,27,DOWN,DOWN,1,9,0,26,-1.98,MOVE,0
70000,24,1,9,0,26,UP,UP,0,9,0,25,0.01,MOVE,0
70000,25,0,9,0,25,RIGHT,RIGHT,0,10,1,24,32.18,KEY_PICKUP,0
70000,26,0,10,1,24,LEFT,DOWN,1,10,1,23,0.17,MOVE,0
70000,27,1,10,1,23,DOWN,DOWN,2,10,1,22,0.16,MOVE,0
70000,28,2,10,1,22,DOWN,DOWN,3,10,1,21,0.15,MOVE,0
70000,29,3,10,1,21,LEFT,LEFT,3,9,1,20,-1.84,MOVE,0
70000,30,3,9,1,20,RIGHT,RIGHT,3,10,1,19,0.15,MOVE,0
70000,31,3,10,1,19,DOWN,LEFT,3,9,1,18,-1.84,MOVE,0
70000,32,3,9,1,18,RIGHT,RIGHT,3,10,1,17,0.15,MOVE,0
70000,33,3,10,1,17,DOWN,DOWN,4,10,1,16,0.14,MOVE,0
70000,34,4,10,1,16,DOWN,DOWN,5,10,1,15,0.13,MOVE,0
70000,35,5,10,1,15,RIGHT,UP,4,10,1,14,-1.86,MOVE,0
70000,36,4,10,1,14,DOWN,DOWN,5,10,1,13,0.13,MOVE,0
70000,37,5,10,1,13,LEFT,DOWN,6,10,1,12,0.12,MOVE,0
70000,38,6,10,1,12,LEFT,LEFT,6,9,1,11,-1.87,MOVE,0
70000,39,6,9,1,11,DOWN,DOWN,7,9,1,10,-1.86,MOVE,0
70000,40,7,9,1,10,UP,RIGHT,7,9,1,9,-4.86,WALL_HIT,0
70000,41,7,9,1,9,LEFT,LEFT,7,8,1,8,0.13,MOVE,0
70000,42,7,8,1,8,DOWN,DOWN,8,8,1,7,0.12,MOVE,0
70000,43,8,8,1,7,DOWN,DOWN,9,8,1,6,0.11,MOVE,0
70000,44,9,8,1,6,DOWN,DOWN,10,8,1,5,0.1,MOVE,0
70000,45,10,8,1,5,LEFT,UP,9,8,1,4,-1.89,MOVE,0
70000,46,9,8,1,4,LEFT,UP,8,8,1,3,-1.88,MOVE,0
70000,47,8,8,1,3,LEFT,LEFT,8,7,1,2,-1.87,MOVE,0
70000,48,8,7,1,2,RIGHT,RIGHT,8,8,1,1,0.12,MOVE,0
70000,49,8,8,1,1,LEFT,DOWN,9,8,1,0,-9.0,ENERGY_DEPLETED,1
80000,0,0,0,0,50,DOWN,DOWN,1,0,0,49,-1.87,MOVE,0
80000,1,1,0,0,49,RIGHT,RIGHT,1,1,0,48,0.12,MOVE,0
80000,2,1,1,0,48,LEFT,LEFT,1,0,0,47,-1.87,MOVE,0
80000,3,1,0,0,47,RIGHT,RIGHT,1,1,0,46,0.12,MOVE,0
80000,4,1,1,0,46,UP,UP,0,1,0,45,0.11,MOVE,0
80000,5,0,1,0,45,RIGHT,UP,0,1,0,44,-4.89,WALL_HIT,0
80000,6,0,1,0,44,RIGHT,RIGHT,0,2,0,43,0.1,MOVE,0
80000,7,0,2,0,43,RIGHT,RIGHT,0,3,0,42,0.09,MOVE,0
80000,8,0,3,0,42,DOWN,DOWN,1,3,0,41,0.08,MOVE,0
80000,9,1,3,0,41,RIGHT,RIGHT,1,4,0,40,0.07,MOVE,0
80000,10,1,4,0,40,LEFT,LEFT,1,3,0,39,-1.92,MOVE,0
80000,11,1,3,0,39,RIGHT,RIGHT,1,4,0,38,0.07,MOVE,0
80000,12,1,4,0,38,DOWN,DOWN,1,4,0,37,-4.93,WALL_HIT,0
80000,13,1,4,0,37,RIGHT,RIGHT,1,5,0,36,0.06,MOVE,0
80000,14,1,5,0,36,RIGHT,DOWN,1,5,0,35,-4.94,WALL_HIT,0
80000,15,1,5,0,35,UP,UP,0,5,0,34,0.05,MOVE,0
80000,16,0,5,0,34,DOWN,DOWN,1,5,0,33,-1.94,MOVE,0
80000,17,1,5,0,33,RIGHT,UP,0,5,0,32,0.05,MOVE,0
80000,18,0,5,0,32,RIGHT,RIGHT,0,6,0,31,0.04,MOVE,0
80000,19,0,6,0,31,RIGHT,UP,0,6,0,30,-4.96,WALL_HIT,0
80000,20,0,6,0,30,RIGHT,DOWN,1,6,0,29,-1.95,MOVE,0
80000,21,1,6,0,29,RIGHT,UP,0,6,0,28,0.04,MOVE,0
80000,22,0,6,0,28,RIGHT,RIGHT,0,7,0,27,0.03,MOVE,0
80000,23,0,7,0,27,RIGHT,RIGHT,0,8,0,26,0.02,MOVE,0
80000,24,0,8,0,26,RIGHT,RIGHT,0,9,0,25,0.01,MOVE,0
80000,25,0,9,0,25,RIGHT,RIGHT,0,10,1,24,32.18,KEY_PICKUP,0
80000,26,0,10,1,24,DOWN,DOWN,1,10,1,23,0.17,MOVE,0
80000,27,1,10,1,23,RIGHT,DOWN,2,10,1,22,0.16,MOVE,0
80000,28,2,10,1,22,DOWN,DOWN,3,10,1,21,0.15,MOVE,0
80000,29,3,10,1,21,LEFT,LEFT,3,9,1,20,-1.84,MOVE,0
80000,30,3,9,1,20,RIGHT,RIGHT,3,10,1,19,0.15,MOVE,0
80000,31,3,10,1,19,DOWN,DOWN,4,10,1,18,0.14,MOVE,0
80000,32,4,10,1,18,DOWN,DOWN,5,10,1,17,0.13,MOVE,0
80000,33,5,10,1,17,RIGHT,UP,4,10,1,16,-1.86,MOVE,0
80000,34,4,10,1,16,DOWN,LEFT,4,10,1,15,-4.86,WALL_HIT,0
80000,35,4,10,1,15,UP,UP,3,10,1,14,-1.85,MOVE,0
80000,36,3,10,1,14,LEFT,UP,2,10,1,13,-1.84,MOVE,0
80000,37,2,10,1,13,DOWN,DOWN,3,10,1,12,0.15,MOVE,0
80000,38,3,10,1,12,LEFT,LEFT,3,9,1,11,-1.84,MOVE,0
80000,39,3,9,1,11,UP,RIGHT,3,10,1,10,0.15,MOVE,0
80000,40,3,10,1,10,LEFT,LEFT,3,9,1,9,-1.84,MOVE,0
80000,41,3,9,1,9,UP,UP,2,9,1,8,-1.83,MOVE,0
80000,42,2,9,1,8,UP,UP,1,9,1,7,-1.82,MOVE,0
80000,43,1,9,1,7,RIGHT,RIGHT,1,10,1,6,0.17,MOVE,0
80000,44,1,10,1,6,LEFT,LEFT,1,9,1,5,-1.82,MOVE,0
80000,45,1,9,1,5,RIGHT,RIGHT,1,10,1,4,0.17,MOVE,0
80000,46,1,10,1,4,DOWN,DOWN,2,10,1,3,0.16,MOVE,0
80000,47,2,10,1,3,RIGHT,RIGHT,2,11,1,2,0.15,MOVE,0
80000,48,2,11,1,2,UP,UP,1,11,1,1,-1.84,MOVE,0
80000,49,1,11,1,1,UP,UP,0,11,1,0,-5.0,ENERGY_DEPLETED,1
90000,0,0,0,0,50,DOWN,DOWN,1,0,0,49,-1.87,MOVE,0
90000,1,1,0,0,49,UP,RIGHT,1,1,0,48,0.12,MOVE,0
90000,2,1,1,0,48,LEFT,UP,0,1,0,47,0.11,MOVE,0
90000,3,0,1,0,47,DOWN,DOWN,1,1,0,46,-1.88,MOVE,0
90000,4,1,1,0,46,LEFT,LEFT,1,0,0,45,-1.87,MOVE,0
90000,5,1,0,0,45,DOWN,RIGHT,1,1,0,44,0.12,MOVE,0
90000,6,1,1,0,44,UP,UP,0,1,0,43,0.11,MOVE,0
90000,7,0,1,0,43,RIGHT,RIGHT,0,2,0,42,0.1,MOVE,0
90000,8,0,2,0,42,RIGHT,RIGHT,0,3,0,41,0.09,MOVE,0
90000,9,0,3,0,41,DOWN,DOWN,1,3,0,40,0.08,MOVE,0
90000,10,1,3,0,40,RIGHT,RIGHT,1,4,0,39,0.07,MOVE,0
90000,11,1,4,0,39,RIGHT,RIGHT,1,5,0,38,0.06,MOVE,0
90000,12,1,5,0,38,UP,UP,0,5,0,37,0.05,MOVE,0
90000,13,0,5,0,37,DOWN,LEFT,0,5,0,36,-4.95,WALL_HIT,0
90000,14,0,5,0,36,DOWN,DOWN,1,5,0,35,-1.94,MOVE,0
90000,15,1,5,0,35,RIGHT,RIGHT,1,6,0,34,0.05,MOVE,0
90000,16,1,6,0,34,RIGHT,RIGHT,1,7,0,33,0.04,MOVE,0
90000,17,1,7,0,33,RIGHT,UP,0,7,0,32,0.03,MOVE,0
90000,18,0,7,0,32,RIGHT,RIGHT,0,8,0,31,0.02,MOVE,0
90000,19,0,8,0,31,RIGHT,RIGHT,0,9,0,30,0.01,MOVE,0
90000,20,0,9,0,30,RIGHT,DOWN,1,9,0,29,-1.98,MOVE,0
90000,21,1,9,0,29,RIGHT,RIGHT,1,10,0,28,0.01,MOVE,0
90000,22,1,10,0,28,UP,UP,0,10,1,27,32.18,KEY_PICKUP,0
90000,23,0,10,1,27,RIGHT,RIGHT,0,11,1,26,0.17,MOVE,0
90000,24,0,11,1,26,DOWN,DOWN,1,11,1,25,0.16,MOVE,0
90000,25,1,11,1,25,RIGHT,RIGHT,1,12,1,24,0.15,MOVE,0
90000,26,1,12,1,24,DOWN,DOWN,2,12,1,23,0.14,MOVE,0
90000,27,2,12,1,23,DOWN,DOWN,3,12,1,22,0.13,MOVE,0
90000,28,3,12,1,22,DOWN,DOWN,4,12,1,21,0.12,MOVE,0
90000,29,4,12,1,21,DOWN,DOWN,5,12,1,20,0.11,MOVE,0
90000,30,5,12,1,20,RIGHT,RIGHT,5,13,1,19,0.1,MOVE,0
90000,31,5,13,1,19,DOWN,DOWN,6,13,1,18,0.09,MOVE,0
90000,32,6,13,1,18,DOWN,DOWN,7,13,1,17,0.08,MOVE,0
90000,33,7,13,1,17,RIGHT,RIGHT,7,14,1,16,-1.91,MOVE,0
90000,34,7,14,1,16,UP,RIGHT,7,15,1,15,-1.9,MOVE,0
90000,35,7,15,1,15,UP,UP,6,15,1,14,-1.89,MOVE,0
90000,36,6,15,1,14,LEFT,UP,5,15,1,13,-1.88,MOVE,0
90000,37,5,15,1,13,DOWN,DOWN,6,15,1,12,0.11,MOVE,0
90000,38,6,15,1,12,UP,UP,5,15,1,11,-1.88,MOVE,0
90000,39,5,15,1,11,LEFT,DOWN,6,15,1,10,0.11,MOVE,0
90000,40,6,15,1,10,LEFT,LEFT,6,14,1,9,0.1,MOVE,0
90000,41,6,14,1,9,UP,UP,5,14,1,8,-1.89,MOVE,0
90000,42,5,14,1,8,UP,LEFT,5,13,1,7,0.1,MOVE,0
90000,43,5,13,1,7,UP,UP,4,13,1,6,-1.89,MOVE,0
90000,44,4,13,1,6,DOWN,DOWN,5,13,1,5,0.1,MOVE,0
90000,45,5,13,1,5,UP,UP,4,13,1,4,-1.89,MOVE,0
90000,46,4,13,1,4,DOWN,RIGHT,4,14,1,3,-1.88,MOVE,0
90000,47,4,14,1,3,UP,UP,3,14,1,2,-1.87,MOVE,0
90000,48,3,14,1,2,RIGHT,RIGHT,3,15,1,1,-1.86,MOVE,0
90000,49,3,15,1,1,LEFT,LEFT,3,14,1,0,-7.0,ENERGY_DEPLETED,1
100000,0,0,0,0,50,RIGHT,RIGHT,0,1,0,49,0.11,MOVE,0
100000,1,0,1,0,49,DOWN,DOWN,1,1,0,48,-1.88,MOVE,0
100000,2,1,1,0,48,DOWN,DOWN,2,1,0,47,0.11,MOVE,0
100000,3,2,1,0,47,RIGHT,DOWN,3,1,0,46,-1.88,MOVE,0
100000,4,3,1,0,46,UP,LEFT,3,1,0,45,-4.88,WALL_HIT,0
100000,5,3,1,0,45,RIGHT,RIGHT,3,2,0,44,0.11,MOVE,0
100000,6,3,2,0,44,UP,UP,2,2,0,43,0.1,MOVE,0
100000,7,2,2,0,43,RIGHT,RIGHT,2,3,0,42,0.09,MOVE,0
100000,8,2,3,0,42,UP,UP,1,3,0,41,0.08,MOVE,0
100000,9,1,3,0,41,RIGHT,RIGHT,1,4,0,40,0.07,MOVE,0
100000,10,1,4,0,40,LEFT,LEFT,1,3,0,39,-1.92,MOVE,0
100000,11,1,3,0,39,RIGHT,UP,0,3,0,38,-1.91,MOVE,0
100000,12,0,3,0,38,DOWN,DOWN,1,3,0,37,0.08,MOVE,0
100000,13,1,3,0,37,RIGHT,RIGHT,1,4,0,36,0.07,MOVE,0
100000,14,1,4,0,36,RIGHT,RIGHT,1,5,0,35,0.06,MOVE,0
100000,15,1,5,0,35,RIGHT,RIGHT,1,6,0,34,0.05,MOVE,0
100000,16,1,6,0,34,RIGHT,RIGHT,1,7,0,33,0.04,MOVE,0
100000,17,1,7,0,33,RIGHT,RIGHT,1,8,0,32,0.03,MOVE,0
100000,18,1,8,0,32,UP,LEFT,1,7,0,31,-1.96,MOVE,0
100000,19,1,7,0,31,RIGHT,RIGHT,1,8,0,30,0.03,MOVE,0
100000,20,1,8,0,30,UP,RIGHT,1,9,0,29,0.02,MOVE,0
100000,21,1,9,0,29,UP,RIGHT,1,10,0,28,0.01,MOVE,0
100000,22,1,10,0,28,UP,UP,0,10,1,27,32.18,KEY_PICKUP,0
100000,23,0,10,1,27,DOWN,DOWN,1,10,1,26,0.17,MOVE,0
100000,24,1,10,1,26,DOWN,DOWN,2,10,1,25,0.16,MOVE,0
100000,25,2,10,1,25,RIGHT,RIGHT,2,11,1,24,0.15,MOVE,0
100000,26,2,11,1,24,RIGHT,RIGHT,2,12,1,23,0.14,MOVE,0
100000,27,2,12,1,23,DOWN,DOWN,3,12,1,22,0.13,MOVE,0
100000,28,3,12,1,22,DOWN,DOWN,4,12,1,21,0.12,MOVE,0
100000,29,4,12,1,21,DOWN,DOWN,5,12,1,20,0.11,MOVE,0
100000,30,5,12,1,20,RIGHT,UP,4,12,1,19,-1.88,MOVE,0
100000,31,4,12,1,19,DOWN,DOWN,5,12,1,18,0.11,MOVE,0
100000,32,5,12,1,18,DOWN,DOWN,6,12,1,17,0.1,MOVE,0
100000,33,6,12,1,17,RIGHT,RIGHT,6,13,1,16,0.09,MOVE,0
100000,34,6,13,1,16,DOWN,DOWN,7,13,1,15,0.08,MOVE,0
100000,35,7,13,1,15,DOWN,DOWN,8,13,1,14,0.07,MOVE,0
100000,36,8,13,1,14,LEFT,LEFT,8,13,1,13,-4.93,WALL_HIT,0
100000,37,8,13,1,13,LEFT,LEFT,8,13,1,12,-4.93,WALL_HIT,0
100000,38,8,13,1,12,DOWN,DOWN,9,13,1,11,0.06,MOVE,0
100000,39,9,13,1,11,DOWN,DOWN,10,13,1,10,0.05,MOVE,0
100000,40,10,13,1,10,DOWN,DOWN,11,13,1,9,0.04,MOVE,0
100000,41,11,13,1,9,DOWN,DOWN,12,13,1,8,0.03,MOVE,0
100000,42,12,13,1,8,DOWN,DOWN,12,13,1,7,-4.97,WALL_HIT,0
100000,43,12,13,1,7,RIGHT,UP,11,13,1,6,-1.96,MOVE,0
100000,44,11,13,1,6,DOWN,DOWN,12,13,1,5,0.03,MOVE,0
100000,45,12,13,1,5,RIGHT,RIGHT,12,14,1,4,0.02,MOVE,0
100000,46,12,14,1,4,DOWN,DOWN,13,14,1,3,0.01,DOOR_PASS,0
100000,47,13,14,1,3,UP,UP,12,14,1,2,-1.98,MOVE,0
100000,48,12,14,1,2,RIGHT,RIGHT,12,15,1,1,-1.97,MOVE,0
100000,49,12,15,1,1,LEFT,LEFT,12,14,1,0,-18.0,ENERGY_DEPLETED,1
110000,0,0,0,0,50,RIGHT,RIGHT,0,1,0,49,0.11,MOVE,0
110000,1,0,1,0,49,DOWN,DOWN,1,1,0,48,-1.88,MOVE,0
110000,2,1,1,0,48,LEFT,LEFT,1,0,0,47,-1.87,MOVE,0
110000,3,1,0,0,47,RIGHT,RIGHT,1,1,0,46,0.12,MOVE,0
110000,4,1,1,0,46,DOWN,DOWN,2,1,0,45,0.11,MOVE,0
110000,5,2,1,0,45,RIGHT,RIGHT,2,2,0,44,0.1,MOVE,0
110000,6,2,2,0,44,DOWN,DOWN,3,2,0,43,-1.89,MOVE,0
110000,7,3,2,0,43,UP,LEFT,3,1,0,42,-1.88,MOVE,0
110000,8,3,1,0,42,RIGHT,UP,2,1,0,41,0.11,MOVE,0
110000,9,2,1,0,41,RIGHT,RIGHT,2,2,0,40,0.1,MOVE,0
110000,10,2,2,0,40,RIGHT,RIGHT,2,3,0,39,0.09,MOVE,0
110000,11,2,3,0,39,UP,RIGHT,2,3,0,38,-4.91,WALL_HIT,0
110000,12,2,3,0,38,UP,UP,1,3,0,37,0.08,MOVE,0
110000,13,1,3,0,37,RIGHT,RIGHT,1,4,0,36,0.07,MOVE,0
110000,14,1,4,0,36,LEFT,LEFT,1,3,0,35,-1.92,MOVE,0
110000,15,1,3,0,35,RIGHT,UP,0,3,0,34,-1.91,MOVE,0
110000,16,0,3,0,34,DOWN,RIGHT,0,3,0,33,-4.91,WALL_HIT,0
110000,17,0,3,0,33,LEFT,DOWN,1,3,0,32,0.08,MOVE,0
110000,18,1,3,0,32,RIGHT,RIGHT,1,4,0,31,0.07,MOVE,0
110000,19,1,4,0,31,RIGHT,RIGHT,1,5,0,30,0.06,MOVE,0
110000,20,1,5,0,30,RIGHT,DOWN,1,5,0,29,-4.94,WALL_HIT,0
110000,21,1,5,0,29,RIGHT,RIGHT,1,6,0,28,0.05,MOVE,0
110000,22,1,6,0,28,RIGHT,RIGHT,1,7,0,27,0.04,MOVE,0
110000,23,1,7,0,27,UP,UP,0,7,0,26,0.03,MOVE,0
110000,24,0,7,0,26,RIGHT,UP,0,7,0,25,-4.97,WALL_HIT,0
110000,25,0,7,0,25,RIGHT,RIGHT,0,8,0,24,0.02,MOVE,0
110000,26,0,8,0,24,RIGHT,RIGHT,0,9,0,23,0.01,MOVE,0
110000,27,0,9,0,23,RIGHT,DOWN,1,9,0,22,-1.98,MOVE,0
110000,28,1,9,0,22,RIGHT,RIGHT,1,10,0,21,0.01,MOVE,0
110000,29,1,10,0,21,UP,RIGHT,1,11,0,20,-1.98,MOVE,0
110000,30,1,11,0,20,UP,UP,0,11,0,19,0.01,MOVE,0
110000,31,0,11,0,19,LEFT,LEFT,0,10,1,18,32.18,KEY_PICKUP,0
110000,32,0,10,1,18,DOWN,DOWN,1,10,1,17,0.17,MOVE,0
110000,33,1,10,1,17,DOWN,DOWN,2,10,1,16,0.16,MOVE,0
110000,34,2,10,1,16,DOWN,DOWN,3,10,1,15,0.15,MOVE,0
110000,35,3,10,1,15,DOWN,DOWN,4,10,1,14,0.14,MOVE,0
110000,36,4,10,1,14,RIGHT,UP,3,10,1,13,-1.85,MOVE,0
110000,37,3,10,1,13,LEFT,LEFT,3,9,1,12,-1.84,MOVE,0
110000,38,3,9,1,12,UP,LEFT,3,8,1,11,-1.83,MOVE,0
110000,39,3,8,1,11,UP,RIGHT,3,9,1,10,0.16,MOVE,0
110000,40,3,9,1,10,UP,UP,2,9,1,9,-1.83,MOVE,0
110000,41,2,9,1,9,UP,UP,1,9,1,8,-1.82,MOVE,0
110000,42,1,9,1,8,LEFT,LEFT,1,8,1,7,-1.81,MOVE,0
110000,43,1,8,1,7,UP,UP,0,8,1,6,-1.8,MOVE,0
110000,44,0,8,1,6,DOWN,DOWN,1,8,1,5,0.19,MOVE,0
110000,45,1,8,1,5,DOWN,DOWN,2,8,1,4,0.18,MOVE,0
110000,46,2,8,1,4,UP,UP,1,8,1,3,-1.81,MOVE,0
110000,47,1,8,1,3,UP,UP,0,8,1,2,-1.8,MOVE,0
110000,48,0,8,1,2,DOWN,DOWN,1,8,1,1,0.19,MOVE,0
110000,49,1,8,1,1,LEFT,LEFT,1,7,1,0,-2.0,ENERGY_DEPLETED,1
120000,0,0,0,0,50,DOWN,LEFT,0,0,0,49,-4.88,WALL_HIT,0
120000,1,0,0,0,49,DOWN,DOWN,1,0,0,48,-1.87,MOVE,0
120000,2,1,0,0,48,RIGHT,UP,0,0,0,47,0.12,MOVE,0
120000,3,0,0,0,47,RIGHT,RIGHT,0,1,0,46,0.11,MOVE,0
120000,4,0,1,0,46,DOWN,DOWN,1,1,0,45,-1.88,MOVE,0
120000,5,1,1,0,45,DOWN,DOWN,2,1,0,44,0.11,MOVE,0
120000,6,2,1,0,44,RIGHT,DOWN,3,1,0,43,-1.88,MOVE,0
120000,7,3,1,0,43,RIGHT,RIGHT,3,2,0,42,0.11,MOVE,0
120000,8,3,2,0,42,UP,UP,2,2,0,41,0.1,MOVE,0
120000,9,2,2,0,41,RIGHT,RIGHT,2,3,0,40,0.09,MOVE,0
120000,10,2,3,0,40,UP,LEFT,2,2,0,39,-1.9,MOVE,0
120000,11,2,2,0,39,RIGHT,RIGHT,2,3,0,38,0.09,MOVE,0
120000,12,2,3,0,38,UP,UP,1,3,0,37,0.08,MOVE,0
120000,13,1,3,0,37,RIGHT,RIGHT,1,4,0,36,0.07,MOVE,0
120000,14,1,4,0,36,RIGHT,RIGHT,1,5,0,35,0.06,MOVE,0
120000,15,1,5,0,35,RIGHT,RIGHT,1,6,0,34,0.05,MOVE,0
120000,16,1,6,0,34,RIGHT,RIGHT,1,7,0,33,0.04,MOVE,0
120000,17,1,7,0,33,RIGHT,RIGHT,1,8,0,32,0.03,MOVE,0
120000,18,1,8,0,32,RIGHT,UP,0,8,0,31,0.02,MOVE,0
120000,19,0,8,0,31,RIGHT,RIGHT,0,9,0,30,0.01,MOVE,0
120000,20,0,9,0,30,RIGHT,UP,0,9,0,29,-4.99,WALL_HIT,0
120000,21,0,9,0,29,RIGHT,RIGHT,0,10,1,28,32.18,KEY_PICKUP,0
120000,22,0,10,1,28,DOWN,RIGHT,0,11,1,27,0.17,MOVE,0
120000,23,0,11,1,27,DOWN,DOWN,1,11,1,26,0.16,MOVE,0
120000,24,1,11,1,26,DOWN,DOWN,2,11,1,25,0.15,MOVE,0
120000,25,2,11,1,25,RIGHT,DOWN,2,11,1,24,-4.85,WALL_HIT,0
120000,26,2,11,1,24,RIGHT,DOWN,2,11,1,23,-4.85,WALL_HIT,0
120000,27,2,11,1,23,RIGHT,RIGHT,2,12,1,22,0.14,MOVE,0
120000,28,2,12,1,22,DOWN,DOWN,3,12,1,21,0.13,MOVE,0
120000,29,3,12,1,21,DOWN,DOWN,4,12,1,20,0.12,MOVE,0
120000,30,4,12,1,20,RIGHT,RIGHT,4,13,1,19,0.11,MOVE,0
120000,31,4,13,1,19,DOWN,DOWN,5,13,1,18,0.1,MOVE,0
120000,32,5,13,1,18,DOWN,RIGHT,5,14,1,17,-1.89,MOVE,0
120000,33,5,14,1,17,DOWN,DOWN,6,14,1,16,0.1,MOVE,0
120000,34,6,14,1,16,DOWN,LEFT,6,13,1,15,0.09,MOVE,0
120000,35,6,13,1,15,DOWN,DOWN,7,13,1,14,0.08,MOVE,0
120000,36,7,13,1,14,DOWN,DOWN,8,13,1,13,0.07,MOVE,0
120000,37,8,13,1,13,DOWN,DOWN,9,13,1,12,0.06,MOVE,0
120000,38,9,13,1,12,DOWN,RIGHT,9,14,1,11,-1.93,MOVE,0
120000,39,9,14,1,11,LEFT,LEFT,9,13,1,10,0.06,MOVE,0
120000,40,9,13,1,10,DOWN,DOWN,10,13,1,9,0.05,MOVE,0
120000,41,10,13,1,9,DOWN,RIGHT,10,13,1,8,-4.95,WALL_HIT,0
120000,42,10,13,1,8,DOWN,RIGHT,10,13,1,7,-4.95,WALL_HIT,0
120000,43,10,13,1,7,DOWN,RIGHT,10,13,1,6,-4.95,WALL_HIT,0
120000,44,10,13,1,6,DOWN,DOWN,11,13,1,5,0.04,MOVE,0
120000,45,11,13,1,5,LEFT,LEFT,11,12,1,4,-1.95,MOVE,0
120000,46,11,12,1,4,DOWN,LEFT,11,11,1,3,-1.94,MOVE,0
120000,47,11,11,1,3,RIGHT,RIGHT,11,12,1,2,0.05,MOVE,0
120000,48,11,12,1,2,RIGHT,RIGHT,11,13,1,1,0.04,MOVE,0
120000,49,11,13,1,1,LEFT,DOWN,12,13,1,0,-17.0,ENERGY_DEPLETED,1
130000,0,0,0,0,50,DOWN,DOWN,1,0,0,49,-1.87,MOVE,0
130000,1,1,0,0,49,RIGHT,RIGHT,1,1,0,48,0.12,MOVE,0
130000,2,1,1,0,48,DOWN,DOWN,2,1,0,47,0.11,MOVE,0
130000,3,2,1,0,47,DOWN,DOWN,3,1,0,46,-1.88,MOVE,0
130000,4,3,1,0,46,RIGHT,RIGHT,3,2,0,45,0.11,MOVE,0
130000,5,3,2,0,45,RIGHT,RIGHT,3,3,0,44,0.1,MOVE,0
130000,6,3,3,0,44,UP,UP,2,3,0,43,0.09,MOVE,0
130000,7,2,3,0,43,UP,LEFT,2,2,0,42,-1.9,MOVE,0
130000,8,2,2,0,42,RIGHT,RIGHT,2,3,0,41,0.09,MOVE,0
130000,9,2,3,0,41,UP,UP,1,3,0,40,0.08,MOVE,0
130000,10,1,3,0,40,RIGHT,RIGHT,1,4,0,39,0.07,MOVE,0
130000,11,1,4,0,39,RIGHT,RIGHT,1,5,0,38,0.06,MOVE,0
130000,12,1,5,0,38,RIGHT,RIGHT,1,6,0,37,0.05,MOVE,0
130000,13,1,6,0,37,DOWN,DOWN,2,6,0,36,-1.94,MOVE,0
130000,14,2,6,0,36,UP,UP,1,6,0,35,0.05,MOVE,0
130000,15,1,6,0,35,RIGHT,RIGHT,1,7,0,34,0.04,MOVE,0
130000,16,1,7,0,34,RIGHT,RIGHT,1,8,0,33,0.03,MOVE,0
130000,17,1,8,0,33,UP,UP,0,8,0,32,0.02,MOVE,0
130000,18,0,8,0,32,RIGHT,RIGHT,0,9,0,31,0.01,MOVE,0
130000,19,0,9,0,31,RIGHT,RIGHT,0,10,1,30,32.18,KEY_PICKUP,0
130000,20,0,10,1,30,DOWN,DOWN,1,10,1,29,0.17,MOVE,0
130000,21,1,10,1,29,DOWN,DOWN,2,10,1,28,0.16,MOVE,0
130000,22,2,10,1,28,UP,UP,1,10,1,27,-1.83,MOVE,0
130000,23,1,10,1,27,DOWN,DOWN,2,10,1,26,0.16,MOVE,0
130000,24,2,10,1,26,RIGHT,RIGHT,2,11,1,25,0.15,MOVE,0
130000,25,2,11,1,25,RIGHT,RIGHT,2,12,1,24,0.14,MOVE,0
130000,26,2,12,1,24,DOWN,DOWN,3,12,1,23,0.13,MOVE,0
130000,27,3,12,1,23,RIGHT,RIGHT,3,13,1,22,0.12,MOVE,0
130000,28,3,13,1,22,DOWN,DOWN,4,13,1,21,0.11,MOVE,0
130000,29,4,13,1,21,LEFT,LEFT,4,12,1,20,-1.88,MOVE,0
130000,30,4,12,1,20,DOWN,DOWN,5,12,1,19,0.11,MOVE,0
130000,31,5,12,1,19,DOWN,DOWN,6,12,1,18,0.1,MOVE,0
130000,32,6,12,1,18,RIGHT,DOWN,6,12,1,17,-4.9,WALL_HIT,0
130000,33,6,12,1,17,RIGHT,RIGHT,6,13,1,16,0.09,MOVE,0
130000,34,6,13,1,16,RIGHT,DOWN,7,13,1,15,0.08,MOVE,0
130000,35,7,13,1,15,LEFT,LEFT,7,13,1,14,-4.92,WALL_HIT,0
130000,36,7,13,1,14,DOWN,DOWN,8,13,1,13,0.07,MOVE,0
130000,37,8,13,1,13,DOWN,DOWN,9,13,1,12,0.06,MOVE,0
130000,38,9,13,1,12,LEFT,LEFT,9,12,1,11,-1.93,MOVE,0
130000,39,9,12,1,11,RIGHT,DOWN,10,12,1,10,0.06,MOVE,0
130000,40,10,12,1,10,DOWN,DOWN,11,12,1,9,0.05,MOVE,0
130000,41,11,12,1,9,RIGHT,RIGHT,11,13,1,8,0.04,MOVE,0
130000,42,11,13,1,8,DOWN,DOWN,12,13,1,7,0.03,MOVE,0
130000,43,12,13,1,7,RIGHT,RIGHT,12,14,1,6,0.02,MOVE,0
130000,44,12,14,1,6,DOWN,DOWN,13,14,1,5,0.01,DOOR_PASS,0
130000,45,13,14,1,5,DOWN,DOWN,14,14,1,4,100.0,GOAL_REACHED,1
140000,0,0,0,0,50,RIGHT,RIGHT,0,1,0,49,0.11,MOVE,0
140000,1,0,1,0,49,DOWN,DOWN,1,1,0,48,-1.88,MOVE,0
140000,2,1,1,0,48,LEFT,LEFT,1,0,0,47,-1.87,MOVE,0
140000,3,1,0,0,47,RIGHT,RIGHT,1,1,0,46,0.12,MOVE,0
140000,4,1,1,0,46,LEFT,LEFT,1,0,0,45,-1.87,MOVE,0
140000,5,1,0,0,45,RIGHT,RIGHT,1,1,0,44,0.12,MOVE,0
140000,6,1,1,0,44,DOWN,DOWN,2,1,0,43,0.11,MOVE,0
140000,7,2,1,0,43,DOWN,DOWN,3,1,0,42,-1.88,MOVE,0
140000,8,3,1,0,42,RIGHT,RIGHT,3,2,0,41,0.11,MOVE,0
140000,9,3,2,0,41,RIGHT,RIGHT,3,3,0,40,0.1,MOVE,0
140000,10,3,3,0,40,UP,UP,2,3,0,39,0.09,MOVE,0
140000,11,2,3,0,39,UP,UP,1,3,0,38,0.08,MOVE,0
140000,12,1,3,0,38,RIGHT,RIGHT,1,4,0,37,0.07,MOVE,0
140000,13,1,4,0,37,RIGHT,UP,1,4,0,36,-4.93,WALL_HIT,0
140000,14,1,4,0,36,RIGHT,UP,1,4,0,35,-4.93,WALL_HIT,0
140000,15,1,4,0,35,RIGHT,RIGHT,1,5,0,34,0.06,MOVE,0
140000,16,1,5,0,34,UP,LEFT,1,4,0,33,-1.93,MOVE,0
140000,17,1,4,0,33,RIGHT,DOWN,1,4,0,32,-4.93,WALL_HIT,0
140000,18,1,4,0,32,RIGHT,RIGHT,1,5,0,31,0.06,MOVE,0
140000,19,1,5,0,31,RIGHT,RIGHT,1,6,0,30,0.05,MOVE,0
140000,20,1,6,0,30,UP,UP,0,6,0,29,0.04,MOVE,0
140000,21,0,6,0,29,RIGHT,RIGHT,0,7,0,28,0.03,MOVE,0
140000,22,0,7,0,28,RIGHT,UP,0,7,0,27,-4.97,WALL_HIT,0
140000,23,0,7,0,27,RIGHT,RIGHT,0,8,0,26,0.02,MOVE,0
140000,24,0,8,0,26,RIGHT,DOWN,1,8,0,25,-1.97,MOVE,0
140000,25,1,8,0,25,RIGHT,RIGHT,1,9,0,24,0.02,MOVE,0
140000,26,1,9,0,24,UP,UP,0,9,0,23,0.01,MOVE,0
140000,27,0,9,0,23,RIGHT,RIGHT,0,10,1,22,32.18,KEY_PICKUP,0
140000,28,0,10,1,22,DOWN,LEFT,0,9,1,21,-1.81,MOVE,0
140000,29,0,9,1,21,DOWN,DOWN,1,9,1,20,0.18,MOVE,0
140000,30,1,9,1,20,DOWN,DOWN,2,9,1,19,0.17,MOVE,0
140000,31,2,9,1,19,DOWN,DOWN,3,9,1,18,0.16,MOVE,0
140000,32,3,9,1,18,RIGHT,RIGHT,3,10,1,17,0.15,MOVE,0
140000,33,3,10,1,17,DOWN,LEFT,3,9,1,16,-1.84,MOVE,0
140000,34,3,9,1,16,UP,RIGHT,3,10,1,15,0.15,MOVE,0
140000,35,3,10,1,15,LEFT,DOWN,4,10,1,14,0.14,MOVE,0
140000,36,4,10,1,14,RIGHT,RIGHT,4,11,1,13,0.13,MOVE,0
140000,37,4,11,1,13,RIGHT,UP,4,11,1,12,-4.87,WALL_HIT,0
140000,38,4,11,1,12,DOWN,DOWN,5,11,1,11,0.12,MOVE,0
140000,39,5,11,1,11,LEFT,LEFT,5,10,1,10,-1.87,MOVE,0
140000,40,5,10,1,10,RIGHT,RIGHT,5,11,1,9,0.12,MOVE,0
140000,41,5,11,1,9,DOWN,DOWN,6,11,1,8,0.11,MOVE,0
140000,42,6,11,1,8,UP,UP,5,11,1,7,-1.88,MOVE,0
140000,43,5,11,1,7,DOWN,DOWN,6,11,1,6,0.11,MOVE,0
140000,44,6,11,1,6,UP,UP,5,11,1,5,-1.88,MOVE,0
140000,45,5,11,1,5,LEFT,LEFT,5,10,1,4,-1.87,MOVE,0
140000,46,5,10,1,4,LEFT,UP,4,10,1,3,-1.86,MOVE,0
140000,47,4,10,1,3,RIGHT,RIGHT,4,11,1,2,0.13,MOVE,0
140000,48,4,11,1,2,DOWN,DOWN,5,11,1,1,0.12,MOVE,0
140000,49,5,11,1,1,LEFT,LEFT,5,10,1,0,-9.0,ENERGY_DEPLETED,1
149990,0,0,0,0,50,RIGHT,RIGHT,0,1,0,49,0.11,MOVE,0
149990,1,0,1,0,49,DOWN,DOWN,1,1,0,48,-1.88,MOVE,0
149990,2,1,1,0,48,LEFT,LEFT,1,0,0,47,-1.87,MOVE,0
149990,3,1,0,0,47,RIGHT,RIGHT,1,1,0,46,0.12,MOVE,0
149990,4,1,1,0,46,DOWN,DOWN,2,1,0,45,0.11,MOVE,0
149990,5,2,1,0,45,RIGHT,DOWN,3,1,0,44,-1.88,MOVE,0
149990,6,3,1,0,44,UP,UP,2,1,0,43,0.11,MOVE,0
149990,7,2,1,0,43,RIGHT,RIGHT,2,2,0,42,0.1,MOVE,0
149990,8,2,2,0,42,RIGHT,UP,2,2,0,41,-4.9,WALL_HIT,0
149990,9,2,2,0,41,RIGHT,RIGHT,2,3,0,40,0.09,MOVE,0
149990,10,2,3,0,40,UP,UP,1,3,0,39,0.08,MOVE,0
149990,11,1,3,0,39,RIGHT,DOWN,2,3,0,38,-1.91,MOVE,0
149990,12,2,3,0,38,UP,UP,1,3,0,37,0.08,MOVE,0
149990,13,1,3,0,37,RIGHT,RIGHT,1,4,0,36,0.07,MOVE,0
149990,14,1,4,0,36,RIGHT,RIGHT,1,5,0,35,0.06,MOVE,0
149990,15,1,5,0,35,UP,RIGHT,1,6,0,34,0.05,MOVE,0
149990,16,1,6,0,34,RIGHT,RIGHT,1,7,0,33,0.04,MOVE,0
149990,17,1,7,0,33,UP,UP,0,7,0,32,0.03,MOVE,0
149990,18,0,7,0,32,RIGHT,RIGHT,0,8,0,31,0.02,MOVE,0
149990,19,0,8,0,31,RIGHT,RIGHT,0,9,0,30,0.01,MOVE,0
149990,20,0,9,0,30,RIGHT,RIGHT,0,10,1,29,32.18,KEY_PICKUP,0
149990,21,0,10,1,29,DOWN,DOWN,1,10,1,28,0.17,MOVE,0
149990,22,1,10,1,28,RIGHT,RIGHT,1,11,1,27,0.16,MOVE,0
149990,23,1,11,1,27,DOWN,DOWN,2,11,1,26,0.15,MOVE,0
149990,24,2,11,1,26,RIGHT,UP,1,11,1,25,-1.84,MOVE,0
149990,25,1,11,1,25,RIGHT,RIGHT,1,12,1,24,0.15,MOVE,0
149990,26,1,12,1,24,DOWN,DOWN,2,12,1,23,0.14,MOVE,0
149990,27,2,12,1,23,DOWN,DOWN,3,12,1,22,0.13,MOVE,0
149990,28,3,12,1,22,DOWN,DOWN,4,12,1,21,0.12,MOVE,0
149990,29,4,12,1,21,DOWN,DOWN,5,12,1,20,0.11,MOVE,0
149990,30,5,12,1,20,DOWN,DOWN,6,12,1,19,0.1,MOVE,0
149990,31,6,12,1,19,RIGHT,RIGHT,6,13,1,18,0.09,MOVE,0
149990,32,6,13,1,18,DOWN,DOWN,7,13,1,17,0.08,MOVE,0
149990,33,7,13,1,17,RIGHT,DOWN,8,13,1,16,0.07,MOVE,0
149990,34,8,13,1,16,LEFT,LEFT,8,13,1,15,-4.93,WALL_HIT,0
149990,35,8,13,1,15,DOWN,DOWN,9,13,1,14,0.06,MOVE,0
149990,36,9,13,1,14,LEFT,LEFT,9,12,1,13,-1.93,MOVE,0
149990,37,9,12,1,13,RIGHT,UP,9,12,1,12,-4.93,WALL_HIT,0
149990,38,9,12,1,12,UP,UP,9,12,1,11,-4.93,WALL_HIT,0
149990,39,9,12,1,11,DOWN,DOWN,10,12,1,10,0.06,MOVE,0
149990,40,10,12,1,10,RIGHT,RIGHT,10,13,1,9,0.05,MOVE,0
149990,41,10,13,1,9,DOWN,LEFT,10,12,1,8,-1.94,MOVE,0
149990,42,10,12,1,8,DOWN,DOWN,11,12,1,7,0.05,MOVE,0
149990,43,11,12,1,7,RIGHT,DOWN,12,12,1,6,0.04,MOVE,0
149990,44,12,12,1,6,RIGHT,RIGHT,12,13,1,5,0.03,MOVE,0
149990,45,12,13,1,5,RIGHT,RIGHT,12,14,1,4,0.02,MOVE,0
149990,46,12,14,1,4,DOWN,DOWN,13,14,1,3,0.01,DOOR_PASS,0
149990,47,13,14,1,3,DOWN,RIGHT,13,14,1,2,-4.99,WALL_HIT,0
149990,48,13,14,1,2,DOWN,DOWN,14,14,1,1,100.0,GOAL_REACHED,1
149991,0,0,0,0,50,RIGHT,DOWN,1,0,0,49,-1.87,MOVE,0
149991,1,1,0,0,49,DOWN,DOWN,2,0,0,48,0.12,MOVE,0
149991,2,2,0,0,48,RIGHT,RIGHT,2,1,0,47,0.11,MOVE,0
149991,3,2,1,0,47,RIGHT,RIGHT,2,2,0,46,0.1,MOVE,0
149991,4,2,2,0,46,DOWN,DOWN,3,2,0,45,-1.89,MOVE,0
149991,5,3,2,0,45,RIGHT,RIGHT,3,3,0,44,0.1,MOVE,0
149991,6,3,3,0,44,UP,UP,2,3,0,43,0.09,MOVE,0
149991,7,2,3,0,43,LEFT,LEFT,2,2,0,42,-1.9,MOVE,0
149991,8,2,2,0,42,RIGHT,RIGHT,2,3,0,41,0.09,MOVE,0
149991,9,2,3,0,41,UP,UP,1,3,0,40,0.08,MOVE,0
149991,10,1,3,0,40,RIGHT,DOWN,2,3,0,39,-1.91,MOVE,0
149991,11,2,3,0,39,UP,RIGHT,2,3,0,38,-4.91,WALL_HIT,0
149991,12,2,3,0,38,UP,UP,1,3,0,37,0.08,MOVE,0
149991,13,1,3,0,37,RIGHT,RIGHT,1,4,0,36,0.07,MOVE,0
149991,14,1,4,0,36,RIGHT,RIGHT,1,5,0,35,0.06,MOVE,0
149991,15,1,5,0,35,UP,UP,0,5,0,34,0.05,MOVE,0
149991,16,0,5,0,34,RIGHT,RIGHT,0,6,0,33,0.04,MOVE,0
149991,17,0,6,0,33,RIGHT,RIGHT,0,7,0,32,0.03,MOVE,0
149991,18,0,7,0,32,RIGHT,RIGHT,0,8,0,31,0.02,MOVE,0
149991,19,0,8,0,31,RIGHT,RIGHT,0,9,0,30,0.01,MOVE,0
149991,20,0,9,0,30,RIGHT,DOWN,1,9,0,29,-1.98,MOVE,0
149991,21,1,9,0,29,UP,UP,0,9,0,28,0.01,MOVE,0
149991,22,0,9,0,28,RIGHT,RIGHT,0,10,1,27,32.18,KEY_PICKUP,0
149991,23,0,10,1,27,DOWN,DOWN,1,10,1,26,0.17,MOVE,0
149991,24,1,10,1,26,DOWN,DOWN,2,10,1,25,0.16,MOVE,0
149991,25,2,10,1,25,DOWN,DOWN,3,10,1,24,0.15,MOVE,0
149991,26,3,10,1,24,DOWN,DOWN,4,10,1,23,0.14,MOVE,0
149991,27,4,10,1,23,RIGHT,RIGHT,4,11,1,22,0.13,MOVE,0
149991,28,4,11,1,22,UP,UP,4,11,1,21,-4.87,WALL_HIT,0
149991,29,4,11,1,21,DOWN,DOWN,5,11,1,20,0.12,MOVE,0
149991,30,5,11,1,20,DOWN,LEFT,5,10,1,19,-1.87,MOVE,0
149991,31,5,10,1,19,RIGHT,RIGHT,5,11,1,18,0.12,MOVE,0
149991,32,5,11,1,18,RIGHT,UP,4,11,1,17,-1.87,MOVE,0
149991,33,4,11,1,17,DOWN,DOWN,5,11,1,16,0.12,MOVE,0
149991,34,5,11,1,16,RIGHT,RIGHT,5,12,1,15,0.11,MOVE,0
149991,35,5,12,1,15,RIGHT,RIGHT,5,13,1,14,0.1,MOVE,0
149991,36,5,13,1,14,DOWN,DOWN,6,13,1,13,0.09,MOVE,0
149991,37,6,13,1,13,DOWN,DOWN,7,13,1,12,0.08,MOVE,0
149991,38,7,13,1,12,DOWN,RIGHT,7,14,1,11,-1.91,MOVE,0
149991,39,7,14,1,11,LEFT,LEFT,7,13,1,10,0.08,MOVE,0
149991,40,7,13,1,10,DOWN,DOWN,8,13,1,9,0.07,MOVE,0
149991,41,8,13,1,9,DOWN,DOWN,9,13,1,8,0.06,MOVE,0
149991,42,9,13,1,8,DOWN,DOWN,10,13,1,7,0.05,MOVE,0
149991,43,10,13,1,7,DOWN,DOWN,11,13,1,6,0.04,MOVE,0
149991,44,11,13,1,6,DOWN,DOWN,12,13,1,5,0.03,MOVE,0
149991,45,12,13,1,5,RIGHT,RIGHT,12,14,1,4,0.02,MOVE,0
149991,46,12,14,1,4,DOWN,LEFT,12,13,1,3,-1.97,MOVE,0
149991,47,12,13,1,3,RIGHT,DOWN,12,13,1,2,-4.97,WALL_HIT,0
149991,48,12,13,1,2,UP,UP,11,13,1,1,-1.96,MOVE,0
149991,49,11,13,1,1,LEFT,UP,10,13,1,0,-17.0,ENERGY_DEPLETED,1
149992,0,0,0,0,50,UP,UP,0,0,0,49,-4.88,WALL_HIT,0
149992,1,0,0,0,49,RIGHT,DOWN,1,0,0,48,-1.87,MOVE,0
149992,2,1,0,0,48,RIGHT,RIGHT,1,1,0,47,0.12,MOVE,0
149992,3,1,1,0,47,LEFT,DOWN,2,1,0,46,0.11,MOVE,0
149992,4,2,1,0,46,RIGHT,UP,1,1,0,45,-1.88,MOVE,0
149992,5,1,1,0,45,UP,UP,0,1,0,44,0.11,MOVE,0
149992,6,0,1,0,44,RIGHT,DOWN,1,1,0,43,-1.88,MOVE,0
149992,7,1,1,0,43,DOWN,DOWN,2,1,0,42,0.11,MOVE,0
149992,8,2,1,0,42,RIGHT,RIGHT,2,2,0,41,0.1,MOVE,0
149992,9,2,2,0,41,RIGHT,RIGHT,2,3,0,40,0.09,MOVE,0
149992,10,2,3,0,40,UP,UP,1,3,0,39,0.08,MOVE,0
149992,11,1,3,0,39,RIGHT,RIGHT,1,4,0,38,0.07,MOVE,0
149992,12,1,4,0,38,LEFT,DOWN,1,4,0,37,-4.93,WALL_HIT,0
149992,13,1,4,0,37,RIGHT,RIGHT,1,5,0,36,0.06,MOVE,0
149992,14,1,5,0,36,RIGHT,RIGHT,1,6,0,35,0.05,MOVE,0
149992,15,1,6,0,35,RIGHT,UP,0,6,0,34,0.04,MOVE,0
149992,16,0,6,0,34,RIGHT,RIGHT,0,7,0,33,0.03,MOVE,0
149992,17,0,7,0,33,RIGHT,RIGHT,0,8,0,32,0.02,MOVE,0
149992,18,0,8,0,32,DOWN,DOWN,1,8,0,31,-1.97,MOVE,0
149992,19,1,8,0,31,RIGHT,UP,0,8,0,30,0.02,MOVE,0
149992,20,0,8,0,30,RIGHT,RIGHT,0,9,0,29,0.01,MOVE,0
149992,21,0,9,0,29,RIGHT,RIGHT,0,10,1,28,32.18,KEY_PICKUP,0
149992,22,0,10,1,28,DOWN,DOWN,1,10,1,27,0.17,MOVE,0
149992,23,1,10,1,27,RIGHT,RIGHT,1,11,1,26,0.16,MOVE,0
149992,24,1,11,1,26,DOWN,DOWN,2,11,1,25,0.15,MOVE,0
149992,25,2,11,1,25,RIGHT,RIGHT,2,12,1,24,0.14,MOVE,0
149992,26,2,12,1,24,UP,UP,1,12,1,23,-1.85,MOVE,0
149992,27,1,12,1,23,DOWN,DOWN,2,12,1,22,0.14,MOVE,0
149992,28,2,12,1,22,DOWN,DOWN,3,12,1,21,0.13,MOVE,0
149992,29,3,12,1,21,RIGHT,RIGHT,3,13,1,20,0.12,MOVE,0
149992,30,3,13,1,20,LEFT,LEFT,3,12,1,19,-1.87,MOVE,0
149992,31,3,12,1,19,DOWN,RIGHT,3,13,1,18,0.12,MOVE,0
149992,32,3,13,1,18,DOWN,DOWN,4,13,1,17,0.11,MOVE,0
149992,33,4,13,1,17,DOWN,DOWN,5,13,1,16,0.1,MOVE,0
149992,34,5,13,1,16,DOWN,DOWN,6,13,1,15,0.09,MOVE,0
149992,35,6,13,1,15,DOWN,DOWN,7,13,1,14,0.08,MOVE,0
149992,36,7,13,1,14,DOWN,RIGHT,7,14,1,13,-1.91,MOVE,0
149992,37,7,14,1,13,LEFT,LEFT,7,13,1,12,0.08,MOVE,0
149992,38,7,13,1,12,DOWN,DOWN,8,13,1,11,0.07,MOVE,0
149992,39,8,13,1,11,DOWN,RIGHT,8,14,1,10,-10.92,PENALTY_CELL,0
149992,40,8,14,1,10,DOWN,DOWN,9,14,1,9,0.07,MOVE,0
149992,41,9,14,1,9,RIGHT,RIGHT,9,15,1,8,0.06,MOVE,0
149992,42,9,15,1,8,DOWN,DOWN,10,15,1,7,0.05,MOVE,0
149992,43,10,15,1,7,DOWN,DOWN,11,15,1,6,0.04,MOVE,0
149992,44,11,15,1,6,DOWN,DOWN,12,15,1,5,0.03,MOVE,0
149992,45,12,15,1,5,LEFT,LEFT,12,14,1,4,0.02,MOVE,0
149992,46,12,14,1,4,DOWN,DOWN,13,14,1,3,0.01,DOOR_PASS,0
149992,47,13,14,1,3,DOWN,DOWN,14,14,1,2,100.0,GOAL_REACHED,1
149993,0,0,0,0,50,RIGHT,RIGHT,0,1,0,49,0.11,MOVE,0
149993,1,0,1,0,49,DOWN,DOWN,1,1,0,48,-1.88,MOVE,0
149993,2,1,1,0,48,LEFT,LEFT,1,0,0,47,-1.87,MOVE,0
149993,3,1,0,0,47,RIGHT,RIGHT,1,1,0,46,0.12,MOVE,0
149993,4,1,1,0,46,DOWN,DOWN,2,1,0,45,0.11,MOVE,0
149993,5,2,1,0,45,RIGHT,RIGHT,2,2,0,44,0.1,MOVE,0
149993,6,2,2,0,44,RIGHT,RIGHT,2,3,0,43,0.09,MOVE,0
149993,7,2,3,0,43,LEFT,LEFT,2,2,0,42,-1.9,MOVE,0
149993,8,2,2,0,42,RIGHT,RIGHT,2,3,0,41,0.09,MOVE,0
149993,9,2,3,0,41,UP,UP,1,3,0,40,0.08,MOVE,0
149993,10,1,3,0,40,RIGHT,UP,0,3,0,39,-1.91,MOVE,0
149993,11,0,3,0,39,DOWN,DOWN,1,3,0,38,0.08,MOVE,0
149993,12,1,3,0,38,RIGHT,RIGHT,1,4,0,37,0.07,MOVE,0
149993,13,1,4,0,37,RIGHT,RIGHT,1,5,0,36,0.06,MOVE,0
149993,14,1,5,0,36,RIGHT,RIGHT,1,6,0,35,0.05,MOVE,0
149993,15,1,6,0,35,RIGHT,RIGHT,1,7,0,34,0.04,MOVE,0
149993,16,1,7,0,34,UP,UP,0,7,0,33,0.03,MOVE,0
149993,17,0,7,0,33,RIGHT,RIGHT,0,8,0,32,0.02,MOVE,0
149993,18,0,8,0,32,RIGHT,RIGHT,0,9,0,31,0.01,MOVE,0
149993,19,0,9,0,31,RIGHT,RIGHT,0,10,1,30,32.18,KEY_PICKUP,0
149993,20,0,10,1,30,DOWN,DOWN,1,10,1,29,0.17,MOVE,0
149993,21,1,10,1,29,DOWN,DOWN,2,10,1,28,0.16,MOVE,0
149993,22,2,10,1,28,RIGHT,DOWN,3,10,1,27,0.15,MOVE,0
149993,23,3,10,1,27,RIGHT,RIGHT,3,10,1,26,-4.85,WALL_HIT,0
149993,24,3,10,1,26,DOWN,DOWN,4,10,1,25,0.14,MOVE,0
149993,25,4,10,1,25,UP,UP,3,10,1,24,-1.85,MOVE,0
149993,26,3,10,1,24,DOWN,DOWN,4,10,1,23,0.14,MOVE,0
149993,27,4,10,1,23,RIGHT,UP,3,10,1,22,-1.85,MOVE,0
149993,28,3,10,1,22,DOWN,LEFT,3,9,1,21,-1.84,MOVE,0
149993,29,3,9,1,21,RIGHT,RIGHT,3,10,1,20,0.15,MOVE,0
149993,30,3,10,1,20,DOWN,DOWN,4,10,1,19,0.14,MOVE,0
149993,31,4,10,1,19,DOWN,DOWN,5,10,1,18,0.13,MOVE,0
149993,32,5,10,1,18,RIGHT,RIGHT,5,11,1,17,0.12,MOVE,0
149993,33,5,11,1,17,RIGHT,RIGHT,5,12,1,16,0.11,MOVE,0
149993,34,5,12,1,16,DOWN,DOWN,6,12,1,15,0.1,MOVE,0
149993,35,6,12,1,15,DOWN,DOWN,6,12,1,14,-4.9,WALL_HIT,0
149993,36,6,12,1,14,RIGHT,RIGHT,6,13,1,13,0.09,MOVE,0
149993,37,6,13,1,13,DOWN,DOWN,7,13,1,12,0.08,MOVE,0
149993,38,7,13,1,12,DOWN,DOWN,8,13,1,11,0.07,MOVE,0
149993,39,8,13,1,11,DOWN,DOWN,9,13,1,10,0.06,MOVE,0
149993,40,9,13,1,10,DOWN,DOWN,10,13,1,9,0.05,MOVE,0
149993,41,10,13,1,9,DOWN,RIGHT,10,13,1,8,-4.95,WALL_HIT,0
149993,42,10,13,1,8,DOWN,DOWN,11,13,1,7,0.04,MOVE,0
149993,43,11,13,1,7,DOWN,DOWN,12,13,1,6,0.03,MOVE,0
149993,44,12,13,1,6,RIGHT,RIGHT,12,14,1,5,0.02,MOVE,0
149993,45,12,14,1,5,DOWN,DOWN,13,14,1,4,0.01,DOOR_PASS,0
149993,46,13,14,1,4,DOWN,DOWN,14,14,1,3,100.0,GOAL_REACHED,1
149994,0,0,0,0,50,RIGHT,RIGHT,0,1,0,49,0.11,MOVE,0
149994,1,0,1,0,49,DOWN,DOWN,1,1,0,48,-1.88,MOVE,0
149994,2,1,1,0,48,LEFT,LEFT,1,0,0,47,-1.87,MOVE,0
149994,3,1,0,0,47,RIGHT,RIGHT,1,1,0,46,0.12,MOVE,0
149994,4,1,1,0,46,DOWN,DOWN,2,1,0,45,0.11,MOVE,0
149994,5,2,1,0,45,RIGHT,RIGHT,2,2,0,44,0.1,MOVE,0
149994,6,2,2,0,44,UP,UP,2,2,0,43,-4.9,WALL_HIT,0
149994,7,2,2,0,43,RIGHT,RIGHT,2,3,0,42,0.09,MOVE,0
149994,8,2,3,0,42,UP,UP,1,3,0,41,0.08,MOVE,0
149994,9,1,3,0,41,RIGHT,RIGHT,1,4,0,40,0.07,MOVE,0
149994,10,1,4,0,40,RIGHT,RIGHT,1,5,0,39,0.06,MOVE,0
149994,11,1,5,0,39,UP,UP,0,5,0,38,0.05,MOVE,0
149994,12,0,5,0,38,RIGHT,RIGHT,0,6,0,37,0.04,MOVE,0
149994,13,0,6,0,37,DOWN,DOWN,1,6,0,36,-1.95,MOVE,0
149994,14,1,6,0,36,RIGHT,RIGHT,1,7,0,35,0.04,MOVE,0
149994,15,1,7,0,35,RIGHT,RIGHT,1,8,0,34,0.03,MOVE,0
149994,16,1,8,0,34,UP,UP,0,8,0,33,0.02,MOVE,0
149994,17,0,8,0,33,RIGHT,RIGHT,0,9,0,32,0.01,MOVE,0
149994,18,0,9,0,32,RIGHT,RIGHT,0,10,1,31,32.18,KEY_PICKUP,0
149994,19,0,10,1,31,RIGHT,RIGHT,0,11,1,30,0.17,MOVE,0
149994,20,0,11,1,30,DOWN,RIGHT,0,12,1,29,0.16,MOVE,0
149994,21,0,12,1,29,DOWN,DOWN,1,12,1,28,0.15,MOVE,0
149994,22,1,12,1,28,DOWN,DOWN,2,12,1,27,0.14,MOVE,0
149994,23,2,12,1,27,DOWN,DOWN,3,12,1,26,0.13,MOVE,0
149994,24,3,12,1,26,RIGHT,RIGHT,3,13,1,25,0.12,MOVE,0
149994,25,3,13,1,25,LEFT,LEFT,3,12,1,24,-1.87,MOVE,0
149994,26,3,12,1,24,RIGHT,DOWN,4,12,1,23,0.12,MOVE,0
149994,27,4,12,1,23,DOWN,DOWN,5,12,1,22,0.11,MOVE,0
149994,28,5,12,1,22,RIGHT,RIGHT,5,13,1,21,0.1,MOVE,0
149994,29,5,13,1,21,DOWN,DOWN,6,13,1,20,0.09,MOVE,0
149994,30,6,13,1,20,UP,UP,5,13,1,19,-1.9,MOVE,0
149994,31,5,13,1,19,RIGHT,RIGHT,5,14,1,18,-1.89,MOVE,0
149994,32,5,14,1,18,DOWN,DOWN,6,14,1,17,0.1,MOVE,0
149994,33,6,14,1,17,RIGHT,RIGHT,6,15,1,16,-1.89,MOVE,0
149994,34,6,15,1,16,LEFT,LEFT,6,14,1,15,0.1,MOVE,0
149994,35,6,14,1,15,DOWN,DOWN,7,14,1,14,0.09,MOVE,0
149994,36,7,14,1,14,LEFT,LEFT,7,13,1,13,0.08,MOVE,0
149994,37,7,13,1,13,LEFT,LEFT,7,13,1,12,-4.92,WALL_HIT,0
149994,38,7,13,1,12,DOWN,DOWN,8,13,1,11,0.07,MOVE,0
149994,39,8,13,1,11,DOWN,LEFT,8,13,1,10,-4.93,WALL_HIT,0
149994,40,8,13,1,10,DOWN,DOWN,9,13,1,9,0.06,MOVE,0
149994,41,9,13,1,9,DOWN,DOWN,10,13,1,8,0.05,MOVE,0
149994,42,10,13,1,8,DOWN,DOWN,11,13,1,7,0.04,MOVE,0
149994,43,11,13,1,7,DOWN,DOWN,12,13,1,6,0.03,MOVE,0
149994,44,12,13,1,6,UP,UP,11,13,1,5,-1.96,MOVE,0
149994,45,11,13,1,5,DOWN,DOWN,12,13,1,4,0.03,MOVE,0
149994,46,12,13,1,4,DOWN,LEFT,12,12,1,3,-1.96,MOVE,0
149994,47,12,12,1,3,LEFT,LEFT,12,11,1,2,-1.95,MOVE,0
149994,48,12,11,1,2,RIGHT,RIGHT,12,12,1,1,0.04,MOVE,0
149994,49,12,12,1,1,DOWN,DOWN,13,12,1,0,-17.0,ENERGY_DEPLETED,1
149995,0,0,0,0,50,RIGHT,DOWN,1,0,0,49,-1.87,MOVE,0
149995,1,1,0,0,49,RIGHT,UP,0,0,0,48,0.12,MOVE,0
149995,2,0,0,0,48,RIGHT,DOWN,1,0,0,47,-1.87,MOVE,0
149995,3,1,0,0,47,RIGHT,RIGHT,1,1,0,46,0.12,MOVE,0
149995,4,1,1,0,46,DOWN,DOWN,2,1,0,45,0.11,MOVE,0
149995,5,2,1,0,45,RIGHT,RIGHT,2,2,0,44,0.1,MOVE,0
149995,6,2,2,0,44,RIGHT,RIGHT,2,3,0,43,0.09,MOVE,0
149995,7,2,3,0,43,LEFT,UP,1,3,0,42,0.08,MOVE,0
149995,8,1,3,0,42,RIGHT,RIGHT,1,4,0,41,0.07,MOVE,0
149995,9,1,4,0,41,RIGHT,UP,1,4,0,40,-4.93,WALL_HIT,0
149995,10,1,4,0,40,RIGHT,UP,1,4,0,39,-4.93,WALL_HIT,0
149995,11,1,4,0,39,RIGHT,DOWN,1,4,0,38,-4.93,WALL_HIT,0
149995,12,1,4,0,38,RIGHT,RIGHT,1,5,0,37,0.06,MOVE,0
149995,13,1,5,0,37,RIGHT,RIGHT,1,6,0,36,0.05,MOVE,0
149995,14,1,6,0,36,RIGHT,RIGHT,1,7,0,35,0.04,MOVE,0
149995,15,1,7,0,35,RIGHT,RIGHT,1,8,0,34,0.03,MOVE,0
149995,16,1,8,0,34,UP,UP,0,8,0,33,0.02,MOVE,0
149995,17,0,8,0,33,RIGHT,DOWN,1,8,0,32,-1.97,MOVE,0
149995,18,1,8,0,32,UP,UP,0,8,0,31,0.02,MOVE,0
149995,19,0,8,0,31,RIGHT,RIGHT,0,9,0,30,0.01,MOVE,0
149995,20,0,9,0,30,RIGHT,RIGHT,0,10,1,29,32.18,KEY_PICKUP,0
149995,21,0,10,1,29,DOWN,DOWN,1,10,1,28,0.17,MOVE,0
149995,22,1,10,1,28,RIGHT,RIGHT,1,11,1,27,0.16,MOVE,0
149995,23,1,11,1,27,DOWN,RIGHT,1,12,1,26,0.15,MOVE,0
149995,24,1,12,1,26,DOWN,DOWN,2,12,1,25,0.14,MOVE,0
149995,25,2,12,1,25,DOWN,DOWN,3,12,1,24,0.13,MOVE,0
149995,26,3,12,1,24,RIGHT,RIGHT,3,13,1,23,0.12,MOVE,0
149995,27,3,13,1,23,DOWN,DOWN,4,13,1,22,0.11,MOVE,0
149995,28,4,13,1,22,RIGHT,RIGHT,4,14,1,21,-1.88,MOVE,0
149995,29,4,14,1,21,LEFT,DOWN,5,14,1,20,0.11,MOVE,0
149995,30,5,14,1,20,LEFT,LEFT,5,13,1,19,0.1,MOVE,0
149995,31,5,13,1,19,DOWN,DOWN,6,13,1,18,0.09,MOVE,0
149995,32,6,13,1,18,LEFT,LEFT,6,12,1,17,-1.9,MOVE,0
149995,33,6,12,1,17,LEFT,LEFT,6,11,1,16,-1.89,MOVE,0
149995,34,6,11,1,16,RIGHT,RIGHT,6,12,1,15,0.1,MOVE,0
149995,35,6,12,1,15,DOWN,DOWN,6,12,1,14,-4.9,WALL_HIT,0
149995,36,6,12,1,14,RIGHT,RIGHT,6,13,1,13,0.09,MOVE,0
149995,37,6,13,1,13,DOWN,DOWN,7,13,1,12,0.08,MOVE,0
149995,38,7,13,1,12,DOWN,DOWN,8,13,1,11,0.07,MOVE,0
149995,39,8,13,1,11,DOWN,DOWN,9,13,1,10,0.06,MOVE,0
149995,40,9,13,1,10,DOWN,DOWN,10,13,1,9,0.05,MOVE,0
149995,41,10,13,1,9,DOWN,LEFT,10,12,1,8,-1.94,MOVE,0
149995,42,10,12,1,8,DOWN,DOWN,11,12,1,7,0.05,MOVE,0
149995,43,11,12,1,7,RIGHT,RIGHT,11,13,1,6,0.04,MOVE,0
149995,44,11,13,1,6,DOWN,RIGHT,11,13,1,5,-4.96,WALL_HIT,0
149995,45,11,13,1,5,DOWN,DOWN,12,13,1,4,0.03,MOVE,0
149995,46,12,13,1,4,DOWN,DOWN,12,13,1,3,-4.97,WALL_HIT,0
149995,47,12,13,1,3,RIGHT,RIGHT,12,14,1,2,0.02,MOVE,0
149995,48,12,14,1,2,DOWN,DOWN,13,14,1,1,0.01,DOOR_PASS,0
149995,49,13,14,1,1,DOWN,DOWN,14,14,1,0,100.0,GOAL_REACHED,1
149996,0,0,0,0,50,RIGHT,RIGHT,0,1,0,49,0.11,MOVE,0
149996,1,0,1,0,49,DOWN,LEFT,0,0,0,48,-1.88,MOVE,0
149996,2,0,0,0,48,RIGHT,RIGHT,0,1,0,47,0.11,MOVE,0
149996,3,0,1,0,47,RIGHT,DOWN,1,1,0,46,-1.88,MOVE,0
149996,4,1,1,0,46,DOWN,RIGHT,1,1,0,45,-4.88,WALL_HIT,0
149996,5,1,1,0,45,UP,UP,0,1,0,44,0.11,MOVE,0
149996,6,0,1,0,44,RIGHT,RIGHT,0,2,0,43,0.1,MOVE,0
149996,7,0,2,0,43,RIGHT,RIGHT,0,3,0,42,0.09,MOVE,0
149996,8,0,3,0,42,DOWN,DOWN,1,3,0,41,0.08,MOVE,0
149996,9,1,3,0,41,DOWN,DOWN,2,3,0,40,-1.91,MOVE,0
149996,10,2,3,0,40,UP,UP,1,3,0,39,0.08,MOVE,0
149996,11,1,3,0,39,RIGHT,RIGHT,1,4,0,38,0.07,MOVE,0
149996,12,1,4,0,38,RIGHT,RIGHT,1,5,0,37,0.06,MOVE,0
149996,13,1,5,0,37,RIGHT,RIGHT,1,6,0,36,0.05,MOVE,0
149996,14,1,6,0,36,RIGHT,RIGHT,1,7,0,35,0.04,MOVE,0
149996,15,1,7,0,35,RIGHT,RIGHT,1,8,0,34,0.03,MOVE,0
149996,16,1,8,0,34,UP,UP,0,8,0,33,0.02,MOVE,0
149996,17,0,8,0,33,RIGHT,RIGHT,0,9,0,32,0.01,MOVE,0
149996,18,0,9,0,32,RIGHT,RIGHT,0,10,1,31,32.18,KEY_PICKUP,0
149996,19,0,10,1,31,RIGHT,RIGHT,0,11,1,30,0.17,MOVE,0
149996,20,0,11,1,30,LEFT,LEFT,0,10,1,29,-1.82,MOVE,0
149996,21,0,10,1,29,DOWN,DOWN,1,10,1,28,0.17,MOVE,0
149996,22,1,10,1,28,RIGHT,RIGHT,1,11,1,27,0.16,MOVE,0
149996,23,1,11,1,27,DOWN,DOWN,2,11,1,26,0.15,MOVE,0
149996,24,2,11,1,26,RIGHT,RIGHT,2,12,1,25,0.14,MOVE,0
149996,25,2,12,1,25,DOWN,DOWN,3,12,1,24,0.13,MOVE,0
149996,26,3,12,1,24,RIGHT,RIGHT,3,13,1,23,0.12,MOVE,0
149996,27,3,13,1,23,DOWN,DOWN,4,13,1,22,0.11,MOVE,0
149996,28,4,13,1,22,UP,LEFT,4,12,1,21,-1.88,MOVE,0
149996,29,4,12,1,21,DOWN,DOWN,5,12,1,20,0.11,MOVE,0
149996,30,5,12,1,20,DOWN,DOWN,6,12,1,19,0.1,MOVE,0
149996,31,6,12,1,19,RIGHT,RIGHT,6,13,1,18,0.09,MOVE,0
149996,32,6,13,1,18,LEFT,LEFT,6,12,1,17,-1.9,MOVE,0
149996,33,6,12,1,17,DOWN,DOWN,6,12,1,16,-4.9,WALL_HIT,0
149996,34,6,12,1,16,RIGHT,RIGHT,6,13,1,15,0.09,MOVE,0
149996,35,6,13,1,15,DOWN,LEFT,6,12,1,14,-1.9,MOVE,0
149996,36,6,12,1,14,RIGHT,UP,5,12,1,13,-1.89,MOVE,0
149996,37,5,12,1,13,DOWN,DOWN,6,12,1,12,0.1,MOVE,0
149996,38,6,12,1,12,RIGHT,UP,5,12,1,11,-1.89,MOVE,0
149996,39,5,12,1,11,RIGHT,RIGHT,5,13,1,10,0.1,MOVE,0
149996,40,5,13,1,10,DOWN,DOWN,6,13,1,9,0.09,MOVE,0
149996,41,6,13,1,9,DOWN,DOWN,7,13,1,8,0.08,MOVE,0
149996,42,7,13,1,8,DOWN,DOWN,8,13,1,7,0.07,MOVE,0
149996,43,8,13,1,7,DOWN,DOWN,9,13,1,6,0.06,MOVE,0
149996,44,9,13,1,6,DOWN,DOWN,10,13,1,5,0.05,MOVE,0
149996,45,10,13,1,5,DOWN,DOWN,11,13,1,4,0.04,MOVE,0
149996,46,11,13,1,4,DOWN,DOWN,12,13,1,3,0.03,MOVE,0
149996,47,12,13,1,3,RIGHT,RIGHT,12,14,1,2,0.02,MOVE,0
149996,48,12,14,1,2,DOWN,DOWN,13,14,1,1,0.01,DOOR_PASS,0
149996,49,13,14,1,1,DOWN,DOWN,14,14,1,0,100.0,GOAL_REACHED,1
149997,0,0,0,0,50,RIGHT,RIGHT,0,1,0,49,0.11,MOVE,0
149997,1,0,1,0,49,DOWN,DOWN,1,1,0,48,-1.88,MOVE,0
149997,2,1,1,0,48,LEFT,LEFT,1,0,0,47,-1.87,MOVE,0
149997,3,1,0,0,47,UP,UP,0,0,0,46,0.12,MOVE,0
149997,4,0,0,0,46,RIGHT,DOWN,1,0,0,45,-1.87,MOVE,0
149997,5,1,0,0,45,RIGHT,RIGHT,1,1,0,44,0.12,MOVE,0
149997,6,1,1,0,44,UP,UP,0,1,0,43,0.11,MOVE,0
149997,7,0,1,0,43,RIGHT,RIGHT,0,2,0,42,0.1,MOVE,0
149997,8,0,2,0,42,RIGHT,RIGHT,0,3,0,41,0.09,MOVE,0
149997,9,0,3,0,41,DOWN,DOWN,1,3,0,40,0.08,MOVE,0
149997,10,1,3,0,40,RIGHT,RIGHT,1,4,0,39,0.07,MOVE,0
149997,11,1,4,0,39,RIGHT,RIGHT,1,5,0,38,0.06,MOVE,0
149997,12,1,5,0,38,UP,UP,0,5,0,37,0.05,MOVE,0
149997,13,0,5,0,37,RIGHT,RIGHT,0,6,0,36,0.04,MOVE,0
149997,14,0,6,0,36,DOWN,DOWN,1,6,0,35,-1.95,MOVE,0
149997,15,1,6,0,35,RIGHT,RIGHT,1,7,0,34,0.04,MOVE,0
149997,16,1,7,0,34,UP,RIGHT,1,8,0,33,0.03,MOVE,0
149997,17,1,8,0,33,UP,RIGHT,1,9,0,32,0.02,MOVE,0
149997,18,1,9,0,32,UP,UP,0,9,0,31,0.01,MOVE,0
149997,19,0,9,0,31,RIGHT,DOWN,1,9,0,30,-1.98,MOVE,0
149997,20,1,9,0,30,UP,UP,0,9,0,29,0.01,MOVE,0
149997,21,0,9,0,29,RIGHT,RIGHT,0,10,1,28,32.18,KEY_PICKUP,0
149997,22,0,10,1,28,DOWN,RIGHT,0,11,1,27,0.17,MOVE,0
149997,23,0,11,1,27,DOWN,DOWN,1,11,1,26,0.16,MOVE,0
149997,24,1,11,1,26,DOWN,DOWN,2,11,1,25,0.15,MOVE,0
149997,25,2,11,1,25,RIGHT,RIGHT,2,12,1,24,0.14,MOVE,0
149997,26,2,12,1,24,DOWN,DOWN,3,12,1,23,0.13,MOVE,0
149997,27,3,12,1,23,DOWN,LEFT,3,12,1,22,-4.87,WALL_HIT,0
149997,28,3,12,1,22,LEFT,LEFT,3,12,1,21,-4.87,WALL_HIT,0
149997,29,3,12,1,21,RIGHT,RIGHT,3,13,1,20,0.12,MOVE,0
149997,30,3,13,1,20,LEFT,LEFT,3,12,1,19,-1.87,MOVE,0
149997,31,3,12,1,19,DOWN,RIGHT,3,13,1,18,0.12,MOVE,0
149997,32,3,13,1,18,UP,RIGHT,3,14,1,17,-1.87,MOVE,0
149997,33,3,14,1,17,DOWN,DOWN,4,14,1,16,0.12,MOVE,0
149997,34,4,14,1,16,LEFT,LEFT,4,13,1,15,0.11,MOVE,0
149997,35,4,13,1,15,DOWN,DOWN,5,13,1,14,0.1,MOVE,0
149997,36,5,13,1,14,DOWN,DOWN,6,13,1,13,0.09,MOVE,0
149997,37,6,13,1,13,DOWN,DOWN,7,13,1,12,0.08,MOVE,0
149997,38,7,13,1,12,DOWN,DOWN,8,13,1,11,0.07,MOVE,0
149997,39,8,13,1,11,DOWN,DOWN,9,13,1,10,0.06,MOVE,0
149997,40,9,13,1,10,DOWN,DOWN,10,13,1,9,0.05,MOVE,0
149997,41,10,13,1,9,DOWN,DOWN,11,13,1,8,0.04,MOVE,0
149997,42,11,13,1,8,DOWN,DOWN,12,13,1,7,0.03,MOVE,0
149997,43,12,13,1,7,RIGHT,RIGHT,12,14,1,6,0.02,MOVE,0
149997,44,12,14,1,6,DOWN,DOWN,13,14,1,5,0.01,DOOR_PASS,0
149997,45,13,14,1,5,DOWN,DOWN,14,14,1,4,100.0,GOAL_REACHED,1
149998,0,0,0,0,50,RIGHT,RIGHT,0,1,0,49,0.11,MOVE,0
149998,1,0,1,0,49,DOWN,RIGHT,0,2,0,48,0.1,MOVE,0
149998,2,0,2,0,48,LEFT,LEFT,0,1,0,47,-1.89,MOVE,0
149998,3,0,1,0,47,RIGHT,DOWN,1,1,0,46,-1.88,MOVE,0
149998,4,1,1,0,46,DOWN,DOWN,2,1,0,45,0.11,MOVE,0
149998,5,2,1,0,45,RIGHT,RIGHT,2,2,0,44,0.1,MOVE,0
149998,6,2,2,0,44,RIGHT,RIGHT,2,3,0,43,0.09,MOVE,0
149998,7,2,3,0,43,LEFT,LEFT,2,2,0,42,-1.9,MOVE,0
149998,8,2,2,0,42,RIGHT,UP,2,2,0,41,-4.9,WALL_HIT,0
149998,9,2,2,0,41,RIGHT,UP,2,2,0,40,-4.9,WALL_HIT,0
149998,10,2,2,0,40,RIGHT,RIGHT,2,3,0,39,0.09,MOVE,0
149998,11,2,3,0,39,UP,UP,1,3,0,38,0.08,MOVE,0
149998,12,1,3,0,38,RIGHT,RIGHT,1,4,0,37,0.07,MOVE,0
149998,13,1,4,0,37,RIGHT,RIGHT,1,5,0,36,0.06,MOVE,0
149998,14,1,5,0,36,RIGHT,DOWN,1,5,0,35,-4.94,WALL_HIT,0
149998,15,1,5,0,35,UP,UP,0,5,0,34,0.05,MOVE,0
149998,16,0,5,0,34,RIGHT,RIGHT,0,6,0,33,0.04,MOVE,0
149998,17,0,6,0,33,RIGHT,RIGHT,0,7,0,32,0.03,MOVE,0
149998,18,0,7,0,32,DOWN,RIGHT,0,8,0,31,0.02,MOVE,0
149998,19,0,8,0,31,RIGHT,RIGHT,0,9,0,30,0.01,MOVE,0
149998,20,0,9,0,30,LEFT,LEFT,0,8,0,29,-1.98,MOVE,0
149998,21,0,8,0,29,RIGHT,RIGHT,0,9,0,28,0.01,MOVE,0
149998,22,0,9,0,28,RIGHT,RIGHT,0,10,1,27,32.18,KEY_PICKUP,0
149998,23,0,10,1,27,DOWN,DOWN,1,10,1,26,0.17,MOVE,0
149998,24,1,10,1,26,DOWN,DOWN,2,10,1,25,0.16,MOVE,0
149998,25,2,10,1,25,DOWN,DOWN,3,10,1,24,0.15,MOVE,0
149998,26,3,10,1,24,DOWN,DOWN,4,10,1,23,0.14,MOVE,0
149998,27,4,10,1,23,RIGHT,RIGHT,4,11,1,22,0.13,MOVE,0
149998,28,4,11,1,22,RIGHT,UP,4,11,1,21,-4.87,WALL_HIT,0
149998,29,4,11,1,21,DOWN,DOWN,5,11,1,20,0.12,MOVE,0
149998,30,5,11,1,20,DOWN,RIGHT,5,12,1,19,0.11,MOVE,0
149998,31,5,12,1,19,DOWN,DOWN,6,12,1,18,0.1,MOVE,0
149998,32,6,12,1,18,RIGHT,RIGHT,6,13,1,17,0.09,MOVE,0
149998,33,6,13,1,17,DOWN,LEFT,6,12,1,16,-1.9,MOVE,0
149998,34,6,12,1,16,RIGHT,RIGHT,6,13,1,15,0.09,MOVE,0
149998,35,6,13,1,15,DOWN,RIGHT,6,14,1,14,-1.9,MOVE,0
149998,36,6,14,1,14,LEFT,LEFT,6,13,1,13,0.09,MOVE,0
149998,37,6,13,1,13,DOWN,DOWN,7,13,1,12,0.08,MOVE,0
149998,38,7,13,1,12,DOWN,DOWN,8,13,1,11,0.07,MOVE,0
149998,39,8,13,1,11,DOWN,RIGHT,8,14,1,10,-10.92,PENALTY_CELL,0
149998,40,8,14,1,10,DOWN,DOWN,9,14,1,9,0.07,MOVE,0
149998,41,9,14,1,9,RIGHT,RIGHT,9,15,1,8,0.06,MOVE,0
149998,42,9,15,1,8,DOWN,DOWN,10,15,1,7,0.05,MOVE,0
149998,43,10,15,1,7,DOWN,DOWN,11,15,1,6,0.04,MOVE,0
149998,44,11,15,1,6,DOWN,DOWN,12,15,1,5,0.03,MOVE,0
149998,45,12,15,1,5,LEFT,LEFT,12,14,1,4,0.02,MOVE,0
149998,46,12,14,1,4,DOWN,LEFT,12,13,1,3,-1.97,MOVE,0
149998,47,12,13,1,3,RIGHT,RIGHT,12,14,1,2,0.02,MOVE,0
149998,48,12,14,1,2,DOWN,LEFT,12,13,1,1,-1.97,MOVE,0
149998,49,12,13,1,1,UP,UP,11,13,1,0,-18.0,ENERGY_DEPLETED,1
149999,0,0,0,0,50,RIGHT,RIGHT,0,1,0,49,0.11,MOVE,0
149999,1,0,1,0,49,DOWN,DOWN,1,1,0,48,-1.88,MOVE,0
149999,2,1,1,0,48,LEFT,LEFT,1,0,0,47,-1.87,MOVE,0
149999,3,1,0,0,47,RIGHT,RIGHT,1,1,0,46,0.12,MOVE,0
149999,4,1,1,0,46,DOWN,DOWN,2,1,0,45,0.11,MOVE,0
149999,5,2,1,0,45,RIGHT,RIGHT,2,2,0,44,0.1,MOVE,0
149999,6,2,2,0,44,RIGHT,RIGHT,2,3,0,43,0.09,MOVE,0
149999,7,2,3,0,43,DOWN,DOWN,3,3,0,42,-1.9,MOVE,0
149999,8,3,3,0,42,UP,UP,2,3,0,41,0.09,MOVE,0
149999,9,2,3,0,41,UP,UP,1,3,0,40,0.08,MOVE,0
149999,10,1,3,0,40,RIGHT,RIGHT,1,4,0,39,0.07,MOVE,0
149999,11,1,4,0,39,RIGHT,RIGHT,1,5,0,38,0.06,MOVE,0
149999,12,1,5,0,38,UP,UP,0,5,0,37,0.05,MOVE,0
149999,13,0,5,0,37,RIGHT,UP,0,5,0,36,-4.95,WALL_HIT,0
149999,14,0,5,0,36,RIGHT,UP,0,5,0,35,-4.95,WALL_HIT,0
149999,15,0,5,0,35,RIGHT,DOWN,1,5,0,34,-1.94,MOVE,0
149999,16,1,5,0,34,RIGHT,RIGHT,1,6,0,33,0.05,MOVE,0
149999,17,1,6,0,33,RIGHT,DOWN,2,6,0,32,-1.94,MOVE,0
149999,18,2,6,0,32,UP,LEFT,2,6,0,31,-4.94,WALL_HIT,0
149999,19,2,6,0,31,RIGHT,RIGHT,2,7,0,30,0.05,MOVE,0
149999,20,2,7,0,30,RIGHT,RIGHT,2,8,0,29,0.04,MOVE,0
149999,21,2,8,0,29,UP,UP,1,8,0,28,0.03,MOVE,0
149999,22,1,8,0,28,RIGHT,RIGHT,1,9,0,27,0.02,MOVE,0
149999,23,1,9,0,27,UP,UP,0,9,0,26,0.01,MOVE,0
149999,24,0,9,0,26,RIGHT,RIGHT,0,10,1,25,32.18,KEY_PICKUP,0
149999,25,0,10,1,25,DOWN,DOWN,1,10,1,24,0.17,MOVE,0
149999,26,1,10,1,24,DOWN,DOWN,2,10,1,23,0.16,MOVE,0
149999,27,2,10,1,23,DOWN,DOWN,3,10,1,22,0.15,MOVE,0
149999,28,3,10,1,22,DOWN,DOWN,4,10,1,21,0.14,MOVE,0
149999,29,4,10,1,21,RIGHT,RIGHT,4,11,1,20,0.13,MOVE,0
149999,30,4,11,1,20,DOWN,RIGHT,4,12,1,19,0.12,MOVE,0
149999,31,4,12,1,19,DOWN,LEFT,4,11,1,18,-1.87,MOVE,0
149999,32,4,11,1,18,DOWN,DOWN,5,11,1,17,0.12,MOVE,0
149999,33,5,11,1,17,RIGHT,RIGHT,5,12,1,16,0.11,MOVE,0
149999,34,5,12,1,16,DOWN,DOWN,6,12,1,15,0.1,MOVE,0
149999,35,6,12,1,15,DOWN,DOWN,6,12,1,14,-4.9,WALL_HIT,0
149999,36,6,12,1,14,RIGHT,RIGHT,6,13,1,13,0.09,MOVE,0
149999,37,6,13,1,13,DOWN,DOWN,7,13,1,12,0.08,MOVE,0
149999,38,7,13,1,12,DOWN,DOWN,8,13,1,11,0.07,MOVE,0
149999,39,8,13,1,11,DOWN,DOWN,9,13,1,10,0.06,MOVE,0
149999,40,9,13,1,10,DOWN,DOWN,10,13,1,9,0.05,MOVE,0
149999,41,10,13,1,9,DOWN,DOWN,11,13,1,8,0.04,MOVE,0
149999,42,11,13,1,8,DOWN,LEFT,11,12,1,7,-1.95,MOVE,0
149999,43,11,12,1,7,RIGHT,RIGHT,11,13,1,6,0.04,MOVE,0
149999,44,11,13,1,6,DOWN,DOWN,12,13,1,5,0.03,MOVE,0
149999,45,12,13,1,5,RIGHT,RIGHT,12,14,1,4,0.02,MOVE,0
149999,46,12,14,1,4,DOWN,DOWN,13,14,1,3,0.01,DOOR_PASS,0
149999,47,13,14,1,3,RIGHT,RIGHT,13,14,1,2,-4.99,WALL_HIT,0
149999,48,13,14,1,2,DOWN,DOWN,14,14,1,1,100.0,GOAL_REACHED,1
0,0,0,0,0,50,LEFT,LEFT,0,0,0,49,-4.88,WALL_HIT,0
0,1,0,0,0,49,DOWN,DOWN,1,0,0,48,-1.87,MOVE,0
0,2,1,0,0,48,UP,UP,0,0,0,47,0.12,MOVE,0
0,3,0,0,0,47,RIGHT,RIGHT,0,1,0,46,0.11,MOVE,0
0,4,0,1,0,46,UP,UP,0,1,0,45,-4.89,WALL_HIT,0
0,5,0,1,0,45,UP,UP,0,1,0,44,-4.89,WALL_HIT,0
0,6,0,1,0,44,DOWN,DOWN,1,1,0,43,-1.88,MOVE,0
0,7,1,1,0,43,RIGHT,DOWN,2,1,0,42,0.11,MOVE,0
0,8,2,1,0,42,RIGHT,RIGHT,2,2,0,41,0.1,MOVE,0
0,9,2,2,0,41,DOWN,DOWN,3,2,0,40,-1.89,MOVE,0
0,10,3,2,0,40,DOWN,DOWN,4,2,0,39,-1.88,MOVE,0
0,11,4,2,0,39,UP,UP,3,2,0,38,0.11,MOVE,0
0,12,3,2,0,38,RIGHT,DOWN,4,2,0,37,-1.88,MOVE,0
0,13,4,2,0,37,UP,UP,3,2,0,36,0.11,MOVE,0
0,14,3,2,0,36,DOWN,DOWN,4,2,0,35,-1.88,MOVE,0
0,15,4,2,0,35,RIGHT,RIGHT,4,3,0,34,0.11,MOVE,0
0,16,4,3,0,34,LEFT,LEFT,4,2,0,33,-1.88,MOVE,0
0,17,4,2,0,33,RIGHT,RIGHT,4,3,0,32,0.11,MOVE,0
0,18,4,3,0,32,UP,RIGHT,4,4,0,31,0.1,MOVE,0
0,19,4,4,0,31,UP,UP,4,4,0,30,-4.9,WALL_HIT,0
0,20,4,4,0,30,UP,UP,4,4,0,29,-4.9,WALL_HIT,0
0,21,4,4,0,29,RIGHT,DOWN,5,4,0,28,-1.89,MOVE,0
0,22,5,4,0,28,DOWN,DOWN,6,4,0,27,-1.88,MOVE,0
0,23,6,4,0,27,UP,UP,5,4,0,26,0.11,MOVE,0
0,24,5,4,0,26,UP,UP,4,4,0,25,0.1,MOVE,0
0,25,4,4,0,25,DOWN,RIGHT,4,5,0,24,0.09,MOVE,0
0,26,4,5,0,24,DOWN,LEFT,4,4,0,23,-1.9,MOVE,0
0,27,4,4,0,23,UP,UP,4,4,0,22,-4.9,WALL_HIT,0
0,28,4,4,0,22,UP,UP,4,4,0,21,-4.9,WALL_HIT,0
0,29,4,4,0,21,RIGHT,RIGHT,4,5,0,20,0.09,MOVE,0
0,30,4,5,0,20,DOWN,DOWN,5,5,0,19,-1.9,MOVE,0
0,31,5,5,0,19,RIGHT,RIGHT,5,6,0,18,0.09,MOVE,0
0,32,5,6,0,18,UP,UP,4,6,0,17,0.08,MOVE,0
0,33,4,6,0,17,DOWN,DOWN,5,6,0,16,-1.91,MOVE,0
0,34,5,6,0,16,UP,LEFT,5,5,0,15,-1.9,MOVE,0
0,35,5,5,0,15,DOWN,DOWN,6,5,0,14,-1.89,MOVE,0
0,36,6,5,0,14,UP,UP,5,5,0,13,0.1,MOVE,0
0,37,5,5,0,13,RIGHT,RIGHT,5,6,0,12,0.09,MOVE,0
0,38,5,6,0,12,DOWN,DOWN,6,6,0,11,-1.9,MOVE,0
0,39,6,6,0,11,UP,UP,5,6,0,10,0.09,MOVE,0
0,40,5,6,0,10,UP,UP,4,6,0,9,0.08,MOVE,0
0,41,4,6,0,9,UP,UP,3,6,0,8,0.07,MOVE,0
0,42,3,6,0,8,LEFT,LEFT,3,5,0,7,-1.92,MOVE,0
0,43,3,5,0,7,RIGHT,RIGHT,3,6,0,6,0.07,MOVE,0
0,44,3,6,0,6,UP,UP,2,6,0,5,0.06,MOVE,0
0,45,2,6,0,5,LEFT,UP,1,6,0,4,0.05,MOVE,0
0,46,1,6,0,4,UP,RIGHT,1,7,0,3,0.04,MOVE,0
0,47,1,7,0,3,RIGHT,RIGHT,1,8,0,2,0.03,MOVE,0
0,48,1,8,0,2,UP,UP,0,8,0,1,0.02,MOVE,0
0,49,0,8,0,1,LEFT,LEFT,0,7,0,0,-19.0,ENERGY_DEPLETED,1
1,0,0,0,0,50,UP,UP,0,0,0,49,-4.88,WALL_HIT,0
1,1,0,0,0,49,RIGHT,RIGHT,0,1,0,48,0.11,MOVE,0
1,2,0,1,0,48,DOWN,DOWN,1,1,0,47,-1.88,MOVE,0
1,3,1,1,0,47,UP,UP,0,1,0,46,0.11,MOVE,0
1,4,0,1,0,46,DOWN,DOWN,1,1,0,45,-1.88,MOVE,0
1,5,1,1,0,45,RIGHT,RIGHT,1,1,0,44,-4.88,WALL_HIT,0
1,6,1,1,0,44,LEFT,LEFT,1,0,0,43,-1.87,MOVE,0
1,7,1,0,0,43,LEFT,LEFT,1,0,0,42,-4.87,WALL_HIT,0
1,8,1,0,0,42,LEFT,DOWN,2,0,0,41,0.12,MOVE,0
1,9,2,0,0,41,DOWN,DOWN,2,0,0,40,-4.88,WALL_HIT,0
1,10,2,0,0,40,DOWN,DOWN,2,0,0,39,-4.88,WALL_HIT,0
1,11,2,0,0,39,DOWN,DOWN,2,0,0,38,-4.88,WALL_HIT,0
1,12,2,0,0,38,UP,UP,1,0,0,37,-1.87,MOVE,0
1,13,1,0,0,37,RIGHT,DOWN,2,0,0,36,0.12,MOVE,0
1,14,2,0,0,36,UP,RIGHT,2,1,0,35,0.11,MOVE,0
1,15,2,1,0,35,LEFT,DOWN,3,1,0,34,-1.88,MOVE,0
1,16,3,1,0,34,RIGHT,RIGHT,3,2,0,33,0.11,MOVE,0
1,17,3,2,0,33,DOWN,RIGHT,3,3,0,32,0.1,MOVE,0
1,18,3,3,0,32,LEFT,LEFT,3,2,0,31,-1.89,MOVE,0
1,19,3,2,0,31,UP,UP,2,2,0,30,0.1,MOVE,0
1,20,2,2,0,30,DOWN,DOWN,3,2,0,29,-1.89,MOVE,0
1,21,3,2,0,29,RIGHT,RIGHT,3,3,0,28,0.1,MOVE,0
1,22,3,3,0,28,DOWN,DOWN,4,3,0,27,-1.89,MOVE,0
1,23,4,3,0,27,LEFT,LEFT,4,2,0,26,-1.88,MOVE,0
1,24,4,2,0,26,RIGHT,UP,3,2,0,25,0.11,MOVE,0
1,25,3,2,0,25,UP,UP,2,2,0,24,0.1,MOVE,0
1,26,2,2,0,24,DOWN,RIGHT,2,3,0,23,0.09,MOVE,0
1,27,2,3,0,23,UP,UP,1,3,0,22,0.08,MOVE,0
1,28,1,3,0,22,DOWN,DOWN,2,3,0,21,-1.91,MOVE,0
1,29,2,3,0,21,DOWN,DOWN,3,3,0,20,-1.9,MOVE,0
1,30,3,3,0,20,RIGHT,DOWN,4,3,0,19,-1.89,MOVE,0
1,31,4,3,0,19,RIGHT,DOWN,5,3,0,18,-1.88,MOVE,0
1,32,5,3,0,18,RIGHT,RIGHT,5,4,0,17,0.11,MOVE,0
1,33,5,4,0,17,LEFT,LEFT,5,3,0,16,-1.88,MOVE,0
1,34,5,3,0,16,UP,UP,4,3,0,15,0.11,MOVE,0
1,35,4,3,0,15,RIGHT,UP,3,3,0,14,0.1,MOVE,0
1,36,3,3,0,14,UP,UP,2,3,0,13,0.09,MOVE,0
1,37,2,3,0,13,LEFT,LEFT,2,2,0,12,-1.9,MOVE,0
1,38,2,2,0,12,DOWN,DOWN,3,2,0,11,-1.89,MOVE,0
1,39,3,2,0,11,UP,UP,2,2,0,10,0.1,MOVE,0
1,40,2,2,0,10,RIGHT,UP,2,2,0,9,-4.9,WALL_HIT,0
1,41,2,2,0,9,RIGHT,RIGHT,2,3,0,8,0.09,MOVE,0
1,42,2,3,0,8,UP,UP,1,3,0,7,0.08,MOVE,0
1,43,1,3,0,7,UP,UP,0,3,0,6,-1.91,MOVE,0
1,44,0,3,0,6,RIGHT,RIGHT,0,3,0,5,-4.91,WALL_HIT,0
1,45,0,3,0,5,RIGHT,RIGHT,0,3,0,4,-4.91,WALL_HIT,0
1,46,0,3,0,4,UP,UP,0,3,0,3,-4.91,WALL_HIT,0
1,47,0,3,0,3,UP,UP,0,3,0,2,-4.91,WALL_HIT,0
1,48,0,3,0,2,RIGHT,RIGHT,0,3,0,1,-4.91,WALL_HIT,0
1,49,0,3,0,1,UP,UP,0,3,0,0,-16.0,ENERGY_DEPLETED,1
2,0,0,0,0,50,UP,RIGHT,0,1,0,49,0.11,MOVE,0
2,1,0,1,0,49,DOWN,DOWN,1,1,0,48,-1.88,MOVE,0
2,2,1,1,0,48,UP,UP,0,1,0,47,0.11,MOVE,0
2,3,0,1,0,47,RIGHT,RIGHT,0,2,0,46,0.1,MOVE,0
2,4,0,2,0,46,RIGHT,UP,0,2,0,45,-4.9,WALL_HIT,0
2,5,0,2,0,45,UP,UP,0,2,0,44,-4.9,WALL_HIT,0
2,6,0,2,0,44,LEFT,LEFT,0,1,0,43,-1.89,MOVE,0
2,7,0,1,0,43,RIGHT,RIGHT,0,2,0,42,0.1,MOVE,0
2,8,0,2,0,42,RIGHT,RIGHT,0,3,0,41,0.09,MOVE,0
2,9,0,3,0,41,DOWN,RIGHT,0,3,0,40,-4.91,WALL_HIT,0
2,10,0,3,0,40,LEFT,LEFT,0,2,0,39,-1.9,MOVE,0
2,11,0,2,0,39,RIGHT,DOWN,0,2,0,38,-4.9,WALL_HIT,0
2,12,0,2,0,38,DOWN,DOWN,0,2,0,37,-4.9,WALL_HIT,0
2,13,0,2,0,37,UP,RIGHT,0,3,0,36,0.09,MOVE,0
2,14,0,3,0,36,UP,UP,0,3,0,35,-4.91,WALL_HIT,0
2,15,0,3,0,35,UP,UP,0,3,0,34,-4.91,WALL_HIT,0
2,16,0,3,0,34,UP,LEFT,0,2,0,33,-1.9,MOVE,0
2,17,0,2,0,33,DOWN,LEFT,0,1,0,32,-1.89,MOVE,0
2,18,0,1,0,32,UP,UP,0,1,0,31,-4.89,WALL_HIT,0
2,19,0,1,0,31,LEFT,DOWN,1,1,0,30,-1.88,MOVE,0
2,20,1,1,0,30,DOWN,RIGHT,1,1,0,29,-4.88,WALL_HIT,0
2,21,1,1,0,29,LEFT,LEFT,1,0,0,28,-1.87,MOVE,0
2,22,1,0,0,28,UP,UP,0,0,0,27,0.12,MOVE,0
2,23,0,0,0,27,RIGHT,RIGHT,0,1,0,26,0.11,MOVE,0
2,24,0,1,0,26,LEFT,DOWN,1,1,0,25,-1.88,MOVE,0
2,25,1,1,0,25,LEFT,LEFT,1,0,0,24,-1.87,MOVE,0
2,26,1,0,0,24,DOWN,DOWN,2,0,0,23,0.12,MOVE,0
2,27,2,0,0,23,LEFT,LEFT,2,0,0,22,-4.88,WALL_HIT,0
2,28,2,0,0,22,UP,UP,1,0,0,21,-1.87,MOVE,0
2,29,1,0,0,21,LEFT,LEFT,1,0,0,20,-4.87,WALL_HIT,0
2,30,1,0,0,20,RIGHT,DOWN,2,0,0,19,0.12,MOVE,0
2,31,2,0,0,19,LEFT,LEFT,2,0,0,18,-4.88,WALL_HIT,0
2,32,2,0,0,18,UP,UP,1,0,0,17,-1.87,MOVE,0
2,33,1,0,0,17,RIGHT,RIGHT,1,1,0,16,0.12,MOVE,0
2,34,1,1,0,16,LEFT,LEFT,1,0,0,15,-1.87,MOVE,0
2,35,1,0,0,15,LEFT,LEFT,1,0,0,14,-4.87,WALL_HIT,0
2,36,1,0,0,14,RIGHT,UP,0,0,0,13,0.12,MOVE,0
2,37,0,0,0,13,UP,UP,0,0,0,12,-4.88,WALL_HIT,0
2,38,0,0,0,12,RIGHT,RIGHT,0,1,0,11,0.11,MOVE,0
2,39,0,1,0,11,RIGHT,RIGHT,0,2,0,10,0.1,MOVE,0
2,40,0,2,0,10,DOWN,DOWN,0,2,0,9,-4.9,WALL_HIT,0
2,41,0,2,0,9,UP,UP,0,2,0,8,-4.9,WALL_HIT,0
2,42,0,2,0,8,DOWN,DOWN,0,2,0,7,-4.9,WALL_HIT,0
2,43,0,2,0,7,UP,UP,0,2,0,6,-4.9,WALL_HIT,0
2,44,0,2,0,6,LEFT,LEFT,0,1,0,5,-1.89,MOVE,0
2,45,0,1,0,5,DOWN,LEFT,0,0,0,4,-1.88,MOVE,0
2,46,0,0,0,4,UP,UP,0,0,0,3,-4.88,WALL_HIT,0
2,47,0,0,0,3,RIGHT,DOWN,1,0,0,2,-1.87,MOVE,0
2,48,1,0,0,2,RIGHT,RIGHT,1,1,0,1,0.12,MOVE,0
2,49,1,1,0,1,LEFT,DOWN,2,1,0,0,-9.0,ENERGY_DEPLETED,1
3,0,0,0,0,50,RIGHT,RIGHT,0,1,0,49,0.11,MOVE,0
3,1,0,1,0,49,LEFT,LEFT,0,0,0,48,-1.88,MOVE,0
3,2,0,0,0,48,UP,UP,0,0,0,47,-4.88,WALL_HIT,0
3,3,0,0,0,47,UP,UP,0,0,0,46,-4.88,WALL_HIT,0
3,4,0,0,0,46,DOWN,DOWN,1,0,0,45,-1.87,MOVE,0
3,5,1,0,0,45,UP,UP,0,0,0,44,0.12,MOVE,0
3,6,0,0,0,44,LEFT,LEFT,0,0,0,43,-4.88,WALL_HIT,0
3,7,0,0,0,43,DOWN,LEFT,0,0,0,42,-4.88,WALL_HIT,0
3,8,0,0,0,42,UP,UP,0,0,0,41,-4.88,WALL_HIT,0
3,9,0,0,0,41,RIGHT,RIGHT,0,1,0,40,0.11,MOVE,0
3,10,0,1,0,40,RIGHT,RIGHT,0,2,0,39,0.1,MOVE,0
3,11,0,2,0,39,DOWN,DOWN,0,2,0,38,-4.9,WALL_HIT,0
3,12,0,2,0,38,LEFT,LEFT,0,1,0,37,-1.89,MOVE,0
3,13,0,1,0,37,LEFT,LEFT,0,0,0,36,-1.88,MOVE,0
3,14,0,0,0,36,RIGHT,RIGHT,0,1,0,35,0.11,MOVE,0
3,15,0,1,0,35,DOWN,DOWN,1,1,0,34,-1.88,MOVE,0
3,16,1,1,0,34,UP,LEFT,1,0,0,33,-1.87,MOVE,0
3,17,1,0,0,33,UP,UP,0,0,0,32,0.12,MOVE,0
3,18,0,0,0,32,RIGHT,RIGHT,0,1,0,31,0.11,MOVE,0
3,19,0,1,0,31,UP,UP,0,1,0,30,-4.89,WALL_HIT,0
3,20,0,1,0,30,DOWN,DOWN,1,1,0,29,-1.88,MOVE,0
3,21,1,1,0,29,RIGHT,RIGHT,1,1,0,28,-4.88,WALL_HIT,0
3,22,1,1,0,28,DOWN,DOWN,2,1,0,27,0.11,MOVE,0
3,23,2,1,0,27,DOWN,DOWN,3,1,0,26,-1.88,MOVE,0
3,24,3,1,0,26,LEFT,LEFT,3,1,0,25,-4.88,WALL_HIT,0
3,25,3,1,0,25,UP,UP,2,1,0,24,0.11,MOVE,0
3,26,2,1,0,24,LEFT,LEFT,2,0,0,23,-1.88,MOVE,0
3,27,2,0,0,23,DOWN,DOWN,2,0,0,22,-4.88,WALL_HIT,0
3,28,2,0,0,22,UP,RIGHT,2,1,0,21,0.11,MOVE,0
3,29,2,1,0,21,LEFT,LEFT,2,0,0,20,-1.88,MOVE,0
3,30,2,0,0,20,DOWN,DOWN,2,0,0,19,-4.88,WALL_HIT,0
3,31,2,0,0,19,DOWN,DOWN,2,0,0,18,-4.88,WALL_HIT,0
3,32,2,0,0,18,RIGHT,RIGHT,2,1,0,17,0.11,MOVE,0
3,33,2,1,0,17,UP,RIGHT,2,2,0,16,0.1,MOVE,0
3,34,2,2,0,16,LEFT,DOWN,3,2,0,15,-1.89,MOVE,0
3,35,3,2,0,15,UP,UP,2,2,0,14,0.1,MOVE,0
3,36,2,2,0,14,RIGHT,RIGHT,2,3,0,13,0.09,MOVE,0
3,37,2,3,0,13,RIGHT,RIGHT,2,3,0,12,-4.91,WALL_HIT,0
3,38,2,3,0,12,DOWN,DOWN,3,3,0,11,-1.9,MOVE,0
3,39,3,3,0,11,DOWN,DOWN,4,3,0,10,-1.89,MOVE,0
3,40,4,3,0,10,UP,UP,3,3,0,9,0.1,MOVE,0
3,41,3,3,0,9,LEFT,LEFT,3,2,0,8,-1.89,MOVE,0
3,42,3,2,0,8,RIGHT,RIGHT,3,3,0,7,0.1,MOVE,0
3,43,3,3,0,7,DOWN,DOWN,4,3,0,6,-1.89,MOVE,0
3,44,4,3,0,6,UP,UP,3,3,0,5,0.1,MOVE,0
3,45,3,3,0,5,LEFT,LEFT,3,2,0,4,-1.89,MOVE,0
3,46,3,2,0,4,DOWN,DOWN,4,2,0,3,-1.88,MOVE,0
3,47,4,2,0,3,DOWN,RIGHT,4,3,0,2,0.11,MOVE,0
3,48,4,3,0,2,LEFT,LEFT,4,2,0,1,-1.88,MOVE,0
3,49,4,2,0,1,DOWN,DOWN,5,2,0,0,-9.0,ENERGY_DEPLETED,1
4,0,0,0,0,50,RIGHT,RIGHT,0,1,0,49,0.11,MOVE,0
4,1,0,1,0,49,RIGHT,DOWN,1,1,0,48,-1.88,MOVE,0
4,2,1,1,0,48,DOWN,DOWN,2,1,0,47,0.11,MOVE,0
4,3,2,1,0,47,UP,UP,1,1,0,46,-1.88,MOVE,0
4,4,1,1,0,46,DOWN,DOWN,2,1,0,45,0.11,MOVE,0
4,5,2,1,0,45,DOWN,DOWN,3,1,0,44,-1.88,MOVE,0
4,6,3,1,0,44,RIGHT,RIGHT,3,2,0,43,0.11,MOVE,0
4,7,3,2,0,43,DOWN,DOWN,4,2,0,42,-1.88,MOVE,0
4,8,4,2,0,42,UP,UP,3,2,0,41,0.11,MOVE,0
4,9,3,2,0,41,RIGHT,RIGHT,3,3,0,40,0.1,MOVE,0
4,10,3,3,0,40,RIGHT,RIGHT,3,3,0,39,-4.9,WALL_HIT,0
4,11,3,3,0,39,DOWN,LEFT,3,2,0,38,-1.89,MOVE,0
4,12,3,2,0,38,UP,UP,2,2,0,37,0.1,MOVE,0
4,13,2,2,0,37,RIGHT,RIGHT,2,3,0,36,0.09,MOVE,0
4,14,2,3,0,36,LEFT,LEFT,2,2,0,35,-1.9,MOVE,0
4,15,2,2,0,35,LEFT,LEFT,2,1,0,34,-1.89,MOVE,0
4,16,2,1,0,34,DOWN,LEFT,2,0,0,33,-1.88,MOVE,0
4,17,2,0,0,33,RIGHT,RIGHT,2,1,0,32,0.11,MOVE,0
4,18,2,1,0,32,UP,UP,1,1,0,31,-1.88,MOVE,0
4,19,1,1,0,31,UP,UP,0,1,0,30,0.11,MOVE,0
4,20,0,1,0,30,UP,UP,0,1,0,29,-4.89,WALL_HIT,0
4,21,0,1,0,29,LEFT,LEFT,0,0,0,28,-1.88,MOVE,0
4,22,0,0,0,28,DOWN,DOWN,1,0,0,27,-1.87,MOVE,0
4,23,1,0,0,27,RIGHT,RIGHT,1,1,0,26,0.12,MOVE,0
4,24,1,1,0,26,LEFT,LEFT,1,0,0,25,-1.87,MOVE,0
4,25,1,0,0,25,LEFT,DOWN,2,0,0,24,0.12,MOVE,0
4,26,2,0,0,24,DOWN,DOWN,2,0,0,23,-4.88,WALL_HIT,0
4,27,2,0,0,23,UP,UP,1,0,0,22,-1.87,MOVE,0
4,28,1,0,0,22,DOWN,DOWN,2,0,0,21,0.12,MOVE,0
4,29,2,0,0,21,DOWN,LEFT,2,0,0,20,-4.88,WALL_HIT,0
4,30,2,0,0,20,RIGHT,RIGHT,2,1,0,19,0.11,MOVE,0
4,31,2,1,0,19,UP,UP,1,1,0,18,-1.88,MOVE,0
4,32,1,1,0,18,RIGHT,RIGHT,1,1,0,17,-4.88,WALL_HIT,0
4,33,1,1,0,17,DOWN,DOWN,2,1,0,16,0.11,MOVE,0
4,34,2,1,0,16,DOWN,DOWN,3,1,0,15,-1.88,MOVE,0
4,35,3,1,0,15,RIGHT,RIGHT,3,2,0,14,0.11,MOVE,0
4,36,3,2,0,14,DOWN,DOWN,4,2,0,13,-1.88,MOVE,0
4,37,4,2,0,13,LEFT,LEFT,4,2,0,12,-4.88,WALL_HIT,0
4,38,4,2,0,12,RIGHT,RIGHT,4,3,0,11,0.11,MOVE,0
4,39,4,3,0,11,LEFT,LEFT,4,2,0,10,-1.88,MOVE,0
4,40,4,2,0,10,LEFT,LEFT,4,2,0,9,-4.88,WALL_HIT,0
4,41,4,2,0,9,RIGHT,RIGHT,4,3,0,8,0.11,MOVE,0
4,42,4,3,0,8,UP,UP,3,3,0,7,0.1,MOVE,0
4,43,3,3,0,7,LEFT,LEFT,3,2,0,6,-1.89,MOVE,0
4,44,3,2,0,6,DOWN,DOWN,4,2,0,5,-1.88,MOVE,0
4,45,4,2,0,5,LEFT,DOWN,5,2,0,4,-1.87,MOVE,0
4,46,5,2,0,4,UP,UP,4,2,0,3,0.12,MOVE,0
4,47,4,2,0,3,RIGHT,RIGHT,4,3,0,2,0.11,MOVE,0
4,48,4,3,0,2,DOWN,DOWN,5,3,0,1,-1.88,MOVE,0
4,49,5,3,0,1,UP,UP,4,3,0,0,-9.0,ENERGY_DEPLETED,1
5,0,0,0,0,50,LEFT,LEFT,0,0,0,49,-4.88,WALL_HIT,0
5,1,0,0,0,49,UP,RIGHT,0,1,0,48,0.11,MOVE,0
5,2,0,1,0,48,UP,UP,0,1,0,47,-4.89,WALL_HIT,0
5,3,0,1,0,47,DOWN,DOWN,1,1,0,46,-1.88,MOVE,0
5,4,1,1,0,46,RIGHT,UP,0,1,0,45,0.11,MOVE,0
5,5,0,1,0,45,UP,LEFT,0,0,0,44,-1.88,MOVE,0
5,6,0,0,0,44,UP,UP,0,0,0,43,-4.88,WALL_HIT,0
5,7,0,0,0,43,UP,LEFT,0,0,0,42,-4.88,WALL_HIT,0
5,8,0,0,0,42,UP,UP,0,0,0,41,-4.88,WALL_HIT,0
5,9,0,0,0,41,LEFT,LEFT,0,0,0,40,-4.88,WALL_HIT,0
5,10,0,0,0,40,DOWN,DOWN,1,0,0,39,-1.87,MOVE,0
5,11,1,0,0,39,UP,UP,0,0,0,38,0.12,MOVE,0
5,12,0,0,0,38,LEFT,UP,0,0,0,37,-4.88,WALL_HIT,0
5,13,0,0,0,37,RIGHT,UP,0,0,0,36,-4.88,WALL_HIT,0
5,14,0,0,0,36,DOWN,DOWN,1,0,0,35,-1.87,MOVE,0
5,15,1,0,0,35,LEFT,DOWN,2,0,0,34,0.12,MOVE,0
5,16,2,0,0,34,RIGHT,RIGHT,2,1,0,33,0.11,MOVE,0
5,17,2,1,0,33,LEFT,LEFT,2,0,0,32,-1.88,MOVE,0
5,18,2,0,0,32,RIGHT,RIGHT,2,1,0,31,0.11,MOVE,0
5,19,2,1,0,31,RIGHT,RIGHT,2,2,0,30,0.1,MOVE,0
5,20,2,2,0,30,UP,UP,2,2,0,29,-4.9,WALL_HIT,0
5,21,2,2,0,29,LEFT,LEFT,2,1,0,28,-1.89,MOVE,0
5,22,2,1,0,28,RIGHT,DOWN,3,1,0,27,-1.88,MOVE,0
5,23,3,1,0,27,DOWN,DOWN,3,1,0,26,-4.88,WALL_HIT,0
5,24,3,1,0,26,RIGHT,RIGHT,3,2,0,25,0.11,MOVE,0
5,25,3,2,0,25,RIGHT,RIGHT,3,3,0,24,0.1,MOVE,0
5,26,3,3,0,24,UP,UP,2,3,0,23,0.09,MOVE,0
5,27,2,3,0,23,RIGHT,RIGHT,2,3,0,22,-4.91,WALL_HIT,0
5,28,2,3,0,22,UP,UP,1,3,0,21,0.08,MOVE,0
5,29,1,3,0,21,LEFT,LEFT,1,3,0,20,-4.92,WALL_HIT,0
5,30,1,3,0,20,DOWN,DOWN,2,3,0,19,-1.91,MOVE,0
5,31,2,3,0,19,LEFT,UP,1,3,0,18,0.08,MOVE,0
5,32,1,3,0,18,RIGHT,RIGHT,1,4,0,17,0.07,MOVE,0
5,33,1,4,0,17,LEFT,LEFT,1,3,0,16,-1.92,MOVE,0
5,34,1,3,0,16,DOWN,DOWN,2,3,0,15,-1.91,MOVE,0
5,35,2,3,0,15,LEFT,LEFT,2,2,0,14,-1.9,MOVE,0
5,36,2,2,0,14,LEFT,LEFT,2,1,0,13,-1.89,MOVE,0
5,37,2,1,0,13,UP,UP,1,1,0,12,-1.88,MOVE,0
5,38,1,1,0,12,LEFT,LEFT,1,0,0,11,-1.87,MOVE,0
5,39,1,0,0,11,LEFT,LEFT,1,0,0,10,-4.87,WALL_HIT,0
5,40,1,0,0,10,LEFT,LEFT,1,0,0,9,-4.87,WALL_HIT,0
5,41,1,0,0,9,UP,UP,0,0,0,8,0.12,MOVE,0
5,42,0,0,0,8,RIGHT,RIGHT,0,1,0,7,0.11,MOVE,0
5,43,0,1,0,7,RIGHT,RIGHT,0,2,0,6,0.1,MOVE,0
5,44,0,2,0,6,LEFT,LEFT,0,1,0,5,-1.89,MOVE,0
5,45,0,1,0,5,RIGHT,RIGHT,0,2,0,4,0.1,MOVE,0
5,46,0,2,0,4,DOWN,DOWN,0,2,0,3,-4.9,WALL_HIT,0
5,47,0,2,0,3,UP,UP,0,2,0,2,-4.9,WALL_HIT,0
5,48,0,2,0,2,UP,UP,0,2,0,1,-4.9,WALL_HIT,0
5,49,0,2,0,1,LEFT,UP,0,2,0,0,-15.0,ENERGY_DEPLETED,1
6,0,0,0,0,50,LEFT,LEFT,0,0,0,49,-4.88,WALL_HIT,0
6,1,0,0,0,49,RIGHT,RIGHT,0,1,0,48,0.11,MOVE,0
6,2,0,1,0,48,DOWN,DOWN,1,1,0,47,-1.88,MOVE,0
6,3,1,1,0,47,LEFT,DOWN,2,1,0,46,0.11,MOVE,0
6,4,2,1,0,46,UP,UP,1,1,0,45,-1.88,MOVE,0
6,5,1,1,0,45,DOWN,DOWN,2,1,0,44,0.11,MOVE,0
6,6,2,1,0,44,LEFT,LEFT,2,0,0,43,-1.88,MOVE,0
6,7,2,0,0,43,DOWN,DOWN,2,0,0,42,-4.88,WALL_HIT,0
6,8,2,0,0,42,DOWN,DOWN,2,0,0,41,-4.88,WALL_HIT,0
6,9,2,0,0,41,DOWN,LEFT,2,0,0,40,-4.88,WALL_HIT,0
6,10,2,0,0,40,LEFT,UP,1,0,0,39,-1.87,MOVE,0
6,11,1,0,0,39,RIGHT,RIGHT,1,1,0,38,0.12,MOVE,0
6,12,1,1,0,38,LEFT,LEFT,1,0,0,37,-1.87,MOVE,0
6,13,1,0,0,37,DOWN,DOWN,2,0,0,36,0.12,MOVE,0
6,14,2,0,0,36,DOWN,DOWN,2,0,0,35,-4.88,WALL_HIT,0
6,15,2,0,0,35,RIGHT,RIGHT,2,1,0,34,0.11,MOVE,0
6,16,2,1,0,34,RIGHT,RIGHT,2,2,0,33,0.1,MOVE,0
6,17,2,2,0,33,UP,UP,2,2,0,32,-4.9,WALL_HIT,0
6,18,2,2,0,32,RIGHT,RIGHT,2,3,0,31,0.09,MOVE,0
6,19,2,3,0,31,LEFT,UP,1,3,0,30,0.08,MOVE,0
6,20,1,3,0,30,LEFT,UP,0,3,0,29,-1.91,MOVE,0
6,21,0,3,0,29,DOWN,DOWN,1,3,0,28,0.08,MOVE,0
6,22,1,3,0,28,UP,UP,0,3,0,27,-1.91,MOVE,0
6,23,0,3,0,27,UP,UP,0,3,0,26,-4.91,WALL_HIT,0
6,24,0,3,0,26,RIGHT,RIGHT,0,3,0,25,-4.91,WALL_HIT,0
6,25,0,3,0,25,DOWN,DOWN,1,3,0,24,0.08,MOVE,0
6,26,1,3,0,24,UP,UP,0,3,0,23,-1.91,MOVE,0
6,27,0,3,0,23,LEFT,LEFT,0,2,0,22,-1.9,MOVE,0
6,28,0,2,0,22,LEFT,LEFT,0,1,0,21,-1.89,MOVE,0
6,29,0,1,0,21,UP,UP,0,1,0,20,-4.89,WALL_HIT,0
6,30,0,1,0,20,DOWN,DOWN,1,1,0,19,-1.88,MOVE,0
6,31,1,1,0,19,DOWN,DOWN,2,1,0,18,0.11,MOVE,0
6,32,2,1,0,18,UP,UP,1,1,0,17,-1.88,MOVE,0
6,33,1,1,0,17,DOWN,DOWN,2,1,0,16,0.11,MOVE,0
6,34,2,1,0,16,UP,UP,1,1,0,15,-1.88,MOVE,0
6,35,1,1,0,15,DOWN,DOWN,2,1,0,14,0.11,MOVE,0
6,36,2,1,0,14,RIGHT,RIGHT,2,2,0,13,0.1,MOVE,0
6,37,2,2,0,13,LEFT,LEFT,2,1,0,12,-1.89,MOVE,0
6,38,2,1,0,12,RIGHT,RIGHT,2,2,0,11,0.1,MOVE,0
6,39,2,2,0,11,DOWN,DOWN,3,2,0,10,-1.89,MOVE,0
6,40,3,2,0,10,DOWN,DOWN,4,2,0,9,-1.88,MOVE,0
6,41,4,2,0,9,LEFT,LEFT,4,2,0,8,-4.88,WALL_HIT,0
6,42,4,2,0,8,UP,UP,3,2,0,7,0.11,MOVE,0
6,43,3,2,0,7,LEFT,LEFT,3,1,0,6,-1.88,MOVE,0
6,44,3,1,0,6,UP,RIGHT,3,2,0,5,0.11,MOVE,0
6,45,3,2,0,5,RIGHT,DOWN,4,2,0,4,-1.88,MOVE,0
6,46,4,2,0,4,DOWN,DOWN,5,2,0,3,-1.87,MOVE,0
6,47,5,2,0,3,LEFT,LEFT,5,1,0,2,-1.86,MOVE,0
6,48,5,1,0,2,LEFT,LEFT,5,0,0,1,-1.85,MOVE,0
6,49,5,0,0,1,LEFT,LEFT,5,0,0,0,-10.0,ENERGY_DEPLETED,1
7,0,0,0,0,50,DOWN,LEFT,0,0,0,49,-4.88,WALL_HIT,0
7,1,0,0,0,49,DOWN,DOWN,1,0,0,48,-1.87,MOVE,0
7,2,1,0,0,48,RIGHT,UP,0,0,0,47,0.12,MOVE,0
7,3,0,0,0,47,RIGHT,RIGHT,0,1,0,46,0.11,MOVE,0
7,4,0,1,0,46,UP,UP,0,1,0,45,-4.89,WALL_HIT,0
7,5,0,1,0,45,DOWN,DOWN,1,1,0,44,-1.88,MOVE,0
7,6,1,1,0,44,LEFT,LEFT,1,0,0,43,-1.87,MOVE,0
7,7,1,0,0,43,RIGHT,RIGHT,1,1,0,42,0.12,MOVE,0
7,8,1,1,0,42,DOWN,DOWN,2,1,0,41,0.11,MOVE,0
7,9,2,1,0,41,DOWN,DOWN,3,1,0,40,-1.88,MOVE,0
7,10,3,1,0,40,UP,UP,2,1,0,39,0.11,MOVE,0
7,11,2,1,0,39,UP,UP,1,1,0,38,-1.88,MOVE,0
7,12,1,1,0,38,DOWN,DOWN,2,1,0,37,0.11,MOVE,0
7,13,2,1,0,37,LEFT,LEFT,2,0,0,36,-1.88,MOVE,0
7,14,2,0,0,36,UP,UP,1,0,0,35,-1.87,MOVE,0
7,15,1,0,0,35,LEFT,LEFT,1,0,0,34,-4.87,WALL_HIT,0
7,16,1,0,0,34,LEFT,LEFT,1,0,0,33,-4.87,WALL_HIT,0
7,17,1,0,0,33,UP,RIGHT,1,1,0,32,0.12,MOVE,0
7,18,1,1,0,32,UP,UP,0,1,0,31,0.11,MOVE,0
7,19,0,1,0,31,LEFT,LEFT,0,0,0,30,-1.88,MOVE,0
7,20,0,0,0,30,LEFT,LEFT,0,0,0,29,-4.88,WALL_HIT,0
7,21,0,0,0,29,DOWN,DOWN,1,0,0,28,-1.87,MOVE,0
7,22,1,0,0,28,UP,UP,0,0,0,27,0.12,MOVE,0
7,23,0,0,0,27,LEFT,DOWN,1,0,0,26,-1.87,MOVE,0
7,24,1,0,0,26,DOWN,DOWN,2,0,0,25,0.12,MOVE,0
7,25,2,0,0,25,DOWN,DOWN,2,0,0,24,-4.88,WALL_HIT,0
7,26,2,0,0,24,RIGHT,RIGHT,2,1,0,23,0.11,MOVE,0
7,27,2,1,0,23,LEFT,LEFT,2,0,0,22,-1.88,MOVE,0
7,28,2,0,0,22,RIGHT,RIGHT,2,1,0,21,0.11,MOVE,0
7,29,2,1,0,21,DOWN,DOWN,3,1,0,20,-1.88,MOVE,0
7,30,3,1,0,20,LEFT,UP,2,1,0,19,0.11,MOVE,0
7,31,2,1,0,19,RIGHT,DOWN,3,1,0,18,-1.88,MOVE,0
7,32,3,1,0,18,DOWN,DOWN,3,1,0,17,-4.88,WALL_HIT,0
7,33,3,1,0,17,RIGHT,RIGHT,3,2,0,16,0.11,MOVE,0
7,34,3,2,0,16,LEFT,DOWN,4,2,0,15,-1.88,MOVE,0
7,35,4,2,0,15,LEFT,LEFT,4,2,0,14,-4.88,WALL_HIT,0
7,36,4,2,0,14,UP,UP,3,2,0,13,0.11,MOVE,0
7,37,3,2,0,13,DOWN,DOWN,4,2,0,12,-1.88,MOVE,0
7,38,4,2,0,12,LEFT,LEFT,4,2,0,11,-4.88,WALL_HIT,0
7,39,4,2,0,11,LEFT,LEFT,4,2,0,10,-4.88,WALL_HIT,0
7,40,4,2,0,10,LEFT,LEFT,4,2,0,9,-4.88,WALL_HIT,0
7,41,4,2,0,9,LEFT,LEFT,4,2,0,8,-4.88,WALL_HIT,0
7,42,4,2,0,8,DOWN,LEFT,4,2,0,7,-4.88,WALL_HIT,0
7,43,4,2,0,7,RIGHT,RIGHT,4,3,0,6,0.11,MOVE,0
7,44,4,3,0,6,RIGHT,RIGHT,4,4,0,5,0.1,MOVE,0
7,45,4,4,0,5,LEFT,LEFT,4,3,0,4,-1.89,MOVE,0
7,46,4,3,0,4,DOWN,DOWN,5,3,0,3,-1.88,MOVE,0
7,47,5,3,0,3,UP,UP,4,3,0,2,0.11,MOVE,0
7,48,4,3,0,2,LEFT,DOWN,5,3,0,1,-1.88,MOVE,0
7,49,5,3,0,1,UP,UP,4,3,0,0,-9.0,ENERGY_DEPLETED,1
8,0,0,0,0,50,RIGHT,RIGHT,0,1,0,49,0.11,MOVE,0
8,1,0,1,0,49,RIGHT,RIGHT,0,2,0,48,0.1,MOVE,0
8,2,0,2,0,48,UP,LEFT,0,1,0,47,-1.89,MOVE,0
8,3,0,1,0,47,DOWN,DOWN,1,1,0,46,-1.88,MOVE,0
8,4,1,1,0,46,RIGHT,RIGHT,1,1,0,45,-4.88,WALL_HIT,0
8,5,1,1,0,45,UP,UP,0,1,0,44,0.11,MOVE,0
8,6,0,1,0,44,RIGHT,RIGHT,0,2,0,43,0.1,MOVE,0
8,7,0,2,0,43,LEFT,LEFT,0,1,0,42,-1.89,MOVE,0
8,8,0,1,0,42,RIGHT,RIGHT,0,2,0,41,0.1,MOVE,0
8,9,0,2,0,41,RIGHT,UP,0,2,0,40,-4.9,WALL_HIT,0
8,10,0,2,0,40,UP,UP,0,2,0,39,-4.9,WALL_HIT,0
8,11,0,2,0,39,UP,UP,0,2,0,38,-4.9,WALL_HIT,0
8,12,0,2,0,38,UP,UP,0,2,0,37,-4.9,WALL_HIT,0
8,13,0,2,0,37,LEFT,DOWN,0,2,0,36,-4.9,WALL_HIT,0
8,14,0,2,0,36,UP,UP,0,2,0,35,-4.9,WALL_HIT,0
8,15,0,2,0,35,DOWN,LEFT,0,1,0,34,-1.89,MOVE,0
8,16,0,1,0,34,UP,UP,0,1,0,33,-4.89,WALL_HIT,0
8,17,0,1,0,33,RIGHT,RIGHT,0,2,0,32,0.1,MOVE,0
8,18,0,2,0,32,LEFT,LEFT,0,1,0,31,-1.89,MOVE,0
8,19,0,1,0,31,UP,LEFT,0,0,0,30,-1.88,MOVE,0
8,20,0,0,0,30,RIGHT,RIGHT,0,1,0,29,0.11,MOVE,0
8,21,0,1,0,29,RIGHT,RIGHT,0,2,0,28,0.1,MOVE,0
8,22,0,2,0,28,DOWN,LEFT,0,1,0,27,-1.89,MOVE,0
8,23,0,1,0,27,RIGHT,RIGHT,0,2,0,26,0.1,MOVE,0
8,24,0,2,0,26,RIGHT,RIGHT,0,3,0,25,0.09,MOVE,0
8,25,0,3,0,25,UP,UP,0,3,0,24,-4.91,WALL_HIT,0
8,26,0,3,0,24,RIGHT,RIGHT,0,3,0,23,-4.91,WALL_HIT,0
8,27,0,3,0,23,DOWN,DOWN,1,3,0,22,0.08,MOVE,0
8,28,1,3,0,22,LEFT,LEFT,1,3,0,21,-4.92,WALL_HIT,0
8,29,1,3,0,21,DOWN,DOWN,2,3,0,20,-1.91,MOVE,0
8,30,2,3,0,20,LEFT,LEFT,2,2,0,19,-1.9,MOVE,0
8,31,2,2,0,19,UP,UP,2,2,0,18,-4.9,WALL_HIT,0
8,32,2,2,0,18,UP,UP,2,2,0,17,-4.9,WALL_HIT,0
8,33,2,2,0,17,LEFT,UP,2,2,0,16,-4.9,WALL_HIT,0
8,34,2,2,0,16,DOWN,DOWN,3,2,0,15,-1.89,MOVE,0
8,35,3,2,0,15,LEFT,LEFT,3,1,0,14,-1.88,MOVE,0
8,36,3,1,0,14,LEFT,LEFT,3,1,0,13,-4.88,WALL_HIT,0
8,37,3,1,0,13,DOWN,DOWN,3,1,0,12,-4.88,WALL_HIT,0
8,38,3,1,0,12,UP,UP,2,1,0,11,0.11,MOVE,0
8,39,2,1,0,11,RIGHT,RIGHT,2,2,0,10,0.1,MOVE,0
8,40,2,2,0,10,DOWN,DOWN,3,2,0,9,-1.89,MOVE,0
8,41,3,2,0,9,DOWN,DOWN,4,2,0,8,-1.88,MOVE,0
8,42,4,2,0,8,LEFT,LEFT,4,2,0,7,-4.88,WALL_HIT,0
8,43,4,2,0,7,LEFT,LEFT,4,2,0,6,-4.88,WALL_HIT,0
8,44,4,2,0,6,DOWN,RIGHT,4,3,0,5,0.11,MOVE,0
8,45,4,3,0,5,DOWN,DOWN,5,3,0,4,-1.88,MOVE,0
8,46,5,3,0,4,UP,UP,4,3,0,3,0.11,MOVE,0
8,47,4,3,0,3,DOWN,DOWN,5,3,0,2,-1.88,MOVE,0
8,48,5,3,0,2,RIGHT,RIGHT,5,4,0,1,0.11,MOVE,0
8,49,5,4,0,1,UP,UP,4,4,0,0,-10.0,ENERGY_DEPLETED,1
9,0,0,0,0,50,UP,UP,0,0,0,49,-4.88,WALL_HIT,0
9,1,0,0,0,49,LEFT,LEFT,0,0,0,48,-4.88,WALL_HIT,0
9,2,0,0,0,48,RIGHT,UP,0,0,0,47,-4.88,WALL_HIT,0
9,3,0,0,0,47,LEFT,LEFT,0,0,0,46,-4.88,WALL_HIT,0
9,4,0,0,0,46,UP,UP,0,0,0,45,-4.88,WALL_HIT,0
9,5,0,0,0,45,LEFT,UP,0,0,0,44,-4.88,WALL_HIT,0
9,6,0,0,0,44,UP,UP,0,0,0,43,-4.88,WALL_HIT,0
9,7,0,0,0,43,UP,UP,0,0,0,42,-4.88,WALL_HIT,0
9,8,0,0,0,42,DOWN,LEFT,0,0,0,41,-4.88,WALL_HIT,0
9,9,0,0,0,41,UP,LEFT,0,0,0,40,-4.88,WALL_HIT,0
9,10,0,0,0,40,RIGHT,UP,0,0,0,39,-4.88,WALL_HIT,0
9,11,0,0,0,39,LEFT,LEFT,0,0,0,38,-4.88,WALL_HIT,0
9,12,0,0,0,38,UP,UP,0,0,0,37,-4.88,WALL_HIT,0
9,13,0,0,0,37,RIGHT,RIGHT,0,1,0,36,0.11,MOVE,0
9,14,0,1,0,36,LEFT,DOWN,1,1,0,35,-1.88,MOVE,0
9,15,1,1,0,35,UP,UP,0,1,0,34,0.11,MOVE,0
9,16,0,1,0,34,UP,UP,0,1,0,33,-4.89,WALL_HIT,0
9,17,0,1,0,33,UP,UP,0,1,0,32,-4.89,WALL_HIT,0
9,18,0,1,0,32,UP,UP,0,1,0,31,-4.89,WALL_HIT,0
9,19,0,1,0,31,LEFT,LEFT,0,0,0,30,-1.88,MOVE,0
9,20,0,0,0,30,UP,UP,0,0,0,29,-4.88,WALL_HIT,0
9,21,0,0,0,29,DOWN,DOWN,1,0,0,28,-1.87,MOVE,0
9,22,1,0,0,28,UP,UP,0,0,0,27,0.12,MOVE,0
9,23,0,0,0,27,DOWN,DOWN,1,0,0,26,-1.87,MOVE,0
9,24,1,0,0,26,LEFT,LEFT,1,0,0,25,-4.87,WALL_HIT,0
9,25,1,0,0,25,UP,UP,0,0,0,24,0.12,MOVE,0
9,26,0,0,0,24,DOWN,RIGHT,0,1,0,23,0.11,MOVE,0
9,27,0,1,0,23,RIGHT,DOWN,1,1,0,22,-1.88,MOVE,0
9,28,1,1,0,22,UP,UP,0,1,0,21,0.11,MOVE,0
9,29,0,1,0,21,RIGHT,RIGHT,0,2,0,20,0.1,MOVE,0
9,30,0,2,0,20,UP,RIGHT,0,3,0,19,0.09,MOVE,0
9,31,0,3,0,19,UP,UP,0,3,0,18,-4.91,WALL_HIT,0
9,32,0,3,0,18,UP,UP,0,3,0,17,-4.91,WALL_HIT,0
9,33,0,3,0,17,LEFT,LEFT,0,2,0,16,-1.9,MOVE,0
9,34,0,2,0,16,RIGHT,RIGHT,0,3,0,15,0.09,MOVE,0
9,35,0,3,0,15,UP,UP,0,3,0,14,-4.91,WALL_HIT,0
9,36,0,3,0,14,UP,UP,0,3,0,13,-4.91,WALL_HIT,0
9,37,0,3,0,13,UP,UP,0,3,0,12,-4.91,WALL_HIT,0
9,38,0,3,0,12,DOWN,DOWN,1,3,0,11,0.08,MOVE,0
9,39,1,3,0,11,DOWN,DOWN,2,3,0,10,-1.91,MOVE,0
9,40,2,3,0,10,DOWN,DOWN,3,3,0,9,-1.9,MOVE,0
9,41,3,3,0,9,DOWN,DOWN,4,3,0,8,-1.89,MOVE,0
9,42,4,3,0,8,UP,UP,3,3,0,7,0.1,MOVE,0
9,43,3,3,0,7,UP,UP,2,3,0,6,0.09,MOVE,0
9,44,2,3,0,6,UP,UP,1,3,0,5,0.08,MOVE,0
9,45,1,3,0,5,LEFT,LEFT,1,3,0,4,-4.92,WALL_HIT,0
9,46,1,3,0,4,LEFT,LEFT,1,3,0,3,-4.92,WALL_HIT,0
9,47,1,3,0,3,RIGHT,RIGHT,1,4,0,2,0.07,MOVE,0
9,48,1,4,0,2,LEFT,LEFT,1,3,0,1,-1.92,MOVE,0
9,49,1,3,0,1,UP,UP,0,3,0,0,-13.0,ENERGY_DEPLETED,1
10000,0,0,0,0,50,RIGHT,RIGHT,0,1,0,49,0.11,MOVE,0
10000,1,0,1,0,49,UP,UP,0,1,0,48,-4.89,WALL_HIT,0
10000,2,0,1,0,48,UP,UP,0,1,0,47,-4.89,WALL_HIT,0
10000,3,0,1,0,47,UP,UP,0,1,0,46,-4.89,WALL_HIT,0
10000,4,0,1,0,46,DOWN,DOWN,1,1,0,45,-1.88,MOVE,0
10000,5,1,1,0,45,RIGHT,RIGHT,1,1,0,44,-4.88,WALL_HIT,0
10000,6,1,1,0,44,LEFT,LEFT,1,0,0,43,-1.87,MOVE,0
10000,7,1,0,0,43,RIGHT,DOWN,2,0,0,42,0.12,MOVE,0
10000,8,2,0,0,42,LEFT,UP,1,0,0,41,-1.87,MOVE,0
10000,9,1,0,0,41,UP,UP,0,0,0,40,0.12,MOVE,0
10000,10,0,0,0,40,LEFT,LEFT,0,0,0,39,-4.88,WALL_HIT,0
10000,11,0,0,0,39,DOWN,DOWN,1,0,0,38,-1.87,MOVE,0
10000,12,1,0,0,38,RIGHT,RIGHT,1,1,0,37,0.12,MOVE,0
10000,13,1,1,0,37,RIGHT,RIGHT,1,1,0,36,-4.88,WALL_HIT,0
10000,14,1,1,0,36,RIGHT,RIGHT,1,1,0,35,-4.88,WALL_HIT,0
10000,15,1,1,0,35,RIGHT,RIGHT,1,1,0,34,-4.88,WALL_HIT,0
10000,16,1,1,0,34,RIGHT,RIGHT,1,1,0,33,-4.88,WALL_HIT,0
10000,17,1,1,0,33,RIGHT,RIGHT,1,1,0,32,-4.88,WALL_HIT,0
10000,18,1,1,0,32,UP,UP,0,1,0,31,0.11,MOVE,0
10000,19,0,1,0,31,LEFT,DOWN,1,1,0,30,-1.88,MOVE,0
10000,20,1,1,0,30,UP,UP,0,1,0,29,0.11,MOVE,0
10000,21,0,1,0,29,RIGHT,RIGHT,0,2,0,28,0.1,MOVE,0
10000,22,0,2,0,28,UP,UP,0,2,0,27,-4.9,WALL_HIT,0
10000,23,0,2,0,27,RIGHT,RIGHT,0,3,0,26,0.09,MOVE,0
10000,24,0,3,0,26,DOWN,DOWN,1,3,0,25,0.08,MOVE,0
10000,25,1,3,0,25,RIGHT,RIGHT,1,4,0,24,0.07,MOVE,0
10000,26,1,4,0,24,DOWN,RIGHT,1,5,0,23,0.06,MOVE,0
10000,27,1,5,0,23,RIGHT,RIGHT,1,6,0,22,0.05,MOVE,0
10000,28,1,6,0,22,LEFT,LEFT,1,5,0,21,-1.94,MOVE,0
10000,29,1,5,0,21,RIGHT,RIGHT,1,6,0,20,0.05,MOVE,0
10000,30,1,6,0,20,UP,RIGHT,1,7,0,19,0.04,MOVE,0
10000,31,1,7,0,19,RIGHT,RIGHT,1,8,0,18,0.03,MOVE,0
10000,32,1,8,0,18,UP,LEFT,1,7,0,17,-1.96,MOVE,0
10000,33,1,7,0,17,RIGHT,UP,0,7,0,16,0.03,MOVE,0
10000,34,0,7,0,16,RIGHT,RIGHT,0,8,0,15,0.02,MOVE,0
10000,35,0,8,0,15,LEFT,LEFT,0,7,0,14,-1.97,MOVE,0
10000,36,0,7,0,14,RIGHT,DOWN,1,7,0,13,-1.96,MOVE,0
10000,37,1,7,0,13,LEFT,LEFT,1,6,0,12,-1.95,MOVE,0
10000,38,1,6,0,12,UP,UP,0,6,0,11,0.04,MOVE,0
10000,39,0,6,0,11,RIGHT,RIGHT,0,7,0,10,0.03,MOVE,0
10000,40,0,7,0,10,DOWN,DOWN,1,7,0,9,-1.96,MOVE,0
10000,41,1,7,0,9,DOWN,DOWN,2,7,0,8,-1.95,MOVE,0
10000,42,2,7,0,8,UP,UP,1,7,0,7,0.04,MOVE,0
10000,43,1,7,0,7,LEFT,UP,0,7,0,6,0.03,MOVE,0
10000,44,0,7,0,6,DOWN,DOWN,1,7,0,5,-1.96,MOVE,0
10000,45,1,7,0,5,UP,UP,0,7,0,4,0.03,MOVE,0
10000,46,0,7,0,4,LEFT,LEFT,0,6,0,3,-1.96,MOVE,0
10000,47,0,6,0,3,LEFT,LEFT,0,5,0,2,-1.95,MOVE,0
10000,48,0,5,0,2,RIGHT,RIGHT,0,6,0,1,0.04,MOVE,0
10000,49,0,6,0,1,RIGHT,DOWN,1,6,0,0,-17.0,ENERGY_DEPLETED,1
20000,0,0,0,0,50,DOWN,DOWN,1,0,0,49,-1.87,MOVE,0
20000,1,1,0,0,49,RIGHT,RIGHT,1,1,0,48,0.12,MOVE,0
20000,2,1,1,0,48,RIGHT,RIGHT,1,1,0,47,-4.88,WALL_HIT,0
20000,3,1,1,0,47,LEFT,LEFT,1,0,0,46,-1.87,MOVE,0
20000,4,1,0,0,46,RIGHT,RIGHT,1,1,0,45,0.12,MOVE,0
20000,5,1,1,0,45,LEFT,LEFT,1,0,0,44,-1.87,MOVE,0
20000,6,1,0,0,44,DOWN,DOWN,2,0,0,43,0.12,MOVE,0
20000,7,2,0,0,43,UP,UP,1,0,0,42,-1.87,MOVE,0
20000,8,1,0,0,42,UP,UP,0,0,0,41,0.12,MOVE,0
20000,9,0,0,0,41,RIGHT,RIGHT,0,1,0,40,0.11,MOVE,0
20000,10,0,1,0,40,LEFT,LEFT,0,0,0,39,-1.88,MOVE,0
20000,11,0,0,0,39,DOWN,DOWN,1,0,0,38,-1.87,MOVE,0
20000,12,1,0,0,38,RIGHT,RIGHT,1,1,0,37,0.12,MOVE,0
20000,13,1,1,0,37,DOWN,LEFT,1,0,0,36,-1.87,MOVE,0
20000,14,1,0,0,36,DOWN,DOWN,2,0,0,35,0.12,MOVE,0
20000,15,2,0,0,35,LEFT,LEFT,2,0,0,34,-4.88,WALL_HIT,0
20000,16,2,0,0,34,RIGHT,RIGHT,2,1,0,33,0.11,MOVE,0
20000,17,2,1,0,33,RIGHT,RIGHT,2,2,0,32,0.1,MOVE,0
20000,18,2,2,0,32,DOWN,DOWN,3,2,0,31,-1.89,MOVE,0
20000,19,3,2,0,31,RIGHT,RIGHT,3,3,0,30,0.1,MOVE,0
20000,20,3,3,0,30,UP,UP,2,3,0,29,0.09,MOVE,0
20000,21,2,3,0,29,LEFT,LEFT,2,2,0,28,-1.9,MOVE,0
20000,22,2,2,0,28,LEFT,LEFT,2,1,0,27,-1.89,MOVE,0
20000,23,2,1,0,27,RIGHT,DOWN,3,1,0,26,-1.88,MOVE,0
20000,24,3,1,0,26,UP,UP,2,1,0,25,0.11,MOVE,0
20000,25,2,1,0,25,RIGHT,DOWN,3,1,0,24,-1.88,MOVE,0
20000,26,3,1,0,24,RIGHT,RIGHT,3,2,0,23,0.11,MOVE,0
20000,27,3,2,0,23,RIGHT,UP,2,2,0,22,0.1,MOVE,0
20000,28,2,2,0,22,UP,UP,2,2,0,21,-4.9,WALL_HIT,0
20000,29,2,2,0,21,LEFT,LEFT,2,1,0,20,-1.89,MOVE,0
20000,30,2,1,0,20,RIGHT,RIGHT,2,2,0,19,0.1,MOVE,0
20000,31,2,2,0,19,RIGHT,RIGHT,2,3,0,18,0.09,MOVE,0
20000,32,2,3,0,18,RIGHT,RIGHT,2,3,0,17,-4.91,WALL_HIT,0
20000,33,2,3,0,17,RIGHT,RIGHT,2,3,0,16,-4.91,WALL_HIT,0
20000,34,2,3,0,16,LEFT,LEFT,2,2,0,15,-1.9,MOVE,0
20000,35,2,2,0,15,LEFT,LEFT,2,1,0,14,-1.89,MOVE,0
20000,36,2,1,0,14,DOWN,DOWN,3,1,0,13,-1.88,MOVE,0
20000,37,3,1,0,13,RIGHT,RIGHT,3,2,0,12,0.11,MOVE,0
20000,38,3,2,0,12,LEFT,LEFT,3,1,0,11,-1.88,MOVE,0
20000,39,3,1,0,11,LEFT,LEFT,3,1,0,10,-4.88,WALL_HIT,0
20000,40,3,1,0,10,RIGHT,RIGHT,3,2,0,9,0.11,MOVE,0
20000,41,3,2,0,9,RIGHT,RIGHT,3,3,0,8,0.1,MOVE,0
20000,42,3,3,0,8,DOWN,RIGHT,3,3,0,7,-4.9,WALL_HIT,0
20000,43,3,3,0,7,UP,UP,2,3,0,6,0.09,MOVE,0
20000,44,2,3,0,6,UP,UP,1,3,0,5,0.08,MOVE,0
20000,45,1,3,0,5,UP,UP,0,3,0,4,-1.91,MOVE,0
20000,46,0,3,0,4,DOWN,RIGHT,0,3,0,3,-4.91,WALL_HIT,0
20000,47,0,3,0,3,LEFT,LEFT,0,2,0,2,-1.9,MOVE,0
20000,48,0,2,0,2,LEFT,LEFT,0,1,0,1,-1.89,MOVE,0
20000,49,0,1,0,1,DOWN,DOWN,1,1,0,0,-10.0,ENERGY_DEPLETED,1
30000,0,0,0,0,50,DOWN,LEFT,0,0,0,49,-4.88,WALL_HIT,0
30000,1,0,0,0,49,LEFT,LEFT,0,0,0,48,-4.88,WALL_HIT,0
30000,2,0,0,0,48,DOWN,DOWN,1,0,0,47,-1.87,MOVE,0
30000,3,1,0,0,47,RIGHT,RIGHT,1,1,0,46,0.12,MOVE,0
30000,4,1,1,0,46,LEFT,LEFT,1,0,0,45,-1.87,MOVE,0
30000,5,1,0,0,45,RIGHT,RIGHT,1,1,0,44,0.12,MOVE,0
30000,6,1,1,0,44,UP,RIGHT,1,1,0,43,-4.88,WALL_HIT,0
30000,7,1,1,0,43,UP,LEFT,1,0,0,42,-1.87,MOVE,0
30000,8,1,0,0,42,UP,UP,0,0,0,41,0.12,MOVE,0
30000,9,0,0,0,41,RIGHT,DOWN,1,0,0,40,-1.87,MOVE,0
30000,10,1,0,0,40,RIGHT,RIGHT,1,1,0,39,0.12,MOVE,0
30000,11,1,1,0,39,RIGHT,RIGHT,1,1,0,38,-4.88,WALL_HIT,0
30000,12,1,1,0,38,UP,LEFT,1,0,0,37,-1.87,MOVE,0
30000,13,1,0,0,37,DOWN,DOWN,2,0,0,36,0.12,MOVE,0
30000,14,2,0,0,36,RIGHT,RIGHT,2,1,0,35,0.11,MOVE,0
30000,15,2,1,0,35,RIGHT,RIGHT,2,2,0,34,0.1,MOVE,0
30000,16,2,2,0,34,RIGHT,RIGHT,2,3,0,33,0.09,MOVE,0
30000,17,2,3,0,33,RIGHT,DOWN,3,3,0,32,-1.9,MOVE,0
30000,18,3,3,0,32,UP,UP,2,3,0,31,0.09,MOVE,0
30000,19,2,3,0,31,RIGHT,RIGHT,2,3,0,30,-4.91,WALL_HIT,0
30000,20,2,3,0,30,LEFT,LEFT,2,2,0,29,-1.9,MOVE,0
30000,21,2,2,0,29,RIGHT,RIGHT,2,3,0,28,0.09,MOVE,0
30000,22,2,3,0,28,RIGHT,DOWN,3,3,0,27,-1.9,MOVE,0
30000,23,3,3,0,27,UP,UP,2,3,0,26,0.09,MOVE,0
30000,24,2,3,0,26,UP,UP,1,3,0,25,0.08,MOVE,0
30000,25,1,3,0,25,RIGHT,RIGHT,1,4,0,24,0.07,MOVE,0
30000,26,1,4,0,24,RIGHT,UP,1,4,0,23,-4.93,WALL_HIT,0
30000,27,1,4,0,23,LEFT,LEFT,1,3,0,22,-1.92,MOVE,0
30000,28,1,3,0,22,LEFT,LEFT,1,3,0,21,-4.92,WALL_HIT,0
30000,29,1,3,0,21,RIGHT,RIGHT,1,4,0,20,0.07,MOVE,0
30000,30,1,4,0,20,RIGHT,RIGHT,1,5,0,19,0.06,MOVE,0
30000,31,1,5,0,19,UP,UP,0,5,0,18,0.05,MOVE,0
30000,32,0,5,0,18,LEFT,LEFT,0,5,0,17,-4.95,WALL_HIT,0
30000,33,0,5,0,17,RIGHT,RIGHT,0,6,0,16,0.04,MOVE,0
30000,34,0,6,0,16,RIGHT,RIGHT,0,7,0,15,0.03,MOVE,0
30000,35,0,7,0,15,RIGHT,RIGHT,0,8,0,14,0.02,MOVE,0
30000,36,0,8,0,14,UP,UP,0,8,0,13,-4.98,WALL_HIT,0
30000,37,0,8,0,13,RIGHT,RIGHT,0,9,0,12,0.01,MOVE,0
30000,38,0,9,0,12,RIGHT,RIGHT,0,10,1,11,32.18,KEY_PICKUP,0
30000,39,0,10,1,11,LEFT,UP,0,10,1,10,-4.82,WALL_HIT,0
30000,40,0,10,1,10,DOWN,LEFT,0,9,1,9,-1.81,MOVE,0
30000,41,0,9,1,9,UP,UP,0,9,1,8,-4.81,WALL_HIT,0
30000,42,0,9,1,8,LEFT,LEFT,0,8,1,7,-1.8,MOVE,0
30000,43,0,8,1,7,DOWN,DOWN,1,8,1,6,0.19,MOVE,0
30000,44,1,8,1,6,LEFT,UP,0,8,1,5,-1.8,MOVE,0
30000,45,0,8,1,5,UP,LEFT,0,7,1,4,-1.79,MOVE,0
30000,46,0,7,1,4,DOWN,DOWN,1,7,1,3,0.2,MOVE,0
30000,47,1,7,1,3,RIGHT,RIGHT,1,8,1,2,0.19,MOVE,0
30000,48,1,8,1,2,LEFT,LEFT,1,7,1,1,-1.8,MOVE,0
30000,49,1,7,1,1,UP,LEFT,1,6,1,0,-1.0,ENERGY_DEPLETED,1
40000,0,0,0,0,50,RIGHT,RIGHT,0,1,0,49,0.11,MOVE,0
40000,1,0,1,0,49,RIGHT,RIGHT,0,2,0,48,0.1,MOVE,0
40000,2,0,2,0,48,LEFT,LEFT,0,1,0,47,-1.89,MOVE,0
40000,3,0,1,0,47,DOWN,DOWN,1,1,0,46,-1.88,MOVE,0
40000,4,1,1,0,46,LEFT,UP,0,1,0,45,0.11,MOVE,0
40000,5,0,1,0,45,RIGHT,RIGHT,0,2,0,44,0.1,MOVE,0
40000,6,0,2,0,44,LEFT,LEFT,0,1,0,43,-1.89,MOVE,0
40000,7,0,1,0,43,DOWN,LEFT,0,0,0,42,-1.88,MOVE,0
40000,8,0,0,0,42,RIGHT,RIGHT,0,1,0,41,0.11,MOVE,0
40000,9,0,1,0,41,RIGHT,RIGHT,0,2,0,40,0.1,MOVE,0
40000,10,0,2,0,40,RIGHT,RIGHT,0,3,0,39,0.09,MOVE,0
40000,11,0,3,0,39,UP,LEFT,0,2,0,38,-1.9,MOVE,0
40000,12,0,2,0,38,LEFT,LEFT,0,1,0,37,-1.89,MOVE,0
40000,13,0,1,0,37,RIGHT,RIGHT,0,2,0,36,0.1,MOVE,0
40000,14,0,2,0,36,RIGHT,RIGHT,0,3,0,35,0.09,MOVE,0
40000,15,0,3,0,35,UP,UP,0,3,0,34,-4.91,WALL_HIT,0
40000,16,0,3,0,34,DOWN,DOWN,1,3,0,33,0.08,MOVE,0
40000,17,1,3,0,33,RIGHT,RIGHT,1,4,0,32,0.07,MOVE,0
40000,18,1,4,0,32,RIGHT,RIGHT,1,5,0,31,0.06,MOVE,0
40000,19,1,5,0,31,RIGHT,UP,0,5,0,30,0.05,MOVE,0
40000,20,0,5,0,30,RIGHT,RIGHT,0,6,0,29,0.04,MOVE,0
40000,21,0,6,0,29,UP,LEFT,0,5,0,28,-1.95,MOVE,0
40000,22,0,5,0,28,RIGHT,RIGHT,0,6,0,27,0.04,MOVE,0
40000,23,0,6,0,27,LEFT,LEFT,0,5,0,26,-1.95,MOVE,0
40000,24,0,5,0,26,RIGHT,RIGHT,0,6,0,25,0.04,MOVE,0
40000,25,0,6,0,25,RIGHT,RIGHT,0,7,0,24,0.03,MOVE,0
40000,26,0,7,0,24,RIGHT,UP,0,7,0,23,-4.97,WALL_HIT,0
40000,27,0,7,0,23,RIGHT,RIGHT,0,8,0,22,0.02,MOVE,0
40000,28,0,8,0,22,DOWN,DOWN,1,8,0,21,-1.97,MOVE,0
40000,29,1,8,0,21,RIGHT,RIGHT,1,9,0,20,0.02,MOVE,0
40000,30,1,9,0,20,LEFT,LEFT,1,8,0,19,-1.97,MOVE,0
40000,31,1,8,0,19,UP,UP,0,8,0,18,0.02,MOVE,0
40000,32,0,8,0,18,LEFT,LEFT,0,7,0,17,-1.97,MOVE,0
40000,33,0,7,0,17,RIGHT,RIGHT,0,8,0,16,0.02,MOVE,0
40000,34,0,8,0,16,RIGHT,DOWN,1,8,0,15,-1.97,MOVE,0
40000,35,1,8,0,15,RIGHT,RIGHT,1,9,0,14,0.02,MOVE,0
40000,36,1,9,0,14,LEFT,UP,0,9,0,13,0.01,MOVE,0
40000,37,0,9,0,13,RIGHT,RIGHT,0,10,1,12,32.18,KEY_PICKUP,0
40000,38,0,10,1,12,DOWN,DOWN,1,10,1,11,0.17,MOVE,0
40000,39,1,10,1,11,DOWN,RIGHT,1,11,1,10,0.16,MOVE,0
40000,40,1,11,1,10,RIGHT,RIGHT,1,12,1,9,0.15,MOVE,0
40000,41,1,12,1,9,DOWN,DOWN,2,12,1,8,0.14,MOVE,0
40000,42,2,12,1,8,LEFT,DOWN,3,12,1,7,0.13,MOVE,0
40000,43,3,12,1,7,DOWN,RIGHT,3,13,1,6,0.12,MOVE,0
40000,44,3,13,1,6,DOWN,DOWN,4,13,1,5,0.11,MOVE,0
40000,45,4,13,1,5,DOWN,DOWN,5,13,1,4,0.1,MOVE,0
40000,46,5,13,1,4,UP,UP,4,13,1,3,-1.89,MOVE,0
40000,47,4,13,1,3,RIGHT,RIGHT,4,14,1,2,-1.88,MOVE,0
40000,48,4,14,1,2,DOWN,RIGHT,4,15,1,1,-1.87,MOVE,0
40000,49,4,15,1,1,LEFT,LEFT,4,14,1,0,-8.0,ENERGY_DEPLETED,1
50000,0,0,0,0,50,DOWN,RIGHT,0,1,0,49,0.11,MOVE,0
50000,1,0,1,0,49,DOWN,DOWN,1,1,0,48,-1.88,MOVE,0
50000,2,1,1,0,48,UP,UP,0,1,0,47,0.11,MOVE,0
50000,3,0,1,0,47,DOWN,LEFT,0,0,0,46,-1.88,MOVE,0
50000,4,0,0,0,46,RIGHT,RIGHT,0,1,0,45,0.11,MOVE,0
50000,5,0,1,0,45,DOWN,DOWN,1,1,0,44,-1.88,MOVE,0
50000,6,1,1,0,44,LEFT,LEFT,1,0,0,43,-1.87,MOVE,0
50000,7,1,0,0,43,UP,UP,0,0,0,42,0.12,MOVE,0
50000,8,0,0,0,42,RIGHT,RIGHT,0,1,0,41,0.11,MOVE,0
50000,9,0,1,0,41,RIGHT,DOWN,1,1,0,40,-1.88,MOVE,0
50000,10,1,1,0,40,UP,UP,0,1,0,39,0.11,MOVE,0
50000,11,0,1,0,39,RIGHT,RIGHT,0,2,0,38,0.1,MOVE,0
50000,12,0,2,0,38,RIGHT,RIGHT,0,3,0,37,0.09,MOVE,0
50000,13,0,3,0,37,RIGHT,RIGHT,0,3,0,36,-4.91,WALL_HIT,0
50000,14,0,3,0,36,DOWN,DOWN,1,3,0,35,0.08,MOVE,0
50000,15,1,3,0,35,RIGHT,RIGHT,1,4,0,34,0.07,MOVE,0
50000,16,1,4,0,34,RIGHT,DOWN,1,4,0,33,-4.93,WALL_HIT,0
50000,17,1,4,0,33,UP,UP,1,4,0,32,-4.93,WALL_HIT,0
50000,18,1,4,0,32,RIGHT,RIGHT,1,5,0,31,0.06,MOVE,0
50000,19,1,5,0,31,RIGHT,DOWN,1,5,0,30,-4.94,WALL_HIT,0
50000,20,1,5,0,30,RIGHT,RIGHT,1,6,0,29,0.05,MOVE,0
50000,21,1,6,0,29,RIGHT,RIGHT,1,7,0,28,0.04,MOVE,0
50000,22,1,7,0,28,RIGHT,RIGHT,1,8,0,27,0.03,MOVE,0
50000,23,1,8,0,27,RIGHT,DOWN,2,8,0,26,-1.96,MOVE,0
50000,24,2,8,0,26,RIGHT,RIGHT,2,9,0,25,0.03,MOVE,0
50000,25,2,9,0,25,LEFT,LEFT,2,8,0,24,-1.96,MOVE,0
50000,26,2,8,0,24,UP,UP,1,8,0,23,0.03,MOVE,0
50000,27,1,8,0,23,UP,UP,0,8,0,22,0.02,MOVE,0
50000,28,0,8,0,22,LEFT,LEFT,0,7,0,21,-1.97,MOVE,0
50000,29,0,7,0,21,DOWN,DOWN,1,7,0,20,-1.96,MOVE,0
50000,30,1,7,0,20,RIGHT,RIGHT,1,8,0,19,0.03,MOVE,0
50000,31,1,8,0,19,RIGHT,RIGHT,1,9,0,18,0.02,MOVE,0
50000,32,1,9,0,18,UP,UP,0,9,0,17,0.01,MOVE,0
50000,33,0,9,0,17,DOWN,DOWN,1,9,0,16,-1.98,MOVE,0
50000,34,1,9,0,16,UP,UP,0,9,0,15,0.01,MOVE,0
50000,35,0,9,0,15,RIGHT,RIGHT,0,10,1,14,32.18,KEY_PICKUP,0
50000,36,0,10,1,14,DOWN,DOWN,1,10,1,13,0.17,MOVE,0
50000,37,1,10,1,13,DOWN,DOWN,2,10,1,12,0.16,MOVE,0
50000,38,2,10,1,12,UP,UP,1,10,1,11,-1.83,MOVE,0
50000,39,1,10,1,11,DOWN,DOWN,2,10,1,10,0.16,MOVE,0
50000,40,2,10,1,10,DOWN,DOWN,3,10,1,9,0.15,MOVE,0
50000,41,3,10,1,9,LEFT,LEFT,3,9,1,8,-1.84,MOVE,0
50000,42,3,9,1,8,UP,LEFT,3,8,1,7,-1.83,MOVE,0
50000,43,3,8,1,7,RIGHT,DOWN,3,8,1,6,-4.83,WALL_HIT,0
50000,44,3,8,1,6,DOWN,LEFT,3,8,1,5,-4.83,WALL_HIT,0
50000,45,3,8,1,5,UP,UP,2,8,1,4,-1.82,MOVE,0
50000,46,2,8,1,4,UP,UP,1,8,1,3,-1.81,MOVE,0
50000,47,1,8,1,3,DOWN,DOWN,2,8,1,2,0.18,MOVE,0
50000,48,2,8,1,2,LEFT,UP,1,8,1,1,-1.81,MOVE,0
50000,49,1,8,1,1,UP,UP,0,8,1,0,-2.0,ENERGY_DEPLETED,1
60000,0,0,0,0,50,RIGHT,UP,0,0,0,49,-4.88,WALL_HIT,0
60000,1,0,0,0,49,LEFT,LEFT,0,0,0,48,-4.88,WALL_HIT,0
60000,2,0,0,0,48,DOWN,DOWN,1,0,0,47,-1.87,MOVE,0
60000,3,1,0,0,47,RIGHT,RIGHT,1,1,0,46,0.12,MOVE,0
60000,4,1,1,0,46,LEFT,LEFT,1,0,0,45,-1.87,MOVE,0
60000,5,1,0,0,45,UP,UP,0,0,0,44,0.12,MOVE,0
60000,6,0,0,0,44,RIGHT,RIGHT,0,1,0,43,0.11,MOVE,0
60000,7,0,1,0,43,LEFT,LEFT,0,0,0,42,-1.88,MOVE,0
60000,8,0,0,0,42,DOWN,DOWN,1,0,0,41,-1.87,MOVE,0
60000,9,1,0,0,41,RIGHT,RIGHT,1,1,0,40,0.12,MOVE,0
60000,10,1,1,0,40,DOWN,DOWN,2,1,0,39,0.11,MOVE,0
60000,11,2,1,0,39,RIGHT,UP,1,1,0,38,-1.88,MOVE,0
60000,12,1,1,0,38,UP,UP,0,1,0,37,0.11,MOVE,0
60000,13,0,1,0,37,RIGHT,RIGHT,0,2,0,36,0.1,MOVE,0
60000,14,0,2,0,36,RIGHT,UP,0,2,0,35,-4.9,WALL_HIT,0
60000,15,0,2,0,35,RIGHT,UP,0,2,0,34,-4.9,WALL_HIT,0
60000,16,0,2,0,34,UP,RIGHT,0,3,0,33,0.09,MOVE,0
60000,17,0,3,0,33,DOWN,DOWN,1,3,0,32,0.08,MOVE,0
60000,18,1,3,0,32,RIGHT,RIGHT,1,4,0,31,0.07,MOVE,0
60000,19,1,4,0,31,RIGHT,RIGHT,1,5,0,30,0.06,MOVE,0
60000,20,1,5,0,30,RIGHT,RIGHT,1,6,0,29,0.05,MOVE,0
60000,21,1,6,0,29,RIGHT,UP,0,6,0,28,0.04,MOVE,0
60000,22,0,6,0,28,RIGHT,RIGHT,0,7,0,27,0.03,MOVE,0
60000,23,0,7,0,27,RIGHT,UP,0,7,0,26,-4.97,WALL_HIT,0
60000,24,0,7,0,26,RIGHT,RIGHT,0,8,0,25,0.02,MOVE,0
60000,25,0,8,0,25,RIGHT,RIGHT,0,9,0,24,0.01,MOVE,0
60000,26,0,9,0,24,DOWN,DOWN,1,9,0,23,-1.98,MOVE,0
60000,27,1,9,0,23,UP,UP,0,9,0,22,0.01,MOVE,0
60000,28,0,9,0,22,RIGHT,RIGHT,0,10,1,21,32.18,KEY_PICKUP,0
60000,29,0,10,1,21,UP,UP,0,10,1,20,-4.82,WALL_HIT,0
60000,30,0,10,1,20,DOWN,DOWN,1,10,1,19,0.17,MOVE,0
60000,31,1,10,1,19,DOWN,DOWN,2,10,1,18,0.16,MOVE,0
60000,32,2,10,1,18,DOWN,DOWN,3,10,1,17,0.15,MOVE,0
60000,33,3,10,1,17,DOWN,DOWN,4,10,1,16,0.14,MOVE,0
60000,34,4,10,1,16,RIGHT,DOWN,5,10,1,15,0.13,MOVE,0
60000,35,5,10,1,15,RIGHT,RIGHT,5,11,1,14,0.12,MOVE,0
60000,36,5,11,1,14,DOWN,RIGHT,5,12,1,13,0.11,MOVE,0
60000,37,5,12,1,13,RIGHT,DOWN,6,12,1,12,0.1,MOVE,0
60000,38,6,12,1,12,RIGHT,RIGHT,6,13,1,11,0.09,MOVE,0
60000,39,6,13,1,11,DOWN,DOWN,7,13,1,10,0.08,MOVE,0
60000,40,7,13,1,10,LEFT,LEFT,7,13,1,9,-4.92,WALL_HIT,0
60000,41,7,13,1,9,LEFT,LEFT,7,13,1,8,-4.92,WALL_HIT,0
60000,42,7,13,1,8,LEFT,LEFT,7,13,1,7,-4.92,WALL_HIT,0
60000,43,7,13,1,7,RIGHT,RIGHT,7,14,1,6,-1.91,MOVE,0
60000,44,7,14,1,6,UP,UP,6,14,1,5,-1.9,MOVE,0
60000,45,6,14,1,5,RIGHT,DOWN,7,14,1,4,0.09,MOVE,0
60000,46,7,14,1,4,UP,UP,6,14,1,3,-1.9,MOVE,0
60000,47,6,14,1,3,LEFT,LEFT,6,13,1,2,0.09,MOVE,0
60000,48,6,13,1,2,DOWN,DOWN,7,13,1,1,0.08,MOVE,0
60000,49,7,13,1,1,RIGHT,RIGHT,7,14,1,0,-13.0,ENERGY_DEPLETED,1
70000,0,0,0,0,50,DOWN,RIGHT,0,1,0,49,0.11,MOVE,0
70000,1,0,1,0,49,LEFT,LEFT,0,0,0,48,-1.88,MOVE,0
70000,2,0,0,0,48,DOWN,DOWN,1,0,0,47,-1.87,MOVE,0
70000,3,1,0,0,47,RIGHT,RIGHT,1,1,0,46,0.12,MOVE,0
70000,4,1,1,0,46,LEFT,LEFT,1,0,0,45,-1.87,MOVE,0
70000,5,1,0,0,45,RIGHT,RIGHT,1,1,0,44,0.12,MOVE,0
70000,6,1,1,0,44,DOWN,DOWN,2,1,0,43,0.11,MOVE,0
70000,7,2,1,0,43,RIGHT,RIGHT,2,2,0,42,0.1,MOVE,0
70000,8,2,2,0,42,RIGHT,RIGHT,2,3,0,41,0.09,MOVE,0
70000,9,2,3,0,41,DOWN,DOWN,3,3,0,40,-1.9,MOVE,0
70000,10,3,3,0,40,UP,UP,2,3,0,39,0.09,MOVE,0
70000,11,2,3,0,39,UP,UP,1,3,0,38,0.08,MOVE,0
70000,12,1,3,0,38,RIGHT,RIGHT,1,4,0,37,0.07,MOVE,0
70000,13,1,4,0,37,RIGHT,RIGHT,1,5,0,36,0.06,MOVE,0
70000,14,1,5,0,36,UP,UP,0,5,0,35,0.05,MOVE,0
70000,15,0,5,0,35,RIGHT,RIGHT,0,6,0,34,0.04,MOVE,0
70000,16,0,6,0,34,RIGHT,RIGHT,0,7,0,33,0.03,MOVE,0
70000,17,0,7,0,33,DOWN,DOWN,1,7,0,32,-1.96,MOVE,0
70000,18,1,7,0,32,UP,UP,0,7,0,31,0.03,MOVE,0
70000,19,0,7,0,31,RIGHT,RIGHT,0,8,0,30,0.02,MOVE,0
70000,20,0,8,0,30,RIGHT,DOWN,1,8,0,29,-1.97,MOVE,0
70000,21,1,8,0,29,RIGHT,RIGHT,1,9,0,28,0.02,MOVE,0
70000,22,1,9,0,28,UP,UP,0,9,0,27,0.01,MOVE,0
70000,23,0,9,0,27,DOWN,DOWN,1,9,0,26,-1.98,MOVE,0
70000,24,1,9,0,26,UP,UP,0,9,0,25,0.01,MOVE,0
70000,25,0,9,0,25,RIGHT,RIGHT,0,10,1,24,32.18,KEY_PICKUP,0
70000,26,0,10,1,24,LEFT,DOWN,1,10,1,23,0.17,MOVE,0
70000,27,1,10,1,23,DOWN,DOWN,2,10,1,22,0.16,MOVE,0
70000,28,2,10,1,22,DOWN,DOWN,3,10,1,21,0.15,MOVE,0
70000,29,3,10,1,21,LEFT,LEFT,3,9,1,20,-1.84,MOVE,0
70000,30,3,9,1,20,RIGHT,RIGHT,3,10,1,19,0.15,MOVE,0
70000,31,3,10,1,19,DOWN,LEFT,3,9,1,18,-1.84,MOVE,0
70000,32,3,9,1,18,RIGHT,RIGHT,3,10,1,17,0.15,MOVE,0
70000,33,3,10,1,17,DOWN,DOWN,4,10,1,16,0.14,MOVE,0
70000,34,4,10,1,16,DOWN,DOWN,5,10,1,15,0.13,MOVE,0
70000,35,5,10,1,15,RIGHT,UP,4,10,1,14,-1.86,MOVE,0
70000,36,4,10,1,14,DOWN,DOWN,5,10,1,13,0.13,MOVE,0
70000,37,5,10,1,13,LEFT,DOWN,6,10,1,12,0.12,MOVE,0
70000,38,6,10,1,12,LEFT,LEFT,6,9,1,11,-1.87,MOVE,0
70000,39,6,9,1,11,DOWN,DOWN,7,9,1,10,-1.86,MOVE,0
70000,40,7,9,1,10,UP,RIGHT,7,9,1,9,-4.86,WALL_HIT,0
70000,41,7,9,1,9,LEFT,LEFT,7,8,1,8,0.13,MOVE,0
70000,42,7,8,1,8,DOWN,DOWN,8,8,1,7,0.12,MOVE,0
70000,43,8,8,1,7,DOWN,DOWN,9,8,1,6,0.11,MOVE,0
70000,44,9,8,1,6,DOWN,DOWN,10,8,1,5,0.1,MOVE,0
70000,45,10,8,1,5,LEFT,UP,9,8,1,4,-1.89,MOVE,0
70000,46,9,8,1,4,LEFT,UP,8,8,1,3,-1.88,MOVE,0
70000,47,8,8,1,3,LEFT,LEFT,8,7,1,2,-1.87,MOVE,0
70000,48,8,7,1,2,RIGHT,RIGHT,8,8,1,1,0.12,MOVE,0
70000,49,8,8,1,1,LEFT,DOWN,9,8,1,0,-9.0,ENERGY_DEPLETED,1
80000,0,0,0,0,50,DOWN,DOWN,1,0,0,49,-1.87,MOVE,0
80000,1,1,0,0,49,RIGHT,RIGHT,1,1,0,48,0.12,MOVE,0
80000,2,1,1,0,48,LEFT,LEFT,1,0,0,47,-1.87,MOVE,0
80000,3,1,0,0,47,RIGHT,RIGHT,1,1,0,46,0.12,MOVE,0
80000,4,1,1,0,46,UP,UP,0,1,0,45,0.11,MOVE,0
80000,5,0,1,0,45,RIGHT,UP,0,1,0,44,-4.89,WALL_HIT,0
80000,6,0,1,0,44,RIGHT,RIGHT,0,2,0,43,0.1,MOVE,0
80000,7,0,2,0,43,RIGHT,RIGHT,0,3,0,42,0.09,MOVE,0
80000,8,0,3,0,42,DOWN,DOWN,1,3,0,41,0.08,MOVE,0
80000,9,1,3,0,41,RIGHT,RIGHT,1,4,0,40,0.07,MOVE,0
80000,10,1,4,0,40,LEFT,LEFT,1,3,0,39,-1.92,MOVE,0
80000,11,1,3,0,39,RIGHT,RIGHT,1,4,0,38,0.07,MOVE,0
80000,12,1,4,0,38,DOWN,DOWN,1,4,0,37,-4.93,WALL_HIT,0
80000,13,1,4,0,37,RIGHT,RIGHT,1,5,0,36,0.06,MOVE,0
80000,14,1,5,0,36,RIGHT,DOWN,1,5,0,35,-4.94,WALL_HIT,0
80000,15,1,5,0,35,UP,UP,0,5,0,34,0.05,MOVE,0
80000,16,0,5,0,34,DOWN,DOWN,1,5,0,33,-1.94,MOVE,0
80000,17,1,5,0,33,RIGHT,UP,0,5,0,32,0.05,MOVE,0
80000,18,0,5,0,32,RIGHT,RIGHT,0,6,0,31,0.04,MOVE,0
80000,19,0,6,0,31,RIGHT,UP,0,6,0,30,-4.96,WALL_HIT,0
80000,20,0,6,0,30,RIGHT,DOWN,1,6,0,29,-1.95,MOVE,0
80000,21,1,6,0,29,RIGHT,UP,0,6,0,28,0.04,MOVE,0
80000,22,0,6,0,28,RIGHT,RIGHT,0,7,0,27,0.03,MOVE,0
80000,23,0,7,0,27,RIGHT,RIGHT,0,8,0,26,0.02,MOVE,0
80000,24,0,8,0,26,RIGHT,RIGHT,0,9,0,25,0.01,MOVE,0
80000,25,0,9,0,25,RIGHT,RIGHT,0,10,1,24,32.18,KEY_PICKUP,0
80000,26,0,10,1,24,DOWN,DOWN,1,10,1,23,0.17,MOVE,0
80000,27,1,10,1,23,RIGHT,DOWN,2,10,1,22,0.16,MOVE,0
80000,28,2,10,1,22,DOWN,DOWN,3,10,1,21,0.15,MOVE,0
80000,29,3,10,1,21,LEFT,LEFT,3,9,1,20,-1.84,MOVE,0
80000,30,3,9,1,20,RIGHT,RIGHT,3,10,1,19,0.15,MOVE,0
80000,31,3,10,1,19,DOWN,DOWN,4,10,1,18,0.14,MOVE,0
80000,32,4,10,1,18,DOWN,DOWN,5,10,1,17,0.13,MOVE,0
80000,33,5,10,1,17,RIGHT,UP,4,10,1,16,-1.86,MOVE,0
80000,34,4,10,1,16,DOWN,LEFT,4,10,1,15,-4.86,WALL_HIT,0
80000,35,4,10,1,15,UP,UP,3,10,1,14,-1.85,MOVE,0
80000,36,3,10,1,14,LEFT,UP,2,10,1,13,-1.84,MOVE,0
80000,37,2,10,1,13,DOWN,DOWN,3,10,1,12,0.15,MOVE,0
80000,38,3,10,1,12,LEFT,LEFT,3,9,1,11,-1.84,MOVE,0
80000,39,3,9,1,11,UP,RIGHT,3,10,1,10,0.15,MOVE,0
80000,40,3,10,1,10,LEFT,LEFT,3,9,1,9,-1.84,MOVE,0
80000,41,3,9,1,9,UP,UP,2,9,1,8,-1.83,MOVE,0
80000,42,2,9,1,8,UP,UP,1,9,1,7,-1.82,MOVE,0
80000,43,1,9,1,7,RIGHT,RIGHT,1,10,1,6,0.17,MOVE,0
80000,44,1,10,1,6,LEFT,LEFT,1,9,1,5,-1.82,MOVE,0
80000,45,1,9,1,5,RIGHT,RIGHT,1,10,1,4,0.17,MOVE,0
80000,46,1,10,1,4,DOWN,DOWN,2,10,1,3,0.16,MOVE,0
80000,47,2,10,1,3,RIGHT,RIGHT,2,11,1,2,0.15,MOVE,0
80000,48,2,11,1,2,UP,UP,1,11,1,1,-1.84,MOVE,0
80000,49,1,11,1,1,UP,UP,0,11,1,0,-5.0,ENERGY_DEPLETED,1
90000,0,0,0,0,50,DOWN,DOWN,1,0,0,49,-1.87,MOVE,0
90000,1,1,0,0,49,UP,RIGHT,1,1,0,48,0.12,MOVE,0
90000,2,1,1,0,48,LEFT,UP,0,1,0,47,0.11,MOVE,0
90000,3,0,1,0,47,DOWN,DOWN,1,1,0,46,-1.88,MOVE,0
90000,4,1,1,0,46,LEFT,LEFT,1,0,0,45,-1.87,MOVE,0
90000,5,1,0,0,45,DOWN,RIGHT,1,1,0,44,0.12,MOVE,0
90000,6,1,1,0,44,UP,UP,0,1,0,43,0.11,MOVE,0
90000,7,0,1,0,43,RIGHT,RIGHT,0,2,0,42,0.1,MOVE,0
90000,8,0,2,0,42,RIGHT,RIGHT,0,3,0,41,0.09,MOVE,0
90000,9,0,3,0,41,DOWN,DOWN,1,3,0,40,0.08,MOVE,0
90000,10,1,3,0,40,RIGHT,RIGHT,1,4,0,39,0.07,MOVE,0
90000,11,1,4,0,39,RIGHT,RIGHT,1,5,0,38,0.06,MOVE,0
90000,12,1,5,0,38,UP,UP,0,5,0,37,0.05,MOVE,0
90000,13,0,5,0,37,DOWN,LEFT,0,5,0,36,-4.95,WALL_HIT,0
90000,14,0,5,0,36,DOWN,DOWN,1,5,0,35,-1.94,MOVE,0
90000,15,1,5,0,35,RIGHT,RIGHT,1,6,0,34,0.05,MOVE,0
90000,16,1,6,0,34,RIGHT,RIGHT,1,7,0,33,0.04,MOVE,0
90000,17,1,7,0,33,RIGHT,UP,0,7,0,32,0.03,MOVE,0
90000,18,0,7,0,32,RIGHT,RIGHT,0,8,0,31,0.02,MOVE,0
90000,19,0,8,0,31,RIGHT,RIGHT,0,9,0,30,0.01,MOVE,0
90000,20,0,9,0,30,RIGHT,DOWN,1,9,0,29,-1.98,MOVE,0
90000,21,1,9,0,29,RIGHT,RIGHT,1,10,0,28,0.01,MOVE,0
90000,22,1,10,0,28,UP,UP,0,10,1,27,32.18,KEY_PICKUP,0
90000,23,0,10,1,27,RIGHT,RIGHT,0,11,1,26,0.17,MOVE,0
90000,24,0,11,1,26,DOWN,DOWN,1,11,1,25,0.16,MOVE,0
90000,25,1,11,1,25,RIGHT,RIGHT,1,12,1,24,0.15,MOVE,0
90000,26,1,12,1,24,DOWN,DOWN,2,12,1,23,0.14,MOVE,0
90000,27,2,12,1,23,DOWN,DOWN,3,12,1,22,0.13,MOVE,0
90000,28,3,12,1,22,DOWN,DOWN,4,12,1,21,0.12,MOVE,0
90000,29,4,12,1,21,DOWN,DOWN,5,12,1,20,0.11,MOVE,0
90000,30,5,12,1,20,RIGHT,RIGHT,5,13,1,19,0.1,MOVE,0
90000,31,5,13,1,19,DOWN,DOWN,6,13,1,18,0.09,MOVE,0
90000,32,6,13,1,18,DOWN,DOWN,7,13,1,17,0.08,MOVE,0
90000,33,7,13,1,17,RIGHT,RIGHT,7,14,1,16,-1.91,MOVE,0
90000,34,7,14,1,16,UP,RIGHT,7,15,1,15,-1.9,MOVE,0
90000,35,7,15,1,15,UP,UP,6,15,1,14,-1.89,MOVE,0
90000,36,6,15,1,14,LEFT,UP,5,15,1,13,-1.88,MOVE,0
90000,37,5,15,1,13,DOWN,DOWN,6,15,1,12,0.11,MOVE,0
90000,38,6,15,1,12,UP,UP,5,15,1,11,-1.88,MOVE,0
90000,39,5,15,1,11,LEFT,DOWN,6,15,1,10,0.11,MOVE,0
90000,40,6,15,1,10,LEFT,LEFT,6,14,1,9,0.1,MOVE,0
90000,41,6,14,1,9,UP,UP,5,14,1,8,-1.89,MOVE,0
90000,42,5,14,1,8,UP,LEFT,5,13,1,7,0.1,MOVE,0
90000,43,5,13,1,7,UP,UP,4,13,1,6,-1.89,MOVE,0
90000,44,4,13,1,6,DOWN,DOWN,5,13,1,5,0.1,MOVE,0
90000,45,5,13,1,5,UP,UP,4,13,1,4,-1.89,MOVE,0
90000,46,4,13,1,4,DOWN,RIGHT,4,14,1,3,-1.88,MOVE,0
90000,47,4,14,1,3,UP,UP,3,14,1,2,-1.87,MOVE,0
90000,48,3,14,1,2,RIGHT,RIGHT,3,15,1,1,-1.86,MOVE,0
90000,49,3,15,1,1,LEFT,LEFT,3,14,1,0,-7.0,ENERGY_DEPLETED,1
100000,0,0,0,0,50,RIGHT,RIGHT,0,1,0,49,0.11,MOVE,0
100000,1,0,1,0,49,DOWN,DOWN,1,1,0,48,-1.88,MOVE,0
100000,2,1,1,0,48,DOWN,DOWN,2,1,0,47,0.11,MOVE,0
100000,3,2,1,0,47,RIGHT,DOWN,3,1,0,46,-1.88,MOVE,0
100000,4,3,1,0,46,UP,LEFT,3,1,0,45,-4.88,WALL_HIT,0
100000,5,3,1,0,45,RIGHT,RIGHT,3,2,0,44,0.11,MOVE,0
100000,6,3,2,0,44,UP,UP,2,2,0,43,0.1,MOVE,0
100000,7,2,2,0,43,RIGHT,RIGHT,2,3,0,42,0.09,MOVE,0
100000,8,2,3,0,42,UP,UP,1,3,0,41,0.08,MOVE,0
100000,9,1,3,0,41,RIGHT,RIGHT,1,4,0,40,0.07,MOVE,0
100000,10,1,4,0,40,LEFT,LEFT,1,3,0,39,-1.92,MOVE,0
100000,11,1,3,0,39,RIGHT,UP,0,3,0,38,-1.91,MOVE,0
100000,12,0,3,0,38,DOWN,DOWN,1,3,0,37,0.08,MOVE,0
100000,13,1,3,0,37,RIGHT,RIGHT,1,4,0,36,0.07,MOVE,0
100000,14,1,4,0,36,RIGHT,RIGHT,1,5,0,35,0.06,MOVE,0
100000,15,1,5,0,35,RIGHT,RIGHT,1,6,0,34,0.05,MOVE,0
100000,16,1,6,0,34,RIGHT,RIGHT,1,7,0,33,0.04,MOVE,0
100000,17,1,7,0,33,RIGHT,RIGHT,1,8,0,32,0.03,MOVE,0
100000,18,1,8,0,32,UP,LEFT,1,7,0,31,-1.96,MOVE,0
100000,19,1,7,0,31,RIGHT,RIGHT,1,8,0,30,0.03,MOVE,0
100000,20,1,8,0,30,UP,RIGHT,1,9,0,29,0.02,MOVE,0
100000,21,1,9,0,29,UP,RIGHT,1,10,0,28,0.01,MOVE,0
100000,22,1,10,0,28,UP,UP,0,10,1,27,32.18,KEY_PICKUP,0
100000,23,0,10,1,27,DOWN,DOWN,1,10,1,26,0.17,MOVE,0
100000,24,1,10,1,26,DOWN,DOWN,2,10,1,25,0.16,MOVE,0
100000,25,2,10,1,25,RIGHT,RIGHT,2,11,1,24,0.15,MOVE,0
100000,26,2,11,1,24,RIGHT,RIGHT,2,12,1,23,0.14,MOVE,0
100000,27,2,12,1,23,DOWN,DOWN,3,12,1,22,0.13,MOVE,0
100000,28,3,12,1,22,DOWN,DOWN,4,12,1,21,0.12,MOVE,0
100000,29,4,12,1,21,DOWN,DOWN,5,12,1,20,0.11,MOVE,0
100000,30,5,12,1,20,RIGHT,UP,4,12,1,19,-1.88,MOVE,0
100000,31,4,12,1,19,DOWN,DOWN,5,12,1,18,0.11,MOVE,0
100000,32,5,12,1,18,DOWN,DOWN,6,12,1,17,0.1,MOVE,0
100000,33,6,12,1,17,RIGHT,RIGHT,6,13,1,16,0.09,MOVE,0
100000,34,6,13,1,16,DOWN,DOWN,7,13,1,15,0.08,MOVE,0
100000,35,7,13,1,15,DOWN,DOWN,8,13,1,14,0.07,MOVE,0
100000,36,8,13,1,14,LEFT,LEFT,8,13,1,13,-4.93,WALL_HIT,0
100000,37,8,13,1,13,LEFT,LEFT,8,13,1,12,-4.93,WALL_HIT,0
100000,38,8,13,1,12,DOWN,DOWN,9,13,1,11,0.06,MOVE,0
100000,39,9,13,1,11,DOWN,DOWN,10,13,1,10,0.05,MOVE,0
100000,40,10,13,1,10,DOWN,DOWN,11,13,1,9,0.04,MOVE,0
100000,41,11,13,1,9,DOWN,DOWN,12,13,1,8,0.03,MOVE,0
100000,42,12,13,1,8,DOWN,DOWN,12,13,1,7,-4.97,WALL_HIT,0
100000,43,12,13,1,7,RIGHT,UP,11,13,1,6,-1.96,MOVE,0
100000,44,11,13,1,6,DOWN,DOWN,12,13,1,5,0.03,MOVE,0
100000,45,12,13,1,5,RIGHT,RIGHT,12,14,1,4,0.02,MOVE,0
100000,46,12,14,1,4,DOWN,DOWN,13,14,1,3,0.01,DOOR_PASS,0
100000,47,13,14,1,3,UP,UP,12,14,1,2,-1.98,MOVE,0
100000,48,12,14,1,2,RIGHT,RIGHT,12,15,1,1,-1.97,MOVE,0
100000,49,12,15,1,1,LEFT,LEFT,12,14,1,0,-18.0,ENERGY_DEPLETED,1
110000,0,0,0,0,50,RIGHT,RIGHT,0,1,0,49,0.11,MOVE,0
110000,1,0,1,0,49,DOWN,DOWN,1,1,0,48,-1.88,MOVE,0
110000,2,1,1,0,48,LEFT,LEFT,1,0,0,47,-1.87,MOVE,0
110000,3,1,0,0,47,RIGHT,RIGHT,1,1,0,46,0.12,MOVE,0
110000,4,1,1,0,46,DOWN,DOWN,2,1,0,45,0.11,MOVE,0
110000,5,2,1,0,45,RIGHT,RIGHT,2,2,0,44,0.1,MOVE,0
110000,6,2,2,0,44,DOWN,DOWN,3,2,0,43,-1.89,MOVE,0
110000,7,3,2,0,43,UP,LEFT,3,1,0,42,-1.88,MOVE,0
110000,8,3,1,0,42,RIGHT,UP,2,1,0,41,0.11,MOVE,0
110000,9,2,1,0,41,RIGHT,RIGHT,2,2,0,40,0.1,MOVE,0
110000,10,2,2,0,40,RIGHT,RIGHT,2,3,0,39,0.09,MOVE,0
110000,11,2,3,0,39,UP,RIGHT,2,3,0,38,-4.91,WALL_HIT,0
110000,12,2,3,0,38,UP,UP,1,3,0,37,0.08,MOVE,0
110000,13,1,3,0,37,RIGHT,RIGHT,1,4,0,36,0.07,MOVE,0
110000,14,1,4,0,36,LEFT,LEFT,1,3,0,35,-1.92,MOVE,0
110000,15,1,3,0,35,RIGHT,UP,0,3,0,34,-1.91,MOVE,0
110000,16,0,3,0,34,DOWN,RIGHT,0,3,0,33,-4.91,WALL_HIT,0
110000,17,0,3,0,33,LEFT,DOWN,1,3,0,32,0.08,MOVE,0
110000,18,1,3,0,32,RIGHT,RIGHT,1,4,0,31,0.07,MOVE,0
110000,19,1,4,0,31,RIGHT,RIGHT,1,5,0,30,0.06,MOVE,0
110000,20,1,5,0,30,RIGHT,DOWN,1,5,0,29,-4.94,WALL_HIT,0
110000,21,1,5,0,29,RIGHT,RIGHT,1,6,0,28,0.05,MOVE,0
110000,22,1,6,0,28,RIGHT,RIGHT,1,7,0,27,0.04,MOVE,0
110000,23,1,7,0,27,UP,UP,0,7,0,26,0.03,MOVE,0
110000,24,0,7,0,26,RIGHT,UP,0,7,0,25,-4.97,WALL_HIT,0
110000,25,0,7,0,25,RIGHT,RIGHT,0,8,0,24,0.02,MOVE,0
110000,26,0,8,0,24,RIGHT,RIGHT,0,9,0,23,0.01,MOVE,0
110000,27,0,9,0,23,RIGHT,DOWN,1,9,0,22,-1.98,MOVE,0
110000,28,1,9,0,22,RIGHT,RIGHT,1,10,0,21,0.01,MOVE,0
110000,29,1,10,0,21,UP,RIGHT,1,11,0,20,-1.98,MOVE,0
110000,30,1,11,0,20,UP,UP,0,11,0,19,0.01,MOVE,0
110000,31,0,11,0,19,LEFT,LEFT,0,10,1,18,32.18,KEY_PICKUP,0
110000,32,0,10,1,18,DOWN,DOWN,1,10,1,17,0.17,MOVE,0
110000,33,1,10,1,17,DOWN,DOWN,2,10,1,16,0.16,MOVE,0
110000,34,2,10,1,16,DOWN,DOWN,3,10,1,15,0.15,MOVE,0
110000,35,3,10,1,15,DOWN,DOWN,4,10,1,14,0.14,MOVE,0
110000,36,4,10,1,14,RIGHT,UP,3,10,1,13,-1.85,MOVE,0
110000,37,3,10,1,13,LEFT,LEFT,3,9,1,12,-1.84,MOVE,0
110000,38,3,9,1,12,UP,LEFT,3,8,1,11,-1.83,MOVE,0
110000,39,3,8,1,11,UP,RIGHT,3,9,1,10,0.16,MOVE,0
110000,40,3,9,1,10,UP,UP,2,9,1,9,-1.83,MOVE,0
110000,41,2,9,1,9,UP,UP,1,9,1,8,-1.82,MOVE,0
110000,42,1,9,1,8,LEFT,LEFT,1,8,1,7,-1.81,MOVE,0
110000,43,1,8,1,7,UP,UP,0,8,1,6,-1.8,MOVE,0
110000,44,0,8,1,6,DOWN,DOWN,1,8,1,5,0.19,MOVE,0
110000,45,1,8,1,5,DOWN,DOWN,2,8,1,4,0.18,MOVE,0
110000,46,2,8,1,4,UP,UP,1,8,1,3,-1.81,MOVE,0
110000,47,1,8,1,3,UP,UP,0,8,1,2,-1.8,MOVE,0
110000,48,0,8,1,2,DOWN,DOWN,1,8,1,1,0.19,MOVE,0
110000,49,1,8,1,1,LEFT,LEFT,1,7,1,0,-2.0,ENERGY_DEPLETED,1
120000,0,0,0,0,50,DOWN,LEFT,0,0,0,49,-4.88,WALL_HIT,0
120000,1,0,0,0,49,DOWN,DOWN,1,0,0,48,-1.87,MOVE,0
120000,2,1,0,0,48,RIGHT,UP,0,0,0,47,0.12,MOVE,0
120000,3,0,0,0,47,RIGHT,RIGHT,0,1,0,46,0.11,MOVE,0
120000,4,0,1,0,46,DOWN,DOWN,1,1,0,45,-1.88,MOVE,0
120000,5,1,1,0,45,DOWN,DOWN,2,1,0,44,0.11,MOVE,0
120000,6,2,1,0,44,RIGHT,DOWN,3,1,0,43,-1.88,MOVE,0
120000,7,3,1,0,43,RIGHT,RIGHT,3,2,0,42,0.11,MOVE,0
120000,8,3,2,0,42,UP,UP,2,2,0,41,0.1,MOVE,0
120000,9,2,2,0,41,RIGHT,RIGHT,2,3,0,40,0.09,MOVE,0
120000,10,2,3,0,40,UP,LEFT,2,2,0,39,-1.9,MOVE,0
120000,11,2,2,0,39,RIGHT,RIGHT,2,3,0,38,0.09,MOVE,0
120000,12,2,3,0,38,UP,UP,1,3,0,37,0.08,MOVE,0
120000,13,1,3,0,37,RIGHT,RIGHT,1,4,0,36,0.07,MOVE,0
120000,14,1,4,0,36,RIGHT,RIGHT,1,5,0,35,0.06,MOVE,0
120000,15,1,5,0,35,RIGHT,RIGHT,1,6,0,34,0.05,MOVE,0
120000,16,1,6,0,34,RIGHT,RIGHT,1,7,0,33,0.04,MOVE,0
120000,17,1,7,0,33,RIGHT,RIGHT,1,8,0,32,0.03,MOVE,0
120000,18,1,8,0,32,RIGHT,UP,0,8,0,31,0.02,MOVE,0
120000,19,0,8,0,31,RIGHT,RIGHT,0,9,0,30,0.01,MOVE,0
120000,20,0,9,0,30,RIGHT,UP,0,9,0,29,-4.99,WALL_HIT,0
120000,21,0,9,0,29,RIGHT,RIGHT,0,10,1,28,32.18,KEY_PICKUP,0
120000,22,0,10,1,28,DOWN,RIGHT,0,11,1,27,0.17,MOVE,0
120000,23,0,11,1,27,DOWN,DOWN,1,11,1,26,0.16,MOVE,0
120000,24,1,11,1,26,DOWN,DOWN,2,11,1,25,0.15,MOVE,0
120000,25,2,11,1,25,RIGHT,DOWN,2,11,1,24,-4.85,WALL_HIT,0
120000,26,2,11,1,24,RIGHT,DOWN,2,11,1,23,-4.85,WALL_HIT,0
120000,27,2,11,1,23,RIGHT,RIGHT,2,12,1,22,0.14,MOVE,0
120000,28,2,12,1,22,DOWN,DOWN,3,12,1,21,0.13,MOVE,0
120000,29,3,12,1,21,DOWN,DOWN,4,12,1,20,0.12,MOVE,0
120000,30,4,12,1,20,RIGHT,RIGHT,4,13,1,19,0.11,MOVE,0
120000,31,4,13,1,19,DOWN,DOWN,5,13,1,18,0.1,MOVE,0
120000,32,5,13,1,18,DOWN,RIGHT,5,14,1,17,-1.89,MOVE,0
120000,33,5,14,1,17,DOWN,DOWN,6,14,1,16,0.1,MOVE,0
120000,34,6,14,1,16,DOWN,LEFT,6,13,1,15,0.09,MOVE,0
120000,35,6,13,1,15,DOWN,DOWN,7,13,1,14,0.08,MOVE,0
120000,36,7,13,1,14,DOWN,DOWN,8,13,1,13,0.07,MOVE,0
120000,37,8,13,1,13,DOWN,DOWN,9,13,1,12,0.06,MOVE,0
120000,38,9,13,1,12,DOWN,RIGHT,9,14,1,11,-1.93,MOVE,0
120000,39,9,14,1,11,LEFT,LEFT,9,13,1,10,0.06,MOVE,0
120000,40,9,13,1,10,DOWN,DOWN,10,13,1,9,0.05,MOVE,0
120000,41,10,13,1,9,DOWN,RIGHT,10,13,1,8,-4.95,WALL_HIT,0
120000,42,10,13,1,8,DOWN,RIGHT,10,13,1,7,-4.95,WALL_HIT,0
120000,43,10,13,1,7,DOWN,RIGHT,10,13,1,6,-4.95,WALL_HIT,0
120000,44,10,13,1,6,DOWN,DOWN,11,13,1,5,0.04,MOVE,0
120000,45,11,13,1,5,LEFT,LEFT,11,12,1,4,-1.95,MOVE,0
120000,46,11,12,1,4,DOWN,LEFT,11,11,1,3,-1.94,MOVE,0
120000,47,11,11,1,3,RIGHT,RIGHT,11,12,1,2,0.05,MOVE,0
120000,48,11,12,1,2,RIGHT,RIGHT,11,13,1,1,0.04,MOVE,0
120000,49,11,13,1,1,LEFT,DOWN,12,13,1,0,-17.0,ENERGY_DEPLETED,1
130000,0,0,0,0,50,DOWN,DOWN,1,0,0,49,-1.87,MOVE,0
130000,1,1,0,0,49,RIGHT,RIGHT,1,1,0,48,0.12,MOVE,0
130000,2,1,1,0,48,DOWN,DOWN,2,1,0,47,0.11,MOVE,0
130000,3,2,1,0,47,DOWN,DOWN,3,1,0,46,-1.88,MOVE,0
130000,4,3,1,0,46,RIGHT,RIGHT,3,2,0,45,0.11,MOVE,0
130000,5,3,2,0,45,RIGHT,RIGHT,3,3,0,44,0.1,MOVE,0
130000,6,3,3,0,44,UP,UP,2,3,0,43,0.09,MOVE,0
130000,7,2,3,0,43,UP,LEFT,2,2,0,42,-1.9,MOVE,0
130000,8,2,2,0,42,RIGHT,RIGHT,2,3,0,41,0.09,MOVE,0
130000,9,2,3,0,41,UP,UP,1,3,0,40,0.08,MOVE,0
130000,10,1,3,0,40,RIGHT,RIGHT,1,4,0,39,0.07,MOVE,0
130000,11,1,4,0,39,RIGHT,RIGHT,1,5,0,38,0.06,MOVE,0
130000,12,1,5,0,38,RIGHT,RIGHT,1,6,0,37,0.05,MOVE,0
130000,13,1,6,0,37,DOWN,DOWN,2,6,0,36,-1.94,MOVE,0
130000,14,2,6,0,36,UP,UP,1,6,0,35,0.05,MOVE,0
130000,15,1,6,0,35,RIGHT,RIGHT,1,7,0,34,0.04,MOVE,0
130000,16,1,7,0,34,RIGHT,RIGHT,1,8,0,33,0.03,MOVE,0
130000,17,1,8,0,33,UP,UP,0,8,0,32,0.02,MOVE,0
130000,18,0,8,0,32,RIGHT,RIGHT,0,9,0,31,0.01,MOVE,0
130000,19,0,9,0,31,RIGHT,RIGHT,0,10,1,30,32.18,KEY_PICKUP,0
130000,20,0,10,1,30,DOWN,DOWN,1,10,1,29,0.17,MOVE,0
130000,21,1,10,1,29,DOWN,DOWN,2,10,1,28,0.16,MOVE,0
130000,22,2,10,1,28,UP,UP,1,10,1,27,-1.83,MOVE,0
130000,23,1,10,1,27,DOWN,DOWN,2,10,1,26,0.16,MOVE,0
130000,24,2,10,1,26,RIGHT,RIGHT,2,11,1,25,0.15,MOVE,0
130000,25,2,11,1,25,RIGHT,RIGHT,2,12,1,24,0.14,MOVE,0
130000,26,2,12,1,24,DOWN,DOWN,3,12,1,23,0.13,MOVE,0
130000,27,3,12,1,23,RIGHT,RIGHT,3,13,1,22,0.12,MOVE,0
130000,28,3,13,1,22,DOWN,DOWN,4,13,1,21,0.11,MOVE,0
130000,29,4,13,1,21,LEFT,LEFT,4,12,1,20,-1.88,MOVE,0
130000,30,4,12,1,20,DOWN,DOWN,5,12,1,19,0.11,MOVE,0
130000,31,5,12,1,19,DOWN,DOWN,6,12,1,18,0.1,MOVE,0
130000,32,6,12,1,18,RIGHT,DOWN,6,12,1,17,-4.9,WALL_HIT,0
130000,33,6,12,1,17,RIGHT,RIGHT,6,13,1,16,0.09,MOVE,0
130000,34,6,13,1,16,RIGHT,DOWN,7,13,1,15,0.08,MOVE,0
130000,35,7,13,1,15,LEFT,LEFT,7,13,1,14,-4.92,WALL_HIT,0
130000,36,7,13,1,14,DOWN,DOWN,8,13,1,13,0.07,MOVE,0
130000,37,8,13,1,13,DOWN,DOWN,9,13,1,12,0.06,MOVE,0
130000,38,9,13,1,12,LEFT,LEFT,9,12,1,11,-1.93,MOVE,0
130000,39,9,12,1,11,RIGHT,DOWN,10,12,1,10,0.06,MOVE,0
130000,40,10,12,1,10,DOWN,DOWN,11,12,1,9,0.05,MOVE,0
130000,41,11,12,1,9,RIGHT,RIGHT,11,13,1,8,0.04,MOVE,0
130000,42,11,13,1,8,DOWN,DOWN,12,13,1,7,0.03,MOVE,0
130000,43,12,13,1,7,RIGHT,RIGHT,12,14,1,6,0.02,MOVE,0
130000,44,12,14,1,6,DOWN,DOWN,13,14,1,5,0.01,DOOR_PASS,0
130000,45,13,14,1,5,DOWN,DOWN,14,14,1,4,100.0,GOAL_REACHED,1
140000,0,0,0,0,50,RIGHT,RIGHT,0,1,0,49,0.11,MOVE,0
140000,1,0,1,0,49,DOWN,DOWN,1,1,0,48,-1.88,MOVE,0
140000,2,1,1,0,48,LEFT,LEFT,1,0,0,47,-1.87,MOVE,0
140000,3,1,0,0,47,RIGHT,RIGHT,1,1,0,46,0.12,MOVE,0
140000,4,1,1,0,46,LEFT,LEFT,1,0,0,45,-1.87,MOVE,0
140000,5,1,0,0,45,RIGHT,RIGHT,1,1,0,44,0.12,MOVE,0
140000,6,1,1,0,44,DOWN,DOWN,2,1,0,43,0.11,MOVE,0
140000,7,2,1,0,43,DOWN,DOWN,3,1,0,42,-1.88,MOVE,0
140000,8,3,1,0,42,RIGHT,RIGHT,3,2,0,41,0.11,MOVE,0
140000,9,3,2,0,41,RIGHT,RIGHT,3,3,0,40,0.1,MOVE,0
140000,10,3,3,0,40,UP,UP,2,3,0,39,0.09,MOVE,0
140000,11,2,3,0,39,UP,UP,1,3,0,38,0.08,MOVE,0
140000,12,1,3,0,38,RIGHT,RIGHT,1,4,0,37,0.07,MOVE,0
140000,13,1,4,0,37,RIGHT,UP,1,4,0,36,-4.93,WALL_HIT,0
140000,14,1,4,0,36,RIGHT,UP,1,4,0,35,-4.93,WALL_HIT,0
140000,15,1,4,0,35,RIGHT,RIGHT,1,5,0,34,0.06,MOVE,0
140000,16,1,5,0,34,UP,LEFT,1,4,0,33,-1.93,MOVE,0
140000,17,1,4,0,33,RIGHT,DOWN,1,4,0,32,-4.93,WALL_HIT,0
140000,18,1,4,0,32,RIGHT,RIGHT,1,5,0,31,0.06,MOVE,0
140000,19,1,5,0,31,RIGHT,RIGHT,1,6,0,30,0.05,MOVE,0
140000,20,1,6,0,30,UP,UP,0,6,0,29,0.04,MOVE,0
140000,21,0,6,0,29,RIGHT,RIGHT,0,7,0,28,0.03,MOVE,0
140000,22,0,7,0,28,RIGHT,UP,0,7,0,27,-4.97,WALL_HIT,0
140000,23,0,7,0,27,RIGHT,RIGHT,0,8,0,26,0.02,MOVE,0
140000,24,0,8,0,26,RIGHT,DOWN,1,8,0,25,-1.97,MOVE,0
140000,25,1,8,0,25,RIGHT,RIGHT,1,9,0,24,0.02,MOVE,0
140000,26,1,9,0,24,UP,UP,0,9,0,23,0.01,MOVE,0
140000,27,0,9,0,23,RIGHT,RIGHT,0,10,1,22,32.18,KEY_PICKUP,0
140000,28,0,10,1,22,DOWN,LEFT,0,9,1,21,-1.81,MOVE,0
140000,29,0,9,1,21,DOWN,DOWN,1,9,1,20,0.18,MOVE,0
140000,30,1,9,1,20,DOWN,DOWN,2,9,1,19,0.17,MOVE,0
140000,31,2,9,1,19,DOWN,DOWN,3,9,1,18,0.16,MOVE,0
140000,32,3,9,1,18,RIGHT,RIGHT,3,10,1,17,0.15,MOVE,0
140000,33,3,10,1,17,DOWN,LEFT,3,9,1,16,-1.84,MOVE,0
140000,34,3,9,1,16,UP,RIGHT,3,10,1,15,0.15,MOVE,0
140000,35,3,10,1,15,LEFT,DOWN,4,10,1,14,0.14,MOVE,0
140000,36,4,10,1,14,RIGHT,RIGHT,4,11,1,13,0.13,MOVE,0
140000,37,4,11,1,13,RIGHT,UP,4,11,1,12,-4.87,WALL_HIT,0
140000,38,4,11,1,12,DOWN,DOWN,5,11,1,11,0.12,MOVE,0
140000,39,5,11,1,11,LEFT,LEFT,5,10,1,10,-1.87,MOVE,0
140000,40,5,10,1,10,RIGHT,RIGHT,5,11,1,9,0.12,MOVE,0
140000,41,5,11,1,9,DOWN,DOWN,6,11,1,8,0.11,MOVE,0
140000,42,6,11,1,8,UP,UP,5,11,1,7,-1.88,MOVE,0
140000,43,5,11,1,7,DOWN,DOWN,6,11,1,6,0.11,MOVE,0
140000,44,6,11,1,6,UP,UP,5,11,1,5,-1.88,MOVE,0
140000,45,5,11,1,5,LEFT,LEFT,5,10,1,4,-1.87,MOVE,0
140000,46,5,10,1,4,LEFT,UP,4,10,1,3,-1.86,MOVE,0
140000,47,4,10,1,3,RIGHT,RIGHT,4,11,1,2,0.13,MOVE,0
140000,48,4,11,1,2,DOWN,DOWN,5,11,1,1,0.12,MOVE,0
140000,49,5,11,1,1,LEFT,LEFT,5,10,1,0,-9.0,ENERGY_DEPLETED,1
149990,0,0,0,0,50,RIGHT,RIGHT,0,1,0,49,0.11,MOVE,0
149990,1,0,1,0,49,DOWN,DOWN,1,1,0,48,-1.88,MOVE,0
149990,2,1,1,0,48,LEFT,LEFT,1,0,0,47,-1.87,MOVE,0
149990,3,1,0,0,47,RIGHT,RIGHT,1,1,0,46,0.12,MOVE,0
149990,4,1,1,0,46,DOWN,DOWN,2,1,0,45,0.11,MOVE,0
149990,5,2,1,0,45,RIGHT,DOWN,3,1,0,44,-1.88,MOVE,0
149990,6,3,1,0,44,UP,UP,2,1,0,43,0.11,MOVE,0
149990,7,2,1,0,43,RIGHT,RIGHT,2,2,0,42,0.1,MOVE,0
149990,8,2,2,0,42,RIGHT,UP,2,2,0,41,-4.9,WALL_HIT,0
149990,9,2,2,0,41,RIGHT,RIGHT,2,3,0,40,0.09,MOVE,0
149990,10,2,3,0,40,UP,UP,1,3,0,39,0.08,MOVE,0
149990,11,1,3,0,39,RIGHT,DOWN,2,3,0,38,-1.91,MOVE,0
149990,12,2,3,0,38,UP,UP,1,3,0,37,0.08,MOVE,0
149990,13,1,3,0,37,RIGHT,RIGHT,1,4,0,36,0.07,MOVE,0
149990,14,1,4,0,36,RIGHT,RIGHT,1,5,0,35,0.06,MOVE,0
149990,15,1,5,0,35,UP,RIGHT,1,6,0,34,0.05,MOVE,0
149990,16,1,6,0,34,RIGHT,RIGHT,1,7,0,33,0.04,MOVE,0
149990,17,1,7,0,33,UP,UP,0,7,0,32,0.03,MOVE,0
149990,18,0,7,0,32,RIGHT,RIGHT,0,8,0,31,0.02,MOVE,0
149990,19,0,8,0,31,RIGHT,RIGHT,0,9,0,30,0.01,MOVE,0
149990,20,0,9,0,30,RIGHT,RIGHT,0,10,1,29,32.18,KEY_PICKUP,0
149990,21,0,10,1,29,DOWN,DOWN,1,10,1,28,0.17,MOVE,0
149990,22,1,10,1,28,RIGHT,RIGHT,1,11,1,27,0.16,MOVE,0
149990,23,1,11,1,27,DOWN,DOWN,2,11,1,26,0.15,MOVE,0
149990,24,2,11,1,26,RIGHT,UP,1,11,1,25,-1.84,MOVE,0
149990,25,1,11,1,25,RIGHT,RIGHT,1,12,1,24,0.15,MOVE,0
149990,26,1,12,1,24,DOWN,DOWN,2,12,1,23,0.14,MOVE,0
149990,27,2,12,1,23,DOWN,DOWN,3,12,1,22,0.13,MOVE,0
149990,28,3,12,1,22,DOWN,DOWN,4,12,1,21,0.12,MOVE,0
149990,29,4,12,1,21,DOWN,DOWN,5,12,1,20,0.11,MOVE,0
149990,30,5,12,1,20,DOWN,DOWN,6,12,1,19,0.1,MOVE,0
149990,31,6,12,1,19,RIGHT,RIGHT,6,13,1,18,0.09,MOVE,0
149990,32,6,13,1,18,DOWN,DOWN,7,13,1,17,0.08,MOVE,0
149990,33,7,13,1,17,RIGHT,DOWN,8,13,1,16,0.07,MOVE,0
149990,34,8,13,1,16,LEFT,LEFT,8,13,1,15,-4.93,WALL_HIT,0
149990,35,8,13,1,15,DOWN,DOWN,9,13,1,14,0.06,MOVE,0
149990,36,9,13,1,14,LEFT,LEFT,9,12,1,13,-1.93,MOVE,0
149990,37,9,12,1,13,RIGHT,UP,9,12,1,12,-4.93,WALL_HIT,0
149990,38,9,12,1,12,UP,UP,9,12,1,11,-4.93,WALL_HIT,0
149990,39,9,12,1,11,DOWN,DOWN,10,12,1,10,0.06,MOVE,0
149990,40,10,12,1,10,RIGHT,RIGHT,10,13,1,9,0.05,MOVE,0
149990,41,10,13,1,9,DOWN,LEFT,10,12,1,8,-1.94,MOVE,0
149990,42,10,12,1,8,DOWN,DOWN,11,12,1,7,0.05,MOVE,0
149990,43,11,12,1,7,RIGHT,DOWN,12,12,1,6,0.04,MOVE,0
149990,44,12,12,1,6,RIGHT,RIGHT,12,13,1,5,0.03,MOVE,0
149990,45,12,13,1,5,RIGHT,RIGHT,12,14,1,4,0.02,MOVE,0
149990,46,12,14,1,4,DOWN,DOWN,13,14,1,3,0.01,DOOR_PASS,0
149990,47,13,14,1,3,DOWN,RIGHT,13,14,1,2,-4.99,WALL_HIT,0
149990,48,13,14,1,2,DOWN,DOWN,14,14,1,1,100.0,GOAL_REACHED,1
149991,0,0,0,0,50,RIGHT,DOWN,1,0,0,49,-1.87,MOVE,0
149991,1,1,0,0,49,DOWN,DOWN,2,0,0,48,0.12,MOVE,0
149991,2,2,0,0,48,RIGHT,RIGHT,2,1,0,47,0.11,MOVE,0
149991,3,2,1,0,47,RIGHT,RIGHT,2,2,0,46,0.1,MOVE,0
149991,4,2,2,0,46,DOWN,DOWN,3,2,0,45,-1.89,MOVE,0
149991,5,3,2,0,45,RIGHT,RIGHT,3,3,0,44,0.1,MOVE,0
149991,6,3,3,0,44,UP,UP,2,3,0,43,0.09,MOVE,0
149991,7,2,3,0,43,LEFT,LEFT,2,2,0,42,-1.9,MOVE,0
149991,8,2,2,0,42,RIGHT,RIGHT,2,3,0,41,0.09,MOVE,0
149991,9,2,3,0,41,UP,UP,1,3,0,40,0.08,MOVE,0
149991,10,1,3,0,40,RIGHT,DOWN,2,3,0,39,-1.91,MOVE,0
149991,11,2,3,0,39,UP,RIGHT,2,3,0,38,-4.91,WALL_HIT,0
149991,12,2,3,0,38,UP,UP,1,3,0,37,0.08,MOVE,0
149991,13,1,3,0,37,RIGHT,RIGHT,1,4,0,36,0.07,MOVE,0
149991,14,1,4,0,36,RIGHT,RIGHT,1,5,0,35,0.06,MOVE,0
149991,15,1,5,0,35,UP,UP,0,5,0,34,0.05,MOVE,0
149991,16,0,5,0,34,RIGHT,RIGHT,0,6,0,33,0.04,MOVE,0
149991,17,0,6,0,33,RIGHT,RIGHT,0,7,0,32,0.03,MOVE,0
149991,18,0,7,0,32,RIGHT,RIGHT,0,8,0,31,0.02,MOVE,0
149991,19,0,8,0,31,RIGHT,RIGHT,0,9,0,30,0.01,MOVE,0
149991,20,0,9,0,30,RIGHT,DOWN,1,9,0,29,-1.98,MOVE,0
149991,21,1,9,0,29,UP,UP,0,9,0,28,0.01,MOVE,0
149991,22,0,9,0,28,RIGHT,RIGHT,0,10,1,27,32.18,KEY_PICKUP,0
149991,23,0,10,1,27,DOWN,DOWN,1,10,1,26,0.17,MOVE,0
149991,24,1,10,1,26,DOWN,DOWN,2,10,1,25,0.16,MOVE,0
149991,25,2,10,1,25,DOWN,DOWN,3,10,1,24,0.15,MOVE,0
149991,26,3,10,1,24,DOWN,DOWN,4,10,1,23,0.14,MOVE,0
149991,27,4,10,1,23,RIGHT,RIGHT,4,11,1,22,0.13,MOVE,0
149991,28,4,11,1,22,UP,UP,4,11,1,21,-4.87,WALL_HIT,0
149991,29,4,11,1,21,DOWN,DOWN,5,11,1,20,0.12,MOVE,0
149991,30,5,11,1,20,DOWN,LEFT,5,10,1,19,-1.87,MOVE,0
149991,31,5,10,1,19,RIGHT,RIGHT,5,11,1,18,0.12,MOVE,0
149991,32,5,11,1,18,RIGHT,UP,4,11,1,17,-1.87,MOVE,0
149991,33,4,11,1,17,DOWN,DOWN,5,11,1,16,0.12,MOVE,0
149991,34,5,11,1,16,RIGHT,RIGHT,5,12,1,15,0.11,MOVE,0
149991,35,5,12,1,15,RIGHT,RIGHT,5,13,1,14,0.1,MOVE,0
149991,36,5,13,1,14,DOWN,DOWN,6,13,1,13,0.09,MOVE,0
149991,37,6,13,1,13,DOWN,DOWN,7,13,1,12,0.08,MOVE,0
149991,38,7,13,1,12,DOWN,RIGHT,7,14,1,11,-1.91,MOVE,0
149991,39,7,14,1,11,LEFT,LEFT,7,13,1,10,0.08,MOVE,0
149991,40,7,13,1,10,DOWN,DOWN,8,13,1,9,0.07,MOVE,0
149991,41,8,13,1,9,DOWN,DOWN,9,13,1,8,0.06,MOVE,0
149991,42,9,13,1,8,DOWN,DOWN,10,13,1,7,0.05,MOVE,0
149991,43,10,13,1,7,DOWN,DOWN,11,13,1,6,0.04,MOVE,0
149991,44,11,13,1,6,DOWN,DOWN,12,13,1,5,0.03,MOVE,0
149991,45,12,13,1,5,RIGHT,RIGHT,12,14,1,4,0.02,MOVE,0
149991,46,12,14,1,4,DOWN,LEFT,12,13,1,3,-1.97,MOVE,0
149991,47,12,13,1,3,RIGHT,DOWN,12,13,1,2,-4.97,WALL_HIT,0
149991,48,12,13,1,2,UP,UP,11,13,1,1,-1.96,MOVE,0
149991,49,11,13,1,1,LEFT,UP,10,13,1,0,-17.0,ENERGY_DEPLETED,1
149992,0,0,0,0,50,UP,UP,0,0,0,49,-4.88,WALL_HIT,0
149992,1,0,0,0,49,RIGHT,DOWN,1,0,0,48,-1.87,MOVE,0
149992,2,1,0,0,48,RIGHT,RIGHT,1,1,0,47,0.12,MOVE,0
149992,3,1,1,0,47,LEFT,DOWN,2,1,0,46,0.11,MOVE,0
149992,4,2,1,0,46,RIGHT,UP,1,1,0,45,-1.88,MOVE,0
149992,5,1,1,0,45,UP,UP,0,1,0,44,0.11,MOVE,0
149992,6,0,1,0,44,RIGHT,DOWN,1,1,0,43,-1.88,MOVE,0
149992,7,1,1,0,43,DOWN,DOWN,2,1,0,42,0.11,MOVE,0
149992,8,2,1,0,42,RIGHT,RIGHT,2,2,0,41,0.1,MOVE,0
149992,9,2,2,0,41,RIGHT,RIGHT,2,3,0,40,0.09,MOVE,0
149992,10,2,3,0,40,UP,UP,1,3,0,39,0.08,MOVE,0
149992,11,1,3,0,39,RIGHT,RIGHT,1,4,0,38,0.07,MOVE,0
149992,12,1,4,0,38,LEFT,DOWN,1,4,0,37,-4.93,WALL_HIT,0
149992,13,1,4,0,37,RIGHT,RIGHT,1,5,0,36,0.06,MOVE,0
149992,14,1,5,0,36,RIGHT,RIGHT,1,6,0,35,0.05,MOVE,0
149992,15,1,6,0,35,RIGHT,UP,0,6,0,34,0.04,MOVE,0
149992,16,0,6,0,34,RIGHT,RIGHT,0,7,0,33,0.03,MOVE,0
149992,17,0,7,0,33,RIGHT,RIGHT,0,8,0,32,0.02,MOVE,0
149992,18,0,8,0,32,DOWN,DOWN,1,8,0,31,-1.97,MOVE,0
149992,19,1,8,0,31,RIGHT,UP,0,8,0,30,0.02,MOVE,0
149992,20,0,8,0,30,RIGHT,RIGHT,0,9,0,29,0.01,MOVE,0
149992,21,0,9,0,29,RIGHT,RIGHT,0,10,1,28,32.18,KEY_PICKUP,0
149992,22,0,10,1,28,DOWN,DOWN,1,10,1,27,0.17,MOVE,0
149992,23,1,10,1,27,RIGHT,RIGHT,1,11,1,26,0.16,MOVE,0
149992,24,1,11,1,26,DOWN,DOWN,2,11,1,25,0.15,MOVE,0
149992,25,2,11,1,25,RIGHT,RIGHT,2,12,1,24,0.14,MOVE,0
149992,26,2,12,1,24,UP,UP,1,12,1,23,-1.85,MOVE,0
149992,27,1,12,1,23,DOWN,DOWN,2,12,1,22,0.14,MOVE,0
149992,28,2,12,1,22,DOWN,DOWN,3,12,1,21,0.13,MOVE,0
149992,29,3,12,1,21,RIGHT,RIGHT,3,13,1,20,0.12,MOVE,0
149992,30,3,13,1,20,LEFT,LEFT,3,12,1,19,-1.87,MOVE,0
149992,31,3,12,1,19,DOWN,RIGHT,3,13,1,18,0.12,MOVE,0
149992,32,3,13,1,18,DOWN,DOWN,4,13,1,17,0.11,MOVE,0
149992,33,4,13,1,17,DOWN,DOWN,5,13,1,16,0.1,MOVE,0
149992,34,5,13,1,16,DOWN,DOWN,6,13,1,15,0.09,MOVE,0
149992,35,6,13,1,15,DOWN,DOWN,7,13,1,14,0.08,MOVE,0
149992,36,7,13,1,14,DOWN,RIGHT,7,14,1,13,-1.91,MOVE,0
149992,37,7,14,1,13,LEFT,LEFT,7,13,1,12,0.08,MOVE,0
149992,38,7,13,1,12,DOWN,DOWN,8,13,1,11,0.07,MOVE,0
149992,39,8,13,1,11,DOWN,RIGHT,8,14,1,10,-10.92,PENALTY_CELL,0
149992,40,8,14,1,10,DOWN,DOWN,9,14,1,9,0.07,MOVE,0
149992,41,9,14,1,9,RIGHT,RIGHT,9,15,1,8,0.06,MOVE,0
149992,42,9,15,1,8,DOWN,DOWN,10,15,1,7,0.05,MOVE,0
149992,43,10,15,1,7,DOWN,DOWN,11,15,1,6,0.04,MOVE,0
149992,44,11,15,1,6,DOWN,DOWN,12,15,1,5,0.03,MOVE,0
149992,45,12,15,1,5,LEFT,LEFT,12,14,1,4,0.02,MOVE,0
149992,46,12,14,1,4,DOWN,DOWN,13,14,1,3,0.01,DOOR_PASS,0
149992,47,13,14,1,3,DOWN,DOWN,14,14,1,2,100.0,GOAL_REACHED,1
149993,0,0,0,0,50,RIGHT,RIGHT,0,1,0,49,0.11,MOVE,0
149993,1,0,1,0,49,DOWN,DOWN,1,1,0,48,-1.88,MOVE,0
149993,2,1,1,0,48,LEFT,LEFT,1,0,0,47,-1.87,MOVE,0
149993,3,1,0,0,47,RIGHT,RIGHT,1,1,0,46,0.12,MOVE,0
149993,4,1,1,0,46,DOWN,DOWN,2,1,0,45,0.11,MOVE,0
149993,5,2,1,0,45,RIGHT,RIGHT,2,2,0,44,0.1,MOVE,0
149993,6,2,2,0,44,RIGHT,RIGHT,2,3,0,43,0.09,MOVE,0
149993,7,2,3,0,43,LEFT,LEFT,2,2,0,42,-1.9,MOVE,0
149993,8,2,2,0,42,RIGHT,RIGHT,2,3,0,41,0.09,MOVE,0
149993,9,2,3,0,41,UP,UP,1,3,0,40,0.08,MOVE,0
149993,10,1,3,0,40,RIGHT,UP,0,3,0,39,-1.91,MOVE,0
149993,11,0,3,0,39,DOWN,DOWN,1,3,0,38,0.08,MOVE,0
149993,12,1,3,0,38,RIGHT,RIGHT,1,4,0,37,0.07,MOVE,0
149993,13,1,4,0,37,RIGHT,RIGHT,1,5,0,36,0.06,MOVE,0
149993,14,1,5,0,36,RIGHT,RIGHT,1,6,0,35,0.05,MOVE,0
149993,15,1,6,0,35,RIGHT,RIGHT,1,7,0,34,0.04,MOVE,0
149993,16,1,7,0,34,UP,UP,0,7,0,33,0.03,MOVE,0
149993,17,0,7,0,33,RIGHT,RIGHT,0,8,0,32,0.02,MOVE,0
149993,18,0,8,0,32,RIGHT,RIGHT,0,9,0,31,0.01,MOVE,0
149993,19,0,9,0,31,RIGHT,RIGHT,0,10,1,30,32.18,KEY_PICKUP,0
149993,20,0,10,1,30,DOWN,DOWN,1,10,1,29,0.17,MOVE,0
149993,21,1,10,1,29,DOWN,DOWN,2,10,1,28,0.16,MOVE,0
149993,22,2,10,1,28,RIGHT,DOWN,3,10,1,27,0.15,MOVE,0
149993,23,3,10,1,27,RIGHT,RIGHT,3,10,1,26,-4.85,WALL_HIT,0
149993,24,3,10,1,26,DOWN,DOWN,4,10,1,25,0.14,MOVE,0
149993,25,4,10,1,25,UP,UP,3,10,1,24,-1.85,MOVE,0
149993,26,3,10,1,24,DOWN,DOWN,4,10,1,23,0.14,MOVE,0
149993,27,4,10,1,23,RIGHT,UP,3,10,1,22,-1.85,MOVE,0
149993,28,3,10,1,22,DOWN,LEFT,3,9,1,21,-1.84,MOVE,0
149993,29,3,9,1,21,RIGHT,RIGHT,3,10,1,20,0.15,MOVE,0
149993,30,3,10,1,20,DOWN,DOWN,4,10,1,19,0.14,MOVE,0
149993,31,4,10,1,19,DOWN,DOWN,5,10,1,18,0.13,MOVE,0
149993,32,5,10,1,18,RIGHT,RIGHT,5,11,1,17,0.12,MOVE,0
149993,33,5,11,1,17,RIGHT,RIGHT,5,12,1,16,0.11,MOVE,0
149993,34,5,12,1,16,DOWN,DOWN,6,12,1,15,0.1,MOVE,0
149993,35,6,12,1,15,DOWN,DOWN,6,12,1,14,-4.9,WALL_HIT,0
149993,36,6,12,1,14,RIGHT,RIGHT,6,13,1,13,0.09,MOVE,0
149993,37,6,13,1,13,DOWN,DOWN,7,13,1,12,0.08,MOVE,0
149993,38,7,13,1,12,DOWN,DOWN,8,13,1,11,0.07,MOVE,0
149993,39,8,13,1,11,DOWN,DOWN,9,13,1,10,0.06,MOVE,0
149993,40,9,13,1,10,DOWN,DOWN,10,13,1,9,0.05,MOVE,0
149993,41,10,13,1,9,DOWN,RIGHT,10,13,1,8,-4.95,WALL_HIT,0
149993,42,10,13,1,8,DOWN,DOWN,11,13,1,7,0.04,MOVE,0
149993,43,11,13,1,7,DOWN,DOWN,12,13,1,6,0.03,MOVE,0
149993,44,12,13,1,6,RIGHT,RIGHT,12,14,1,5,0.02,MOVE,0
149993,45,12,14,1,5,DOWN,DOWN,13,14,1,4,0.01,DOOR_PASS,0
149993,46,13,14,1,4,DOWN,DOWN,14,14,1,3,100.0,GOAL_REACHED,1
149994,0,0,0,0,50,RIGHT,RIGHT,0,1,0,49,0.11,MOVE,0
149994,1,0,1,0,49,DOWN,DOWN,1,1,0,48,-1.88,MOVE,0
149994,2,1,1,0,48,LEFT,LEFT,1,0,0,47,-1.87,MOVE,0
149994,3,1,0,0,47,RIGHT,RIGHT,1,1,0,46,0.12,MOVE,0
149994,4,1,1,0,46,DOWN,DOWN,2,1,0,45,0.11,MOVE,0
149994,5,2,1,0,45,RIGHT,RIGHT,2,2,0,44,0.1,MOVE,0
149994,6,2,2,0,44,UP,UP,2,2,0,43,-4.9,WALL_HIT,0
149994,7,2,2,0,43,RIGHT,RIGHT,2,3,0,42,0.09,MOVE,0
149994,8,2,3,0,42,UP,UP,1,3,0,41,0.08,MOVE,0
149994,9,1,3,0,41,RIGHT,RIGHT,1,4,0,40,0.07,MOVE,0
149994,10,1,4,0,40,RIGHT,RIGHT,1,5,0,39,0.06,MOVE,0
149994,11,1,5,0,39,UP,UP,0,5,0,38,0.05,MOVE,0
149994,12,0,5,0,38,RIGHT,RIGHT,0,6,0,37,0.04,MOVE,0
149994,13,0,6,0,37,DOWN,DOWN,1,6,0,36,-1.95,MOVE,0
149994,14,1,6,0,36,RIGHT,RIGHT,1,7,0,35,0.04,MOVE,0
149994,15,1,7,0,35,RIGHT,RIGHT,1,8,0,34,0.03,MOVE,0
149994,16,1,8,0,34,UP,UP,0,8,0,33,0.02,MOVE,0
149994,17,0,8,0,33,RIGHT,RIGHT,0,9,0,32,0.01,MOVE,0
149994,18,0,9,0,32,RIGHT,RIGHT,0,10,1,31,32.18,KEY_PICKUP,0
149994,19,0,10,1,31,RIGHT,RIGHT,0,11,1,30,0.17,MOVE,0
149994,20,0,11,1,30,DOWN,RIGHT,0,12,1,29,0.16,MOVE,0
149994,21,0,12,1,29,DOWN,DOWN,1,12,1,28,0.15,MOVE,0
149994,22,1,12,1,28,DOWN,DOWN,2,12,1,27,0.14,MOVE,0
149994,23,2,12,1,27,DOWN,DOWN,3,12,1,26,0.13,MOVE,0
149994,24,3,12,1,26,RIGHT,RIGHT,3,13,1,25,0.12,MOVE,0
149994,25,3,13,1,25,LEFT,LEFT,3,12,1,24,-1.87,MOVE,0
149994,26,3,12,1,24,RIGHT,DOWN,4,12,1,23,0.12,MOVE,0
149994,27,4,12,1,23,DOWN,DOWN,5,12,1,22,0.11,MOVE,0
149994,28,5,12,1,22,RIGHT,RIGHT,5,13,1,21,0.1,MOVE,0
149994,29,5,13,1,21,DOWN,DOWN,6,13,1,20,0.09,MOVE,0
149994,30,6,13,1,20,UP,UP,5,13,1,19,-1.9,MOVE,0
149994,31,5,13,1,19,RIGHT,RIGHT,5,14,1,18,-1.89,MOVE,0
149994,32,5,14,1,18,DOWN,DOWN,6,14,1,17,0.1,MOVE,0
149994,33,6,14,1,17,RIGHT,RIGHT,6,15,1,16,-1.89,MOVE,0
149994,34,6,15,1,16,LEFT,LEFT,6,14,1,15,0.1,MOVE,0
149994,35,6,14,1,15,DOWN,DOWN,7,14,1,14,0.09,MOVE,0
149994,36,7,14,1,14,LEFT,LEFT,7,13,1,13,0.08,MOVE,0
149994,37,7,13,1,13,LEFT,LEFT,7,13,1,12,-4.92,WALL_HIT,0
149994,38,7,13,1,12,DOWN,DOWN,8,13,1,11,0.07,MOVE,0
149994,39,8,13,1,11,DOWN,LEFT,8,13,1,10,-4.93,WALL_HIT,0
149994,40,8,13,1,10,DOWN,DOWN,9,13,1,9,0.06,MOVE,0
149994,41,9,13,1,9,DOWN,DOWN,10,13,1,8,0.05,MOVE,0
149994,42,10,13,1,8,DOWN,DOWN,11,13,1,7,0.04,MOVE,0
149994,43,11,13,1,7,DOWN,DOWN,12,13,1,6,0.03,MOVE,0
149994,44,12,13,1,6,UP,UP,11,13,1,5,-1.96,MOVE,0
149994,45,11,13,1,5,DOWN,DOWN,12,13,1,4,0.03,MOVE,0
149994,46,12,13,1,4,DOWN,LEFT,12,12,1,3,-1.96,MOVE,0
149994,47,12,12,1,3,LEFT,LEFT,12,11,1,2,-1.95,MOVE,0
149994,48,12,11,1,2,RIGHT,RIGHT,12,12,1,1,0.04,MOVE,0
149994,49,12,12,1,1,DOWN,DOWN,13,12,1,0,-17.0,ENERGY_DEPLETED,1
149995,0,0,0,0,50,RIGHT,DOWN,1,0,0,49,-1.87,MOVE,0
149995,1,1,0,0,49,RIGHT,UP,0,0,0,48,0.12,MOVE,0
149995,2,0,0,0,48,RIGHT,DOWN,1,0,0,47,-1.87,MOVE,0
149995,3,1,0,0,47,RIGHT,RIGHT,1,1,0,46,0.12,MOVE,0
149995,4,1,1,0,46,DOWN,DOWN,2,1,0,45,0.11,MOVE,0
149995,5,2,1,0,45,RIGHT,RIGHT,2,2,0,44,0.1,MOVE,0
149995,6,2,2,0,44,RIGHT,RIGHT,2,3,0,43,0.09,MOVE,0
149995,7,2,3,0,43,LEFT,UP,1,3,0,42,0.08,MOVE,0
149995,8,1,3,0,42,RIGHT,RIGHT,1,4,0,41,0.07,MOVE,0
149995,9,1,4,0,41,RIGHT,UP,1,4,0,40,-4.93,WALL_HIT,0
149995,10,1,4,0,40,RIGHT,UP,1,4,0,39,-4.93,WALL_HIT,0
149995,11,1,4,0,39,RIGHT,DOWN,1,4,0,38,-4.93,WALL_HIT,0
149995,12,1,4,0,38,RIGHT,RIGHT,1,5,0,37,0.06,MOVE,0
149995,13,1,5,0,37,RIGHT,RIGHT,1,6,0,36,0.05,MOVE,0
149995,14,1,6,0,36,RIGHT,RIGHT,1,7,0,35,0.04,MOVE,0
149995,15,1,7,0,35,RIGHT,RIGHT,1,8,0,34,0.03,MOVE,0
149995,16,1,8,0,34,UP,UP,0,8,0,33,0.02,MOVE,0
149995,17,0,8,0,33,RIGHT,DOWN,1,8,0,32,-1.97,MOVE,0
149995,18,1,8,0,32,UP,UP,0,8,0,31,0.02,MOVE,0
149995,19,0,8,0,31,RIGHT,RIGHT,0,9,0,30,0.01,MOVE,0
149995,20,0,9,0,30,RIGHT,RIGHT,0,10,1,29,32.18,KEY_PICKUP,0
149995,21,0,10,1,29,DOWN,DOWN,1,10,1,28,0.17,MOVE,0
149995,22,1,10,1,28,RIGHT,RIGHT,1,11,1,27,0.16,MOVE,0
149995,23,1,11,1,27,DOWN,RIGHT,1,12,1,26,0.15,MOVE,0
149995,24,1,12,1,26,DOWN,DOWN,2,12,1,25,0.14,MOVE,0
149995,25,2,12,1,25,DOWN,DOWN,3,12,1,24,0.13,MOVE,0
149995,26,3,12,1,24,RIGHT,RIGHT,3,13,1,23,0.12,MOVE,0
149995,27,3,13,1,23,DOWN,DOWN,4,13,1,22,0.11,MOVE,0
149995,28,4,13,1,22,RIGHT,RIGHT,4,14,1,21,-1.88,MOVE,0
149995,29,4,14,1,21,LEFT,DOWN,5,14,1,20,0.11,MOVE,0
149995,30,5,14,1,20,LEFT,LEFT,5,13,1,19,0.1,MOVE,0
149995,31,5,13,1,19,DOWN,DOWN,6,13,1,18,0.09,MOVE,0
149995,32,6,13,1,18,LEFT,LEFT,6,12,1,17,-1.9,MOVE,0
149995,33,6,12,1,17,LEFT,LEFT,6,11,1,16,-1.89,MOVE,0
149995,34,6,11,1,16,RIGHT,RIGHT,6,12,1,15,0.1,MOVE,0
149995,35,6,12,1,15,DOWN,DOWN,6,12,1,14,-4.9,WALL_HIT,0
149995,36,6,12,1,14,RIGHT,RIGHT,6,13,1,13,0.09,MOVE,0
149995,37,6,13,1,13,DOWN,DOWN,7,13,1,12,0.08,MOVE,0
149995,38,7,13,1,12,DOWN,DOWN,8,13,1,11,0.07,MOVE,0
149995,39,8,13,1,11,DOWN,DOWN,9,13,1,10,0.06,MOVE,0
149995,40,9,13,1,10,DOWN,DOWN,10,13,1,9,0.05,MOVE,0
149995,41,10,13,1,9,DOWN,LEFT,10,12,1,8,-1.94,MOVE,0
149995,42,10,12,1,8,DOWN,DOWN,11,12,1,7,0.05,MOVE,0
149995,43,11,12,1,7,RIGHT,RIGHT,11,13,1,6,0.04,MOVE,0
149995,44,11,13,1,6,DOWN,RIGHT,11,13,1,5,-4.96,WALL_HIT,0
149995,45,11,13,1,5,DOWN,DOWN,12,13,1,4,0.03,MOVE,0
149995,46,12,13,1,4,DOWN,DOWN,12,13,1,3,-4.97,WALL_HIT,0
149995,47,12,13,1,3,RIGHT,RIGHT,12,14,1,2,0.02,MOVE,0
149995,48,12,14,1,2,DOWN,DOWN,13,14,1,1,0.01,DOOR_PASS,0
149995,49,13,14,1,1,DOWN,DOWN,14,14,1,0,100.0,GOAL_REACHED,1
149996,0,0,0,0,50,RIGHT,RIGHT,0,1,0,49,0.11,MOVE,0
149996,1,0,1,0,49,DOWN,LEFT,0,0,0,48,-1.88,MOVE,0
149996,2,0,0,0,48,RIGHT,RIGHT,0,1,0,47,0.11,MOVE,0
149996,3,0,1,0,47,RIGHT,DOWN,1,1,0,46,-1.88,MOVE,0
149996,4,1,1,0,46,DOWN,RIGHT,1,1,0,45,-4.88,WALL_HIT,0
149996,5,1,1,0,45,UP,UP,0,1,0,44,0.11,MOVE,0
149996,6,0,1,0,44,RIGHT,RIGHT,0,2,0,43,0.1,MOVE,0
149996,7,0,2,0,43,RIGHT,RIGHT,0,3,0,42,0.09,MOVE,0
149996,8,0,3,0,42,DOWN,DOWN,1,3,0,41,0.08,MOVE,0
149996,9,1,3,0,41,DOWN,DOWN,2,3,0,40,-1.91,MOVE,0
149996,10,2,3,0,40,UP,UP,1,3,0,39,0.08,MOVE,0
149996,11,1,3,0,39,RIGHT,RIGHT,1,4,0,38,0.07,MOVE,0
149996,12,1,4,0,38,RIGHT,RIGHT,1,5,0,37,0.06,MOVE,0
149996,13,1,5,0,37,RIGHT,RIGHT,1,6,0,36,0.05,MOVE,0
149996,14,1,6,0,36,RIGHT,RIGHT,1,7,0,35,0.04,MOVE,0
149996,15,1,7,0,35,RIGHT,RIGHT,1,8,0,34,0.03,MOVE,0
149996,16,1,8,0,34,UP,UP,0,8,0,33,0.02,MOVE,0
149996,17,0,8,0,33,RIGHT,RIGHT,0,9,0,32,0.01,MOVE,0
149996,18,0,9,0,32,RIGHT,RIGHT,0,10,1,31,32.18,KEY_PICKUP,0
149996,19,0,10,1,31,RIGHT,RIGHT,0,11,1,30,0.17,MOVE,0
149996,20,0,11,1,30,LEFT,LEFT,0,10,1,29,-1.82,MOVE,0
149996,21,0,10,1,29,DOWN,DOWN,1,10,1,28,0.17,MOVE,0
149996,22,1,10,1,28,RIGHT,RIGHT,1,11,1,27,0.16,MOVE,0
149996,23,1,11,1,27,DOWN,DOWN,2,11,1,26,0.15,MOVE,0
149996,24,2,11,1,26,RIGHT,RIGHT,2,12,1,25,0.14,MOVE,0
149996,25,2,12,1,25,DOWN,DOWN,3,12,1,24,0.13,MOVE,0
149996,26,3,12,1,24,RIGHT,RIGHT,3,13,1,23,0.12,MOVE,0
149996,27,3,13,1,23,DOWN,DOWN,4,13,1,22,0.11,MOVE,0
149996,28,4,13,1,22,UP,LEFT,4,12,1,21,-1.88,MOVE,0
149996,29,4,12,1,21,DOWN,DOWN,5,12,1,20,0.11,MOVE,0
149996,30,5,12,1,20,DOWN,DOWN,6,12,1,19,0.1,MOVE,0
149996,31,6,12,1,19,RIGHT,RIGHT,6,13,1,18,0.09,MOVE,0
149996,32,6,13,1,18,LEFT,LEFT,6,12,1,17,-1.9,MOVE,0
149996,33,6,12,1,17,DOWN,DOWN,6,12,1,16,-4.9,WALL_HIT,0
149996,34,6,12,1,16,RIGHT,RIGHT,6,13,1,15,0.09,MOVE,0
149996,35,6,13,1,15,DOWN,LEFT,6,12,1,14,-1.9,MOVE,0
149996,36,6,12,1,14,RIGHT,UP,5,12,1,13,-1.89,MOVE,0
149996,37,5,12,1,13,DOWN,DOWN,6,12,1,12,0.1,MOVE,0
149996,38,6,12,1,12,RIGHT,UP,5,12,1,11,-1.89,MOVE,0
149996,39,5,12,1,11,RIGHT,RIGHT,5,13,1,10,0.1,MOVE,0
149996,40,5,13,1,10,DOWN,DOWN,6,13,1,9,0.09,MOVE,0
149996,41,6,13,1,9,DOWN,DOWN,7,13,1,8,0.08,MOVE,0
149996,42,7,13,1,8,DOWN,DOWN,8,13,1,7,0.07,MOVE,0
149996,43,8,13,1,7,DOWN,DOWN,9,13,1,6,0.06,MOVE,0
149996,44,9,13,1,6,DOWN,DOWN,10,13,1,5,0.05,MOVE,0
149996,45,10,13,1,5,DOWN,DOWN,11,13,1,4,0.04,MOVE,0
149996,46,11,13,1,4,DOWN,DOWN,12,13,1,3,0.03,MOVE,0
149996,47,12,13,1,3,RIGHT,RIGHT,12,14,1,2,0.02,MOVE,0
149996,48,12,14,1,2,DOWN,DOWN,13,14,1,1,0.01,DOOR_PASS,0
149996,49,13,14,1,1,DOWN,DOWN,14,14,1,0,100.0,GOAL_REACHED,1
149997,0,0,0,0,50,RIGHT,RIGHT,0,1,0,49,0.11,MOVE,0
149997,1,0,1,0,49,DOWN,DOWN,1,1,0,48,-1.88,MOVE,0
149997,2,1,1,0,48,LEFT,LEFT,1,0,0,47,-1.87,MOVE,0
149997,3,1,0,0,47,UP,UP,0,0,0,46,0.12,MOVE,0
149997,4,0,0,0,46,RIGHT,DOWN,1,0,0,45,-1.87,MOVE,0
149997,5,1,0,0,45,RIGHT,RIGHT,1,1,0,44,0.12,MOVE,0
149997,6,1,1,0,44,UP,UP,0,1,0,43,0.11,MOVE,0
149997,7,0,1,0,43,RIGHT,RIGHT,0,2,0,42,0.1,MOVE,0
149997,8,0,2,0,42,RIGHT,RIGHT,0,3,0,41,0.09,MOVE,0
149997,9,0,3,0,41,DOWN,DOWN,1,3,0,40,0.08,MOVE,0
149997,10,1,3,0,40,RIGHT,RIGHT,1,4,0,39,0.07,MOVE,0
149997,11,1,4,0,39,RIGHT,RIGHT,1,5,0,38,0.06,MOVE,0
149997,12,1,5,0,38,UP,UP,0,5,0,37,0.05,MOVE,0
149997,13,0,5,0,37,RIGHT,RIGHT,0,6,0,36,0.04,MOVE,0
149997,14,0,6,0,36,DOWN,DOWN,1,6,0,35,-1.95,MOVE,0
149997,15,1,6,0,35,RIGHT,RIGHT,1,7,0,34,0.04,MOVE,0
149997,16,1,7,0,34,UP,RIGHT,1,8,0,33,0.03,MOVE,0
149997,17,1,8,0,33,UP,RIGHT,1,9,0,32,0.02,MOVE,0
149997,18,1,9,0,32,UP,UP,0,9,0,31,0.01,MOVE,0
149997,19,0,9,0,31,RIGHT,DOWN,1,9,0,30,-1.98,MOVE,0
149997,20,1,9,0,30,UP,UP,0,9,0,29,0.01,MOVE,0
149997,21,0,9,0,29,RIGHT,RIGHT,0,10,1,28,32.18,KEY_PICKUP,0
149997,22,0,10,1,28,DOWN,RIGHT,0,11,1,27,0.17,MOVE,0
149997,23,0,11,1,27,DOWN,DOWN,1,11,1,26,0.16,MOVE,0
149997,24,1,11,1,26,DOWN,DOWN,2,11,1,25,0.15,MOVE,0
149997,25,2,11,1,25,RIGHT,RIGHT,2,12,1,24,0.14,MOVE,0
149997,26,2,12,1,24,DOWN,DOWN,3,12,1,23,0.13,MOVE,0
149997,27,3,12,1,23,DOWN,LEFT,3,12,1,22,-4.87,WALL_HIT,0
149997,28,3,12,1,22,LEFT,LEFT,3,12,1,21,-4.87,WALL_HIT,0
149997,29,3,12,1,21,RIGHT,RIGHT,3,13,1,20,0.12,MOVE,0
149997,30,3,13,1,20,LEFT,LEFT,3,12,1,19,-1.87,MOVE,0
149997,31,3,12,1,19,DOWN,RIGHT,3,13,1,18,0.12,MOVE,0
149997,32,3,13,1,18,UP,RIGHT,3,14,1,17,-1.87,MOVE,0
149997,33,3,14,1,17,DOWN,DOWN,4,14,1,16,0.12,MOVE,0
149997,34,4,14,1,16,LEFT,LEFT,4,13,1,15,0.11,MOVE,0
149997,35,4,13,1,15,DOWN,DOWN,5,13,1,14,0.1,MOVE,0
149997,36,5,13,1,14,DOWN,DOWN,6,13,1,13,0.09,MOVE,0
149997,37,6,13,1,13,DOWN,DOWN,7,13,1,12,0.08,MOVE,0
149997,38,7,13,1,12,DOWN,DOWN,8,13,1,11,0.07,MOVE,0
149997,39,8,13,1,11,DOWN,DOWN,9,13,1,10,0.06,MOVE,0
149997,40,9,13,1,10,DOWN,DOWN,10,13,1,9,0.05,MOVE,0
149997,41,10,13,1,9,DOWN,DOWN,11,13,1,8,0.04,MOVE,0
149997,42,11,13,1,8,DOWN,DOWN,12,13,1,7,0.03,MOVE,0
149997,43,12,13,1,7,RIGHT,RIGHT,12,14,1,6,0.02,MOVE,0
149997,44,12,14,1,6,DOWN,DOWN,13,14,1,5,0.01,DOOR_PASS,0
149997,45,13,14,1,5,DOWN,DOWN,14,14,1,4,100.0,GOAL_REACHED,1
149998,0,0,0,0,50,RIGHT,RIGHT,0,1,0,49,0.11,MOVE,0
149998,1,0,1,0,49,DOWN,RIGHT,0,2,0,48,0.1,MOVE,0
149998,2,0,2,0,48,LEFT,LEFT,0,1,0,47,-1.89,MOVE,0
149998,3,0,1,0,47,RIGHT,DOWN,1,1,0,46,-1.88,MOVE,0
149998,4,1,1,0,46,DOWN,DOWN,2,1,0,45,0.11,MOVE,0
149998,5,2,1,0,45,RIGHT,RIGHT,2,2,0,44,0.1,MOVE,0
149998,6,2,2,0,44,RIGHT,RIGHT,2,3,0,43,0.09,MOVE,0
149998,7,2,3,0,43,LEFT,LEFT,2,2,0,42,-1.9,MOVE,0
149998,8,2,2,0,42,RIGHT,UP,2,2,0,41,-4.9,WALL_HIT,0
149998,9,2,2,0,41,RIGHT,UP,2,2,0,40,-4.9,WALL_HIT,0
149998,10,2,2,0,40,RIGHT,RIGHT,2,3,0,39,0.09,MOVE,0
149998,11,2,3,0,39,UP,UP,1,3,0,38,0.08,MOVE,0
149998,12,1,3,0,38,RIGHT,RIGHT,1,4,0,37,0.07,MOVE,0
149998,13,1,4,0,37,RIGHT,RIGHT,1,5,0,36,0.06,MOVE,0
149998,14,1,5,0,36,RIGHT,DOWN,1,5,0,35,-4.94,WALL_HIT,0
149998,15,1,5,0,35,UP,UP,0,5,0,34,0.05,MOVE,0
149998,16,0,5,0,34,RIGHT,RIGHT,0,6,0,33,0.04,MOVE,0
149998,17,0,6,0,33,RIGHT,RIGHT,0,7,0,32,0.03,MOVE,0
149998,18,0,7,0,32,DOWN,RIGHT,0,8,0,31,0.02,MOVE,0
149998,19,0,8,0,31,RIGHT,RIGHT,0,9,0,30,0.01,MOVE,0
149998,20,0,9,0,30,LEFT,LEFT,0,8,0,29,-1.98,MOVE,0
149998,21,0,8,0,29,RIGHT,RIGHT,0,9,0,28,0.01,MOVE,0
149998,22,0,9,0,28,RIGHT,RIGHT,0,10,1,27,32.18,KEY_PICKUP,0
149998,23,0,10,1,27,DOWN,DOWN,1,10,1,26,0.17,MOVE,0
149998,24,1,10,1,26,DOWN,DOWN,2,10,1,25,0.16,MOVE,0
149998,25,2,10,1,25,DOWN,DOWN,3,10,1,24,0.15,MOVE,0
149998,26,3,10,1,24,DOWN,DOWN,4,10,1,23,0.14,MOVE,0
149998,27,4,10,1,23,RIGHT,RIGHT,4,11,1,22,0.13,MOVE,0
149998,28,4,11,1,22,RIGHT,UP,4,11,1,21,-4.87,WALL_HIT,0
149998,29,4,11,1,21,DOWN,DOWN,5,11,1,20,0.12,MOVE,0
149998,30,5,11,1,20,DOWN,RIGHT,5,12,1,19,0.11,MOVE,0
149998,31,5,12,1,19,DOWN,DOWN,6,12,1,18,0.1,MOVE,0
149998,32,6,12,1,18,RIGHT,RIGHT,6,13,1,17,0.09,MOVE,0
149998,33,6,13,1,17,DOWN,LEFT,6,12,1,16,-1.9,MOVE,0
149998,34,6,12,1,16,RIGHT,RIGHT,6,13,1,15,0.09,MOVE,0
149998,35,6,13,1,15,DOWN,RIGHT,6,14,1,14,-1.9,MOVE,0
149998,36,6,14,1,14,LEFT,LEFT,6,13,1,13,0.09,MOVE,0
149998,37,6,13,1,13,DOWN,DOWN,7,13,1,12,0.08,MOVE,0
149998,38,7,13,1,12,DOWN,DOWN,8,13,1,11,0.07,MOVE,0
149998,39,8,13,1,11,DOWN,RIGHT,8,14,1,10,-10.92,PENALTY_CELL,0
149998,40,8,14,1,10,DOWN,DOWN,9,14,1,9,0.07,MOVE,0
149998,41,9,14,1,9,RIGHT,RIGHT,9,15,1,8,0.06,MOVE,0
149998,42,9,15,1,8,DOWN,DOWN,10,15,1,7,0.05,MOVE,0
149998,43,10,15,1,7,DOWN,DOWN,11,15,1,6,0.04,MOVE,0
149998,44,11,15,1,6,DOWN,DOWN,12,15,1,5,0.03,MOVE,0
149998,45,12,15,1,5,LEFT,LEFT,12,14,1,4,0.02,MOVE,0
149998,46,12,14,1,4,DOWN,LEFT,12,13,1,3,-1.97,MOVE,0
149998,47,12,13,1,3,RIGHT,RIGHT,12,14,1,2,0.02,MOVE,0
149998,48,12,14,1,2,DOWN,LEFT,12,13,1,1,-1.97,MOVE,0
149998,49,12,13,1,1,UP,UP,11,13,1,0,-18.0,ENERGY_DEPLETED,1
149999,0,0,0,0,50,RIGHT,RIGHT,0,1,0,49,0.11,MOVE,0
149999,1,0,1,0,49,DOWN,DOWN,1,1,0,48,-1.88,MOVE,0
149999,2,1,1,0,48,LEFT,LEFT,1,0,0,47,-1.87,MOVE,0
149999,3,1,0,0,47,RIGHT,RIGHT,1,1,0,46,0.12,MOVE,0
149999,4,1,1,0,46,DOWN,DOWN,2,1,0,45,0.11,MOVE,0
149999,5,2,1,0,45,RIGHT,RIGHT,2,2,0,44,0.1,MOVE,0
149999,6,2,2,0,44,RIGHT,RIGHT,2,3,0,43,0.09,MOVE,0
149999,7,2,3,0,43,DOWN,DOWN,3,3,0,42,-1.9,MOVE,0
149999,8,3,3,0,42,UP,UP,2,3,0,41,0.09,MOVE,0
149999,9,2,3,0,41,UP,UP,1,3,0,40,0.08,MOVE,0
149999,10,1,3,0,40,RIGHT,RIGHT,1,4,0,39,0.07,MOVE,0
149999,11,1,4,0,39,RIGHT,RIGHT,1,5,0,38,0.06,MOVE,0
149999,12,1,5,0,38,UP,UP,0,5,0,37,0.05,MOVE,0
149999,13,0,5,0,37,RIGHT,UP,0,5,0,36,-4.95,WALL_HIT,0
149999,14,0,5,0,36,RIGHT,UP,0,5,0,35,-4.95,WALL_HIT,0
149999,15,0,5,0,35,RIGHT,DOWN,1,5,0,34,-1.94,MOVE,0
149999,16,1,5,0,34,RIGHT,RIGHT,1,6,0,33,0.05,MOVE,0
149999,17,1,6,0,33,RIGHT,DOWN,2,6,0,32,-1.94,MOVE,0
149999,18,2,6,0,32,UP,LEFT,2,6,0,31,-4.94,WALL_HIT,0
149999,19,2,6,0,31,RIGHT,RIGHT,2,7,0,30,0.05,MOVE,0
149999,20,2,7,0,30,RIGHT,RIGHT,2,8,0,29,0.04,MOVE,0
149999,21,2,8,0,29,UP,UP,1,8,0,28,0.03,MOVE,0
149999,22,1,8,0,28,RIGHT,RIGHT,1,9,0,27,0.02,MOVE,0
149999,23,1,9,0,27,UP,UP,0,9,0,26,0.01,MOVE,0
149999,24,0,9,0,26,RIGHT,RIGHT,0,10,1,25,32.18,KEY_PICKUP,0
149999,25,0,10,1,25,DOWN,DOWN,1,10,1,24,0.17,MOVE,0
149999,26,1,10,1,24,DOWN,DOWN,2,10,1,23,0.16,MOVE,0
149999,27,2,10,1,23,DOWN,DOWN,3,10,1,22,0.15,MOVE,0
149999,28,3,10,1,22,DOWN,DOWN,4,10,1,21,0.14,MOVE,0
149999,29,4,10,1,21,RIGHT,RIGHT,4,11,1,20,0.13,MOVE,0
149999,30,4,11,1,20,DOWN,RIGHT,4,12,1,19,0.12,MOVE,0
149999,31,4,12,1,19,DOWN,LEFT,4,11,1,18,-1.87,MOVE,0
149999,32,4,11,1,18,DOWN,DOWN,5,11,1,17,0.12,MOVE,0
149999,33,5,11,1,17,RIGHT,RIGHT,5,12,1,16,0.11,MOVE,0
149999,34,5,12,1,16,DOWN,DOWN,6,12,1,15,0.1,MOVE,0
149999,35,6,12,1,15,DOWN,DOWN,6,12,1,14,-4.9,WALL_HIT,0
149999,36,6,12,1,14,RIGHT,RIGHT,6,13,1,13,0.09,MOVE,0
149999,37,6,13,1,13,DOWN,DOWN,7,13,1,12,0.08,MOVE,0
149999,38,7,13,1,12,DOWN,DOWN,8,13,1,11,0.07,MOVE,0
149999,39,8,13,1,11,DOWN,DOWN,9,13,1,10,0.06,MOVE,0
149999,40,9,13,1,10,DOWN,DOWN,10,13,1,9,0.05,MOVE,0
149999,41,10,13,1,9,DOWN,DOWN,11,13,1,8,0.04,MOVE,0
149999,42,11,13,1,8,DOWN,LEFT,11,12,1,7,-1.95,MOVE,0
149999,43,11,12,1,7,RIGHT,RIGHT,11,13,1,6,0.04,MOVE,0
149999,44,11,13,1,6,DOWN,DOWN,12,13,1,5,0.03,MOVE,0
149999,45,12,13,1,5,RIGHT,RIGHT,12,14,1,4,0.02,MOVE,0
149999,46,12,14,1,4,DOWN,DOWN,13,14,1,3,0.01,DOOR_PASS,0
149999,47,13,14,1,3,RIGHT,RIGHT,13,14,1,2,-4.99,WALL_HIT,0
149999,48,13,14,1,2,DOWN,DOWN,14,14,1,1,100.0,GOAL_REACHED,1
0,0,0,0,0,50,LEFT,LEFT,0,0,0,49,-4.88,WALL_HIT,0
0,1,0,0,0,49,DOWN,DOWN,1,0,0,48,-1.87,MOVE,0
0,2,1,0,0,48,UP,UP,0,0,0,47,0.12,MOVE,0
0,3,0,0,0,47,RIGHT,RIGHT,0,1,0,46,0.11,MOVE,0
0,4,0,1,0,46,UP,UP,0,1,0,45,-4.89,WALL_HIT,0
0,5,0,1,0,45,UP,UP,0,1,0,44,-4.89,WALL_HIT,0
0,6,0,1,0,44,DOWN,DOWN,1,1,0,43,-1.88,MOVE,0
0,7,1,1,0,43,RIGHT,DOWN,2,1,0,42,0.11,MOVE,0
0,8,2,1,0,42,RIGHT,RIGHT,2,2,0,41,0.1,MOVE,0
0,9,2,2,0,41,DOWN,DOWN,3,2,0,40,-1.89,MOVE,0
0,10,3,2,0,40,DOWN,DOWN,4,2,0,39,-1.88,MOVE,0
0,11,4,2,0,39,UP,UP,3,2,0,38,0.11,MOVE,0
0,12,3,2,0,38,RIGHT,DOWN,4,2,0,37,-1.88,MOVE,0
0,13,4,2,0,37,UP,UP,3,2,0,36,0.11,MOVE,0
0,14,3,2,0,36,DOWN,DOWN,4,2,0,35,-1.88,MOVE,0
0,15,4,2,0,35,RIGHT,RIGHT,4,3,0,34,0.11,MOVE,0
0,16,4,3,0,34,LEFT,LEFT,4,2,0,33,-1.88,MOVE,0
0,17,4,2,0,33,RIGHT,RIGHT,4,3,0,32,0.11,MOVE,0
0,18,4,3,0,32,UP,RIGHT,4,4,0,31,0.1,MOVE,0
0,19,4,4,0,31,UP,UP,4,4,0,30,-4.9,WALL_HIT,0
0,20,4,4,0,30,UP,UP,4,4,0,29,-4.9,WALL_HIT,0
0,21,4,4,0,29,RIGHT,DOWN,5,4,0,28,-1.89,MOVE,0
0,22,5,4,0,28,DOWN,DOWN,6,4,0,27,-1.88,MOVE,0
0,23,6,4,0,27,UP,UP,5,4,0,26,0.11,MOVE,0
0,24,5,4,0,26,UP,UP,4,4,0,25,0.1,MOVE,0
0,25,4,4,0,25,DOWN,RIGHT,4,5,0,24,0.09,MOVE,0
0,26,4,5,0,24,DOWN,LEFT,4,4,0,23,-1.9,MOVE,0
0,27,4,4,0,23,UP,UP,4,4,0,22,-4.9,WALL_HIT,0
0,28,4,4,0,22,UP,UP,4,4,0,21,-4.9,WALL_HIT,0
0,29,4,4,0,21,RIGHT,RIGHT,4,5,0,20,0.09,MOVE,0
0,30,4,5,0,20,DOWN,DOWN,5,5,0,19,-1.9,MOVE,0
0,31,5,5,0,19,RIGHT,RIGHT,5,6,0,18,0.09,MOVE,0
0,32,5,6,0,18,UP,UP,4,6,0,17,0.08,MOVE,0
0,33,4,6,0,17,DOWN,DOWN,5,6,0,16,-1.91,MOVE,0
0,34,5,6,0,16,UP,LEFT,5,5,0,15,-1.9,MOVE,0
0,35,5,5,0,15,DOWN,DOWN,6,5,0,14,-1.89,MOVE,0
0,36,6,5,0,14,UP,UP,5,5,0,13,0.1,MOVE,0
0,37,5,5,0,13,RIGHT,RIGHT,5,6,0,12,0.09,MOVE,0
0,38,5,6,0,12,DOWN,DOWN,6,6,0,11,-1.9,MOVE,0
0,39,6,6,0,11,UP,UP,5,6,0,10,0.09,MOVE,0
0,40,5,6,0,10,UP,UP,4,6,0,9,0.08,MOVE,0
0,41,4,6,0,9,UP,UP,3,6,0,8,0.07,MOVE,0
0,42,3,6,0,8,LEFT,LEFT,3,5,0,7,-1.92,MOVE,0
0,43,3,5,0,7,RIGHT,RIGHT,3,6,0,6,0.07,MOVE,0
0,44,3,6,0,6,UP,UP,2,6,0,5,0.06,MOVE,0
0,45,2,6,0,5,LEFT,UP,1,6,0,4,0.05,MOVE,0
0,46,1,6,0,4,UP,RIGHT,1,7,0,3,0.04,MOVE,0
0,47,1,7,0,3,RIGHT,RIGHT,1,8,0,2,0.03,MOVE,0
0,48,1,8,0,2,UP,UP,0,8,0,1,0.02,MOVE,0
0,49,0,8,0,1,LEFT,LEFT,0,7,0,0,-19.0,ENERGY_DEPLETED,1
1,0,0,0,0,50,UP,UP,0,0,0,49,-4.88,WALL_HIT,0
1,1,0,0,0,49,RIGHT,RIGHT,0,1,0,48,0.11,MOVE,0
1,2,0,1,0,48,DOWN,DOWN,1,1,0,47,-1.88,MOVE,0
1,3,1,1,0,47,UP,UP,0,1,0,46,0.11,MOVE,0
1,4,0,1,0,46,DOWN,DOWN,1,1,0,45,-1.88,MOVE,0
1,5,1,1,0,45,RIGHT,RIGHT,1,1,0,44,-4.88,WALL_HIT,0
1,6,1,1,0,44,LEFT,LEFT,1,0,0,43,-1.87,MOVE,0
1,7,1,0,0,43,LEFT,LEFT,1,0,0,42,-4.87,WALL_HIT,0
1,8,1,0,0,42,LEFT,DOWN,2,0,0,41,0.12,MOVE,0
1,9,2,0,0,41,DOWN,DOWN,2,0,0,40,-4.88,WALL_HIT,0
1,10,2,0,0,40,DOWN,DOWN,2,0,0,39,-4.88,WALL_HIT,0
1,11,2,0,0,39,DOWN,DOWN,2,0,0,38,-4.88,WALL_HIT,0
1,12,2,0,0,38,UP,UP,1,0,0,37,-1.87,MOVE,0
1,13,1,0,0,37,RIGHT,DOWN,2,0,0,36,0.12,MOVE,0
1,14,2,0,0,36,UP,RIGHT,2,1,0,35,0.11,MOVE,0
1,15,2,1,0,35,LEFT,DOWN,3,1,0,34,-1.88,MOVE,0
1,16,3,1,0,34,RIGHT,RIGHT,3,2,0,33,0.11,MOVE,0
1,17,3,2,0,33,DOWN,RIGHT,3,3,0,32,0.1,MOVE,0
1,18,3,3,0,32,LEFT,LEFT,3,2,0,31,-1.89,MOVE,0
1,19,3,2,0,31,UP,UP,2,2,0,30,0.1,MOVE,0
1,20,2,2,0,30,DOWN,DOWN,3,2,0,29,-1.89,MOVE,0
1,21,3,2,0,29,RIGHT,RIGHT,3,3,0,28,0.1,MOVE,0
1,22,3,3,0,28,DOWN,DOWN,4,3,0,27,-1.89,MOVE,0
1,23,4,3,0,27,LEFT,LEFT,4,2,0,26,-1.88,MOVE,0
1,24,4,2,0,26,RIGHT,UP,3,2,0,25,0.11,MOVE,0
1,25,3,2,0,25,UP,UP,2,2,0,24,0.1,MOVE,0
1,26,2,2,0,24,DOWN,RIGHT,2,3,0,23,0.09,MOVE,0
1,27,2,3,0,23,UP,UP,1,3,0,22,0.08,MOVE,0
1,28,1,3,0,22,DOWN,DOWN,2,3,0,21,-1.91,MOVE,0
1,29,2,3,0,21,DOWN,DOWN,3,3,0,20,-1.9,MOVE,0
1,30,3,3,0,20,RIGHT,DOWN,4,3,0,19,-1.89,MOVE,0
1,31,4,3,0,19,RIGHT,DOWN,5,3,0,18,-1.88,MOVE,0
1,32,5,3,0,18,RIGHT,RIGHT,5,4,0,17,0.11,MOVE,0
1,33,5,4,0,17,LEFT,LEFT,5,3,0,16,-1.88,MOVE,0
1,34,5,3,0,16,UP,UP,4,3,0,15,0.11,MOVE,0
1,35,4,3,0,15,RIGHT,UP,3,3,0,14,0.1,MOVE,0
1,36,3,3,0,14,UP,UP,2,3,0,13,0.09,MOVE,0
1,37,2,3,0,13,LEFT,LEFT,2,2,0,12,-1.9,MOVE,0
1,38,2,2,0,12,DOWN,DOWN,3,2,0,11,-1.89,MOVE,0
1,39,3,2,0,11,UP,UP,2,2,0,10,0.1,MOVE,0
1,40,2,2,0,10,RIGHT,UP,2,2,0,9,-4.9,WALL_HIT,0
1,41,2,2,0,9,RIGHT,RIGHT,2,3,0,8,0.09,MOVE,0
1,42,2,3,0,8,UP,UP,1,3,0,7,0.08,MOVE,0
1,43,1,3,0,7,UP,UP,0,3,0,6,-1.91,MOVE,0
1,44,0,3,0,6,RIGHT,RIGHT,0,3,0,5,-4.91,WALL_HIT,0
1,45,0,3,0,5,RIGHT,RIGHT,0,3,0,4,-4.91,WALL_HIT,0
1,46,0,3,0,4,UP,UP,0,3,0,3,-4.91,WALL_HIT,0
1,47,0,3,0,3,UP,UP,0,3,0,2,-4.91,WALL_HIT,0
1,48,0,3,0,2,RIGHT,RIGHT,0,3,0,1,-4.91,WALL_HIT,0
1,49,0,3,0,1,UP,UP,0,3,0,0,-16.0,ENERGY_DEPLETED,1
2,0,0,0,0,50,UP,RIGHT,0,1,0,49,0.11,MOVE,0
2,1,0,1,0,49,DOWN,DOWN,1,1,0,48,-1.88,MOVE,0
2,2,1,1,0,48,UP,UP,0,1,0,47,0.11,MOVE,0
2,3,0,1,0,47,RIGHT,RIGHT,0,2,0,46,0.1,MOVE,0
2,4,0,2,0,46,RIGHT,UP,0,2,0,45,-4.9,WALL_HIT,0
2,5,0,2,0,45,UP,UP,0,2,0,44,-4.9,WALL_HIT,0
2,6,0,2,0,44,LEFT,LEFT,0,1,0,43,-1.89,MOVE,0
2,7,0,1,0,43,RIGHT,RIGHT,0,2,0,42,0.1,MOVE,0
2,8,0,2,0,42,RIGHT,RIGHT,0,3,0,41,0.09,MOVE,0
2,9,0,3,0,41,DOWN,RIGHT,0,3,0,40,-4.91,WALL_HIT,0
2,10,0,3,0,40,LEFT,LEFT,0,2,0,39,-1.9,MOVE,0
2,11,0,2,0,39,RIGHT,DOWN,0,2,0,38,-4.9,WALL_HIT,0
2,12,0,2,0,38,DOWN,DOWN,0,2,0,37,-4.9,WALL_HIT,0
2,13,0,2,0,37,UP,RIGHT,0,3,0,36,0.09,MOVE,0
2,14,0,3,0,36,UP,UP,0,3,0,35,-4.91,WALL_HIT,0
2,15,0,3,0,35,UP,UP,0,3,0,34,-4.91,WALL_HIT,0
2,16,0,3,0,34,UP,LEFT,0,2,0,33,-1.9,MOVE,0
2,17,0,2,0,33,DOWN,LEFT,0,1,0,32,-1.89,MOVE,0
2,18,0,1,0,32,UP,UP,0,1,0,31,-4.89,WALL_HIT,0
2,19,0,1,0,31,LEFT,DOWN,1,1,0,30,-1.88,MOVE,0
2,20,1,1,0,30,DOWN,RIGHT,1,1,0,29,-4.88,WALL_HIT,0
2,21,1,1,0,29,LEFT,LEFT,1,0,0,28,-1.87,MOVE,0
2,22,1,0,0,28,UP,UP,0,0,0,27,0.12,MOVE,0
2,23,0,0,0,27,RIGHT,RIGHT,0,1,0,26,0.11,MOVE,0
2,24,0,1,0,26,LEFT,DOWN,1,1,0,25,-1.88,MOVE,0
2,25,1,1,0,25,LEFT,LEFT,1,0,0,24,-1.87,MOVE,0
2,26,1,0,0,24,DOWN,DOWN,2,0,0,23,0.12,MOVE,0
2,27,2,0,0,23,LEFT,LEFT,2,0,0,22,-4.88,WALL_HIT,0
2,28,2,0,0,22,UP,UP,1,0,0,21,-1.87,MOVE,0
2,29,1,0,0,21,LEFT,LEFT,1,0,0,20,-4.87,WALL_HIT,0
2,30,1,0,0,20,RIGHT,DOWN,2,0,0,19,0.12,MOVE,0
2,31,2,0,0,19,LEFT,LEFT,2,0,0,18,-4.88,WALL_HIT,0
2,32,2,0,0,18,UP,UP,1,0,0,17,-1.87,MOVE,0
2,33,1,0,0,17,RIGHT,RIGHT,1,1,0,16,0.12,MOVE,0
2,34,1,1,0,16,LEFT,LEFT,1,0,0,15,-1.87,MOVE,0
2,35,1,0,0,15,LEFT,LEFT,1,0,0,14,-4.87,WALL_HIT,0
2,36,1,0,0,14,RIGHT,UP,0,0,0,13,0.12,MOVE,0
2,37,0,0,0,13,UP,UP,0,0,0,12,-4.88,WALL_HIT,0
2,38,0,0,0,12,RIGHT,RIGHT,0,1,0,11,0.11,MOVE,0
2,39,0,1,0,11,RIGHT,RIGHT,0,2,0,10,0.1,MOVE,0
2,40,0,2,0,10,DOWN,DOWN,0,2,0,9,-4.9,WALL_HIT,0
2,41,0,2,0,9,UP,UP,0,2,0,8,-4.9,WALL_HIT,0
2,42,0,2,0,8,DOWN,DOWN,0,2,0,7,-4.9,WALL_HIT,0
2,43,0,2,0,7,UP,UP,0,2,0,6,-4.9,WALL_HIT,0
2,44,0,2,0,6,LEFT,LEFT,0,1,0,5,-1.89,MOVE,0
2,45,0,1,0,5,DOWN,LEFT,0,0,0,4,-1.88,MOVE,0
2,46,0,0,0,4,UP,UP,0,0,0,3,-4.88,WALL_HIT,0
2,47,0,0,0,3,RIGHT,DOWN,1,0,0,2,-1.87,MOVE,0
2,48,1,0,0,2,RIGHT,RIGHT,1,1,0,1,0.12,MOVE,0
2,49,1,1,0,1,LEFT,DOWN,2,1,0,0,-9.0,ENERGY_DEPLETED,1
3,0,0,0,0,50,RIGHT,RIGHT,0,1,0,49,0.11,MOVE,0
3,1,0,1,0,49,LEFT,LEFT,0,0,0,48,-1.88,MOVE,0
3,2,0,0,0,48,UP,UP,0,0,0,47,-4.88,WALL_HIT,0
3,3,0,0,0,47,UP,UP,0,0,0,46,-4.88,WALL_HIT,0
3,4,0,0,0,46,DOWN,DOWN,1,0,0,45,-1.87,MOVE,0
3,5,1,0,0,45,UP,UP,0,0,0,44,0.12,MOVE,0
3,6,0,0,0,44,LEFT,LEFT,0,0,0,43,-4.88,WALL_HIT,0
3,7,0,0,0,43,DOWN,LEFT,0,0,0,42,-4.88,WALL_HIT,0
3,8,0,0,0,42,UP,UP,0,0,0,41,-4.88,WALL_HIT,0
3,9,0,0,0,41,RIGHT,RIGHT,0,1,0,40,0.11,MOVE,0
3,10,0,1,0,40,RIGHT,RIGHT,0,2,0,39,0.1,MOVE,0
3,11,0,2,0,39,DOWN,DOWN,0,2,0,38,-4.9,WALL_HIT,0
3,12,0,2,0,38,LEFT,LEFT,0,1,0,37,-1.89,MOVE,0
3,13,0,1,0,37,LEFT,LEFT,0,0,0,36,-1.88,MOVE,0
3,14,0,0,0,36,RIGHT,RIGHT,0,1,0,35,0.11,MOVE,0
3,15,0,1,0,35,DOWN,DOWN,1,1,0,34,-1.88,MOVE,0
3,16,1,1,0,34,UP,LEFT,1,0,0,33,-1.87,MOVE,0
3,17,1,0,0,33,UP,UP,0,0,0,32,0.12,MOVE,0
3,18,0,0,0,32,RIGHT,RIGHT,0,1,0,31,0.11,MOVE,0
3,19,0,1,0,31,UP,UP,0,1,0,30,-4.89,WALL_HIT,0
3,20,0,1,0,30,DOWN,DOWN,1,1,0,29,-1.88,MOVE,0
3,21,1,1,0,29,RIGHT,RIGHT,1,1,0,28,-4.88,WALL_HIT,0
3,22,1,1,0,28,DOWN,DOWN,2,1,0,27,0.11,MOVE,0
3,23,2,1,0,27,DOWN,DOWN,3,1,0,26,-1.88,MOVE,0
3,24,3,1,0,26,LEFT,LEFT,3,1,0,25,-4.88,WALL_HIT,0
3,25,3,1,0,25,UP,UP,2,1,0,24,0.11,MOVE,0
3,26,2,1,0,24,LEFT,LEFT,2,0,0,23,-1.88,MOVE,0
3,27,2,0,0,23,DOWN,DOWN,2,0,0,22,-4.88,WALL_HIT,0
3,28,2,0,0,22,UP,RIGHT,2,1,0,21,0.11,MOVE,0
3,29,2,1,0,21,LEFT,LEFT,2,0,0,20,-1.88,MOVE,0
3,30,2,0,0,20,DOWN,DOWN,2,0,0,19,-4.88,WALL_HIT,0
3,31,2,0,0,19,DOWN,DOWN,2,0,0,18,-4.88,WALL_HIT,0
3,32,2,0,0,18,RIGHT,RIGHT,2,1,0,17,0.11,MOVE,0
3,33,2,1,0,17,UP,RIGHT,2,2,0,16,0.1,MOVE,0
3,34,2,2,0,16,LEFT,DOWN,3,2,0,15,-1.89,MOVE,0
3,35,3,2,0,15,UP,UP,2,2,0,14,0.1,MOVE,0
3,36,2,2,0,14,RIGHT,RIGHT,2,3,0,13,0.09,MOVE,0
3,37,2,3,0,13,RIGHT,RIGHT,2,3,0,12,-4.91,WALL_HIT,0
3,38,2,3,0,12,DOWN,DOWN,3,3,0,11,-1.9,MOVE,0
3,39,3,3,0,11,DOWN,DOWN,4,3,0,10,-1.89,MOVE,0
3,40,4,3,0,10,UP,UP,3,3,0,9,0.1,MOVE,0
3,41,3,3,0,9,LEFT,LEFT,3,2,0,8,-1.89,MOVE,0
3,42,3,2,0,8,RIGHT,RIGHT,3,3,0,7,0.1,MOVE,0
3,43,3,3,0,7,DOWN,DOWN,4,3,0,6,-1.89,MOVE,0
3,44,4,3,0,6,UP,UP,3,3,0,5,0.1,MOVE,0
3,45,3,3,0,5,LEFT,LEFT,3,2,0,4,-1.89,MOVE,0
3,46,3,2,0,4,DOWN,DOWN,4,2,0,3,-1.88,MOVE,0
3,47,4,2,0,3,DOWN,RIGHT,4,3,0,2,0.11,MOVE,0
3,48,4,3,0,2,LEFT,LEFT,4,2,0,1,-1.88,MOVE,0
3,49,4,2,0,1,DOWN,DOWN,5,2,0,0,-9.0,ENERGY_DEPLETED,1
4,0,0,0,0,50,RIGHT,RIGHT,0,1,0,49,0.11,MOVE,0
4,1,0,1,0,49,RIGHT,DOWN,1,1,0,48,-1.88,MOVE,0
4,2,1,1,0,48,DOWN,DOWN,2,1,0,47,0.11,MOVE,0
4,3,2,1,0,47,UP,UP,1,1,0,46,-1.88,MOVE,0
4,4,1,1,0,46,DOWN,DOWN,2,1,0,45,0.11,MOVE,0
4,5,2,1,0,45,DOWN,DOWN,3,1,0,44,-1.88,MOVE,0
4,6,3,1,0,44,RIGHT,RIGHT,3,2,0,43,0.11,MOVE,0
4,7,3,2,0,43,DOWN,DOWN,4,2,0,42,-1.88,MOVE,0
4,8,4,2,0,42,UP,UP,3,2,0,41,0.11,MOVE,0
4,9,3,2,0,41,RIGHT,RIGHT,3,3,0,40,0.1,MOVE,0
4,10,3,3,0,40,RIGHT,RIGHT,3,3,0,39,-4.9,WALL_HIT,0
4,11,3,3,0,39,DOWN,LEFT,3,2,0,38,-1.89,MOVE,0
4,12,3,2,0,38,UP,UP,2,2,0,37,0.1,MOVE,0
4,13,2,2,0,37,RIGHT,RIGHT,2,3,0,36,0.09,MOVE,0
4,14,2,3,0,36,LEFT,LEFT,2,2,0,35,-1.9,MOVE,0
4,15,2,2,0,35,LEFT,LEFT,2,1,0,34,-1.89,MOVE,0
4,16,2,1,0,34,DOWN,LEFT,2,0,0,33,-1.88,MOVE,0
4,17,2,0,0,33,RIGHT,RIGHT,2,1,0,32,0.11,MOVE,0
4,18,2,1,0,32,UP,UP,1,1,0,31,-1.88,MOVE,0
4,19,1,1,0,31,UP,UP,0,1,0,30,0.11,MOVE,0
4,20,0,1,0,30,UP,UP,0,1,0,29,-4.89,WALL_HIT,0
4,21,0,1,0,29,LEFT,LEFT,0,0,0,28,-1.88,MOVE,0
4,22,0,0,0,28,DOWN,DOWN,1,0,0,27,-1.87,MOVE,0
4,23,1,0,0,27,RIGHT,RIGHT,1,1,0,26,0.12,MOVE,0
4,24,1,1,0,26,LEFT,LEFT,1,0,0,25,-1.87,MOVE,0
4,25,1,0,0,25,LEFT,DOWN,2,0,0,24,0.12,MOVE,0
4,26,2,0,0,24,DOWN,DOWN,2,0,0,23,-4.88,WALL_HIT,0
4,27,2,0,0,23,UP,UP,1,0,0,22,-1.87,MOVE,0
4,28,1,0,0,22,DOWN,DOWN,2,0,0,21,0.12,MOVE,0
4,29,2,0,0,21,DOWN,LEFT,2,0,0,20,-4.88,WALL_HIT,0
4,30,2,0,0,20,RIGHT,RIGHT,2,1,0,19,0.11,MOVE,0
4,31,2,1,0,19,UP,UP,1,1,0,18,-1.88,MOVE,0
4,32,1,1,0,18,RIGHT,RIGHT,1,1,0,17,-4.88,WALL_HIT,0
4,33,1,1,0,17,DOWN,DOWN,2,1,0,16,0.11,MOVE,0
4,34,2,1,0,16,DOWN,DOWN,3,1,0,15,-1.88,MOVE,0
4,35,3,1,0,15,RIGHT,RIGHT,3,2,0,14,0.11,MOVE,0
4,36,3,2,0,14,DOWN,DOWN,4,2,0,13,-1.88,MOVE,0
4,37,4,2,0,13,LEFT,LEFT,4,2,0,12,-4.88,WALL_HIT,0
4,38,4,2,0,12,RIGHT,RIGHT,4,3,0,11,0.11,MOVE,0
4,39,4,3,0,11,LEFT,LEFT,4,2,0,10,-1.88,MOVE,0
4,40,4,2,0,10,LEFT,LEFT,4,2,0,9,-4.88,WALL_HIT,0
4,41,4,2,0,9,RIGHT,RIGHT,4,3,0,8,0.11,MOVE,0
4,42,4,3,0,8,UP,UP,3,3,0,7,0.1,MOVE,0
4,43,3,3,0,7,LEFT,LEFT,3,2,0,6,-1.89,MOVE,0
4,44,3,2,0,6,DOWN,DOWN,4,2,0,5,-1.88,MOVE,0
4,45,4,2,0,5,LEFT,DOWN,5,2,0,4,-1.87,MOVE,0
4,46,5,2,0,4,UP,UP,4,2,0,3,0.12,MOVE,0
4,47,4,2,0,3,RIGHT,RIGHT,4,3,0,2,0.11,MOVE,0
4,48,4,3,0,2,DOWN,DOWN,5,3,0,1,-1.88,MOVE,0
4,49,5,3,0,1,UP,UP,4,3,0,0,-9.0,ENERGY_DEPLETED,1
5,0,0,0,0,50,LEFT,LEFT,0,0,0,49,-4.88,WALL_HIT,0
5,1,0,0,0,49,UP,RIGHT,0,1,0,48,0.11,MOVE,0
5,2,0,1,0,48,UP,UP,0,1,0,47,-4.89,WALL_HIT,0
5,3,0,1,0,47,DOWN,DOWN,1,1,0,46,-1.88,MOVE,0
5,4,1,1,0,46,RIGHT,UP,0,1,0,45,0.11,MOVE,0
5,5,0,1,0,45,UP,LEFT,0,0,0,44,-1.88,MOVE,0
5,6,0,0,0,44,UP,UP,0,0,0,43,-4.88,WALL_HIT,0
5,7,0,0,0,43,UP,LEFT,0,0,0,42,-4.88,WALL_HIT,0
5,8,0,0,0,42,UP,UP,0,0,0,41,-4.88,WALL_HIT,0
5,9,0,0,0,41,LEFT,LEFT,0,0,0,40,-4.88,WALL_HIT,0
5,10,0,0,0,40,DOWN,DOWN,1,0,0,39,-1.87,MOVE,0
5,11,1,0,0,39,UP,UP,0,0,0,38,0.12,MOVE,0
5,12,0,0,0,38,LEFT,UP,0,0,0,37,-4.88,WALL_HIT,0
5,13,0,0,0,37,RIGHT,UP,0,0,0,36,-4.88,WALL_HIT,0
5,14,0,0,0,36,DOWN,DOWN,1,0,0,35,-1.87,MOVE,0
5,15,1,0,0,35,LEFT,DOWN,2,0,0,34,0.12,MOVE,0
5,16,2,0,0,34,RIGHT,RIGHT,2,1,0,33,0.11,MOVE,0
5,17,2,1,0,33,LEFT,LEFT,2,0,0,32,-1.88,MOVE,0
5,18,2,0,0,32,RIGHT,RIGHT,2,1,0,31,0.11,MOVE,0
5,19,2,1,0,31,RIGHT,RIGHT,2,2,0,30,0.1,MOVE,0
5,20,2,2,0,30,UP,UP,2,2,0,29,-4.9,WALL_HIT,0
5,21,2,2,0,29,LEFT,LEFT,2,1,0,28,-1.89,MOVE,0
5,22,2,1,0,28,RIGHT,DOWN,3,1,0,27,-1.88,MOVE,0
5,23,3,1,0,27,DOWN,DOWN,3,1,0,26,-4.88,WALL_HIT,0
5,24,3,1,0,26,RIGHT,RIGHT,3,2,0,25,0.11,MOVE,0
5,25,3,2,0,25,RIGHT,RIGHT,3,3,0,24,0.1,MOVE,0
5,26,3,3,0,24,UP,UP,2,3,0,23,0.09,MOVE,0
5,27,2,3,0,23,RIGHT,RIGHT,2,3,0,22,-4.91,WALL_HIT,0
5,28,2,3,0,22,UP,UP,1,3,0,21,0.08,MOVE,0
5,29,1,3,0,21,LEFT,LEFT,1,3,0,20,-4.92,WALL_HIT,0
5,30,1,3,0,20,DOWN,DOWN,2,3,0,19,-1.91,MOVE,0
5,31,2,3,0,19,LEFT,UP,1,3,0,18,0.08,MOVE,0
5,32,1,3,0,18,RIGHT,RIGHT,1,4,0,17,0.07,MOVE,0
5,33,1,4,0,17,LEFT,LEFT,1,3,0,16,-1.92,MOVE,0
5,34,1,3,0,16,DOWN,DOWN,2,3,0,15,-1.91,MOVE,0
5,35,2,3,0,15,LEFT,LEFT,2,2,0,14,-1.9,MOVE,0
5,36,2,2,0,14,LEFT,LEFT,2,1,0,13,-1.89,MOVE,0
5,37,2,1,0,13,UP,UP,1,1,0,12,-1.88,MOVE,0
5,38,1,1,0,12,LEFT,LEFT,1,0,0,11,-1.87,MOVE,0
5,39,1,0,0,11,LEFT,LEFT,1,0,0,10,-4.87,WALL_HIT,0
5,40,1,0,0,10,LEFT,LEFT,1,0,0,9,-4.87,WALL_HIT,0
5,41,1,0,0,9,UP,UP,0,0,0,8,0.12,MOVE,0
5,42,0,0,0,8,RIGHT,RIGHT,0,1,0,7,0.11,MOVE,0
5,43,0,1,0,7,RIGHT,RIGHT,0,2,0,6,0.1,MOVE,0
5,44,0,2,0,6,LEFT,LEFT,0,1,0,5,-1.89,MOVE,0
5,45,0,1,0,5,RIGHT,RIGHT,0,2,0,4,0.1,MOVE,0
5,46,0,2,0,4,DOWN,DOWN,0,2,0,3,-4.9,WALL_HIT,0
5,47,0,2,0,3,UP,UP,0,2,0,2,-4.9,WALL_HIT,0
5,48,0,2,0,2,UP,UP,0,2,0,1,-4.9,WALL_HIT,0
5,49,0,2,0,1,LEFT,UP,0,2,0,0,-15.0,ENERGY_DEPLETED,1
6,0,0,0,0,50,LEFT,LEFT,0,0,0,49,-4.88,WALL_HIT,0
6,1,0,0,0,49,RIGHT,RIGHT,0,1,0,48,0.11,MOVE,0
6,2,0,1,0,48,DOWN,DOWN,1,1,0,47,-1.88,MOVE,0
6,3,1,1,0,47,LEFT,DOWN,2,1,0,46,0.11,MOVE,0
6,4,2,1,0,46,UP,UP,1,1,0,45,-1.88,MOVE,0
6,5,1,1,0,45,DOWN,DOWN,2,1,0,44,0.11,MOVE,0
6,6,2,1,0,44,LEFT,LEFT,2,0,0,43,-1.88,MOVE,0
6,7,2,0,0,43,DOWN,DOWN,2,0,0,42,-4.88,WALL_HIT,0
6,8,2,0,0,42,DOWN,DOWN,2,0,0,41,-4.88,WALL_HIT,0
6,9,2,0,0,41,DOWN,LEFT,2,0,0,40,-4.88,WALL_HIT,0
6,10,2,0,0,40,LEFT,UP,1,0,0,39,-1.87,MOVE,0
6,11,1,0,0,39,RIGHT,RIGHT,1,1,0,38,0.12,MOVE,0
6,12,1,1,0,38,LEFT,LEFT,1,0,0,37,-1.87,MOVE,0
6,13,1,0,0,37,DOWN,DOWN,2,0,0,36,0.12,MOVE,0
6,14,2,0,0,36,DOWN,DOWN,2,0,0,35,-4.88,WALL_HIT,0
6,15,2,0,0,35,RIGHT,RIGHT,2,1,0,34,0.11,MOVE,0
6,16,2,1,0,34,RIGHT,RIGHT,2,2,0,33,0.1,MOVE,0
6,17,2,2,0,33,UP,UP,2,2,0,32,-4.9,WALL_HIT,0
6,18,2,2,0,32,RIGHT,RIGHT,2,3,0,31,0.09,MOVE,0
6,19,2,3,0,31,LEFT,UP,1,3,0,30,0.08,MOVE,0
6,20,1,3,0,30,LEFT,UP,0,3,0,29,-1.91,MOVE,0
6,21,0,3,0,29,DOWN,DOWN,1,3,0,28,0.08,MOVE,0
6,22,1,3,0,28,UP,UP,0,3,0,27,-1.91,MOVE,0
6,23,0,3,0,27,UP,UP,0,3,0,26,-4.91,WALL_HIT,0
6,24,0,3,0,26,RIGHT,RIGHT,0,3,0,25,-4.91,WALL_HIT,0
6,25,0,3,0,25,DOWN,DOWN,1,3,0,24,0.08,MOVE,0
6,26,1,3,0,24,UP,UP,0,3,0,23,-1.91,MOVE,0
6,27,0,3,0,23,LEFT,LEFT,0,2,0,22,-1.9,MOVE,0
6,28,0,2,0,22,LEFT,LEFT,0,1,0,21,-1.89,MOVE,0
6,29,0,1,0,21,UP,UP,0,1,0,20,-4.89,WALL_HIT,0
6,30,0,1,0,20,DOWN,DOWN,1,1,0,19,-1.88,MOVE,0
6,31,1,1,0,19,DOWN,DOWN,2,1,0,18,0.11,MOVE,0
6,32,2,1,0,18,UP,UP,1,1,0,17,-1.88,MOVE,0
6,33,1,1,0,17,DOWN,DOWN,2,1,0,16,0.11,MOVE,0
6,34,2,1,0,16,UP,UP,1,1,0,15,-1.88,MOVE,0
6,35,1,1,0,15,DOWN,DOWN,2,1,0,14,0.11,MOVE,0
6,36,2,1,0,14,RIGHT,RIGHT,2,2,0,13,0.1,MOVE,0
6,37,2,2,0,13,LEFT,LEFT,2,1,0,12,-1.89,MOVE,0
6,38,2,1,0,12,RIGHT,RIGHT,2,2,0,11,0.1,MOVE,0
6,39,2,2,0,11,DOWN,DOWN,3,2,0,10,-1.89,MOVE,0
6,40,3,2,0,10,DOWN,DOWN,4,2,0,9,-1.88,MOVE,0
6,41,4,2,0,9,LEFT,LEFT,4,2,0,8,-4.88,WALL_HIT,0
6,42,4,2,0,8,UP,UP,3,2,0,7,0.11,MOVE,0
6,43,3,2,0,7,LEFT,LEFT,3,1,0,6,-1.88,MOVE,0
6,44,3,1,0,6,UP,RIGHT,3,2,0,5,0.11,MOVE,0
6,45,3,2,0,5,RIGHT,DOWN,4,2,0,4,-1.88,MOVE,0
6,46,4,2,0,4,DOWN,DOWN,5,2,0,3,-1.87,MOVE,0
6,47,5,2,0,3,LEFT,LEFT,5,1,0,2,-1.86,MOVE,0
6,48,5,1,0,2,LEFT,LEFT,5,0,0,1,-1.85,MOVE,0
6,49,5,0,0,1,LEFT,LEFT,5,0,0,0,-10.0,ENERGY_DEPLETED,1
7,0,0,0,0,50,DOWN,LEFT,0,0,0,49,-4.88,WALL_HIT,0
7,1,0,0,0,49,DOWN,DOWN,1,0,0,48,-1.87,MOVE,0
7,2,1,0,0,48,RIGHT,UP,0,0,0,47,0.12,MOVE,0
7,3,0,0,0,47,RIGHT,RIGHT,0,1,0,46,0.11,MOVE,0
7,4,0,1,0,46,UP,UP,0,1,0,45,-4.89,WALL_HIT,0
7,5,0,1,0,45,DOWN,DOWN,1,1,0,44,-1.88,MOVE,0
7,6,1,1,0,44,LEFT,LEFT,1,0,0,43,-1.87,MOVE,0
7,7,1,0,0,43,RIGHT,RIGHT,1,1,0,42,0.12,MOVE,0
7,8,1,1,0,42,DOWN,DOWN,2,1,0,41,0.11,MOVE,0
7,9,2,1,0,41,DOWN,DOWN,3,1,0,40,-1.88,MOVE,0
7,10,3,1,0,40,UP,UP,2,1,0,39,0.11,MOVE,0
7,11,2,1,0,39,UP,UP,1,1,0,38,-1.88,MOVE,0
7,12,1,1,0,38,DOWN,DOWN,2,1,0,37,0.11,MOVE,0
7,13,2,1,0,37,LEFT,LEFT,2,0,0,36,-1.88,MOVE,0
7,14,2,0,0,36,UP,UP,1,0,0,35,-1.87,MOVE,0
7,15,1,0,0,35,LEFT,LEFT,1,0,0,34,-4.87,WALL_HIT,0
7,16,1,0,0,34,LEFT,LEFT,1,0,0,33,-4.87,WALL_HIT,0
7,17,1,0,0,33,UP,RIGHT,1,1,0,32,0.12,MOVE,0
7,18,1,1,0,32,UP,UP,0,1,0,31,0.11,MOVE,0
7,19,0,1,0,31,LEFT,LEFT,0,0,0,30,-1.88,MOVE,0
7,20,0,0,0,30,LEFT,LEFT,0,0,0,29,-4.88,WALL_HIT,0
7,21,0,0,0,29,DOWN,DOWN,1,0,0,28,-1.87,MOVE,0
7,22,1,0,0,28,UP,UP,0,0,0,27,0.12,MOVE,0
7,23,0,0,0,27,LEFT,DOWN,1,0,0,26,-1.87,MOVE,0
7,24,1,0,0,26,DOWN,DOWN,2,0,0,25,0.12,MOVE,0
7,25,2,0,0,25,DOWN,DOWN,2,0,0,24,-4.88,WALL_HIT,0
7,26,2,0,0,24,RIGHT,RIGHT,2,1,0,23,0.11,MOVE,0
7,27,2,1,0,23,LEFT,LEFT,2,0,0,22,-1.88,MOVE,0
7,28,2,0,0,22,RIGHT,RIGHT,2,1,0,21,0.11,MOVE,0
7,29,2,1,0,21,DOWN,DOWN,3,1,0,20,-1.88,MOVE,0
7,30,3,1,0,20,LEFT,UP,2,1,0,19,0.11,MOVE,0
7,31,2,1,0,19,RIGHT,DOWN,3,1,0,18,-1.88,MOVE,0
7,32,3,1,0,18,DOWN,DOWN,3,1,0,17,-4.88,WALL_HIT,0
7,33,3,1,0,17,RIGHT,RIGHT,3,2,0,16,0.11,MOVE,0
7,34,3,2,0,16,LEFT,DOWN,4,2,0,15,-1.88,MOVE,0
7,35,4,2,0,15,LEFT,LEFT,4,2,0,14,-4.88,WALL_HIT,0
7,36,4,2,0,14,UP,UP,3,2,0,13,0.11,MOVE,0
7,37,3,2,0,13,DOWN,DOWN,4,2,0,12,-1.88,MOVE,0
7,38,4,2,0,12,LEFT,LEFT,4,2,0,11,-4.88,WALL_HIT,0
7,39,4,2,0,11,LEFT,LEFT,4,2,0,10,-4.88,WALL_HIT,0
7,40,4,2,0,10,LEFT,LEFT,4,2,0,9,-4.88,WALL_HIT,0
7,41,4,2,0,9,LEFT,LEFT,4,2,0,8,-4.88,WALL_HIT,0
7,42,4,2,0,8,DOWN,LEFT,4,2,0,7,-4.88,WALL_HIT,0
7,43,4,2,0,7,RIGHT,RIGHT,4,3,0,6,0.11,MOVE,0
7,44,4,3,0,6,RIGHT,RIGHT,4,4,0,5,0.1,MOVE,0
7,45,4,4,0,5,LEFT,LEFT,4,3,0,4,-1.89,MOVE,0
7,46,4,3,0,4,DOWN,DOWN,5,3,0,3,-1.88,MOVE,0
7,47,5,3,0,3,UP,UP,4,3,0,2,0.11,MOVE,0
7,48,4,3,0,2,LEFT,DOWN,5,3,0,1,-1.88,MOVE,0
7,49,5,3,0,1,UP,UP,4,3,0,0,-9.0,ENERGY_DEPLETED,1
8,0,0,0,0,50,RIGHT,RIGHT,0,1,0,49,0.11,MOVE,0
8,1,0,1,0,49,RIGHT,RIGHT,0,2,0,48,0.1,MOVE,0
8,2,0,2,0,48,UP,LEFT,0,1,0,47,-1.89,MOVE,0
8,3,0,1,0,47,DOWN,DOWN,1,1,0,46,-1.88,MOVE,0
8,4,1,1,0,46,RIGHT,RIGHT,1,1,0,45,-4.88,WALL_HIT,0
8,5,1,1,0,45,UP,UP,0,1,0,44,0.11,MOVE,0
8,6,0,1,0,44,RIGHT,RIGHT,0,2,0,43,0.1,MOVE,0
8,7,0,2,0,43,LEFT,LEFT,0,1,0,42,-1.89,MOVE,0
8,8,0,1,0,42,RIGHT,RIGHT,0,2,0,41,0.1,MOVE,0
8,9,0,2,0,41,RIGHT,UP,0,2,0,40,-4.9,WALL_HIT,0
8,10,0,2,0,40,UP,UP,0,2,0,39,-4.9,WALL_HIT,0
8,11,0,2,0,39,UP,UP,0,2,0,38,-4.9,WALL_HIT,0
8,12,0,2,0,38,UP,UP,0,2,0,37,-4.9,WALL_HIT,0
8,13,0,2,0,37,LEFT,DOWN,0,2,0,36,-4.9,WALL_HIT,0
8,14,0,2,0,36,UP,UP,0,2,0,35,-4.9,WALL_HIT,0
8,15,0,2,0,35,DOWN,LEFT,0,1,0,34,-1.89,MOVE,0
8,16,0,1,0,34,UP,UP,0,1,0,33,-4.89,WALL_HIT,0
8,17,0,1,0,33,RIGHT,RIGHT,0,2,0,32,0.1,MOVE,0
8,18,0,2,0,32,LEFT,LEFT,0,1,0,31,-1.89,MOVE,0
8,19,0,1,0,31,UP,LEFT,0,0,0,30,-1.88,MOVE,0
8,20,0,0,0,30,RIGHT,RIGHT,0,1,0,29,0.11,MOVE,0
8,21,0,1,0,29,RIGHT,RIGHT,0,2,0,28,0.1,MOVE,0
8,22,0,2,0,28,DOWN,LEFT,0,1,0,27,-1.89,MOVE,0
8,23,0,1,0,27,RIGHT,RIGHT,0,2,0,26,0.1,MOVE,0
8,24,0,2,0,26,RIGHT,RIGHT,0,3,0,25,0.09,MOVE,0
8,25,0,3,0,25,UP,UP,0,3,0,24,-4.91,WALL_HIT,0
8,26,0,3,0,24,RIGHT,RIGHT,0,3,0,23,-4.91,WALL_HIT,0
8,27,0,3,0,23,DOWN,DOWN,1,3,0,22,0.08,MOVE,0
8,28,1,3,0,22,LEFT,LEFT,1,3,0,21,-4.92,WALL_HIT,0
8,29,1,3,0,21,DOWN,DOWN,2,3,0,20,-1.91,MOVE,0
8,30,2,3,0,20,LEFT,LEFT,2,2,0,19,-1.9,MOVE,0
8,31,2,2,0,19,UP,UP,2,2,0,18,-4.9,WALL_HIT,0
8,32,2,2,0,18,UP,UP,2,2,0,17,-4.9,WALL_HIT,0
8,33,2,2,0,17,LEFT,UP,2,2,0,16,-4.9,WALL_HIT,0
8,34,2,2,0,16,DOWN,DOWN,3,2,0,15,-1.89,MOVE,0
8,35,3,2,0,15,LEFT,LEFT,3,1,0,14,-1.88,MOVE,0
8,36,3,1,0,14,LEFT,LEFT,3,1,0,13,-4.88,WALL_HIT,0
8,37,3,1,0,13,DOWN,DOWN,3,1,0,12,-4.88,WALL_HIT,0
8,38,3,1,0,12,UP,UP,2,1,0,11,0.11,MOVE,0
8,39,2,1,0,11,RIGHT,RIGHT,2,2,0,10,0.1,MOVE,0
8,40,2,2,0,10,DOWN,DOWN,3,2,0,9,-1.89,MOVE,0
8,41,3,2,0,9,DOWN,DOWN,4,2,0,8,-1.88,MOVE,0
8,42,4,2,0,8,LEFT,LEFT,4,2,0,7,-4.88,WALL_HIT,0
8,43,4,2,0,7,LEFT,LEFT,4,2,0,6,-4.88,WALL_HIT,0
8,44,4,2,0,6,DOWN,RIGHT,4,3,0,5,0.11,MOVE,0
8,45,4,3,0,5,DOWN,DOWN,5,3,0,4,-1.88,MOVE,0
8,46,5,3,0,4,UP,UP,4,3,0,3,0.11,MOVE,0
8,47,4,3,0,3,DOWN,DOWN,5,3,0,2,-1.88,MOVE,0
8,48,5,3,0,2,RIGHT,RIGHT,5,4,0,1,0.11,MOVE,0
8,49,5,4,0,1,UP,UP,4,4,0,0,-10.0,ENERGY_DEPLETED,1
9,0,0,0,0,50,UP,UP,0,0,0,49,-4.88,WALL_HIT,0
9,1,0,0,0,49,LEFT,LEFT,0,0,0,48,-4.88,WALL_HIT,0
9,2,0,0,0,48,RIGHT,UP,0,0,0,47,-4.88,WALL_HIT,0
9,3,0,0,0,47,LEFT,LEFT,0,0,0,46,-4.88,WALL_HIT,0
9,4,0,0,0,46,UP,UP,0,0,0,45,-4.88,WALL_HIT,0
9,5,0,0,0,45,LEFT,UP,0,0,0,44,-4.88,WALL_HIT,0
9,6,0,0,0,44,UP,UP,0,0,0,43,-4.88,WALL_HIT,0
9,7,0,0,0,43,UP,UP,0,0,0,42,-4.88,WALL_HIT,0
9,8,0,0,0,42,DOWN,LEFT,0,0,0,41,-4.88,WALL_HIT,0
9,9,0,0,0,41,UP,LEFT,0,0,0,40,-4.88,WALL_HIT,0
9,10,0,0,0,40,RIGHT,UP,0,0,0,39,-4.88,WALL_HIT,0
9,11,0,0,0,39,LEFT,LEFT,0,0,0,38,-4.88,WALL_HIT,0
9,12,0,0,0,38,UP,UP,0,0,0,37,-4.88,WALL_HIT,0
9,13,0,0,0,37,RIGHT,RIGHT,0,1,0,36,0.11,MOVE,0
9,14,0,1,0,36,LEFT,DOWN,1,1,0,35,-1.88,MOVE,0
9,15,1,1,0,35,UP,UP,0,1,0,34,0.11,MOVE,0
9,16,0,1,0,34,UP,UP,0,1,0,33,-4.89,WALL_HIT,0
9,17,0,1,0,33,UP,UP,0,1,0,32,-4.89,WALL_HIT,0
9,18,0,1,0,32,UP,UP,0,1,0,31,-4.89,WALL_HIT,0
9,19,0,1,0,31,LEFT,LEFT,0,0,0,30,-1.88,MOVE,0
9,20,0,0,0,30,UP,UP,0,0,0,29,-4.88,WALL_HIT,0
9,21,0,0,0,29,DOWN,DOWN,1,0,0,28,-1.87,MOVE,0
9,22,1,0,0,28,UP,UP,0,0,0,27,0.12,MOVE,0
9,23,0,0,0,27,DOWN,DOWN,1,0,0,26,-1.87,MOVE,0
9,24,1,0,0,26,LEFT,LEFT,1,0,0,25,-4.87,WALL_HIT,0
9,25,1,0,0,25,UP,UP,0,0,0,24,0.12,MOVE,0
9,26,0,0,0,24,DOWN,RIGHT,0,1,0,23,0.11,MOVE,0
9,27,0,1,0,23,RIGHT,DOWN,1,1,0,22,-1.88,MOVE,0
9,28,1,1,0,22,UP,UP,0,1,0,21,0.11,MOVE,0
9,29,0,1,0,21,RIGHT,RIGHT,0,2,0,20,0.1,MOVE,0
9,30,0,2,0,20,UP,RIGHT,0,3,0,19,0.09,MOVE,0
9,31,0,3,0,19,UP,UP,0,3,0,18,-4.91,WALL_HIT,0
9,32,0,3,0,18,UP,UP,0,3,0,17,-4.91,WALL_HIT,0
9,33,0,3,0,17,LEFT,LEFT,0,2,0,16,-1.9,MOVE,0
9,34,0,2,0,16,RIGHT,RIGHT,0,3,0,15,0.09,MOVE,0
9,35,0,3,0,15,UP,UP,0,3,0,14,-4.91,WALL_HIT,0
9,36,0,3,0,14,UP,UP,0,3,0,13,-4.91,WALL_HIT,0
9,37,0,3,0,13,UP,UP,0,3,0,12,-4.91,WALL_HIT,0
9,38,0,3,0,12,DOWN,DOWN,1,3,0,11,0.08,MOVE,0
9,39,1,3,0,11,DOWN,DOWN,2,3,0,10,-1.91,MOVE,0
9,40,2,3,0,10,DOWN,DOWN,3,3,0,9,-1.9,MOVE,0
9,41,3,3,0,9,DOWN,DOWN,4,3,0,8,-1.89,MOVE,0
9,42,4,3,0,8,UP,UP,3,3,0,7,0.1,MOVE,0
9,43,3,3,0,7,UP,UP,2,3,0,6,0.09,MOVE,0
9,44,2,3,0,6,UP,UP,1,3,0,5,0.08,MOVE,0
9,45,1,3,0,5,LEFT,LEFT,1,3,0,4,-4.92,WALL_HIT,0
9,46,1,3,0,4,LEFT,LEFT,1,3,0,3,-4.92,WALL_HIT,0
9,47,1,3,0,3,RIGHT,RIGHT,1,4,0,2,0.07,MOVE,0
9,48,1,4,0,2,LEFT,LEFT,1,3,0,1,-1.92,MOVE,0
9,49,1,3,0,1,UP,UP,0,3,0,0,-13.0,ENERGY_DEPLETED,1
10000,0,0,0,0,50,RIGHT,RIGHT,0,1,0,49,0.11,MOVE,0
10000,1,0,1,0,49,UP,UP,0,1,0,48,-4.89,WALL_HIT,0
10000,2,0,1,0,48,UP,UP,0,1,0,47,-4.89,WALL_HIT,0
10000,3,0,1,0,47,UP,UP,0,1,0,46,-4.89,WALL_HIT,0
10000,4,0,1,0,46,DOWN,DOWN,1,1,0,45,-1.88,MOVE,0
10000,5,1,1,0,45,RIGHT,RIGHT,1,1,0,44,-4.88,WALL_HIT,0
10000,6,1,1,0,44,LEFT,LEFT,1,0,0,43,-1.87,MOVE,0
10000,7,1,0,0,43,RIGHT,DOWN,2,0,0,42,0.12,MOVE,0
10000,8,2,0,0,42,LEFT,UP,1,0,0,41,-1.87,MOVE,0
10000,9,1,0,0,41,UP,UP,0,0,0,40,0.12,MOVE,0
10000,10,0,0,0,40,LEFT,LEFT,0,0,0,39,-4.88,WALL_HIT,0
10000,11,0,0,0,39,DOWN,DOWN,1,0,0,38,-1.87,MOVE,0
10000,12,1,0,0,38,RIGHT,RIGHT,1,1,0,37,0.12,MOVE,0
10000,13,1,1,0,37,RIGHT,RIGHT,1,1,0,36,-4.88,WALL_HIT,0
10000,14,1,1,0,36,RIGHT,RIGHT,1,1,0,35,-4.88,WALL_HIT,0
10000,15,1,1,0,35,RIGHT,RIGHT,1,1,0,34,-4.88,WALL_HIT,0
10000,16,1,1,0,34,RIGHT,RIGHT,1,1,0,33,-4.88,WALL_HIT,0
10000,17,1,1,0,33,RIGHT,RIGHT,1,1,0,32,-4.88,WALL_HIT,0
10000,18,1,1,0,32,UP,UP,0,1,0,31,0.11,MOVE,0
10000,19,0,1,0,31,LEFT,DOWN,1,1,0,30,-1.88,MOVE,0
10000,20,1,1,0,30,UP,UP,0,1,0,29,0.11,MOVE,0
10000,21,0,1,0,29,RIGHT,RIGHT,0,2,0,28,0.1,MOVE,0
10000,22,0,2,0,28,UP,UP,0,2,0,27,-4.9,WALL_HIT,0
10000,23,0,2,0,27,RIGHT,RIGHT,0,3,0,26,0.09,MOVE,0
10000,24,0,3,0,26,DOWN,DOWN,1,3,0,25,0.08,MOVE,0
10000,25,1,3,0,25,RIGHT,RIGHT,1,4,0,24,0.07,MOVE,0
10000,26,1,4,0,24,DOWN,RIGHT,1,5,0,23,0.06,MOVE,0
10000,27,1,5,0,23,RIGHT,RIGHT,1,6,0,22,0.05,MOVE,0
10000,28,1,6,0,22,LEFT,LEFT,1,5,0,21,-1.94,MOVE,0
10000,29,1,5,0,21,RIGHT,RIGHT,1,6,0,20,0.05,MOVE,0
10000,30,1,6,0,20,UP,RIGHT,1,7,0,19,0.04,MOVE,0
10000,31,1,7,0,19,RIGHT,RIGHT,1,8,0,18,0.03,MOVE,0
10000,32,1,8,0,18,UP,LEFT,1,7,0,17,-1.96,MOVE,0
10000,33,1,7,0,17,RIGHT,UP,0,7,0,16,0.03,MOVE,0
10000,34,0,7,0,16,RIGHT,RIGHT,0,8,0,15,0.02,MOVE,0
10000,35,0,8,0,15,LEFT,LEFT,0,7,0,14,-1.97,MOVE,0
10000,36,0,7,0,14,RIGHT,DOWN,1,7,0,13,-1.96,MOVE,0
10000,37,1,7,0,13,LEFT,LEFT,1,6,0,12,-1.95,MOVE,0
10000,38,1,6,0,12,UP,UP,0,6,0,11,0.04,MOVE,0
10000,39,0,6,0,11,RIGHT,RIGHT,0,7,0,10,0.03,MOVE,0
10000,40,0,7,0,10,DOWN,DOWN,1,7,0,9,-1.96,MOVE,0
10000,41,1,7,0,9,DOWN,DOWN,2,7,0,8,-1.95,MOVE,0
10000,42,2,7,0,8,UP,UP,1,7,0,7,0.04,MOVE,0
10000,43,1,7,0,7,LEFT,UP,0,7,0,6,0.03,MOVE,0
10000,44,0,7,0,6,DOWN,DOWN,1,7,0,5,-1.96,MOVE,0
10000,45,1,7,0,5,UP,UP,0,7,0,4,0.03,MOVE,0
10000,46,0,7,0,4,LEFT,LEFT,0,6,0,3,-1.96,MOVE,0
10000,47,0,6,0,3,LEFT,LEFT,0,5,0,2,-1.95,MOVE,0
10000,48,0,5,0,2,RIGHT,RIGHT,0,6,0,1,0.04,MOVE,0
10000,49,0,6,0,1,RIGHT,DOWN,1,6,0,0,-17.0,ENERGY_DEPLETED,1
20000,0,0,0,0,50,DOWN,DOWN,1,0,0,49,-1.87,MOVE,0
20000,1,1,0,0,49,RIGHT,RIGHT,1,1,0,48,0.12,MOVE,0
20000,2,1,1,0,48,RIGHT,RIGHT,1,1,0,47,-4.88,WALL_HIT,0
20000,3,1,1,0,47,LEFT,LEFT,1,0,0,46,-1.87,MOVE,0
20000,4,1,0,0,46,RIGHT,RIGHT,1,1,0,45,0.12,MOVE,0
20000,5,1,1,0,45,LEFT,LEFT,1,0,0,44,-1.87,MOVE,0
20000,6,1,0,0,44,DOWN,DOWN,2,0,0,43,0.12,MOVE,0
20000,7,2,0,0,43,UP,UP,1,0,0,42,-1.87,MOVE,0
20000,8,1,0,0,42,UP,UP,0,0,0,41,0.12,MOVE,0
20000,9,0,0,0,41,RIGHT,RIGHT,0,1,0,40,0.11,MOVE,0
20000,10,0,1,0,40,LEFT,LEFT,0,0,0,39,-1.88,MOVE,0
20000,11,0,0,0,39,DOWN,DOWN,1,0,0,38,-1.87,MOVE,0
20000,12,1,0,0,38,RIGHT,RIGHT,1,1,0,37,0.12,MOVE,0
20000,13,1,1,0,37,DOWN,LEFT,1,0,0,36,-1.87,MOVE,0
20000,14,1,0,0,36,DOWN,DOWN,2,0,0,35,0.12,MOVE,0
20000,15,2,0,0,35,LEFT,LEFT,2,0,0,34,-4.88,WALL_HIT,0
20000,16,2,0,0,34,RIGHT,RIGHT,2,1,0,33,0.11,MOVE,0
20000,17,2,1,0,33,RIGHT,RIGHT,2,2,0,32,0.1,MOVE,0
20000,18,2,2,0,32,DOWN,DOWN,3,2,0,31,-1.89,MOVE,0
20000,19,3,2,0,31,RIGHT,RIGHT,3,3,0,30,0.1,MOVE,0
20000,20,3,3,0,30,UP,UP,2,3,0,29,0.09,MOVE,0
20000,21,2,3,0,29,LEFT,LEFT,2,2,0,28,-1.9,MOVE,0
20000,22,2,2,0,28,LEFT,LEFT,2,1,0,27,-1.89,MOVE,0
20000,23,2,1,0,27,RIGHT,DOWN,3,1,0,26,-1.88,MOVE,0
20000,24,3,1,0,26,UP,UP,2,1,0,25,0.11,MOVE,0
20000,25,2,1,0,25,RIGHT,DOWN,3,1,0,24,-1.88,MOVE,0
20000,26,3,1,0,24,RIGHT,RIGHT,3,2,0,23,0.11,MOVE,0
20000,27,3,2,0,23,RIGHT,UP,2,2,0,22,0.1,MOVE,0
20000,28,2,2,0,22,UP,UP,2,2,0,21,-4.9,WALL_HIT,0
20000,29,2,2,0,21,LEFT,LEFT,2,1,0,20,-1.89,MOVE,0
20000,30,2,1,0,20,RIGHT,RIGHT,2,2,0,19,0.1,MOVE,0
20000,31,2,2,0,19,RIGHT,RIGHT,2,3,0,18,0.09,MOVE,0
20000,32,2,3,0,18,RIGHT,RIGHT,2,3,0,17,-4.91,WALL_HIT,0
20000,33,2,3,0,17,RIGHT,RIGHT,2,3,0,16,-4.91,WALL_HIT,0
20000,34,2,3,0,16,LEFT,LEFT,2,2,0,15,-1.9,MOVE,0
20000,35,2,2,0,15,LEFT,LEFT,2,1,0,14,-1.89,MOVE,0
20000,36,2,1,0,14,DOWN,DOWN,3,1,0,13,-1.88,MOVE,0
20000,37,3,1,0,13,RIGHT,RIGHT,3,2,0,12,0.11,MOVE,0
20000,38,3,2,0,12,LEFT,LEFT,3,1,0,11,-1.88,MOVE,0
20000,39,3,1,0,11,LEFT,LEFT,3,1,0,10,-4.88,WALL_HIT,0
20000,40,3,1,0,10,RIGHT,RIGHT,3,2,0,9,0.11,MOVE,0
20000,41,3,2,0,9,RIGHT,RIGHT,3,3,0,8,0.1,MOVE,0
20000,42,3,3,0,8,DOWN,RIGHT,3,3,0,7,-4.9,WALL_HIT,0
20000,43,3,3,0,7,UP,UP,2,3,0,6,0.09,MOVE,0
20000,44,2,3,0,6,UP,UP,1,3,0,5,0.08,MOVE,0
20000,45,1,3,0,5,UP,UP,0,3,0,4,-1.91,MOVE,0
20000,46,0,3,0,4,DOWN,RIGHT,0,3,0,3,-4.91,WALL_HIT,0
20000,47,0,3,0,3,LEFT,LEFT,0,2,0,2,-1.9,MOVE,0
20000,48,0,2,0,2,LEFT,LEFT,0,1,0,1,-1.89,MOVE,0
20000,49,0,1,0,1,DOWN,DOWN,1,1,0,0,-10.0,ENERGY_DEPLETED,1
30000,0,0,0,0,50,DOWN,LEFT,0,0,0,49,-4.88,WALL_HIT,0
30000,1,0,0,0,49,LEFT,LEFT,0,0,0,48,-4.88,WALL_HIT,0
30000,2,0,0,0,48,DOWN,DOWN,1,0,0,47,-1.87,MOVE,0
30000,3,1,0,0,47,RIGHT,RIGHT,1,1,0,46,0.12,MOVE,0
30000,4,1,1,0,46,LEFT,LEFT,1,0,0,45,-1.87,MOVE,0
30000,5,1,0,0,45,RIGHT,RIGHT,1,1,0,44,0.12,MOVE,0
30000,6,1,1,0,44,UP,RIGHT,1,1,0,43,-4.88,WALL_HIT,0
30000,7,1,1,0,43,UP,LEFT,1,0,0,42,-1.87,MOVE,0
30000,8,1,0,0,42,UP,UP,0,0,0,41,0.12,MOVE,0
30000,9,0,0,0,41,RIGHT,DOWN,1,0,0,40,-1.87,MOVE,0
30000,10,1,0,0,40,RIGHT,RIGHT,1,1,0,39,0.12,MOVE,0
30000,11,1,1,0,39,RIGHT,RIGHT,1,1,0,38,-4.88,WALL_HIT,0
30000,12,1,1,0,38,UP,LEFT,1,0,0,37,-1.87,MOVE,0
30000,13,1,0,0,37,DOWN,DOWN,2,0,0,36,0.12,MOVE,0
30000,14,2,0,0,36,RIGHT,RIGHT,2,1,0,35,0.11,MOVE,0
30000,15,2,1,0,35,RIGHT,RIGHT,2,2,0,34,0.1,MOVE,0
30000,16,2,2,0,34,RIGHT,RIGHT,2,3,0,33,0.09,MOVE,0
30000,17,2,3,0,33,RIGHT,DOWN,3,3,0,32,-1.9,MOVE,0
30000,18,3,3,0,32,UP,UP,2,3,0,31,0.09,MOVE,0
30000,19,2,3,0,31,RIGHT,RIGHT,2,3,0,30,-4.91,WALL_HIT,0
30000,20,2,3,0,30,LEFT,LEFT,2,2,0,29,-1.9,MOVE,0
30000,21,2,2,0,29,RIGHT,RIGHT,2,3,0,28,0.09,MOVE,0
30000,22,2,3,0,28,RIGHT,DOWN,3,3,0,27,-1.9,MOVE,0
30000,23,3,3,0,27,UP,UP,2,3,0,26,0.09,MOVE,0
30000,24,2,3,0,26,UP,UP,1,3,0,25,0.08,MOVE,0
30000,25,1,3,0,25,RIGHT,RIGHT,1,4,0,24,0.07,MOVE,0
30000,26,1,4,0,24,RIGHT,UP,1,4,0,23,-4.93,WALL_HIT,0
30000,27,1,4,0,23,LEFT,LEFT,1,3,0,22,-1.92,MOVE,0
30000,28,1,3,0,22,LEFT,LEFT,1,3,0,21,-4.92,WALL_HIT,0
30000,29,1,3,0,21,RIGHT,RIGHT,1,4,0,20,0.07,MOVE,0
30000,30,1,4,0,20,RIGHT,RIGHT,1,5,0,19,0.06,MOVE,0
30000,31,1,5,0,19,UP,UP,0,5,0,18,0.05,MOVE,0
30000,32,0,5,0,18,LEFT,LEFT,0,5,0,17,-4.95,WALL_HIT,0
30000,33,0,5,0,17,RIGHT,RIGHT,0,6,0,16,0.04,MOVE,0
30000,34,0,6,0,16,RIGHT,RIGHT,0,7,0,15,0.03,MOVE,0
30000,35,0,7,0,15,RIGHT,RIGHT,0,8,0,14,0.02,MOVE,0
30000,36,0,8,0,14,UP,UP,0,8,0,13,-4.98,WALL_HIT,0
30000,37,0,8,0,13,RIGHT,RIGHT,0,9,0,12,0.01,MOVE,0
30000,38,0,9,0,12,RIGHT,RIGHT,0,10,1,11,32.18,KEY_PICKUP,0
30000,39,0,10,1,11,LEFT,UP,0,10,1,10,-4.82,WALL_HIT,0
30000,40,0,10,1,10,DOWN,LEFT,0,9,1,9,-1.81,MOVE,0
30000,41,0,9,1,9,UP,UP,0,9,1,8,-4.81,WALL_HIT,0
30000,42,0,9,1,8,LEFT,LEFT,0,8,1,7,-1.8,MOVE,0
30000,43,0,8,1,7,DOWN,DOWN,1,8,1,6,0.19,MOVE,0
30000,44,1,8,1,6,LEFT,UP,0,8,1,5,-1.8,MOVE,0
30000,45,0,8,1,5,UP,LEFT,0,7,1,4,-1.79,MOVE,0
30000,46,0,7,1,4,DOWN,DOWN,1,7,1,3,0.2,MOVE,0
30000,47,1,7,1,3,RIGHT,RIGHT,1,8,1,2,0.19,MOVE,0
30000,48,1,8,1,2,LEFT,LEFT,1,7,1,1,-1.8,MOVE,0
30000,49,1,7,1,1,UP,LEFT,1,6,1,0,-1.0,ENERGY_DEPLETED,1
40000,0,0,0,0,50,RIGHT,RIGHT,0,1,0,49,0.11,MOVE,0
40000,1,0,1,0,49,RIGHT,RIGHT,0,2,0,48,0.1,MOVE,0
40000,2,0,2,0,48,LEFT,LEFT,0,1,0,47,-1.89,MOVE,0
40000,3,0,1,0,47,DOWN,DOWN,1,1,0,46,-1.88,MOVE,0
40000,4,1,1,0,46,LEFT,UP,0,1,0,45,0.11,MOVE,0
40000,5,0,1,0,45,RIGHT,RIGHT,0,2,0,44,0.1,MOVE,0
40000,6,0,2,0,44,LEFT,LEFT,0,1,0,43,-1.89,MOVE,0
40000,7,0,1,0,43,DOWN,LEFT,0,0,0,42,-1.88,MOVE,0
40000,8,0,0,0,42,RIGHT,RIGHT,0,1,0,41,0.11,MOVE,0
40000,9,0,1,0,41,RIGHT,RIGHT,0,2,0,40,0.1,MOVE,0
40000,10,0,2,0,40,RIGHT,RIGHT,0,3,0,39,0.09,MOVE,0
40000,11,0,3,0,39,UP,LEFT,0,2,0,38,-1.9,MOVE,0
40000,12,0,2,0,38,LEFT,LEFT,0,1,0,37,-1.89,MOVE,0
40000,13,0,1,0,37,RIGHT,RIGHT,0,2,0,36,0.1,MOVE,0
40000,14,0,2,0,36,RIGHT,RIGHT,0,3,0,35,0.09,MOVE,0
40000,15,0,3,0,35,UP,UP,0,3,0,34,-4.91,WALL_HIT,0
40000,16,0,3,0,34,DOWN,DOWN,1,3,0,33,0.08,MOVE,0
40000,17,1,3,0,33,RIGHT,RIGHT,1,4,0,32,0.07,MOVE,0
40000,18,1,4,0,32,RIGHT,RIGHT,1,5,0,31,0.06,MOVE,0
40000,19,1,5,0,31,RIGHT,UP,0,5,0,30,0.05,MOVE,0
40000,20,0,5,0,30,RIGHT,RIGHT,0,6,0,29,0.04,MOVE,0
40000,21,0,6,0,29,UP,LEFT,0,5,0,28,-1.95,MOVE,0
40000,22,0,5,0,28,RIGHT,RIGHT,0,6,0,27,0.04,MOVE,0
40000,23,0,6,0,27,LEFT,LEFT,0,5,0,26,-1.95,MOVE,0
40000,24,0,5,0,26,RIGHT,RIGHT,0,6,0,25,0.04,MOVE,0
40000,25,0,6,0,25,RIGHT,RIGHT,0,7,0,24,0.03,MOVE,0
40000,26,0,7,0,24,RIGHT,UP,0,7,0,23,-4.97,WALL_HIT,0
40000,27,0,7,0,23,RIGHT,RIGHT,0,8,0,22,0.02,MOVE,0
40000,28,0,8,0,22,DOWN,DOWN,1,8,0,21,-1.97,MOVE,0
40000,29,1,8,0,21,RIGHT,RIGHT,1,9,0,20,0.02,MOVE,0
40000,30,1,9,0,20,LEFT,LEFT,1,8,0,19,-1.97,MOVE,0
40000,31,1,8,0,19,UP,UP,0,8,0,18,0.02,MOVE,0
40000,32,0,8,0,18,LEFT,LEFT,0,7,0,17,-1.97,MOVE,0
40000,33,0,7,0,17,RIGHT,RIGHT,0,8,0,16,0.02,MOVE,0
40000,34,0,8,0,16,RIGHT,DOWN,1,8,0,15,-1.97,MOVE,0
40000,35,1,8,0,15,RIGHT,RIGHT,1,9,0,14,0.02,MOVE,0
40000,36,1,9,0,14,LEFT,UP,0,9,0,13,0.01,MOVE,0
40000,37,0,9,0,13,RIGHT,RIGHT,0,10,1,12,32.18,KEY_PICKUP,0
40000,38,0,10,1,12,DOWN,DOWN,1,10,1,11,0.17,MOVE,0
40000,39,1,10,1,11,DOWN,RIGHT,1,11,1,10,0.16,MOVE,0
40000,40,1,11,1,10,RIGHT,RIGHT,1,12,1,9,0.15,MOVE,0
40000,41,1,12,1,9,DOWN,DOWN,2,12,1,8,0.14,MOVE,0
40000,42,2,12,1,8,LEFT,DOWN,3,12,1,7,0.13,MOVE,0
40000,43,3,12,1,7,DOWN,RIGHT,3,13,1,6,0.12,MOVE,0
40000,44,3,13,1,6,DOWN,DOWN,4,13,1,5,0.11,MOVE,0
40000,45,4,13,1,5,DOWN,DOWN,5,13,1,4,0.1,MOVE,0
40000,46,5,13,1,4,UP,UP,4,13,1,3,-1.89,MOVE,0
40000,47,4,13,1,3,RIGHT,RIGHT,4,14,1,2,-1.88,MOVE,0
40000,48,4,14,1,2,DOWN,RIGHT,4,15,1,1,-1.87,MOVE,0
40000,49,4,15,1,1,LEFT,LEFT,4,14,1,0,-8.0,ENERGY_DEPLETED,1
50000,0,0,0,0,50,DOWN,RIGHT,0,1,0,49,0.11,MOVE,0
50000,1,0,1,0,49,DOWN,DOWN,1,1,0,48,-1.88,MOVE,0
50000,2,1,1,0,48,UP,UP,0,1,0,47,0.11,MOVE,0
50000,3,0,1,0,47,DOWN,LEFT,0,0,0,46,-1.88,MOVE,0
50000,4,0,0,0,46,RIGHT,RIGHT,0,1,0,45,0.11,MOVE,0
50000,5,0,1,0,45,DOWN,DOWN,1,1,0,44,-1.88,MOVE,0
50000,6,1,1,0,44,LEFT,LEFT,1,0,0,43,-1.87,MOVE,0
50000,7,1,0,0,43,UP,UP,0,0,0,42,0.12,MOVE,0
50000,8,0,0,0,42,RIGHT,RIGHT,0,1,0,41,0.11,MOVE,0
50000,9,0,1,0,41,RIGHT,DOWN,1,1,0,40,-1.88,MOVE,0
50000,10,1,1,0,40,UP,UP,0,1,0,39,0.11,MOVE,0
50000,11,0,1,0,39,RIGHT,RIGHT,0,2,0,38,0.1,MOVE,0
50000,12,0,2,0,38,RIGHT,RIGHT,0,3,0,37,0.09,MOVE,0
50000,13,0,3,0,37,RIGHT,RIGHT,0,3,0,36,-4.91,WALL_HIT,0
50000,14,0,3,0,36,DOWN,DOWN,1,3,0,35,0.08,MOVE,0
50000,15,1,3,0,35,RIGHT,RIGHT,1,4,0,34,0.07,MOVE,0
50000,16,1,4,0,34,RIGHT,DOWN,1,4,0,33,-4.93,WALL_HIT,0
50000,17,1,4,0,33,UP,UP,1,4,0,32,-4.93,WALL_HIT,0
50000,18,1,4,0,32,RIGHT,RIGHT,1,5,0,31,0.06,MOVE,0
50000,19,1,5,0,31,RIGHT,DOWN,1,5,0,30,-4.94,WALL_HIT,0
50000,20,1,5,0,30,RIGHT,RIGHT,1,6,0,29,0.05,MOVE,0
50000,21,1,6,0,29,RIGHT,RIGHT,1,7,0,28,0.04,MOVE,0
50000,22,1,7,0,28,RIGHT,RIGHT,1,8,0,27,0.03,MOVE,0
50000,23,1,8,0,27,RIGHT,DOWN,2,8,0,26,-1.96,MOVE,0
50000,24,2,8,0,26,RIGHT,RIGHT,2,9,0,25,0.03,MOVE,0
50000,25,2,9,0,25,LEFT,LEFT,2,8,0,24,-1.96,MOVE,0
50000,26,2,8,0,24,UP,UP,1,8,0,23,0.03,MOVE,0
50000,27,1,8,0,23,UP,UP,0,8,0,22,0.02,MOVE,0
50000,28,0,8,0,22,LEFT,LEFT,0,7,0,21,-1.97,MOVE,0
50000,29,0,7,0,21,DOWN,DOWN,1,7,0,20,-1.96,MOVE,0
50000,30,1,7,0,20,RIGHT,RIGHT,1,8,0,19,0.03,MOVE,0
50000,31,1,8,0,19,RIGHT,RIGHT,1,9,0,18,0.02,MOVE,0
50000,32,1,9,0,18,UP,UP,0,9,0,17,0.01,MOVE,0
50000,33,0,9,0,17,DOWN,DOWN,1,9,0,16,-1.98,MOVE,0
50000,34,1,9,0,16,UP,UP,0,9,0,15,0.01,MOVE,0
50000,35,0,9,0,15,RIGHT,RIGHT,0,10,1,14,32.18,KEY_PICKUP,0
50000,36,0,10,1,14,DOWN,DOWN,1,10,1,13,0.17,MOVE,0
50000,37,1,10,1,13,DOWN,DOWN,2,10,1,12,0.16,MOVE,0
50000,38,2,10,1,12,UP,UP,1,10,1,11,-1.83,MOVE,0
50000,39,1,10,1,11,DOWN,DOWN,2,10,1,10,0.16,MOVE,0
50000,40,2,10,1,10,DOWN,DOWN,3,10,1,9,0.15,MOVE,0
50000,41,3,10,1,9,LEFT,LEFT,3,9,1,8,-1.84,MOVE,0
50000,42,3,9,1,8,UP,LEFT,3,8,1,7,-1.83,MOVE,0
50000,43,3,8,1,7,RIGHT,DOWN,3,8,1,6,-4.83,WALL_HIT,0
50000,44,3,8,1,6,DOWN,LEFT,3,8,1,5,-4.83,WALL_HIT,0
50000,45,3,8,1,5,UP,UP,2,8,1,4,-1.82,MOVE,0
50000,46,2,8,1,4,UP,UP,1,8,1,3,-1.81,MOVE,0
50000,47,1,8,1,3,DOWN,DOWN,2,8,1,2,0.18,MOVE,0
50000,48,2,8,1,2,LEFT,UP,1,8,1,1,-1.81,MOVE,0
50000,49,1,8,1,1,UP,UP,0,8,1,0,-2.0,ENERGY_DEPLETED,1
60000,0,0,0,0,50,RIGHT,UP,0,0,0,49,-4.88,WALL_HIT,0
60000,1,0,0,0,49,LEFT,LEFT,0,0,0,48,-4.88,WALL_HIT,0
60000,2,0,0,0,48,DOWN,DOWN,1,0,0,47,-1.87,MOVE,0
60000,3,1,0,0,47,RIGHT,RIGHT,1,1,0,46,0.12,MOVE,0
60000,4,1,1,0,46,LEFT,LEFT,1,0,0,45,-1.87,MOVE,0
60000,5,1,0,0,45,UP,UP,0,0,0,44,0.12,MOVE,0
60000,6,0,0,0,44,RIGHT,RIGHT,0,1,0,43,0.11,MOVE,0
60000,7,0,1,0,43,LEFT,LEFT,0,0,0,42,-1.88,MOVE,0
60000,8,0,0,0,42,DOWN,DOWN,1,0,0,41,-1.87,MOVE,0
60000,9,1,0,0,41,RIGHT,RIGHT,1,1,0,40,0.12,MOVE,0
60000,10,1,1,0,40,DOWN,DOWN,2,1,0,39,0.11,MOVE,0
60000,11,2,1,0,39,RIGHT,UP,1,1,0,38,-1.88,MOVE,0
60000,12,1,1,0,38,UP,UP,0,1,0,37,0.11,MOVE,0
60000,13,0,1,0,37,RIGHT,RIGHT,0,2,0,36,0.1,MOVE,0
60000,14,0,2,0,36,RIGHT,UP,0,2,0,35,-4.9,WALL_HIT,0
60000,15,0,2,0,35,RIGHT,UP,0,2,0,34,-4.9,WALL_HIT,0
60000,16,0,2,0,34,UP,RIGHT,0,3,0,33,0.09,MOVE,0
60000,17,0,3,0,33,DOWN,DOWN,1,3,0,32,0.08,MOVE,0
60000,18,1,3,0,32,RIGHT,RIGHT,1,4,0,31,0.07,MOVE,0
60000,19,1,4,0,31,RIGHT,RIGHT,1,5,0,30,0.06,MOVE,0
60000,20,1,5,0,30,RIGHT,RIGHT,1,6,0,29,0.05,MOVE,0
60000,21,1,6,0,29,RIGHT,UP,0,6,0,28,0.04,MOVE,0
60000,22,0,6,0,28,RIGHT,RIGHT,0,7,0,27,0.03,MOVE,0
60000,23,0,7,0,27,RIGHT,UP,0,7,0,26,-4.97,WALL_HIT,0
60000,24,0,7,0,26,RIGHT,RIGHT,0,8,0,25,0.02,MOVE,0
60000,25,0,8,0,25,RIGHT,RIGHT,0,9,0,24,0.01,MOVE,0
60000,26,0,9,0,24,DOWN,DOWN,1,9,0,23,-1.98,MOVE,0
60000,27,1,9,0,23,UP,UP,0,9,0,22,0.01,MOVE,0
60000,28,0,9,0,22,RIGHT,RIGHT,0,10,1,21,32.18,KEY_PICKUP,0
60000,29,0,10,1,21,UP,UP,0,10,1,20,-4.82,WALL_HIT,0
60000,30,0,10,1,20,DOWN,DOWN,1,10,1,19,0.17,MOVE,0
60000,31,1,10,1,19,DOWN,DOWN,2,10,1,18,0.16,MOVE,0
60000,32,2,10,1,18,DOWN,DOWN,3,10,1,17,0.15,MOVE,0
60000,33,3,10,1,17,DOWN,DOWN,4,10,1,16,0.14,MOVE,0
60000,34,4,10,1,16,RIGHT,DOWN,5,10,1,15,0.13,MOVE,0
60000,35,5,10,1,15,RIGHT,RIGHT,5,11,1,14,0.12,MOVE,0
60000,36,5,11,1,14,DOWN,RIGHT,5,12,1,13,0.11,MOVE,0
60000,37,5,12,1,13,RIGHT,DOWN,6,12,1,12,0.1,MOVE,0
60000,38,6,12,1,12,RIGHT,RIGHT,6,13,1,11,0.09,MOVE,0
60000,39,6,13,1,11,DOWN,DOWN,7,13,1,10,0.08,MOVE,0
60000,40,7,13,1,10,LEFT,LEFT,7,13,1,9,-4.92,WALL_HIT,0
60000,41,7,13,1,9,LEFT,LEFT,7,13,1,8,-4.92,WALL_HIT,0
60000,42,7,13,1,8,LEFT,LEFT,7,13,1,7,-4.92,WALL_HIT,0
60000,43,7,13,1,7,RIGHT,RIGHT,7,14,1,6,-1.91,MOVE,0
60000,44,7,14,1,6,UP,UP,6,14,1,5,-1.9,MOVE,0
60000,45,6,14,1,5,RIGHT,DOWN,7,14,1,4,0.09,MOVE,0
60000,46,7,14,1,4,UP,UP,6,14,1,3,-1.9,MOVE,0
60000,47,6,14,1,3,LEFT,LEFT,6,13,1,2,0.09,MOVE,0
60000,48,6,13,1,2,DOWN,DOWN,7,13,1,1,0.08,MOVE,0
60000,49,7,13,1,1,RIGHT,RIGHT,7,14,1,0,-13.0,ENERGY_DEPLETED,1
70000,0,0,0,0,50,DOWN,RIGHT,0,1,0,49,0.11,MOVE,0
70000,1,0,1,0,49,LEFT,LEFT,0,0,0,48,-1.88,MOVE,0
70000,2,0,0,0,48,DOWN,DOWN,1,0,0,47,-1.87,MOVE,0
70000,3,1,0,0,47,RIGHT,RIGHT,1,1,0,46,0.12,MOVE,0
70000,4,1,1,0,46,LEFT,LEFT,1,0,0,45,-1.87,MOVE,0
70000,5,1,0,0,45,RIGHT,RIGHT,1,1,0,44,0.12,MOVE,0
70000,6,1,1,0,44,DOWN,DOWN,2,1,0,43,0.11,MOVE,0
70000,7,2,1,0,43,RIGHT,RIGHT,2,2,0,42,0.1,MOVE,0
70000,8,2,2,0,42,RIGHT,RIGHT,2,3,0,41,0.09,MOVE,0
70000,9,2,3,0,41,DOWN,DOWN,3,3,0,40,-1.9,MOVE,0
70000,10,3,3,0,40,UP,UP,2,3,0,39,0.09,MOVE,0
70000,11,2,3,0,39,UP,UP,1,3,0,38,0.08,MOVE,0
70000,12,1,3,0,38,RIGHT,RIGHT,1,4,0,37,0.07,MOVE,0
70000,13,1,4,0,37,RIGHT,RIGHT,1,5,0,36,0.06,MOVE,0
70000,14,1,5,0,36,UP,UP,0,5,0,35,0.05,MOVE,0
70000,15,0,5,0,35,RIGHT,RIGHT,0,6,0,34,0.04,MOVE,0
70000,16,0,6,0,34,RIGHT,RIGHT,0,7,0,33,0.03,MOVE,0
70000,17,0,7,0,33,DOWN,DOWN,1,7,0,32,-1.96,MOVE,0
70000,18,1,7,0,32,UP,UP,0,7,0,31,0.03,MOVE,0
70000,19,0,7,0,31,RIGHT,RIGHT,0,8,0,30,0.02,MOVE,0
70000,20,0,8,0,30,RIGHT,DOWN,1,8,0,29,-1.97,MOVE,0
70000,21,1,8,0,29,RIGHT,RIGHT,1,9,0,28,0.02,MOVE,0
70000,22,1,9,0,28,UP,UP,0,9,0,27,0.01,MOVE,0
70000,23,0,9,0,27,DOWN,DOWN,1,9,0,26,-1.98,MOVE,0
70000,24,1,9,0,26,UP,UP,0,9,0,25,0.01,MOVE,0
70000,25,0,9,0,25,RIGHT,RIGHT,0,10,1,24,32.18,KEY_PICKUP,0
70000,26,0,10,1,24,LEFT,DOWN,1,10,1,23,0.17,MOVE,0
70000,27,1,10,1,23,DOWN,DOWN,2,10,1,22,0.16,MOVE,0
70000,28,2,10,1,22,DOWN,DOWN,3,10,1,21,0.15,MOVE,0
70000,29,3,10,1,21,LEFT,LEFT,3,9,1,20,-1.84,MOVE,0
70000,30,3,9,1,20,RIGHT,RIGHT,3,10,1,19,0.15,MOVE,0
70000,31,3,10,1,19,DOWN,LEFT,3,9,1,18,-1.84,MOVE,0
70000,32,3,9,1,18,RIGHT,RIGHT,3,10,1,17,0.15,MOVE,0
70000,33,3,10,1,17,DOWN,DOWN,4,10,1,16,0.14,MOVE,0
70000,34,4,10,1,16,DOWN,DOWN,5,10,1,15,0.13,MOVE,0
70000,35,5,10,1,15,RIGHT,UP,4,10,1,14,-1.86,MOVE,0
70000,36,4,10,1,14,DOWN,DOWN,5,10,1,13,0.13,MOVE,0
70000,37,5,10,1,13,LEFT,DOWN,6,10,1,12,0.12,MOVE,0
70000,38,6,10,1,12,LEFT,LEFT,6,9,1,11,-1.87,MOVE,0
70000,39,6,9,1,11,DOWN,DOWN,7,9,1,10,-1.86,MOVE,0
70000,40,7,9,1,10,UP,RIGHT,7,9,1,9,-4.86,WALL_HIT,0
70000,41,7,9,1,9,LEFT,LEFT,7,8,1,8,0.13,MOVE,0
70000,42,7,8,1,8,DOWN,DOWN,8,8,1,7,0.12,MOVE,0
70000,43,8,8,1,7,DOWN,DOWN,9,8,1,6,0.11,MOVE,0
70000,44,9,8,1,6,DOWN,DOWN,10,8,1,5,0.1,MOVE,0
70000,45,10,8,1,5,LEFT,UP,9,8,1,4,-1.89,MOVE,0
70000,46,9,8,1,4,LEFT,UP,8,8,1,3,-1.88,MOVE,0
70000,47,8,8,1,3,LEFT,LEFT,8,7,1,2,-1.87,MOVE,0
70000,48,8,7,1,2,RIGHT,RIGHT,8,8,1,1,0.12,MOVE,0
70000,49,8,8,1,1,LEFT,DOWN,9,8,1,0,-9.0,ENERGY_DEPLETED,1
80000,0,0,0,0,50,DOWN,DOWN,1,0,0,49,-1.87,MOVE,0
80000,1,1,0,0,49,RIGHT,RIGHT,1,1,0,48,0.12,MOVE,0
80000,2,1,1,0,48,LEFT,LEFT,1,0,0,47,-1.87,MOVE,0
80000,3,1,0,0,47,RIGHT,RIGHT,1,1,0,46,0.12,MOVE,0
80000,4,1,1,0,46,UP,UP,0,1,0,45,0.11,MOVE,0
80000,5,0,1,0,45,RIGHT,UP,0,1,0,44,-4.89,WALL_HIT,0
80000,6,0,1,0,44,RIGHT,RIGHT,0,2,0,43,0.1,MOVE,0
80000,7,0,2,0,43,RIGHT,RIGHT,0,3,0,42,0.09,MOVE,0
80000,8,0,3,0,42,DOWN,DOWN,1,3,0,41,0.08,MOVE,0
80000,9,1,3,0,41,RIGHT,RIGHT,1,4,0,40,0.07,MOVE,0
80000,10,1,4,0,40,LEFT,LEFT,1,3,0,39,-1.92,MOVE,0
80000,11,1,3,0,39,RIGHT,RIGHT,1,4,0,38,0.07,MOVE,0
80000,12,1,4,0,38,DOWN,DOWN,1,4,0,37,-4.93,WALL_HIT,0
80000,13,1,4,0,37,RIGHT,RIGHT,1,5,0,36,0.06,MOVE,0
80000,14,1,5,0,36,RIGHT,DOWN,1,5,0,35,-4.94,WALL_HIT,0
80000,15,1,5,0,35,UP,UP,0,5,0,34,0.05,MOVE,0
80000,16,0,5,0,34,DOWN,DOWN,1,5,0,33,-1.94,MOVE,0
80000,17,1,5,0,33,RIGHT,UP,0,5,0,32,0.05,MOVE,0
80000,18,0,5,0,32,RIGHT,RIGHT,0,6,0,31,0.04,MOVE,0
80000,19,0,6,0,31,RIGHT,UP,0,6,0,30,-4.96,WALL_HIT,0
80000,20,0,6,0,30,RIGHT,DOWN,1,6,0,29,-1.95,MOVE,0
80000,21,1,6,0,29,RIGHT,UP,0,6,0,28,0.04,MOVE,0
80000,22,0,6,0,28,RIGHT,RIGHT,0,7,0,27,0.03,MOVE,0
80000,23,0,7,0,27,RIGHT,RIGHT,0,8,0,26,0.02,MOVE,0
80000,24,0,8,0,26,RIGHT,RIGHT,0,9,0,25,0.01,MOVE,0
80000,25,0,9,0,25,RIGHT,RIGHT,0,10,1,24,32.18,KEY_PICKUP,0
80000,26,0,10,1,24,DOWN,DOWN,1,10,1,23,0.17,MOVE,0
80000,27,1,10,1,23,RIGHT,DOWN,2,10,1,22,0.16,MOVE,0
80000,28,2,10,1,22,DOWN,DOWN,3,10,1,21,0.15,MOVE,0
80000,29,3,10,1,21,LEFT,LEFT,3,9,1,20,-1.84,MOVE,0
80000,30,3,9,1,20,RIGHT,RIGHT,3,10,1,19,0.15,MOVE,0
80000,31,3,10,1,19,DOWN,DOWN,4,10,1,18,0.14,MOVE,0
80000,32,4,10,1,18,DOWN,DOWN,5,10,1,17,0.13,MOVE,0
80000,33,5,10,1,17,RIGHT,UP,4,10,1,16,-1.86,MOVE,0
80000,34,4,10,1,16,DOWN,LEFT,4,10,1,15,-4.86,WALL_HIT,0
80000,35,4,10,1,15,UP,UP,3,10,1,14,-1.85,MOVE,0
80000,36,3,10,1,14,LEFT,UP,2,10,1,13,-1.84,MOVE,0
80000,37,2,10,1,13,DOWN,DOWN,3,10,1,12,0.15,MOVE,0
80000,38,3,10,1,12,LEFT,LEFT,3,9,1,11,-1.84,MOVE,0
80000,39,3,9,1,11,UP,RIGHT,3,10,1,10,0.15,MOVE,0
80000,40,3,10,1,10,LEFT,LEFT,3,9,1,9,-1.84,MOVE,0
80000,41,3,9,1,9,UP,UP,2,9,1,8,-1.83,MOVE,0
80000,42,2,9,1,8,UP,UP,1,9,1,7,-1.82,MOVE,0
80000,43,1,9,1,7,RIGHT,RIGHT,1,10,1,6,0.17,MOVE,0
80000,44,1,10,1,6,LEFT,LEFT,1,9,1,5,-1.82,MOVE,0
80000,45,1,9,1,5,RIGHT,RIGHT,1,10,1,4,0.17,MOVE,0
80000,46,1,10,1,4,DOWN,DOWN,2,10,1,3,0.16,MOVE,0
80000,47,2,10,1,3,RIGHT,RIGHT,2,11,1,2,0.15,MOVE,0
80000,48,2,11,1,2,UP,UP,1,11,1,1,-1.84,MOVE,0
80000,49,1,11,1,1,UP,UP,0,11,1,0,-5.0,ENERGY_DEPLETED,1
90000,0,0,0,0,50,DOWN,DOWN,1,0,0,49,-1.87,MOVE,0
90000,1,1,0,0,49,UP,RIGHT,1,1,0,48,0.12,MOVE,0
90000,2,1,1,0,48,LEFT,UP,0,1,0,47,0.11,MOVE,0
90000,3,0,1,0,47,DOWN,DOWN,1,1,0,46,-1.88,MOVE,0
90000,4,1,1,0,46,LEFT,LEFT,1,0,0,45,-1.87,MOVE,0
90000,5,1,0,0,45,DOWN,RIGHT,1,1,0,44,0.12,MOVE,0
90000,6,1,1,0,44,UP,UP,0,1,0,43,0.11,MOVE,0
90000,7,0,1,0,43,RIGHT,RIGHT,0,2,0,42,0.1,MOVE,0
90000,8,0,2,0,42,RIGHT,RIGHT,0,3,0,41,0.09,MOVE,0
90000,9,0,3,0,41,DOWN,DOWN,1,3,0,40,0.08,MOVE,0
90000,10,1,3,0,40,RIGHT,RIGHT,1,4,0,39,0.07,MOVE,0
90000,11,1,4,0,39,RIGHT,RIGHT,1,5,0,38,0.06,MOVE,0
90000,12,1,5,0,38,UP,UP,0,5,0,37,0.05,MOVE,0
90000,13,0,5,0,37,DOWN,LEFT,0,5,0,36,-4.95,WALL_HIT,0
90000,14,0,5,0,36,DOWN,DOWN,1,5,0,35,-1.94,MOVE,0
90000,15,1,5,0,35,RIGHT,RIGHT,1,6,0,34,0.05,MOVE,0
90000,16,1,6,0,34,RIGHT,RIGHT,1,7,0,33,0.04,MOVE,0
90000,17,1,7,0,33,RIGHT,UP,0,7,0,32,0.03,MOVE,0
90000,18,0,7,0,32,RIGHT,RIGHT,0,8,0,31,0.02,MOVE,0
90000,19,0,8,0,31,RIGHT,RIGHT,0,9,0,30,0.01,MOVE,0
90000,20,0,9,0,30,RIGHT,DOWN,1,9,0,29,-1.98,MOVE,0
90000,21,1,9,0,29,RIGHT,RIGHT,1,10,0,28,0.01,MOVE,0
90000,22,1,10,0,28,UP,UP,0,10,1,27,32.18,KEY_PICKUP,0
90000,23,0,10,1,27,RIGHT,RIGHT,0,11,1,26,0.17,MOVE,0
90000,24,0,11,1,26,DOWN,DOWN,1,11,1,25,0.16,MOVE,0
90000,25,1,11,1,25,RIGHT,RIGHT,1,12,1,24,0.15,MOVE,0
90000,26,1,12,1,24,DOWN,DOWN,2,12,1,23,0.14,MOVE,0
90000,27,2,12,1,23,DOWN,DOWN,3,12,1,22,0.13,MOVE,0
90000,28,3,12,1,22,DOWN,DOWN,4,12,1,21,0.12,MOVE,0
90000,29,4,12,1,21,DOWN,DOWN,5,12,1,20,0.11,MOVE,0
90000,30,5,12,1,20,RIGHT,RIGHT,5,13,1,19,0.1,MOVE,0
90000,31,5,13,1,19,DOWN,DOWN,6,13,1,18,0.09,MOVE,0
90000,32,6,13,1,18,DOWN,DOWN,7,13,1,17,0.08,MOVE,0
90000,33,7,13,1,17,RIGHT,RIGHT,7,14,1,16,-1.91,MOVE,0
90000,34,7,14,1,16,UP,RIGHT,7,15,1,15,-1.9,MOVE,0
90000,35,7,15,1,15,UP,UP,6,15,1,14,-1.89,MOVE,0
90000,36,6,15,1,14,LEFT,UP,5,15,1,13,-1.88,MOVE,0
90000,37,5,15,1,13,DOWN,DOWN,6,15,1,12,0.11,MOVE,0
90000,38,6,15,1,12,UP,UP,5,15,1,11,-1.88,MOVE,0
90000,39,5,15,1,11,LEFT,DOWN,6,15,1,10,0.11,MOVE,0
90000,40,6,15,1,10,LEFT,LEFT,6,14,1,9,0.1,MOVE,0
90000,41,6,14,1,9,UP,UP,5,14,1,8,-1.89,MOVE,0
90000,42,5,14,1,8,UP,LEFT,5,13,1,7,0.1,MOVE,0
90000,43,5,13,1,7,UP,UP,4,13,1,6,-1.89,MOVE,0
90000,44,4,13,1,6,DOWN,DOWN,5,13,1,5,0.1,MOVE,0
90000,45,5,13,1,5,UP,UP,4,13,1,4,-1.89,MOVE,0
90000,46,4,13,1,4,DOWN,RIGHT,4,14,1,3,-1.88,MOVE,0
90000,47,4,14,1,3,UP,UP,3,14,1,2,-1.87,MOVE,0
90000,48,3,14,1,2,RIGHT,RIGHT,3,15,1,1,-1.86,MOVE,0
90000,49,3,15,1,1,LEFT,LEFT,3,14,1,0,-7.0,ENERGY_DEPLETED,1
100000,0,0,0,0,50,RIGHT,RIGHT,0,1,0,49,0.11,MOVE,0
100000,1,0,1,0,49,DOWN,DOWN,1,1,0,48,-1.88,MOVE,0
100000,2,1,1,0,48,DOWN,DOWN,2,1,0,47,0.11,MOVE,0
100000,3,2,1,0,47,RIGHT,DOWN,3,1,0,46,-1.88,MOVE,0
100000,4,3,1,0,46,UP,LEFT,3,1,0,45,-4.88,WALL_HIT,0
100000,5,3,1,0,45,RIGHT,RIGHT,3,2,0,44,0.11,MOVE,0
100000,6,3,2,0,44,UP,UP,2,2,0,43,0.1,MOVE,0
100000,7,2,2,0,43,RIGHT,RIGHT,2,3,0,42,0.09,MOVE,0
100000,8,2,3,0,42,UP,UP,1,3,0,41,0.08,MOVE,0
100000,9,1,3,0,41,RIGHT,RIGHT,1,4,0,40,0.07,MOVE,0
100000,10,1,4,0,40,LEFT,LEFT,1,3,0,39,-1.92,MOVE,0
100000,11,1,3,0,39,RIGHT,UP,0,3,0,38,-1.91,MOVE,0
100000,12,0,3,0,38,DOWN,DOWN,1,3,0,37,0.08,MOVE,0
100000,13,1,3,0,37,RIGHT,RIGHT,1,4,0,36,0.07,MOVE,0
100000,14,1,4,0,36,RIGHT,RIGHT,1,5,0,35,0.06,MOVE,0
100000,15,1,5,0,35,RIGHT,RIGHT,1,6,0,34,0.05,MOVE,0
100000,16,1,6,0,34,RIGHT,RIGHT,1,7,0,33,0.04,MOVE,0
100000,17,1,7,0,33,RIGHT,RIGHT,1,8,0,32,0.03,MOVE,0
100000,18,1,8,0,32,UP,LEFT,1,7,0,31,-1.96,MOVE,0
100000,19,1,7,0,31,RIGHT,RIGHT,1,8,0,30,0.03,MOVE,0
100000,20,1,8,0,30,UP,RIGHT,1,9,0,29,0.02,MOVE,0
100000,21,1,9,0,29,UP,RIGHT,1,10,0,28,0.01,MOVE,0
100000,22,1,10,0,28,UP,UP,0,10,1,27,32.18,KEY_PICKUP,0
100000,23,0,10,1,27,DOWN,DOWN,1,10,1,26,0.17,MOVE,0
100000,24,1,10,1,26,DOWN,DOWN,2,10,1,25,0.16,MOVE,0
100000,25,2,10,1,25,RIGHT,RIGHT,2,11,1,24,0.15,MOVE,0
100000,26,2,11,1,24,RIGHT,RIGHT,2,12,1,23,0.14,MOVE,0
100000,27,2,12,1,23,DOWN,DOWN,3,12,1,22,0.13,MOVE,0
100000,28,3,12,1,22,DOWN,DOWN,4,12,1,21,0.12,MOVE,0
100000,29,4,12,1,21,DOWN,DOWN,5,12,1,20,0.11,MOVE,0
100000,30,5,12,1,20,RIGHT,UP,4,12,1,19,-1.88,MOVE,0
100000,31,4,12,1,19,DOWN,DOWN,5,12,1,18,0.11,MOVE,0
100000,32,5,12,1,18,DOWN,DOWN,6,12,1,17,0.1,MOVE,0
100000,33,6,12,1,17,RIGHT,RIGHT,6,13,1,16,0.09,MOVE,0
100000,34,6,13,1,16,DOWN,DOWN,7,13,1,15,0.08,MOVE,0
100000,35,7,13,1,15,DOWN,DOWN,8,13,1,14,0.07,MOVE,0
100000,36,8,13,1,14,LEFT,LEFT,8,13,1,13,-4.93,WALL_HIT,0
100000,37,8,13,1,13,LEFT,LEFT,8,13,1,12,-4.93,WALL_HIT,0
100000,38,8,13,1,12,DOWN,DOWN,9,13,1,11,0.06,MOVE,0
100000,39,9,13,1,11,DOWN,DOWN,10,13,1,10,0.05,MOVE,0
100000,40,10,13,1,10,DOWN,DOWN,11,13,1,9,0.04,MOVE,0
100000,41,11,13,1,9,DOWN,DOWN,12,13,1,8,0.03,MOVE,0
100000,42,12,13,1,8,DOWN,DOWN,12,13,1,7,-4.97,WALL_HIT,0
100000,43,12,13,1,7,RIGHT,UP,11,13,1,6,-1.96,MOVE,0
100000,44,11,13,1,6,DOWN,DOWN,12,13,1,5,0.03,MOVE,0
100000,45,12,13,1,5,RIGHT,RIGHT,12,14,1,4,0.02,MOVE,0
100000,46,12,14,1,4,DOWN,DOWN,13,14,1,3,0.01,DOOR_PASS,0
100000,47,13,14,1,3,UP,UP,12,14,1,2,-1.98,MOVE,0
100000,48,12,14,1,2,RIGHT,RIGHT,12,15,1,1,-1.97,MOVE,0
100000,49,12,15,1,1,LEFT,LEFT,12,14,1,0,-18.0,ENERGY_DEPLETED,1
110000,0,0,0,0,50,RIGHT,RIGHT,0,1,0,49,0.11,MOVE,0
110000,1,0,1,0,49,DOWN,DOWN,1,1,0,48,-1.88,MOVE,0
110000,2,1,1,0,48,LEFT,LEFT,1,0,0,47,-1.87,MOVE,0
110000,3,1,0,0,47,RIGHT,RIGHT,1,1,0,46,0.12,MOVE,0
110000,4,1,1,0,46,DOWN,DOWN,2,1,0,45,0.11,MOVE,0
110000,5,2,1,0,45,RIGHT,RIGHT,2,2,0,44,0.1,MOVE,0
110000,6,2,2,0,44,DOWN,DOWN,3,2,0,43,-1.89,MOVE,0
110000,7,3,2,0,43,UP,LEFT,3,1,0,42,-1.88,MOVE,0
110000,8,3,1,0,42,RIGHT,UP,2,1,0,41,0.11,MOVE,0
110000,9,2,1,0,41,RIGHT,RIGHT,2,2,0,40,0.1,MOVE,0
110000,10,2,2,0,40,RIGHT,RIGHT,2,3,0,39,0.09,MOVE,0
110000,11,2,3,0,39,UP,RIGHT,2,3,0,38,-4.91,WALL_HIT,0
110000,12,2,3,0,38,UP,UP,1,3,0,37,0.08,MOVE,0
110000,13,1,3,0,37,RIGHT,RIGHT,1,4,0,36,0.07,MOVE,0
110000,14,1,4,0,36,LEFT,LEFT,1,3,0,35,-1.92,MOVE,0
110000,15,1,3,0,35,RIGHT,UP,0,3,0,34,-1.91,MOVE,0
110000,16,0,3,0,34,DOWN,RIGHT,0,3,0,33,-4.91,WALL_HIT,0
110000,17,0,3,0,33,LEFT,DOWN,1,3,0,32,0.08,MOVE,0
110000,18,1,3,0,32,RIGHT,RIGHT,1,4,0,31,0.07,MOVE,0
110000,19,1,4,0,31,RIGHT,RIGHT,1,5,0,30,0.06,MOVE,0
110000,20,1,5,0,30,RIGHT,DOWN,1,5,0,29,-4.94,WALL_HIT,0
110000,21,1,5,0,29,RIGHT,RIGHT,1,6,0,28,0.05,MOVE,0
110000,22,1,6,0,28,RIGHT,RIGHT,1,7,0,27,0.04,MOVE,0
110000,23,1,7,0,27,UP,UP,0,7,0,26,0.03,MOVE,0
110000,24,0,7,0,26,RIGHT,UP,0,7,0,25,-4.97,WALL_HIT,0
110000,25,0,7,0,25,RIGHT,RIGHT,0,8,0,24,0.02,MOVE,0
110000,26,0,8,0,24,RIGHT,RIGHT,0,9,0,23,0.01,MOVE,0
110000,27,0,9,0,23,RIGHT,DOWN,1,9,0,22,-1.98,MOVE,0
110000,28,1,9,0,22,RIGHT,RIGHT,1,10,0,21,0.01,MOVE,0
110000,29,1,10,0,21,UP,RIGHT,1,11,0,20,-1.98,MOVE,0
110000,30,1,11,0,20,UP,UP,0,11,0,19,0.01,MOVE,0
110000,31,0,11,0,19,LEFT,LEFT,0,10,1,18,32.18,KEY_PICKUP,0
110000,32,0,10,1,18,DOWN,DOWN,1,10,1,17,0.17,MOVE,0
110000,33,1,10,1,17,DOWN,DOWN,2,10,1,16,0.16,MOVE,0
110000,34,2,10,1,16,DOWN,DOWN,3,10,1,15,0.15,MOVE,0
110000,35,3,10,1,15,DOWN,DOWN,4,10,1,14,0.14,MOVE,0
110000,36,4,10,1,14,RIGHT,UP,3,10,1,13,-1.85,MOVE,0
110000,37,3,10,1,13,LEFT,LEFT,3,9,1,12,-1.84,MOVE,0
110000,38,3,9,1,12,UP,LEFT,3,8,1,11,-1.83,MOVE,0
110000,39,3,8,1,11,UP,RIGHT,3,9,1,10,0.16,MOVE,0
110000,40,3,9,1,10,UP,UP,2,9,1,9,-1.83,MOVE,0
110000,41,2,9,1,9,UP,UP,1,9,1,8,-1.82,MOVE,0
110000,42,1,9,1,8,LEFT,LEFT,1,8,1,7,-1.81,MOVE,0
110000,43,1,8,1,7,UP,UP,0,8,1,6,-1.8,MOVE,0
110000,44,0,8,1,6,DOWN,DOWN,1,8,1,5,0.19,MOVE,0
110000,45,1,8,1,5,DOWN,DOWN,2,8,1,4,0.18,MOVE,0
110000,46,2,8,1,4,UP,UP,1,8,1,3,-1.81,MOVE,0
110000,47,1,8,1,3,UP,UP,0,8,1,2,-1.8,MOVE,0
110000,48,0,8,1,2,DOWN,DOWN,1,8,1,1,0.19,MOVE,0
110000,49,1,8,1,1,LEFT,LEFT,1,7,1,0,-2.0,ENERGY_DEPLETED,1
120000,0,0,0,0,50,DOWN,LEFT,0,0,0,49,-4.88,WALL_HIT,0
120000,1,0,0,0,49,DOWN,DOWN,1,0,0,48,-1.87,MOVE,0
120000,2,1,0,0,48,RIGHT,UP,0,0,0,47,0.12,MOVE,0
120000,3,0,0,0,47,RIGHT,RIGHT,0,1,0,46,0.11,MOVE,0
120000,4,0,1,0,46,DOWN,DOWN,1,1,0,45,-1.88,MOVE,0
120000,5,1,1,0,45,DOWN,DOWN,2,1,0,44,0.11,MOVE,0
120000,6,2,1,0,44,RIGHT,DOWN,3,1,0,43,-1.88,MOVE,0
120000,7,3,1,0,43,RIGHT,RIGHT,3,2,0,42,0.11,MOVE,0
120000,8,3,2,0,42,UP,UP,2,2,0,41,0.1,MOVE,0
120000,9,2,2,0,41,RIGHT,RIGHT,2,3,0,40,0.09,MOVE,0
120000,10,2,3,0,40,UP,LEFT,2,2,0,39,-1.9,MOVE,0
120000,11,2,2,0,39,RIGHT,RIGHT,2,3,0,38,0.09,MOVE,0
120000,12,2,3,0,38,UP,UP,1,3,0,37,0.08,MOVE,0
120000,13,1,3,0,37,RIGHT,RIGHT,1,4,0,36,0.07,MOVE,0
120000,14,1,4,0,36,RIGHT,RIGHT,1,5,0,35,0.06,MOVE,0
120000,15,1,5,0,35,RIGHT,RIGHT,1,6,0,34,0.05,MOVE,0
120000,16,1,6,0,34,RIGHT,RIGHT,1,7,0,33,0.04,MOVE,0
120000,17,1,7,0,33,RIGHT,RIGHT,1,8,0,32,0.03,MOVE,0
120000,18,1,8,0,32,RIGHT,UP,0,8,0,31,0.02,MOVE,0
120000,19,0,8,0,31,RIGHT,RIGHT,0,9,0,30,0.01,MOVE,0
120000,20,0,9,0,30,RIGHT,UP,0,9,0,29,-4.99,WALL_HIT,0
120000,21,0,9,0,29,RIGHT,RIGHT,0,10,1,28,32.18,KEY_PICKUP,0
120000,22,0,10,1,28,DOWN,RIGHT,0,11,1,27,0.17,MOVE,0
120000,23,0,11,1,27,DOWN,DOWN,1,11,1,26,0.16,MOVE,0
120000,24,1,11,1,26,DOWN,DOWN,2,11,1,25,0.15,MOVE,0
120000,25,2,11,1,25,RIGHT,DOWN,2,11,1,24,-4.85,WALL_HIT,0
120000,26,2,11,1,24,RIGHT,DOWN,2,11,1,23,-4.85,WALL_HIT,0
120000,27,2,11,1,23,RIGHT,RIGHT,2,12,1,22,0.14,MOVE,0
120000,28,2,12,1,22,DOWN,DOWN,3,12,1,21,0.13,MOVE,0
120000,29,3,12,1,21,DOWN,DOWN,4,12,1,20,0.12,MOVE,0
120000,30,4,12,1,20,RIGHT,RIGHT,4,13,1,19,0.11,MOVE,0
120000,31,4,13,1,19,DOWN,DOWN,5,13,1,18,0.1,MOVE,0
120000,32,5,13,1,18,DOWN,RIGHT,5,14,1,17,-1.89,MOVE,0
120000,33,5,14,1,17,DOWN,DOWN,6,14,1,16,0.1,MOVE,0
120000,34,6,14,1,16,DOWN,LEFT,6,13,1,15,0.09,MOVE,0
120000,35,6,13,1,15,DOWN,DOWN,7,13,1,14,0.08,MOVE,0
120000,36,7,13,1,14,DOWN,DOWN,8,13,1,13,0.07,MOVE,0
120000,37,8,13,1,13,DOWN,DOWN,9,13,1,12,0.06,MOVE,0
120000,38,9,13,1,12,DOWN,RIGHT,9,14,1,11,-1.93,MOVE,0
120000,39,9,14,1,11,LEFT,LEFT,9,13,1,10,0.06,MOVE,0
120000,40,9,13,1,10,DOWN,DOWN,10,13,1,9,0.05,MOVE,0
120000,41,10,13,1,9,DOWN,RIGHT,10,13,1,8,-4.95,WALL_HIT,0
120000,42,10,13,1,8,DOWN,RIGHT,10,13,1,7,-4.95,WALL_HIT,0
120000,43,10,13,1,7,DOWN,RIGHT,10,13,1,6,-4.95,WALL_HIT,0
120000,44,10,13,1,6,DOWN,DOWN,11,13,1,5,0.04,MOVE,0
120000,45,11,13,1,5,LEFT,LEFT,11,12,1,4,-1.95,MOVE,0
120000,46,11,12,1,4,DOWN,LEFT,11,11,1,3,-1.94,MOVE,0
120000,47,11,11,1,3,RIGHT,RIGHT,11,12,1,2,0.05,MOVE,0
120000,48,11,12,1,2,RIGHT,RIGHT,11,13,1,1,0.04,MOVE,0
120000,49,11,13,1,1,LEFT,DOWN,12,13,1,0,-17.0,ENERGY_DEPLETED,1
130000,0,0,0,0,50,DOWN,DOWN,1,0,0,49,-1.87,MOVE,0
130000,1,1,0,0,49,RIGHT,RIGHT,1,1,0,48,0.12,MOVE,0
130000,2,1,1,0,48,DOWN,DOWN,2,1,0,47,0.11,MOVE,0
130000,3,2,1,0,47,DOWN,DOWN,3,1,0,46,-1.88,MOVE,0
130000,4,3,1,0,46,RIGHT,RIGHT,3,2,0,45,0.11,MOVE,0
130000,5,3,2,0,45,RIGHT,RIGHT,3,3,0,44,0.1,MOVE,0
130000,6,3,3,0,44,UP,UP,2,3,0,43,0.09,MOVE,0
130000,7,2,3,0,43,UP,LEFT,2,2,0,42,-1.9,MOVE,0
130000,8,2,2,0,42,RIGHT,RIGHT,2,3,0,41,0.09,MOVE,0
130000,9,2,3,0,41,UP,UP,1,3,0,40,0.08,MOVE,0
130000,10,1,3,0,40,RIGHT,RIGHT,1,4,0,39,0.07,MOVE,0
130000,11,1,4,0,39,RIGHT,RIGHT,1,5,0,38,0.06,MOVE,0
130000,12,1,5,0,38,RIGHT,RIGHT,1,6,0,37,0.05,MOVE,0
130000,13,1,6,0,37,DOWN,DOWN,2,6,0,36,-1.94,MOVE,0
130000,14,2,6,0,36,UP,UP,1,6,0,35,0.05,MOVE,0
130000,15,1,6,0,35,RIGHT,RIGHT,1,7,0,34,0.04,MOVE,0
130000,16,1,7,0,34,RIGHT,RIGHT,1,8,0,33,0.03,MOVE,0
130000,17,1,8,0,33,UP,UP,0,8,0,32,0.02,MOVE,0
130000,18,0,8,0,32,RIGHT,RIGHT,0,9,0,31,0.01,MOVE,0
130000,19,0,9,0,31,RIGHT,RIGHT,0,10,1,30,32.18,KEY_PICKUP,0
130000,20,0,10,1,30,DOWN,DOWN,1,10,1,29,0.17,MOVE,0
130000,21,1,10,1,29,DOWN,DOWN,2,10,1,28,0.16,MOVE,0
130000,22,2,10,1,28,UP,UP,1,10,1,27,-1.83,MOVE,0
130000,23,1,10,1,27,DOWN,DOWN,2,10,1,26,0.16,MOVE,0
130000,24,2,10,1,26,RIGHT,RIGHT,2,11,1,25,0.15,MOVE,0
130000,25,2,11,1,25,RIGHT,RIGHT,2,12,1,24,0.14,MOVE,0
130000,26,2,12,1,24,DOWN,DOWN,3,12,1,23,0.13,MOVE,0
130000,27,3,12,1,23,RIGHT,RIGHT,3,13,1,22,0.12,MOVE,0
130000,28,3,13,1,22,DOWN,DOWN,4,13,1,21,0.11,MOVE,0
130000,29,4,13,1,21,LEFT,LEFT,4,12,1,20,-1.88,MOVE,0
130000,30,4,12,1,20,DOWN,DOWN,5,12,1,19,0.11,MOVE,0
130000,31,5,12,1,19,DOWN,DOWN,6,12,1,18,0.1,MOVE,0
130000,32,6,12,1,18,RIGHT,DOWN,6,12,1,17,-4.9,WALL_HIT,0
130000,33,6,12,1,17,RIGHT,RIGHT,6,13,1,16,0.09,MOVE,0
130000,34,6,13,1,16,RIGHT,DOWN,7,13,1,15,0.08,MOVE,0
130000,35,7,13,1,15,LEFT,LEFT,7,13,1,14,-4.92,WALL_HIT,0
130000,36,7,13,1,14,DOWN,DOWN,8,13,1,13,0.07,MOVE,0
130000,37,8,13,1,13,DOWN,DOWN,9,13,1,12,0.06,MOVE,0
130000,38,9,13,1,12,LEFT,LEFT,9,12,1,11,-1.93,MOVE,0
130000,39,9,12,1,11,RIGHT,DOWN,10,12,1,10,0.06,MOVE,0
130000,40,10,12,1,10,DOWN,DOWN,11,12,1,9,0.05,MOVE,0
130000,41,11,12,1,9,RIGHT,RIGHT,11,13,1,8,0.04,MOVE,0
130000,42,11,13,1,8,DOWN,DOWN,12,13,1,7,0.03,MOVE,0
130000,43,12,13,1,7,RIGHT,RIGHT,12,14,1,6,0.02,MOVE,0
130000,44,12,14,1,6,DOWN,DOWN,13,14,1,5,0.01,DOOR_PASS,0
130000,45,13,14,1,5,DOWN,DOWN,14,14,1,4,100.0,GOAL_REACHED,1
140000,0,0,0,0,50,RIGHT,RIGHT,0,1,0,49,0.11,MOVE,0
140000,1,0,1,0,49,DOWN,DOWN,1,1,0,48,-1.88,MOVE,0
140000,2,1,1,0,48,LEFT,LEFT,1,0,0,47,-1.87,MOVE,0
140000,3,1,0,0,47,RIGHT,RIGHT,1,1,0,46,0.12,MOVE,0
140000,4,1,1,0,46,LEFT,LEFT,1,0,0,45,-1.87,MOVE,0
140000,5,1,0,0,45,RIGHT,RIGHT,1,1,0,44,0.12,MOVE,0
140000,6,1,1,0,44,DOWN,DOWN,2,1,0,43,0.11,MOVE,0
140000,7,2,1,0,43,DOWN,DOWN,3,1,0,42,-1.88,MOVE,0
140000,8,3,1,0,42,RIGHT,RIGHT,3,2,0,41,0.11,MOVE,0
140000,9,3,2,0,41,RIGHT,RIGHT,3,3,0,40,0.1,MOVE,0
140000,10,3,3,0,40,UP,UP,2,3,0,39,0.09,MOVE,0
140000,11,2,3,0,39,UP,UP,1,3,0,38,0.08,MOVE,0
140000,12,1,3,0,38,RIGHT,RIGHT,1,4,0,37,0.07,MOVE,0
140000,13,1,4,0,37,RIGHT,UP,1,4,0,36,-4.93,WALL_HIT,0
140000,14,1,4,0,36,RIGHT,UP,1,4,0,35,-4.93,WALL_HIT,0
140000,15,1,4,0,35,RIGHT,RIGHT,1,5,0,34,0.06,MOVE,0
140000,16,1,5,0,34,UP,LEFT,1,4,0,33,-1.93,MOVE,0
140000,17,1,4,0,33,RIGHT,DOWN,1,4,0,32,-4.93,WALL_HIT,0
140000,18,1,4,0,32,RIGHT,RIGHT,1,5,0,31,0.06,MOVE,0
140000,19,1,5,0,31,RIGHT,RIGHT,1,6,0,30,0.05,MOVE,0
140000,20,1,6,0,30,UP,UP,0,6,0,29,0.04,MOVE,0
140000,21,0,6,0,29,RIGHT,RIGHT,0,7,0,28,0.03,MOVE,0
140000,22,0,7,0,28,RIGHT,UP,0,7,0,27,-4.97,WALL_HIT,0
140000,23,0,7,0,27,RIGHT,RIGHT,0,8,0,26,0.02,MOVE,0
140000,24,0,8,0,26,RIGHT,DOWN,1,8,0,25,-1.97,MOVE,0
140000,25,1,8,0,25,RIGHT,RIGHT,1,9,0,24,0.02,MOVE,0
140000,26,1,9,0,24,UP,UP,0,9,0,23,0.01,MOVE,0
140000,27,0,9,0,23,RIGHT,RIGHT,0,10,1,22,32.18,KEY_PICKUP,0
140000,28,0,10,1,22,DOWN,LEFT,0,9,1,21,-1.81,MOVE,0
140000,29,0,9,1,21,DOWN,DOWN,1,9,1,20,0.18,MOVE,0
140000,30,1,9,1,20,DOWN,DOWN,2,9,1,19,0.17,MOVE,0
140000,31,2,9,1,19,DOWN,DOWN,3,9,1,18,0.16,MOVE,0
140000,32,3,9,1,18,RIGHT,RIGHT,3,10,1,17,0.15,MOVE,0
140000,33,3,10,1,17,DOWN,LEFT,3,9,1,16,-1.84,MOVE,0
140000,34,3,9,1,16,UP,RIGHT,3,10,1,15,0.15,MOVE,0
140000,35,3,10,1,15,LEFT,DOWN,4,10,1,14,0.14,MOVE,0
140000,36,4,10,1,14,RIGHT,RIGHT,4,11,1,13,0.13,MOVE,0
140000,37,4,11,1,13,RIGHT,UP,4,11,1,12,-4.87,WALL_HIT,0
140000,38,4,11,1,12,DOWN,DOWN,5,11,1,11,0.12,MOVE,0
140000,39,5,11,1,11,LEFT,LEFT,5,10,1,10,-1.87,MOVE,0
140000,40,5,10,1,10,RIGHT,RIGHT,5,11,1,9,0.12,MOVE,0
140000,41,5,11,1,9,DOWN,DOWN,6,11,1,8,0.11,MOVE,0
140000,42,6,11,1,8,UP,UP,5,11,1,7,-1.88,MOVE,0
140000,43,5,11,1,7,DOWN,DOWN,6,11,1,6,0.11,MOVE,0
140000,44,6,11,1,6,UP,UP,5,11,1,5,-1.88,MOVE,0
140000,45,5,11,1,5,LEFT,LEFT,5,10,1,4,-1.87,MOVE,0
140000,46,5,10,1,4,LEFT,UP,4,10,1,3,-1.86,MOVE,0
140000,47,4,10,1,3,RIGHT,RIGHT,4,11,1,2,0.13,MOVE,0
140000,48,4,11,1,2,DOWN,DOWN,5,11,1,1,0.12,MOVE,0
140000,49,5,11,1,1,LEFT,LEFT,5,10,1,0,-9.0,ENERGY_DEPLETED,1
149990,0,0,0,0,50,RIGHT,RIGHT,0,1,0,49,0.11,MOVE,0
149990,1,0,1,0,49,DOWN,DOWN,1,1,0,48,-1.88,MOVE,0
149990,2,1,1,0,48,LEFT,LEFT,1,0,0,47,-1.87,MOVE,0
149990,3,1,0,0,47,RIGHT,RIGHT,1,1,0,46,0.12,MOVE,0
149990,4,1,1,0,46,DOWN,DOWN,2,1,0,45,0.11,MOVE,0
149990,5,2,1,0,45,RIGHT,DOWN,3,1,0,44,-1.88,MOVE,0
149990,6,3,1,0,44,UP,UP,2,1,0,43,0.11,MOVE,0
149990,7,2,1,0,43,RIGHT,RIGHT,2,2,0,42,0.1,MOVE,0
149990,8,2,2,0,42,RIGHT,UP,2,2,0,41,-4.9,WALL_HIT,0
149990,9,2,2,0,41,RIGHT,RIGHT,2,3,0,40,0.09,MOVE,0
149990,10,2,3,0,40,UP,UP,1,3,0,39,0.08,MOVE,0
149990,11,1,3,0,39,RIGHT,DOWN,2,3,0,38,-1.91,MOVE,0
149990,12,2,3,0,38,UP,UP,1,3,0,37,0.08,MOVE,0
149990,13,1,3,0,37,RIGHT,RIGHT,1,4,0,36,0.07,MOVE,0
149990,14,1,4,0,36,RIGHT,RIGHT,1,5,0,35,0.06,MOVE,0
149990,15,1,5,0,35,UP,RIGHT,1,6,0,34,0.05,MOVE,0
149990,16,1,6,0,34,RIGHT,RIGHT,1,7,0,33,0.04,MOVE,0
149990,17,1,7,0,33,UP,UP,0,7,0,32,0.03,MOVE,0
149990,18,0,7,0,32,RIGHT,RIGHT,0,8,0,31,0.02,MOVE,0
149990,19,0,8,0,31,RIGHT,RIGHT,0,9,0,30,0.01,MOVE,0
149990,20,0,9,0,30,RIGHT,RIGHT,0,10,1,29,32.18,KEY_PICKUP,0
149990,21,0,10,1,29,DOWN,DOWN,1,10,1,28,0.17,MOVE,0
149990,22,1,10,1,28,RIGHT,RIGHT,1,11,1,27,0.16,MOVE,0
149990,23,1,11,1,27,DOWN,DOWN,2,11,1,26,0.15,MOVE,0
149990,24,2,11,1,26,RIGHT,UP,1,11,1,25,-1.84,MOVE,0
149990,25,1,11,1,25,RIGHT,RIGHT,1,12,1,24,0.15,MOVE,0
149990,26,1,12,1,24,DOWN,DOWN,2,12,1,23,0.14,MOVE,0
149990,27,2,12,1,23,DOWN,DOWN,3,12,1,22,0.13,MOVE,0
149990,28,3,12,1,22,DOWN,DOWN,4,12,1,21,0.12,MOVE,0
149990,29,4,12,1,21,DOWN,DOWN,5,12,1,20,0.11,MOVE,0
149990,30,5,12,1,20,DOWN,DOWN,6,12,1,19,0.1,MOVE,0
149990,31,6,12,1,19,RIGHT,RIGHT,6,13,1,18,0.09,MOVE,0
149990,32,6,13,1,18,DOWN,DOWN,7,13,1,17,0.08,MOVE,0
149990,33,7,13,1,17,RIGHT,DOWN,8,13,1,16,0.07,MOVE,0
149990,34,8,13,1,16,LEFT,LEFT,8,13,1,15,-4.93,WALL_HIT,0
149990,35,8,13,1,15,DOWN,DOWN,9,13,1,14,0.06,MOVE,0
149990,36,9,13,1,14,LEFT,LEFT,9,12,1,13,-1.93,MOVE,0
149990,37,9,12,1,13,RIGHT,UP,9,12,1,12,-4.93,WALL_HIT,0
149990,38,9,12,1,12,UP,UP,9,12,1,11,-4.93,WALL_HIT,0
149990,39,9,12,1,11,DOWN,DOWN,10,12,1,10,0.06,MOVE,0
149990,40,10,12,1,10,RIGHT,RIGHT,10,13,1,9,0.05,MOVE,0
149990,41,10,13,1,9,DOWN,LEFT,10,12,1,8,-1.94,MOVE,0
149990,42,10,12,1,8,DOWN,DOWN,11,12,1,7,0.05,MOVE,0
149990,43,11,12,1,7,RIGHT,DOWN,12,12,1,6,0.04,MOVE,0
149990,44,12,12,1,6,RIGHT,RIGHT,12,13,1,5,0.03,MOVE,0
149990,45,12,13,1,5,RIGHT,RIGHT,12,14,1,4,0.02,MOVE,0
149990,46,12,14,1,4,DOWN,DOWN,13,14,1,3,0.01,DOOR_PASS,0
149990,47,13,14,1,3,DOWN,RIGHT,13,14,1,2,-4.99,WALL_HIT,0
149990,48,13,14,1,2,DOWN,DOWN,14,14,1,1,100.0,GOAL_REACHED,1
149991,0,0,0,0,50,RIGHT,DOWN,1,0,0,49,-1.87,MOVE,0
149991,1,1,0,0,49,DOWN,DOWN,2,0,0,48,0.12,MOVE,0
149991,2,2,0,0,48,RIGHT,RIGHT,2,1,0,47,0.11,MOVE,0
149991,3,2,1,0,47,RIGHT,RIGHT,2,2,0,46,0.1,MOVE,0
149991,4,2,2,0,46,DOWN,DOWN,3,2,0,45,-1.89,MOVE,0
149991,5,3,2,0,45,RIGHT,RIGHT,3,3,0,44,0.1,MOVE,0
149991,6,3,3,0,44,UP,UP,2,3,0,43,0.09,MOVE,0
149991,7,2,3,0,43,LEFT,LEFT,2,2,0,42,-1.9,MOVE,0
149991,8,2,2,0,42,RIGHT,RIGHT,2,3,0,41,0.09,MOVE,0
149991,9,2,3,0,41,UP,UP,1,3,0,40,0.08,MOVE,0
149991,10,1,3,0,40,RIGHT,DOWN,2,3,0,39,-1.91,MOVE,0
149991,11,2,3,0,39,UP,RIGHT,2,3,0,38,-4.91,WALL_HIT,0
149991,12,2,3,0,38,UP,UP,1,3,0,37,0.08,MOVE,0
149991,13,1,3,0,37,RIGHT,RIGHT,1,4,0,36,0.07,MOVE,0
149991,14,1,4,0,36,RIGHT,RIGHT,1,5,0,35,0.06,MOVE,0
149991,15,1,5,0,35,UP,UP,0,5,0,34,0.05,MOVE,0
149991,16,0,5,0,34,RIGHT,RIGHT,0,6,0,33,0.04,MOVE,0
149991,17,0,6,0,33,RIGHT,RIGHT,0,7,0,32,0.03,MOVE,0
149991,18,0,7,0,32,RIGHT,RIGHT,0,8,0,31,0.02,MOVE,0
149991,19,0,8,0,31,RIGHT,RIGHT,0,9,0,30,0.01,MOVE,0
149991,20,0,9,0,30,RIGHT,DOWN,1,9,0,29,-1.98,MOVE,0
149991,21,1,9,0,29,UP,UP,0,9,0,28,0.01,MOVE,0
149991,22,0,9,0,28,RIGHT,RIGHT,0,10,1,27,32.18,KEY_PICKUP,0
149991,23,0,10,1,27,DOWN,DOWN,1,10,1,26,0.17,MOVE,0
149991,24,1,10,1,26,DOWN,DOWN,2,10,1,25,0.16,MOVE,0
149991,25,2,10,1,25,DOWN,DOWN,3,10,1,24,0.15,MOVE,0
149991,26,3,10,1,24,DOWN,DOWN,4,10,1,23,0.14,MOVE,0
149991,27,4,10,1,23,RIGHT,RIGHT,4,11,1,22,0.13,MOVE,0
149991,28,4,11,1,22,UP,UP,4,11,1,21,-4.87,WALL_HIT,0
149991,29,4,11,1,21,DOWN,DOWN,5,11,1,20,0.12,MOVE,0
149991,30,5,11,1,20,DOWN,LEFT,5,10,1,19,-1.87,MOVE,0
149991,31,5,10,1,19,RIGHT,RIGHT,5,11,1,18,0.12,MOVE,0
149991,32,5,11,1,18,RIGHT,UP,4,11,1,17,-1.87,MOVE,0
149991,33,4,11,1,17,DOWN,DOWN,5,11,1,16,0.12,MOVE,0
149991,34,5,11,1,16,RIGHT,RIGHT,5,12,1,15,0.11,MOVE,0
149991,35,5,12,1,15,RIGHT,RIGHT,5,13,1,14,0.1,MOVE,0
149991,36,5,13,1,14,DOWN,DOWN,6,13,1,13,0.09,MOVE,0
149991,37,6,13,1,13,DOWN,DOWN,7,13,1,12,0.08,MOVE,0
149991,38,7,13,1,12,DOWN,RIGHT,7,14,1,11,-1.91,MOVE,0
149991,39,7,14,1,11,LEFT,LEFT,7,13,1,10,0.08,MOVE,0
149991,40,7,13,1,10,DOWN,DOWN,8,13,1,9,0.07,MOVE,0
149991,41,8,13,1,9,DOWN,DOWN,9,13,1,8,0.06,MOVE,0
149991,42,9,13,1,8,DOWN,DOWN,10,13,1,7,0.05,MOVE,0
149991,43,10,13,1,7,DOWN,DOWN,11,13,1,6,0.04,MOVE,0
149991,44,11,13,1,6,DOWN,DOWN,12,13,1,5,0.03,MOVE,0
149991,45,12,13,1,5,RIGHT,RIGHT,12,14,1,4,0.02,MOVE,0
149991,46,12,14,1,4,DOWN,LEFT,12,13,1,3,-1.97,MOVE,0
149991,47,12,13,1,3,RIGHT,DOWN,12,13,1,2,-4.97,WALL_HIT,0
149991,48,12,13,1,2,UP,UP,11,13,1,1,-1.96,MOVE,0
149991,49,11,13,1,1,LEFT,UP,10,13,1,0,-17.0,ENERGY_DEPLETED,1
149992,0,0,0,0,50,UP,UP,0,0,0,49,-4.88,WALL_HIT,0
149992,1,0,0,0,49,RIGHT,DOWN,1,0,0,48,-1.87,MOVE,0
149992,2,1,0,0,48,RIGHT,RIGHT,1,1,0,47,0.12,MOVE,0
149992,3,1,1,0,47,LEFT,DOWN,2,1,0,46,0.11,MOVE,0
149992,4,2,1,0,46,RIGHT,UP,1,1,0,45,-1.88,MOVE,0
149992,5,1,1,0,45,UP,UP,0,1,0,44,0.11,MOVE,0
149992,6,0,1,0,44,RIGHT,DOWN,1,1,0,43,-1.88,MOVE,0
149992,7,1,1,0,43,DOWN,DOWN,2,1,0,42,0.11,MOVE,0
149992,8,2,1,0,42,RIGHT,RIGHT,2,2,0,41,0.1,MOVE,0
149992,9,2,2,0,41,RIGHT,RIGHT,2,3,0,40,0.09,MOVE,0
149992,10,2,3,0,40,UP,UP,1,3,0,39,0.08,MOVE,0
149992,11,1,3,0,39,RIGHT,RIGHT,1,4,0,38,0.07,MOVE,0
149992,12,1,4,0,38,LEFT,DOWN,1,4,0,37,-4.93,WALL_HIT,0
149992,13,1,4,0,37,RIGHT,RIGHT,1,5,0,36,0.06,MOVE,0
149992,14,1,5,0,36,RIGHT,RIGHT,1,6,0,35,0.05,MOVE,0
149992,15,1,6,0,35,RIGHT,UP,0,6,0,34,0.04,MOVE,0
149992,16,0,6,0,34,RIGHT,RIGHT,0,7,0,33,0.03,MOVE,0
149992,17,0,7,0,33,RIGHT,RIGHT,0,8,0,32,0.02,MOVE,0
149992,18,0,8,0,32,DOWN,DOWN,1,8,0,31,-1.97,MOVE,0
149992,19,1,8,0,31,RIGHT,UP,0,8,0,30,0.02,MOVE,0
149992,20,0,8,0,30,RIGHT,RIGHT,0,9,0,29,0.01,MOVE,0
149992,21,0,9,0,29,RIGHT,RIGHT,0,10,1,28,32.18,KEY_PICKUP,0
149992,22,0,10,1,28,DOWN,DOWN,1,10,1,27,0.17,MOVE,0
149992,23,1,10,1,27,RIGHT,RIGHT,1,11,1,26,0.16,MOVE,0
149992,24,1,11,1,26,DOWN,DOWN,2,11,1,25,0.15,MOVE,0
149992,25,2,11,1,25,RIGHT,RIGHT,2,12,1,24,0.14,MOVE,0
149992,26,2,12,1,24,UP,UP,1,12,1,23,-1.85,MOVE,0
149992,27,1,12,1,23,DOWN,DOWN,2,12,1,22,0.14,MOVE,0
149992,28,2,12,1,22,DOWN,DOWN,3,12,1,21,0.13,MOVE,0
149992,29,3,12,1,21,RIGHT,RIGHT,3,13,1,20,0.12,MOVE,0
149992,30,3,13,1,20,LEFT,LEFT,3,12,1,19,-1.87,MOVE,0
149992,31,3,12,1,19,DOWN,RIGHT,3,13,1,18,0.12,MOVE,0
149992,32,3,13,1,18,DOWN,DOWN,4,13,1,17,0.11,MOVE,0
149992,33,4,13,1,17,DOWN,DOWN,5,13,1,16,0.1,MOVE,0
149992,34,5,13,1,16,DOWN,DOWN,6,13,1,15,0.09,MOVE,0
149992,35,6,13,1,15,DOWN,DOWN,7,13,1,14,0.08,MOVE,0
149992,36,7,13,1,14,DOWN,RIGHT,7,14,1,13,-1.91,MOVE,0
149992,37,7,14,1,13,LEFT,LEFT,7,13,1,12,0.08,MOVE,0
149992,38,7,13,1,12,DOWN,DOWN,8,13,1,11,0.07,MOVE,0
149992,39,8,13,1,11,DOWN,RIGHT,8,14,1,10,-10.92,PENALTY_CELL,0
149992,40,8,14,1,10,DOWN,DOWN,9,14,1,9,0.07,MOVE,0
149992,41,9,14,1,9,RIGHT,RIGHT,9,15,1,8,0.06,MOVE,0
149992,42,9,15,1,8,DOWN,DOWN,10,15,1,7,0.05,MOVE,0
149992,43,10,15,1,7,DOWN,DOWN,11,15,1,6,0.04,MOVE,0
149992,44,11,15,1,6,DOWN,DOWN,12,15,1,5,0.03,MOVE,0
149992,45,12,15,1,5,LEFT,LEFT,12,14,1,4,0.02,MOVE,0
149992,46,12,14,1,4,DOWN,DOWN,13,14,1,3,0.01,DOOR_PASS,0
149992,47,13,14,1,3,DOWN,DOWN,14,14,1,2,100.0,GOAL_REACHED,1
149993,0,0,0,0,50,RIGHT,RIGHT,0,1,0,49,0.11,MOVE,0
149993,1,0,1,0,49,DOWN,DOWN,1,1,0,48,-1.88,MOVE,0
149993,2,1,1,0,48,LEFT,LEFT,1,0,0,47,-1.87,MOVE,0
149993,3,1,0,0,47,RIGHT,RIGHT,1,1,0,46,0.12,MOVE,0
149993,4,1,1,0,46,DOWN,DOWN,2,1,0,45,0.11,MOVE,0
149993,5,2,1,0,45,RIGHT,RIGHT,2,2,0,44,0.1,MOVE,0
149993,6,2,2,0,44,RIGHT,RIGHT,2,3,0,43,0.09,MOVE,0
149993,7,2,3,0,43,LEFT,LEFT,2,2,0,42,-1.9,MOVE,0
149993,8,2,2,0,42,RIGHT,RIGHT,2,3,0,41,0.09,MOVE,0
149993,9,2,3,0,41,UP,UP,1,3,0,40,0.08,MOVE,0
149993,10,1,3,0,40,RIGHT,UP,0,3,0,39,-1.91,MOVE,0
149993,11,0,3,0,39,DOWN,DOWN,1,3,0,38,0.08,MOVE,0
149993,12,1,3,0,38,RIGHT,RIGHT,1,4,0,37,0.07,MOVE,0
149993,13,1,4,0,37,RIGHT,RIGHT,1,5,0,36,0.06,MOVE,0
149993,14,1,5,0,36,RIGHT,RIGHT,1,6,0,35,0.05,MOVE,0
149993,15,1,6,0,35,RIGHT,RIGHT,1,7,0,34,0.04,MOVE,0
149993,16,1,7,0,34,UP,UP,0,7,0,33,0.03,MOVE,0
149993,17,0,7,0,33,RIGHT,RIGHT,0,8,0,32,0.02,MOVE,0
149993,18,0,8,0,32,RIGHT,RIGHT,0,9,0,31,0.01,MOVE,0
149993,19,0,9,0,31,RIGHT,RIGHT,0,10,1,30,32.18,KEY_PICKUP,0
149993,20,0,10,1,30,DOWN,DOWN,1,10,1,29,0.17,MOVE,0
149993,21,1,10,1,29,DOWN,DOWN,2,10,1,28,0.16,MOVE,0
149993,22,2,10,1,28,RIGHT,DOWN,3,10,1,27,0.15,MOVE,0
149993,23,3,10,1,27,RIGHT,RIGHT,3,10,1,26,-4.85,WALL_HIT,0
149993,24,3,10,1,26,DOWN,DOWN,4,10,1,25,0.14,MOVE,0
149993,25,4,10,1,25,UP,UP,3,10,1,24,-1.85,MOVE,0
149993,26,3,10,1,24,DOWN,DOWN,4,10,1,23,0.14,MOVE,0
149993,27,4,10,1,23,RIGHT,UP,3,10,1,22,-1.85,MOVE,0
149993,28,3,10,1,22,DOWN,LEFT,3,9,1,21,-1.84,MOVE,0
149993,29,3,9,1,21,RIGHT,RIGHT,3,10,1,20,0.15,MOVE,0
149993,30,3,10,1,20,DOWN,DOWN,4,10,1,19,0.14,MOVE,0
149993,31,4,10,1,19,DOWN,DOWN,5,10,1,18,0.13,MOVE,0
149993,32,5,10,1,18,RIGHT,RIGHT,5,11,1,17,0.12,MOVE,0
149993,33,5,11,1,17,RIGHT,RIGHT,5,12,1,16,0.11,MOVE,0
149993,34,5,12,1,16,DOWN,DOWN,6,12,1,15,0.1,MOVE,0
149993,35,6,12,1,15,DOWN,DOWN,6,12,1,14,-4.9,WALL_HIT,0
149993,36,6,12,1,14,RIGHT,RIGHT,6,13,1,13,0.09,MOVE,0
149993,37,6,13,1,13,DOWN,DOWN,7,13,1,12,0.08,MOVE,0
149993,38,7,13,1,12,DOWN,DOWN,8,13,1,11,0.07,MOVE,0
149993,39,8,13,1,11,DOWN,DOWN,9,13,1,10,0.06,MOVE,0
149993,40,9,13,1,10,DOWN,DOWN,10,13,1,9,0.05,MOVE,0
149993,41,10,13,1,9,DOWN,RIGHT,10,13,1,8,-4.95,WALL_HIT,0
149993,42,10,13,1,8,DOWN,DOWN,11,13,1,7,0.04,MOVE,0
149993,43,11,13,1,7,DOWN,DOWN,12,13,1,6,0.03,MOVE,0
149993,44,12,13,1,6,RIGHT,RIGHT,12,14,1,5,0.02,MOVE,0
149993,45,12,14,1,5,DOWN,DOWN,13,14,1,4,0.01,DOOR_PASS,0
149993,46,13,14,1,4,DOWN,DOWN,14,14,1,3,100.0,GOAL_REACHED,1
149994,0,0,0,0,50,RIGHT,RIGHT,0,1,0,49,0.11,MOVE,0
149994,1,0,1,0,49,DOWN,DOWN,1,1,0,48,-1.88,MOVE,0
149994,2,1,1,0,48,LEFT,LEFT,1,0,0,47,-1.87,MOVE,0
149994,3,1,0,0,47,RIGHT,RIGHT,1,1,0,46,0.12,MOVE,0
149994,4,1,1,0,46,DOWN,DOWN,2,1,0,45,0.11,MOVE,0
149994,5,2,1,0,45,RIGHT,RIGHT,2,2,0,44,0.1,MOVE,0
149994,6,2,2,0,44,UP,UP,2,2,0,43,-4.9,WALL_HIT,0
149994,7,2,2,0,43,RIGHT,RIGHT,2,3,0,42,0.09,MOVE,0
149994,8,2,3,0,42,UP,UP,1,3,0,41,0.08,MOVE,0
149994,9,1,3,0,41,RIGHT,RIGHT,1,4,0,40,0.07,MOVE,0
149994,10,1,4,0,40,RIGHT,RIGHT,1,5,0,39,0.06,MOVE,0
149994,11,1,5,0,39,UP,UP,0,5,0,38,0.05,MOVE,0
149994,12,0,5,0,38,RIGHT,RIGHT,0,6,0,37,0.04,MOVE,0
149994,13,0,6,0,37,DOWN,DOWN,1,6,0,36,-1.95,MOVE,0
149994,14,1,6,0,36,RIGHT,RIGHT,1,7,0,35,0.04,MOVE,0
149994,15,1,7,0,35,RIGHT,RIGHT,1,8,0,34,0.03,MOVE,0
149994,16,1,8,0,34,UP,UP,0,8,0,33,0.02,MOVE,0
149994,17,0,8,0,33,RIGHT,RIGHT,0,9,0,32,0.01,MOVE,0
149994,18,0,9,0,32,RIGHT,RIGHT,0,10,1,31,32.18,KEY_PICKUP,0
149994,19,0,10,1,31,RIGHT,RIGHT,0,11,1,30,0.17,MOVE,0
149994,20,0,11,1,30,DOWN,RIGHT,0,12,1,29,0.16,MOVE,0
149994,21,0,12,1,29,DOWN,DOWN,1,12,1,28,0.15,MOVE,0
149994,22,1,12,1,28,DOWN,DOWN,2,12,1,27,0.14,MOVE,0
149994,23,2,12,1,27,DOWN,DOWN,3,12,1,26,0.13,MOVE,0
149994,24,3,12,1,26,RIGHT,RIGHT,3,13,1,25,0.12,MOVE,0
149994,25,3,13,1,25,LEFT,LEFT,3,12,1,24,-1.87,MOVE,0
149994,26,3,12,1,24,RIGHT,DOWN,4,12,1,23,0.12,MOVE,0
149994,27,4,12,1,23,DOWN,DOWN,5,12,1,22,0.11,MOVE,0
149994,28,5,12,1,22,RIGHT,RIGHT,5,13,1,21,0.1,MOVE,0
149994,29,5,13,1,21,DOWN,DOWN,6,13,1,20,0.09,MOVE,0
149994,30,6,13,1,20,UP,UP,5,13,1,19,-1.9,MOVE,0
149994,31,5,13,1,19,RIGHT,RIGHT,5,14,1,18,-1.89,MOVE,0
149994,32,5,14,1,18,DOWN,DOWN,6,14,1,17,0.1,MOVE,0
149994,33,6,14,1,17,RIGHT,RIGHT,6,15,1,16,-1.89,MOVE,0
149994,34,6,15,1,16,LEFT,LEFT,6,14,1,15,0.1,MOVE,0
149994,35,6,14,1,15,DOWN,DOWN,7,14,1,14,0.09,MOVE,0
149994,36,7,14,1,14,LEFT,LEFT,7,13,1,13,0.08,MOVE,0
149994,37,7,13,1,13,LEFT,LEFT,7,13,1,12,-4.92,WALL_HIT,0
149994,38,7,13,1,12,DOWN,DOWN,8,13,1,11,0.07,MOVE,0
149994,39,8,13,1,11,DOWN,LEFT,8,13,1,10,-4.93,WALL_HIT,0
149994,40,8,13,1,10,DOWN,DOWN,9,13,1,9,0.06,MOVE,0
149994,41,9,13,1,9,DOWN,DOWN,10,13,1,8,0.05,MOVE,0
149994,42,10,13,1,8,DOWN,DOWN,11,13,1,7,0.04,MOVE,0
149994,43,11,13,1,7,DOWN,DOWN,12,13,1,6,0.03,MOVE,0
149994,44,12,13,1,6,UP,UP,11,13,1,5,-1.96,MOVE,0
149994,45,11,13,1,5,DOWN,DOWN,12,13,1,4,0.03,MOVE,0
149994,46,12,13,1,4,DOWN,LEFT,12,12,1,3,-1.96,MOVE,0
149994,47,12,12,1,3,LEFT,LEFT,12,11,1,2,-1.95,MOVE,0
149994,48,12,11,1,2,RIGHT,RIGHT,12,12,1,1,0.04,MOVE,0
149994,49,12,12,1,1,DOWN,DOWN,13,12,1,0,-17.0,ENERGY_DEPLETED,1
149995,0,0,0,0,50,RIGHT,DOWN,1,0,0,49,-1.87,MOVE,0
149995,1,1,0,0,49,RIGHT,UP,0,0,0,48,0.12,MOVE,0
149995,2,0,0,0,48,RIGHT,DOWN,1,0,0,47,-1.87,MOVE,0
149995,3,1,0,0,47,RIGHT,RIGHT,1,1,0,46,0.12,MOVE,0
149995,4,1,1,0,46,DOWN,DOWN,2,1,0,45,0.11,MOVE,0
149995,5,2,1,0,45,RIGHT,RIGHT,2,2,0,44,0.1,MOVE,0
149995,6,2,2,0,44,RIGHT,RIGHT,2,3,0,43,0.09,MOVE,0
149995,7,2,3,0,43,LEFT,UP,1,3,0,42,0.08,MOVE,0
149995,8,1,3,0,42,RIGHT,RIGHT,1,4,0,41,0.07,MOVE,0
149995,9,1,4,0,41,RIGHT,UP,1,4,0,40,-4.93,WALL_HIT,0
149995,10,1,4,0,40,RIGHT,UP,1,4,0,39,-4.93,WALL_HIT,0
149995,11,1,4,0,39,RIGHT,DOWN,1,4,0,38,-4.93,WALL_HIT,0
149995,12,1,4,0,38,RIGHT,RIGHT,1,5,0,37,0.06,MOVE,0
149995,13,1,5,0,37,RIGHT,RIGHT,1,6,0,36,0.05,MOVE,0
149995,14,1,6,0,36,RIGHT,RIGHT,1,7,0,35,0.04,MOVE,0
149995,15,1,7,0,35,RIGHT,RIGHT,1,8,0,34,0.03,MOVE,0
149995,16,1,8,0,34,UP,UP,0,8,0,33,0.02,MOVE,0
149995,17,0,8,0,33,RIGHT,DOWN,1,8,0,32,-1.97,MOVE,0
149995,18,1,8,0,32,UP,UP,0,8,0,31,0.02,MOVE,0
149995,19,0,8,0,31,RIGHT,RIGHT,0,9,0,30,0.01,MOVE,0
149995,20,0,9,0,30,RIGHT,RIGHT,0,10,1,29,32.18,KEY_PICKUP,0
149995,21,0,10,1,29,DOWN,DOWN,1,10,1,28,0.17,MOVE,0
149995,22,1,10,1,28,RIGHT,RIGHT,1,11,1,27,0.16,MOVE,0
149995,23,1,11,1,27,DOWN,RIGHT,1,12,1,26,0.15,MOVE,0
149995,24,1,12,1,26,DOWN,DOWN,2,12,1,25,0.14,MOVE,0
149995,25,2,12,1,25,DOWN,DOWN,3,12,1,24,0.13,MOVE,0
149995,26,3,12,1,24,RIGHT,RIGHT,3,13,1,23,0.12,MOVE,0
149995,27,3,13,1,23,DOWN,DOWN,4,13,1,22,0.11,MOVE,0
149995,28,4,13,1,22,RIGHT,RIGHT,4,14,1,21,-1.88,MOVE,0
149995,29,4,14,1,21,LEFT,DOWN,5,14,1,20,0.11,MOVE,0
149995,30,5,14,1,20,LEFT,LEFT,5,13,1,19,0.1,MOVE,0
149995,31,5,13,1,19,DOWN,DOWN,6,13,1,18,0.09,MOVE,0
149995,32,6,13,1,18,LEFT,LEFT,6,12,1,17,-1.9,MOVE,0
149995,33,6,12,1,17,LEFT,LEFT,6,11,1,16,-1.89,MOVE,0
149995,34,6,11,1,16,RIGHT,RIGHT,6,12,1,15,0.1,MOVE,0
149995,35,6,12,1,15,DOWN,DOWN,6,12,1,14,-4.9,WALL_HIT,0
149995,36,6,12,1,14,RIGHT,RIGHT,6,13,1,13,0.09,MOVE,0
149995,37,6,13,1,13,DOWN,DOWN,7,13,1,12,0.08,MOVE,0
149995,38,7,13,1,12,DOWN,DOWN,8,13,1,11,0.07,MOVE,0
149995,39,8,13,1,11,DOWN,DOWN,9,13,1,10,0.06,MOVE,0
149995,40,9,13,1,10,DOWN,DOWN,10,13,1,9,0.05,MOVE,0
149995,41,10,13,1,9,DOWN,LEFT,10,12,1,8,-1.94,MOVE,0
149995,42,10,12,1,8,DOWN,DOWN,11,12,1,7,0.05,MOVE,0
149995,43,11,12,1,7,RIGHT,RIGHT,11,13,1,6,0.04,MOVE,0
149995,44,11,13,1,6,DOWN,RIGHT,11,13,1,5,-4.96,WALL_HIT,0
149995,45,11,13,1,5,DOWN,DOWN,12,13,1,4,0.03,MOVE,0
149995,46,12,13,1,4,DOWN,DOWN,12,13,1,3,-4.97,WALL_HIT,0
149995,47,12,13,1,3,RIGHT,RIGHT,12,14,1,2,0.02,MOVE,0
149995,48,12,14,1,2,DOWN,DOWN,13,14,1,1,0.01,DOOR_PASS,0
149995,49,13,14,1,1,DOWN,DOWN,14,14,1,0,100.0,GOAL_REACHED,1
149996,0,0,0,0,50,RIGHT,RIGHT,0,1,0,49,0.11,MOVE,0
149996,1,0,1,0,49,DOWN,LEFT,0,0,0,48,-1.88,MOVE,0
149996,2,0,0,0,48,RIGHT,RIGHT,0,1,0,47,0.11,MOVE,0
149996,3,0,1,0,47,RIGHT,DOWN,1,1,0,46,-1.88,MOVE,0
149996,4,1,1,0,46,DOWN,RIGHT,1,1,0,45,-4.88,WALL_HIT,0
149996,5,1,1,0,45,UP,UP,0,1,0,44,0.11,MOVE,0
149996,6,0,1,0,44,RIGHT,RIGHT,0,2,0,43,0.1,MOVE,0
149996,7,0,2,0,43,RIGHT,RIGHT,0,3,0,42,0.09,MOVE,0
149996,8,0,3,0,42,DOWN,DOWN,1,3,0,41,0.08,MOVE,0
149996,9,1,3,0,41,DOWN,DOWN,2,3,0,40,-1.91,MOVE,0
149996,10,2,3,0,40,UP,UP,1,3,0,39,0.08,MOVE,0
149996,11,1,3,0,39,RIGHT,RIGHT,1,4,0,38,0.07,MOVE,0
149996,12,1,4,0,38,RIGHT,RIGHT,1,5,0,37,0.06,MOVE,0
149996,13,1,5,0,37,RIGHT,RIGHT,1,6,0,36,0.05,MOVE,0
149996,14,1,6,0,36,RIGHT,RIGHT,1,7,0,35,0.04,MOVE,0
149996,15,1,7,0,35,RIGHT,RIGHT,1,8,0,34,0.03,MOVE,0
149996,16,1,8,0,34,UP,UP,0,8,0,33,0.02,MOVE,0
149996,17,0,8,0,33,RIGHT,RIGHT,0,9,0,32,0.01,MOVE,0
149996,18,0,9,0,32,RIGHT,RIGHT,0,10,1,31,32.18,KEY_PICKUP,0
149996,19,0,10,1,31,RIGHT,RIGHT,0,11,1,30,0.17,MOVE,0
149996,20,0,11,1,30,LEFT,LEFT,0,10,1,29,-1.82,MOVE,0
149996,21,0,10,1,29,DOWN,DOWN,1,10,1,28,0.17,MOVE,0
149996,22,1,10,1,28,RIGHT,RIGHT,1,11,1,27,0.16,MOVE,0
149996,23,1,11,1,27,DOWN,DOWN,2,11,1,26,0.15,MOVE,0
149996,24,2,11,1,26,RIGHT,RIGHT,2,12,1,25,0.14,MOVE,0
149996,25,2,12,1,25,DOWN,DOWN,3,12,1,24,0.13,MOVE,0
149996,26,3,12,1,24,RIGHT,RIGHT,3,13,1,23,0.12,MOVE,0
149996,27,3,13,1,23,DOWN,DOWN,4,13,1,22,0.11,MOVE,0
149996,28,4,13,1,22,UP,LEFT,4,12,1,21,-1.88,MOVE,0
149996,29,4,12,1,21,DOWN,DOWN,5,12,1,20,0.11,MOVE,0
149996,30,5,12,1,20,DOWN,DOWN,6,12,1,19,0.1,MOVE,0
149996,31,6,12,1,19,RIGHT,RIGHT,6,13,1,18,0.09,MOVE,0
149996,32,6,13,1,18,LEFT,LEFT,6,12,1,17,-1.9,MOVE,0
149996,33,6,12,1,17,DOWN,DOWN,6,12,1,16,-4.9,WALL_HIT,0
149996,34,6,12,1,16,RIGHT,RIGHT,6,13,1,15,0.09,MOVE,0
149996,35,6,13,1,15,DOWN,LEFT,6,12,1,14,-1.9,MOVE,0
149996,36,6,12,1,14,RIGHT,UP,5,12,1,13,-1.89,MOVE,0
149996,37,5,12,1,13,DOWN,DOWN,6,12,1,12,0.1,MOVE,0
149996,38,6,12,1,12,RIGHT,UP,5,12,1,11,-1.89,MOVE,0
149996,39,5,12,1,11,RIGHT,RIGHT,5,13,1,10,0.1,MOVE,0
149996,40,5,13,1,10,DOWN,DOWN,6,13,1,9,0.09,MOVE,0
149996,41,6,13,1,9,DOWN,DOWN,7,13,1,8,0.08,MOVE,0
149996,42,7,13,1,8,DOWN,DOWN,8,13,1,7,0.07,MOVE,0
149996,43,8,13,1,7,DOWN,DOWN,9,13,1,6,0.06,MOVE,0
149996,44,9,13,1,6,DOWN,DOWN,10,13,1,5,0.05,MOVE,0
149996,45,10,13,1,5,DOWN,DOWN,11,13,1,4,0.04,MOVE,0
149996,46,11,13,1,4,DOWN,DOWN,12,13,1,3,0.03,MOVE,0
149996,47,12,13,1,3,RIGHT,RIGHT,12,14,1,2,0.02,MOVE,0
149996,48,12,14,1,2,DOWN,DOWN,13,14,1,1,0.01,DOOR_PASS,0
149996,49,13,14,1,1,DOWN,DOWN,14,14,1,0,100.0,GOAL_REACHED,1
149997,0,0,0,0,50,RIGHT,RIGHT,0,1,0,49,0.11,MOVE,0
149997,1,0,1,0,49,DOWN,DOWN,1,1,0,48,-1.88,MOVE,0
149997,2,1,1,0,48,LEFT,LEFT,1,0,0,47,-1.87,MOVE,0
149997,3,1,0,0,47,UP,UP,0,0,0,46,0.12,MOVE,0
149997,4,0,0,0,46,RIGHT,DOWN,1,0,0,45,-1.87,MOVE,0
149997,5,1,0,0,45,RIGHT,RIGHT,1,1,0,44,0.12,MOVE,0
149997,6,1,1,0,44,UP,UP,0,1,0,43,0.11,MOVE,0
149997,7,0,1,0,43,RIGHT,RIGHT,0,2,0,42,0.1,MOVE,0
149997,8,0,2,0,42,RIGHT,RIGHT,0,3,0,41,0.09,MOVE,0
149997,9,0,3,0,41,DOWN,DOWN,1,3,0,40,0.08,MOVE,0
149997,10,1,3,0,40,RIGHT,RIGHT,1,4,0,39,0.07,MOVE,0
149997,11,1,4,0,39,RIGHT,RIGHT,1,5,0,38,0.06,MOVE,0
149997,12,1,5,0,38,UP,UP,0,5,0,37,0.05,MOVE,0
149997,13,0,5,0,37,RIGHT,RIGHT,0,6,0,36,0.04,MOVE,0
149997,14,0,6,0,36,DOWN,DOWN,1,6,0,35,-1.95,MOVE,0
149997,15,1,6,0,35,RIGHT,RIGHT,1,7,0,34,0.04,MOVE,0
149997,16,1,7,0,34,UP,RIGHT,1,8,0,33,0.03,MOVE,0
149997,17,1,8,0,33,UP,RIGHT,1,9,0,32,0.02,MOVE,0
149997,18,1,9,0,32,UP,UP,0,9,0,31,0.01,MOVE,0
149997,19,0,9,0,31,RIGHT,DOWN,1,9,0,30,-1.98,MOVE,0
149997,20,1,9,0,30,UP,UP,0,9,0,29,0.01,MOVE,0
149997,21,0,9,0,29,RIGHT,RIGHT,0,10,1,28,32.18,KEY_PICKUP,0
149997,22,0,10,1,28,DOWN,RIGHT,0,11,1,27,0.17,MOVE,0
149997,23,0,11,1,27,DOWN,DOWN,1,11,1,26,0.16,MOVE,0
149997,24,1,11,1,26,DOWN,DOWN,2,11,1,25,0.15,MOVE,0
149997,25,2,11,1,25,RIGHT,RIGHT,2,12,1,24,0.14,MOVE,0
149997,26,2,12,1,24,DOWN,DOWN,3,12,1,23,0.13,MOVE,0
149997,27,3,12,1,23,DOWN,LEFT,3,12,1,22,-4.87,WALL_HIT,0
149997,28,3,12,1,22,LEFT,LEFT,3,12,1,21,-4.87,WALL_HIT,0
149997,29,3,12,1,21,RIGHT,RIGHT,3,13,1,20,0.12,MOVE,0
149997,30,3,13,1,20,LEFT,LEFT,3,12,1,19,-1.87,MOVE,0
149997,31,3,12,1,19,DOWN,RIGHT,3,13,1,18,0.12,MOVE,0
149997,32,3,13,1,18,UP,RIGHT,3,14,1,17,-1.87,MOVE,0
149997,33,3,14,1,17,DOWN,DOWN,4,14,1,16,0.12,MOVE,0
149997,34,4,14,1,16,LEFT,LEFT,4,13,1,15,0.11,MOVE,0
149997,35,4,13,1,15,DOWN,DOWN,5,13,1,14,0.1,MOVE,0
149997,36,5,13,1,14,DOWN,DOWN,6,13,1,13,0.09,MOVE,0
149997,37,6,13,1,13,DOWN,DOWN,7,13,1,12,0.08,MOVE,0
149997,38,7,13,1,12,DOWN,DOWN,8,13,1,11,0.07,MOVE,0
149997,39,8,13,1,11,DOWN,DOWN,9,13,1,10,0.06,MOVE,0
149997,40,9,13,1,10,DOWN,DOWN,10,13,1,9,0.05,MOVE,0
149997,41,10,13,1,9,DOWN,DOWN,11,13,1,8,0.04,MOVE,0
149997,42,11,13,1,8,DOWN,DOWN,12,13,1,7,0.03,MOVE,0
149997,43,12,13,1,7,RIGHT,RIGHT,12,14,1,6,0.02,MOVE,0
149997,44,12,14,1,6,DOWN,DOWN,13,14,1,5,0.01,DOOR_PASS,0
149997,45,13,14,1,5,DOWN,DOWN,14,14,1,4,100.0,GOAL_REACHED,1
149998,0,0,0,0,50,RIGHT,RIGHT,0,1,0,49,0.11,MOVE,0
149998,1,0,1,0,49,DOWN,RIGHT,0,2,0,48,0.1,MOVE,0
149998,2,0,2,0,48,LEFT,LEFT,0,1,0,47,-1.89,MOVE,0
149998,3,0,1,0,47,RIGHT,DOWN,1,1,0,46,-1.88,MOVE,0
149998,4,1,1,0,46,DOWN,DOWN,2,1,0,45,0.11,MOVE,0
149998,5,2,1,0,45,RIGHT,RIGHT,2,2,0,44,0.1,MOVE,0
149998,6,2,2,0,44,RIGHT,RIGHT,2,3,0,43,0.09,MOVE,0
149998,7,2,3,0,43,LEFT,LEFT,2,2,0,42,-1.9,MOVE,0
149998,8,2,2,0,42,RIGHT,UP,2,2,0,41,-4.9,WALL_HIT,0
149998,9,2,2,0,41,RIGHT,UP,2,2,0,40,-4.9,WALL_HIT,0
149998,10,2,2,0,40,RIGHT,RIGHT,2,3,0,39,0.09,MOVE,0
149998,11,2,3,0,39,UP,UP,1,3,0,38,0.08,MOVE,0
149998,12,1,3,0,38,RIGHT,RIGHT,1,4,0,37,0.07,MOVE,0
149998,13,1,4,0,37,RIGHT,RIGHT,1,5,0,36,0.06,MOVE,0
149998,14,1,5,0,36,RIGHT,DOWN,1,5,0,35,-4.94,WALL_HIT,0
149998,15,1,5,0,35,UP,UP,0,5,0,34,0.05,MOVE,0
149998,16,0,5,0,34,RIGHT,RIGHT,0,6,0,33,0.04,MOVE,0
149998,17,0,6,0,33,RIGHT,RIGHT,0,7,0,32,0.03,MOVE,0
149998,18,0,7,0,32,DOWN,RIGHT,0,8,0,31,0.02,MOVE,0
149998,19,0,8,0,31,RIGHT,RIGHT,0,9,0,30,0.01,MOVE,0
149998,20,0,9,0,30,LEFT,LEFT,0,8,0,29,-1.98,MOVE,0
149998,21,0,8,0,29,RIGHT,RIGHT,0,9,0,28,0.01,MOVE,0
149998,22,0,9,0,28,RIGHT,RIGHT,0,10,1,27,32.18,KEY_PICKUP,0
149998,23,0,10,1,27,DOWN,DOWN,1,10,1,26,0.17,MOVE,0
149998,24,1,10,1,26,DOWN,DOWN,2,10,1,25,0.16,MOVE,0
149998,25,2,10,1,25,DOWN,DOWN,3,10,1,24,0.15,MOVE,0
149998,26,3,10,1,24,DOWN,DOWN,4,10,1,23,0.14,MOVE,0
149998,27,4,10,1,23,RIGHT,RIGHT,4,11,1,22,0.13,MOVE,0
149998,28,4,11,1,22,RIGHT,UP,4,11,1,21,-4.87,WALL_HIT,0
149998,29,4,11,1,21,DOWN,DOWN,5,11,1,20,0.12,MOVE,0
149998,30,5,11,1,20,DOWN,RIGHT,5,12,1,19,0.11,MOVE,0
149998,31,5,12,1,19,DOWN,DOWN,6,12,1,18,0.1,MOVE,0
149998,32,6,12,1,18,RIGHT,RIGHT,6,13,1,17,0.09,MOVE,0
149998,33,6,13,1,17,DOWN,LEFT,6,12,1,16,-1.9,MOVE,0
149998,34,6,12,1,16,RIGHT,RIGHT,6,13,1,15,0.09,MOVE,0
149998,35,6,13,1,15,DOWN,RIGHT,6,14,1,14,-1.9,MOVE,0
149998,36,6,14,1,14,LEFT,LEFT,6,13,1,13,0.09,MOVE,0
149998,37,6,13,1,13,DOWN,DOWN,7,13,1,12,0.08,MOVE,0
149998,38,7,13,1,12,DOWN,DOWN,8,13,1,11,0.07,MOVE,0
149998,39,8,13,1,11,DOWN,RIGHT,8,14,1,10,-10.92,PENALTY_CELL,0
149998,40,8,14,1,10,DOWN,DOWN,9,14,1,9,0.07,MOVE,0
149998,41,9,14,1,9,RIGHT,RIGHT,9,15,1,8,0.06,MOVE,0
149998,42,9,15,1,8,DOWN,DOWN,10,15,1,7,0.05,MOVE,0
149998,43,10,15,1,7,DOWN,DOWN,11,15,1,6,0.04,MOVE,0
149998,44,11,15,1,6,DOWN,DOWN,12,15,1,5,0.03,MOVE,0
149998,45,12,15,1,5,LEFT,LEFT,12,14,1,4,0.02,MOVE,0
149998,46,12,14,1,4,DOWN,LEFT,12,13,1,3,-1.97,MOVE,0
149998,47,12,13,1,3,RIGHT,RIGHT,12,14,1,2,0.02,MOVE,0
149998,48,12,14,1,2,DOWN,LEFT,12,13,1,1,-1.97,MOVE,0
149998,49,12,13,1,1,UP,UP,11,13,1,0,-18.0,ENERGY_DEPLETED,1
149999,0,0,0,0,50,RIGHT,RIGHT,0,1,0,49,0.11,MOVE,0
149999,1,0,1,0,49,DOWN,DOWN,1,1,0,48,-1.88,MOVE,0
149999,2,1,1,0,48,LEFT,LEFT,1,0,0,47,-1.87,MOVE,0
149999,3,1,0,0,47,RIGHT,RIGHT,1,1,0,46,0.12,MOVE,0
149999,4,1,1,0,46,DOWN,DOWN,2,1,0,45,0.11,MOVE,0
149999,5,2,1,0,45,RIGHT,RIGHT,2,2,0,44,0.1,MOVE,0
149999,6,2,2,0,44,RIGHT,RIGHT,2,3,0,43,0.09,MOVE,0
149999,7,2,3,0,43,DOWN,DOWN,3,3,0,42,-1.9,MOVE,0
149999,8,3,3,0,42,UP,UP,2,3,0,41,0.09,MOVE,0
149999,9,2,3,0,41,UP,UP,1,3,0,40,0.08,MOVE,0
149999,10,1,3,0,40,RIGHT,RIGHT,1,4,0,39,0.07,MOVE,0
149999,11,1,4,0,39,RIGHT,RIGHT,1,5,0,38,0.06,MOVE,0
149999,12,1,5,0,38,UP,UP,0,5,0,37,0.05,MOVE,0
149999,13,0,5,0,37,RIGHT,UP,0,5,0,36,-4.95,WALL_HIT,0
149999,14,0,5,0,36,RIGHT,UP,0,5,0,35,-4.95,WALL_HIT,0
149999,15,0,5,0,35,RIGHT,DOWN,1,5,0,34,-1.94,MOVE,0
149999,16,1,5,0,34,RIGHT,RIGHT,1,6,0,33,0.05,MOVE,0
149999,17,1,6,0,33,RIGHT,DOWN,2,6,0,32,-1.94,MOVE,0
149999,18,2,6,0,32,UP,LEFT,2,6,0,31,-4.94,WALL_HIT,0
149999,19,2,6,0,31,RIGHT,RIGHT,2,7,0,30,0.05,MOVE,0
149999,20,2,7,0,30,RIGHT,RIGHT,2,8,0,29,0.04,MOVE,0
149999,21,2,8,0,29,UP,UP,1,8,0,28,0.03,MOVE,0
149999,22,1,8,0,28,RIGHT,RIGHT,1,9,0,27,0.02,MOVE,0
149999,23,1,9,0,27,UP,UP,0,9,0,26,0.01,MOVE,0
149999,24,0,9,0,26,RIGHT,RIGHT,0,10,1,25,32.18,KEY_PICKUP,0
149999,25,0,10,1,25,DOWN,DOWN,1,10,1,24,0.17,MOVE,0
149999,26,1,10,1,24,DOWN,DOWN,2,10,1,23,0.16,MOVE,0
149999,27,2,10,1,23,DOWN,DOWN,3,10,1,22,0.15,MOVE,0
149999,28,3,10,1,22,DOWN,DOWN,4,10,1,21,0.14,MOVE,0
149999,29,4,10,1,21,RIGHT,RIGHT,4,11,1,20,0.13,MOVE,0
149999,30,4,11,1,20,DOWN,RIGHT,4,12,1,19,0.12,MOVE,0
149999,31,4,12,1,19,DOWN,LEFT,4,11,1,18,-1.87,MOVE,0
149999,32,4,11,1,18,DOWN,DOWN,5,11,1,17,0.12,MOVE,0
149999,33,5,11,1,17,RIGHT,RIGHT,5,12,1,16,0.11,MOVE,0
149999,34,5,12,1,16,DOWN,DOWN,6,12,1,15,0.1,MOVE,0
149999,35,6,12,1,15,DOWN,DOWN,6,12,1,14,-4.9,WALL_HIT,0
149999,36,6,12,1,14,RIGHT,RIGHT,6,13,1,13,0.09,MOVE,0
149999,37,6,13,1,13,DOWN,DOWN,7,13,1,12,0.08,MOVE,0
149999,38,7,13,1,12,DOWN,DOWN,8,13,1,11,0.07,MOVE,0
149999,39,8,13,1,11,DOWN,DOWN,9,13,1,10,0.06,MOVE,0
149999,40,9,13,1,10,DOWN,DOWN,10,13,1,9,0.05,MOVE,0
149999,41,10,13,1,9,DOWN,DOWN,11,13,1,8,0.04,MOVE,0
149999,42,11,13,1,8,DOWN,LEFT,11,12,1,7,-1.95,MOVE,0
149999,43,11,12,1,7,RIGHT,RIGHT,11,13,1,6,0.04,MOVE,0
149999,44,11,13,1,6,DOWN,DOWN,12,13,1,5,0.03,MOVE,0
149999,45,12,13,1,5,RIGHT,RIGHT,12,14,1,4,0.02,MOVE,0
149999,46,12,14,1,4,DOWN,DOWN,13,14,1,3,0.01,DOOR_PASS,0
149999,47,13,14,1,3,RIGHT,RIGHT,13,14,1,2,-4.99,WALL_HIT,0
149999,48,13,14,1,2,DOWN,DOWN,14,14,1,1,100.0,GOAL_REACHED,1
0,0,0,0,0,50,LEFT,LEFT,0,0,0,49,-4.88,WALL_HIT,0
0,1,0,0,0,49,DOWN,DOWN,1,0,0,48,-1.87,MOVE,0
0,2,1,0,0,48,UP,UP,0,0,0,47,0.12,MOVE,0
0,3,0,0,0,47,RIGHT,RIGHT,0,1,0,46,0.11,MOVE,0
0,4,0,1,0,46,UP,UP,0,1,0,45,-4.89,WALL_HIT,0
0,5,0,1,0,45,UP,UP,0,1,0,44,-4.89,WALL_HIT,0
0,6,0,1,0,44,DOWN,DOWN,1,1,0,43,-1.88,MOVE,0
0,7,1,1,0,43,RIGHT,DOWN,2,1,0,42,0.11,MOVE,0
0,8,2,1,0,42,RIGHT,RIGHT,2,2,0,41,0.1,MOVE,0
0,9,2,2,0,41,DOWN,DOWN,3,2,0,40,-1.89,MOVE,0
0,10,3,2,0,40,DOWN,DOWN,4,2,0,39,-1.88,MOVE,0
0,11,4,2,0,39,UP,UP,3,2,0,38,0.11,MOVE,0
0,12,3,2,0,38,RIGHT,DOWN,4,2,0,37,-1.88,MOVE,0
0,13,4,2,0,37,UP,UP,3,2,0,36,0.11,MOVE,0
0,14,3,2,0,36,DOWN,DOWN,4,2,0,35,-1.88,MOVE,0
0,15,4,2,0,35,RIGHT,RIGHT,4,3,0,34,0.11,MOVE,0
0,16,4,3,0,34,LEFT,LEFT,4,2,0,33,-1.88,MOVE,0
0,17,4,2,0,33,RIGHT,RIGHT,4,3,0,32,0.11,MOVE,0
0,18,4,3,0,32,UP,RIGHT,4,4,0,31,0.1,MOVE,0
0,19,4,4,0,31,UP,UP,4,4,0,30,-4.9,WALL_HIT,0
0,20,4,4,0,30,UP,UP,4,4,0,29,-4.9,WALL_HIT,0
0,21,4,4,0,29,RIGHT,DOWN,5,4,0,28,-1.89,MOVE,0
0,22,5,4,0,28,DOWN,DOWN,6,4,0,27,-1.88,MOVE,0
0,23,6,4,0,27,UP,UP,5,4,0,26,0.11,MOVE,0
0,24,5,4,0,26,UP,UP,4,4,0,25,0.1,MOVE,0
0,25,4,4,0,25,DOWN,RIGHT,4,5,0,24,0.09,MOVE,0
0,26,4,5,0,24,DOWN,LEFT,4,4,0,23,-1.9,MOVE,0
0,27,4,4,0,23,UP,UP,4,4,0,22,-4.9,WALL_HIT,0
0,28,4,4,0,22,UP,UP,4,4,0,21,-4.9,WALL_HIT,0
0,29,4,4,0,21,RIGHT,RIGHT,4,5,0,20,0.09,MOVE,0
0,30,4,5,0,20,DOWN,DOWN,5,5,0,19,-1.9,MOVE,0
0,31,5,5,0,19,RIGHT,RIGHT,5,6,0,18,0.09,MOVE,0
0,32,5,6,0,18,UP,UP,4,6,0,17,0.08,MOVE,0
0,33,4,6,0,17,DOWN,DOWN,5,6,0,16,-1.91,MOVE,0
0,34,5,6,0,16,UP,LEFT,5,5,0,15,-1.9,MOVE,0
0,35,5,5,0,15,DOWN,DOWN,6,5,0,14,-1.89,MOVE,0
0,36,6,5,0,14,UP,UP,5,5,0,13,0.1,MOVE,0
0,37,5,5,0,13,RIGHT,RIGHT,5,6,0,12,0.09,MOVE,0
0,38,5,6,0,12,DOWN,DOWN,6,6,0,11,-1.9,MOVE,0
0,39,6,6,0,11,UP,UP,5,6,0,10,0.09,MOVE,0
0,40,5,6,0,10,UP,UP,4,6,0,9,0.08,MOVE,0
0,41,4,6,0,9,UP,UP,3,6,0,8,0.07,MOVE,0
0,42,3,6,0,8,LEFT,LEFT,3,5,0,7,-1.92,MOVE,0
0,43,3,5,0,7,RIGHT,RIGHT,3,6,0,6,0.07,MOVE,0
0,44,3,6,0,6,UP,UP,2,6,0,5,0.06,MOVE,0
0,45,2,6,0,5,LEFT,UP,1,6,0,4,0.05,MOVE,0
0,46,1,6,0,4,UP,RIGHT,1,7,0,3,0.04,MOVE,0
0,47,1,7,0,3,RIGHT,RIGHT,1,8,0,2,0.03,MOVE,0
0,48,1,8,0,2,UP,UP,0,8,0,1,0.02,MOVE,0
0,49,0,8,0,1,LEFT,LEFT,0,7,0,0,-19.0,ENERGY_DEPLETED,1
1,0,0,0,0,50,UP,UP,0,0,0,49,-4.88,WALL_HIT,0
1,1,0,0,0,49,RIGHT,RIGHT,0,1,0,48,0.11,MOVE,0
1,2,0,1,0,48,DOWN,DOWN,1,1,0,47,-1.88,MOVE,0
1,3,1,1,0,47,UP,UP,0,1,0,46,0.11,MOVE,0
1,4,0,1,0,46,DOWN,DOWN,1,1,0,45,-1.88,MOVE,0
1,5,1,1,0,45,RIGHT,RIGHT,1,1,0,44,-4.88,WALL_HIT,0
1,6,1,1,0,44,LEFT,LEFT,1,0,0,43,-1.87,MOVE,0
1,7,1,0,0,43,LEFT,LEFT,1,0,0,42,-4.87,WALL_HIT,0
1,8,1,0,0,42,LEFT,DOWN,2,0,0,41,0.12,MOVE,0
1,9,2,0,0,41,DOWN,DOWN,2,0,0,40,-4.88,WALL_HIT,0
1,10,2,0,0,40,DOWN,DOWN,2,0,0,39,-4.88,WALL_HIT,0
1,11,2,0,0,39,DOWN,DOWN,2,0,0,38,-4.88,WALL_HIT,0
1,12,2,0,0,38,UP,UP,1,0,0,37,-1.87,MOVE,0
1,13,1,0,0,37,RIGHT,DOWN,2,0,0,36,0.12,MOVE,0
1,14,2,0,0,36,UP,RIGHT,2,1,0,35,0.11,MOVE,0
1,15,2,1,0,35,LEFT,DOWN,3,1,0,34,-1.88,MOVE,0
1,16,3,1,0,34,RIGHT,RIGHT,3,2,0,33,0.11,MOVE,0
1,17,3,2,0,33,DOWN,RIGHT,3,3,0,32,0.1,MOVE,0
1,18,3,3,0,32,LEFT,LEFT,3,2,0,31,-1.89,MOVE,0
1,19,3,2,0,31,UP,UP,2,2,0,30,0.1,MOVE,0
1,20,2,2,0,30,DOWN,DOWN,3,2,0,29,-1.89,MOVE,0
1,21,3,2,0,29,RIGHT,RIGHT,3,3,0,28,0.1,MOVE,0
1,22,3,3,0,28,DOWN,DOWN,4,3,0,27,-1.89,MOVE,0
1,23,4,3,0,27,LEFT,LEFT,4,2,0,26,-1.88,MOVE,0
1,24,4,2,0,26,RIGHT,UP,3,2,0,25,0.11,MOVE,0
1,25,3,2,0,25,UP,UP,2,2,0,24,0.1,MOVE,0
1,26,2,2,0,24,DOWN,RIGHT,2,3,0,23,0.09,MOVE,0
1,27,2,3,0,23,UP,UP,1,3,0,22,0.08,MOVE,0
1,28,1,3,0,22,DOWN,DOWN,2,3,0,21,-1.91,MOVE,0
1,29,2,3,0,21,DOWN,DOWN,3,3,0,20,-1.9,MOVE,0
1,30,3,3,0,20,RIGHT,DOWN,4,3,0,19,-1.89,MOVE,0
1,31,4,3,0,19,RIGHT,DOWN,5,3,0,18,-1.88,MOVE,0
1,32,5,3,0,18,RIGHT,RIGHT,5,4,0,17,0.11,MOVE,0
1,33,5,4,0,17,LEFT,LEFT,5,3,0,16,-1.88,MOVE,0
1,34,5,3,0,16,UP,UP,4,3,0,15,0.11,MOVE,0
1,35,4,3,0,15,RIGHT,UP,3,3,0,14,0.1,MOVE,0
1,36,3,3,0,14,UP,UP,2,3,0,13,0.09,MOVE,0
1,37,2,3,0,13,LEFT,LEFT,2,2,0,12,-1.9,MOVE,0
1,38,2,2,0,12,DOWN,DOWN,3,2,0,11,-1.89,MOVE,0
1,39,3,2,0,11,UP,UP,2,2,0,10,0.1,MOVE,0
1,40,2,2,0,10,RIGHT,UP,2,2,0,9,-4.9,WALL_HIT,0
1,41,2,2,0,9,RIGHT,RIGHT,2,3,0,8,0.09,MOVE,0
1,42,2,3,0,8,UP,UP,1,3,0,7,0.08,MOVE,0
1,43,1,3,0,7,UP,UP,0,3,0,6,-1.91,MOVE,0
1,44,0,3,0,6,RIGHT,RIGHT,0,3,0,5,-4.91,WALL_HIT,0
1,45,0,3,0,5,RIGHT,RIGHT,0,3,0,4,-4.91,WALL_HIT,0
1,46,0,3,0,4,UP,UP,0,3,0,3,-4.91,WALL_HIT,0
1,47,0,3,0,3,UP,UP,0,3,0,2,-4.91,WALL_HIT,0
1,48,0,3,0,2,RIGHT,RIGHT,0,3,0,1,-4.91,WALL_HIT,0
1,49,0,3,0,1,UP,UP,0,3,0,0,-16.0,ENERGY_DEPLETED,1
2,0,0,0,0,50,UP,RIGHT,0,1,0,49,0.11,MOVE,0
2,1,0,1,0,49,DOWN,DOWN,1,1,0,48,-1.88,MOVE,0
2,2,1,1,0,48,UP,UP,0,1,0,47,0.11,MOVE,0
2,3,0,1,0,47,RIGHT,RIGHT,0,2,0,46,0.1,MOVE,0
2,4,0,2,0,46,RIGHT,UP,0,2,0,45,-4.9,WALL_HIT,0
2,5,0,2,0,45,UP,UP,0,2,0,44,-4.9,WALL_HIT,0
2,6,0,2,0,44,LEFT,LEFT,0,1,0,43,-1.89,MOVE,0
2,7,0,1,0,43,RIGHT,RIGHT,0,2,0,42,0.1,MOVE,0
2,8,0,2,0,42,RIGHT,RIGHT,0,3,0,41,0.09,MOVE,0
2,9,0,3,0,41,DOWN,RIGHT,0,3,0,40,-4.91,WALL_HIT,0
2,10,0,3,0,40,LEFT,LEFT,0,2,0,39,-1.9,MOVE,0
2,11,0,2,0,39,RIGHT,DOWN,0,2,0,38,-4.9,WALL_HIT,0
2,12,0,2,0,38,DOWN,DOWN,0,2,0,37,-4.9,WALL_HIT,0
2,13,0,2,0,37,UP,RIGHT,0,3,0,36,0.09,MOVE,0
2,14,0,3,0,36,UP,UP,0,3,0,35,-4.91,WALL_HIT,0
2,15,0,3,0,35,UP,UP,0,3,0,34,-4.91,WALL_HIT,0
2,16,0,3,0,34,UP,LEFT,0,2,0,33,-1.9,MOVE,0
2,17,0,2,0,33,DOWN,LEFT,0,1,0,32,-1.89,MOVE,0
2,18,0,1,0,32,UP,UP,0,1,0,31,-4.89,WALL_HIT,0
2,19,0,1,0,31,LEFT,DOWN,1,1,0,30,-1.88,MOVE,0
2,20,1,1,0,30,DOWN,RIGHT,1,1,0,29,-4.88,WALL_HIT,0
2,21,1,1,0,29,LEFT,LEFT,1,0,0,28,-1.87,MOVE,0
2,22,1,0,0,28,UP,UP,0,0,0,27,0.12,MOVE,0
2,23,0,0,0,27,RIGHT,RIGHT,0,1,0,26,0.11,MOVE,0
2,24,0,1,0,26,LEFT,DOWN,1,1,0,25,-1.88,MOVE,0
2,25,1,1,0,25,LEFT,LEFT,1,0,0,24,-1.87,MOVE,0
2,26,1,0,0,24,DOWN,DOWN,2,0,0,23,0.12,MOVE,0
2,27,2,0,0,23,LEFT,LEFT,2,0,0,22,-4.88,WALL_HIT,0
2,28,2,0,0,22,UP,UP,1,0,0,21,-1.87,MOVE,0
2,29,1,0,0,21,LEFT,LEFT,1,0,0,20,-4.87,WALL_HIT,0
2,30,1,0,0,20,RIGHT,DOWN,2,0,0,19,0.12,MOVE,0
2,31,2,0,0,19,LEFT,LEFT,2,0,0,18,-4.88,WALL_HIT,0
2,32,2,0,0,18,UP,UP,1,0,0,17,-1.87,MOVE,0
2,33,1,0,0,17,RIGHT,RIGHT,1,1,0,16,0.12,MOVE,0
2,34,1,1,0,16,LEFT,LEFT,1,0,0,15,-1.87,MOVE,0
2,35,1,0,0,15,LEFT,LEFT,1,0,0,14,-4.87,WALL_HIT,0
2,36,1,0,0,14,RIGHT,UP,0,0,0,13,0.12,MOVE,0
2,37,0,0,0,13,UP,UP,0,0,0,12,-4.88,WALL_HIT,0
2,38,0,0,0,12,RIGHT,RIGHT,0,1,0,11,0.11,MOVE,0
2,39,0,1,0,11,RIGHT,RIGHT,0,2,0,10,0.1,MOVE,0
2,40,0,2,0,10,DOWN,DOWN,0,2,0,9,-4.9,WALL_HIT,0
2,41,0,2,0,9,UP,UP,0,2,0,8,-4.9,WALL_HIT,0
2,42,0,2,0,8,DOWN,DOWN,0,2,0,7,-4.9,WALL_HIT,0
2,43,0,2,0,7,UP,UP,0,2,0,6,-4.9,WALL_HIT,0
2,44,0,2,0,6,LEFT,LEFT,0,1,0,5,-1.89,MOVE,0
2,45,0,1,0,5,DOWN,LEFT,0,0,0,4,-1.88,MOVE,0
2,46,0,0,0,4,UP,UP,0,0,0,3,-4.88,WALL_HIT,0
2,47,0,0,0,3,RIGHT,DOWN,1,0,0,2,-1.87,MOVE,0
2,48,1,0,0,2,RIGHT,RIGHT,1,1,0,1,0.12,MOVE,0
2,49,1,1,0,1,LEFT,DOWN,2,1,0,0,-9.0,ENERGY_DEPLETED,1
3,0,0,0,0,50,RIGHT,RIGHT,0,1,0,49,0.11,MOVE,0
3,1,0,1,0,49,LEFT,LEFT,0,0,0,48,-1.88,MOVE,0
3,2,0,0,0,48,UP,UP,0,0,0,47,-4.88,WALL_HIT,0
3,3,0,0,0,47,UP,UP,0,0,0,46,-4.88,WALL_HIT,0
3,4,0,0,0,46,DOWN,DOWN,1,0,0,45,-1.87,MOVE,0
3,5,1,0,0,45,UP,UP,0,0,0,44,0.12,MOVE,0
3,6,0,0,0,44,LEFT,LEFT,0,0,0,43,-4.88,WALL_HIT,0
3,7,0,0,0,43,DOWN,LEFT,0,0,0,42,-4.88,WALL_HIT,0
3,8,0,0,0,42,UP,UP,0,0,0,41,-4.88,WALL_HIT,0
3,9,0,0,0,41,RIGHT,RIGHT,0,1,0,40,0.11,MOVE,0
3,10,0,1,0,40,RIGHT,RIGHT,0,2,0,39,0.1,MOVE,0
3,11,0,2,0,39,DOWN,DOWN,0,2,0,38,-4.9,WALL_HIT,0
3,12,0,2,0,38,LEFT,LEFT,0,1,0,37,-1.89,MOVE,0
3,13,0,1,0,37,LEFT,LEFT,0,0,0,36,-1.88,MOVE,0
3,14,0,0,0,36,RIGHT,RIGHT,0,1,0,35,0.11,MOVE,0
3,15,0,1,0,35,DOWN,DOWN,1,1,0,34,-1.88,MOVE,0
3,16,1,1,0,34,UP,LEFT,1,0,0,33,-1.87,MOVE,0
3,17,1,0,0,33,UP,UP,0,0,0,32,0.12,MOVE,0
3,18,0,0,0,32,RIGHT,RIGHT,0,1,0,31,0.11,MOVE,0
3,19,0,1,0,31,UP,UP,0,1,0,30,-4.89,WALL_HIT,0
3,20,0,1,0,30,DOWN,DOWN,1,1,0,29,-1.88,MOVE,0
3,21,1,1,0,29,RIGHT,RIGHT,1,1,0,28,-4.88,WALL_HIT,0
3,22,1,1,0,28,DOWN,DOWN,2,1,0,27,0.11,MOVE,0
3,23,2,1,0,27,DOWN,DOWN,3,1,0,26,-1.88,MOVE,0
3,24,3,1,0,26,LEFT,LEFT,3,1,0,25,-4.88,WALL_HIT,0
3,25,3,1,0,25,UP,UP,2,1,0,24,0.11,MOVE,0
3,26,2,1,0,24,LEFT,LEFT,2,0,0,23,-1.88,MOVE,0
3,27,2,0,0,23,DOWN,DOWN,2,0,0,22,-4.88,WALL_HIT,0
3,28,2,0,0,22,UP,RIGHT,2,1,0,21,0.11,MOVE,0
3,29,2,1,0,21,LEFT,LEFT,2,0,0,20,-1.88,MOVE,0
3,30,2,0,0,20,DOWN,DOWN,2,0,0,19,-4.88,WALL_HIT,0
3,31,2,0,0,19,DOWN,DOWN,2,0,0,18,-4.88,WALL_HIT,0
3,32,2,0,0,18,RIGHT,RIGHT,2,1,0,17,0.11,MOVE,0
3,33,2,1,0,17,UP,RIGHT,2,2,0,16,0.1,MOVE,0
3,34,2,2,0,16,LEFT,DOWN,3,2,0,15,-1.89,MOVE,0
3,35,3,2,0,15,UP,UP,2,2,0,14,0.1,MOVE,0
3,36,2,2,0,14,RIGHT,RIGHT,2,3,0,13,0.09,MOVE,0
3,37,2,3,0,13,RIGHT,RIGHT,2,3,0,12,-4.91,WALL_HIT,0
3,38,2,3,0,12,DOWN,DOWN,3,3,0,11,-1.9,MOVE,0
3,39,3,3,0,11,DOWN,DOWN,4,3,0,10,-1.89,MOVE,0
3,40,4,3,0,10,UP,UP,3,3,0,9,0.1,MOVE,0
3,41,3,3,0,9,LEFT,LEFT,3,2,0,8,-1.89,MOVE,0
3,42,3,2,0,8,RIGHT,RIGHT,3,3,0,7,0.1,MOVE,0
3,43,3,3,0,7,DOWN,DOWN,4,3,0,6,-1.89,MOVE,0
3,44,4,3,0,6,UP,UP,3,3,0,5,0.1,MOVE,0
3,45,3,3,0,5,LEFT,LEFT,3,2,0,4,-1.89,MOVE,0
3,46,3,2,0,4,DOWN,DOWN,4,2,0,3,-1.88,MOVE,0
3,47,4,2,0,3,DOWN,RIGHT,4,3,0,2,0.11,MOVE,0
3,48,4,3,0,2,LEFT,LEFT,4,2,0,1,-1.88,MOVE,0
3,49,4,2,0,1,DOWN,DOWN,5,2,0,0,-9.0,ENERGY_DEPLETED,1
4,0,0,0,0,50,RIGHT,RIGHT,0,1,0,49,0.11,MOVE,0
4,1,0,1,0,49,RIGHT,DOWN,1,1,0,48,-1.88,MOVE,0
4,2,1,1,0,48,DOWN,DOWN,2,1,0,47,0.11,MOVE,0
4,3,2,1,0,47,UP,UP,1,1,0,46,-1.88,MOVE,0
4,4,1,1,0,46,DOWN,DOWN,2,1,0,45,0.11,MOVE,0
4,5,2,1,0,45,DOWN,DOWN,3,1,0,44,-1.88,MOVE,0
4,6,3,1,0,44,RIGHT,RIGHT,3,2,0,43,0.11,MOVE,0
4,7,3,2,0,43,DOWN,DOWN,4,2,0,42,-1.88,MOVE,0
4,8,4,2,0,42,UP,UP,3,2,0,41,0.11,MOVE,0
4,9,3,2,0,41,RIGHT,RIGHT,3,3,0,40,0.1,MOVE,0
4,10,3,3,0,40,RIGHT,RIGHT,3,3,0,39,-4.9,WALL_HIT,0
4,11,3,3,0,39,DOWN,LEFT,3,2,0,38,-1.89,MOVE,0
4,12,3,2,0,38,UP,UP,2,2,0,37,0.1,MOVE,0
4,13,2,2,0,37,RIGHT,RIGHT,2,3,0,36,0.09,MOVE,0
4,14,2,3,0,36,LEFT,LEFT,2,2,0,35,-1.9,MOVE,0
4,15,2,2,0,35,LEFT,LEFT,2,1,0,34,-1.89,MOVE,0
4,16,2,1,0,34,DOWN,LEFT,2,0,0,33,-1.88,MOVE,0
4,17,2,0,0,33,RIGHT,RIGHT,2,1,0,32,0.11,MOVE,0
4,18,2,1,0,32,UP,UP,1,1,0,31,-1.88,MOVE,0
4,19,1,1,0,31,UP,UP,0,1,0,30,0.11,MOVE,0
4,20,0,1,0,30,UP,UP,0,1,0,29,-4.89,WALL_HIT,0
4,21,0,1,0,29,LEFT,LEFT,0,0,0,28,-1.88,MOVE,0
4,22,0,0,0,28,DOWN,DOWN,1,0,0,27,-1.87,MOVE,0
4,23,1,0,0,27,RIGHT,RIGHT,1,1,0,26,0.12,MOVE,0
4,24,1,1,0,26,LEFT,LEFT,1,0,0,25,-1.87,MOVE,0
4,25,1,0,0,25,LEFT,DOWN,2,0,0,24,0.12,MOVE,0
4,26,2,0,0,24,DOWN,DOWN,2,0,0,23,-4.88,WALL_HIT,0
4,27,2,0,0,23,UP,UP,1,0,0,22,-1.87,MOVE,0
4,28,1,0,0,22,DOWN,DOWN,2,0,0,21,0.12,MOVE,0
4,29,2,0,0,21,DOWN,LEFT,2,0,0,20,-4.88,WALL_HIT,0
4,30,2,0,0,20,RIGHT,RIGHT,2,1,0,19,0.11,MOVE,0
4,31,2,1,0,19,UP,UP,1,1,0,18,-1.88,MOVE,0
4,32,1,1,0,18,RIGHT,RIGHT,1,1,0,17,-4.88,WALL_HIT,0
4,33,1,1,0,17,DOWN,DOWN,2,1,0,16,0.11,MOVE,0
4,34,2,1,0,16,DOWN,DOWN,3,1,0,15,-1.88,MOVE,0
4,35,3,1,0,15,RIGHT,RIGHT,3,2,0,14,0.11,MOVE,0
4,36,3,2,0,14,DOWN,DOWN,4,2,0,13,-1.88,MOVE,0
4,37,4,2,0,13,LEFT,LEFT,4,2,0,12,-4.88,WALL_HIT,0
4,38,4,2,0,12,RIGHT,RIGHT,4,3,0,11,0.11,MOVE,0
4,39,4,3,0,11,LEFT,LEFT,4,2,0,10,-1.88,MOVE,0
4,40,4,2,0,10,LEFT,LEFT,4,2,0,9,-4.88,WALL_HIT,0
4,41,4,2,0,9,RIGHT,RIGHT,4,3,0,8,0.11,MOVE,0
4,42,4,3,0,8,UP,UP,3,3,0,7,0.1,MOVE,0
4,43,3,3,0,7,LEFT,LEFT,3,2,0,6,-1.89,MOVE,0
4,44,3,2,0,6,DOWN,DOWN,4,2,0,5,-1.88,MOVE,0
4,45,4,2,0,5,LEFT,DOWN,5,2,0,4,-1.87,MOVE,0
4,46,5,2,0,4,UP,UP,4,2,0,3,0.12,MOVE,0
4,47,4,2,0,3,RIGHT,RIGHT,4,3,0,2,0.11,MOVE,0
4,48,4,3,0,2,DOWN,DOWN,5,3,0,1,-1.88,MOVE,0
4,49,5,3,0,1,UP,UP,4,3,0,0,-9.0,ENERGY_DEPLETED,1
5,0,0,0,0,50,LEFT,LEFT,0,0,0,49,-4.88,WALL_HIT,0
5,1,0,0,0,49,UP,RIGHT,0,1,0,48,0.11,MOVE,0
5,2,0,1,0,48,UP,UP,0,1,0,47,-4.89,WALL_HIT,0
5,3,0,1,0,47,DOWN,DOWN,1,1,0,46,-1.88,MOVE,0
5,4,1,1,0,46,RIGHT,UP,0,1,0,45,0.11,MOVE,0
5,5,0,1,0,45,UP,LEFT,0,0,0,44,-1.88,MOVE,0
5,6,0,0,0,44,UP,UP,0,0,0,43,-4.88,WALL_HIT,0
5,7,0,0,0,43,UP,LEFT,0,0,0,42,-4.88,WALL_HIT,0
5,8,0,0,0,42,UP,UP,0,0,0,41,-4.88,WALL_HIT,0
5,9,0,0,0,41,LEFT,LEFT,0,0,0,40,-4.88,WALL_HIT,0
5,10,0,0,0,40,DOWN,DOWN,1,0,0,39,-1.87,MOVE,0
5,11,1,0,0,39,UP,UP,0,0,0,38,0.12,MOVE,0
5,12,0,0,0,38,LEFT,UP,0,0,0,37,-4.88,WALL_HIT,0
5,13,0,0,0,37,RIGHT,UP,0,0,0,36,-4.88,WALL_HIT,0
5,14,0,0,0,36,DOWN,DOWN,1,0,0,35,-1.87,MOVE,0
5,15,1,0,0,35,LEFT,DOWN,2,0,0,34,0.12,MOVE,0
5,16,2,0,0,34,RIGHT,RIGHT,2,1,0,33,0.11,MOVE,0
5,17,2,1,0,33,LEFT,LEFT,2,0,0,32,-1.88,MOVE,0
5,18,2,0,0,32,RIGHT,RIGHT,2,1,0,31,0.11,MOVE,0
5,19,2,1,0,31,RIGHT,RIGHT,2,2,0,30,0.1,MOVE,0
5,20,2,2,0,30,UP,UP,2,2,0,29,-4.9,WALL_HIT,0
5,21,2,2,0,29,LEFT,LEFT,2,1,0,28,-1.89,MOVE,0
5,22,2,1,0,28,RIGHT,DOWN,3,1,0,27,-1.88,MOVE,0
5,23,3,1,0,27,DOWN,DOWN,3,1,0,26,-4.88,WALL_HIT,0
5,24,3,1,0,26,RIGHT,RIGHT,3,2,0,25,0.11,MOVE,0
5,25,3,2,0,25,RIGHT,RIGHT,3,3,0,24,0.1,MOVE,0
5,26,3,3,0,24,UP,UP,2,3,0,23,0.09,MOVE,0
5,27,2,3,0,23,RIGHT,RIGHT,2,3,0,22,-4.91,WALL_HIT,0
5,28,2,3,0,22,UP,UP,1,3,0,21,0.08,MOVE,0
5,29,1,3,0,21,LEFT,LEFT,1,3,0,20,-4.92,WALL_HIT,0
5,30,1,3,0,20,DOWN,DOWN,2,3,0,19,-1.91,MOVE,0
5,31,2,3,0,19,LEFT,UP,1,3,0,18,0.08,MOVE,0
5,32,1,3,0,18,RIGHT,RIGHT,1,4,0,17,0.07,MOVE,0
5,33,1,4,0,17,LEFT,LEFT,1,3,0,16,-1.92,MOVE,0
5,34,1,3,0,16,DOWN,DOWN,2,3,0,15,-1.91,MOVE,0
5,35,2,3,0,15,LEFT,LEFT,2,2,0,14,-1.9,MOVE,0
5,36,2,2,0,14,LEFT,LEFT,2,1,0,13,-1.89,MOVE,0
5,37,2,1,0,13,UP,UP,1,1,0,12,-1.88,MOVE,0
5,38,1,1,0,12,LEFT,LEFT,1,0,0,11,-1.87,MOVE,0
5,39,1,0,0,11,LEFT,LEFT,1,0,0,10,-4.87,WALL_HIT,0
5,40,1,0,0,10,LEFT,LEFT,1,0,0,9,-4.87,WALL_HIT,0
5,41,1,0,0,9,UP,UP,0,0,0,8,0.12,MOVE,0
5,42,0,0,0,8,RIGHT,RIGHT,0,1,0,7,0.11,MOVE,0
5,43,0,1,0,7,RIGHT,RIGHT,0,2,0,6,0.1,MOVE,0
5,44,0,2,0,6,LEFT,LEFT,0,1,0,5,-1.89,MOVE,0
5,45,0,1,0,5,RIGHT,RIGHT,0,2,0,4,0.1,MOVE,0
5,46,0,2,0,4,DOWN,DOWN,0,2,0,3,-4.9,WALL_HIT,0
5,47,0,2,0,3,UP,UP,0,2,0,2,-4.9,WALL_HIT,0
5,48,0,2,0,2,UP,UP,0,2,0,1,-4.9,WALL_HIT,0
5,49,0,2,0,1,LEFT,UP,0,2,0,0,-15.0,ENERGY_DEPLETED,1
6,0,0,0,0,50,LEFT,LEFT,0,0,0,49,-4.88,WALL_HIT,0
6,1,0,0,0,49,RIGHT,RIGHT,0,1,0,48,0.11,MOVE,0
6,2,0,1,0,48,DOWN,DOWN,1,1,0,47,-1.88,MOVE,0
6,3,1,1,0,47,LEFT,DOWN,2,1,0,46,0.11,MOVE,0
6,4,2,1,0,46,UP,UP,1,1,0,45,-1.88,MOVE,0
6,5,1,1,0,45,DOWN,DOWN,2,1,0,44,0.11,MOVE,0
6,6,2,1,0,44,LEFT,LEFT,2,0,0,43,-1.88,MOVE,0
6,7,2,0,0,43,DOWN,DOWN,2,0,0,42,-4.88,WALL_HIT,0
6,8,2,0,0,42,DOWN,DOWN,2,0,0,41,-4.88,WALL_HIT,0
6,9,2,0,0,41,DOWN,LEFT,2,0,0,40,-4.88,WALL_HIT,0
6,10,2,0,0,40,LEFT,UP,1,0,0,39,-1.87,MOVE,0
6,11,1,0,0,39,RIGHT,RIGHT,1,1,0,38,0.12,MOVE,0
6,12,1,1,0,38,LEFT,LEFT,1,0,0,37,-1.87,MOVE,0
6,13,1,0,0,37,DOWN,DOWN,2,0,0,36,0.12,MOVE,0
6,14,2,0,0,36,DOWN,DOWN,2,0,0,35,-4.88,WALL_HIT,0
6,15,2,0,0,35,RIGHT,RIGHT,2,1,0,34,0.11,MOVE,0
6,16,2,1,0,34,RIGHT,RIGHT,2,2,0,33,0.1,MOVE,0
6,17,2,2,0,33,UP,UP,2,2,0,32,-4.9,WALL_HIT,0
6,18,2,2,0,32,RIGHT,RIGHT,2,3,0,31,0.09,MOVE,0
6,19,2,3,0,31,LEFT,UP,1,3,0,30,0.08,MOVE,0
6,20,1,3,0,30,LEFT,UP,0,3,0,29,-1.91,MOVE,0
6,21,0,3,0,29,DOWN,DOWN,1,3,0,28,0.08,MOVE,0
6,22,1,3,0,28,UP,UP,0,3,0,27,-1.91,MOVE,0
6,23,0,3,0,27,UP,UP,0,3,0,26,-4.91,WALL_HIT,0
6,24,0,3,0,26,RIGHT,RIGHT,0,3,0,25,-4.91,WALL_HIT,0
6,25,0,3,0,25,DOWN,DOWN,1,3,0,24,0.08,MOVE,0
6,26,1,3,0,24,UP,UP,0,3,0,23,-1.91,MOVE,0
6,27,0,3,0,23,LEFT,LEFT,0,2,0,22,-1.9,MOVE,0
6,28,0,2,0,22,LEFT,LEFT,0,1,0,21,-1.89,MOVE,0
6,29,0,1,0,21,UP,UP,0,1,0,20,-4.89,WALL_HIT,0
6,30,0,1,0,20,DOWN,DOWN,1,1,0,19,-1.88,MOVE,0
6,31,1,1,0,19,DOWN,DOWN,2,1,0,18,0.11,MOVE,0
6,32,2,1,0,18,UP,UP,1,1,0,17,-1.88,MOVE,0
6,33,1,1,0,17,DOWN,DOWN,2,1,0,16,0.11,MOVE,0
6,34,2,1,0,16,UP,UP,1,1,0,15,-1.88,MOVE,0
6,35,1,1,0,15,DOWN,DOWN,2,1,0,14,0.11,MOVE,0
6,36,2,1,0,14,RIGHT,RIGHT,2,2,0,13,0.1,MOVE,0
6,37,2,2,0,13,LEFT,LEFT,2,1,0,12,-1.89,MOVE,0
6,38,2,1,0,12,RIGHT,RIGHT,2,2,0,11,0.1,MOVE,0
6,39,2,2,0,11,DOWN,DOWN,3,2,0,10,-1.89,MOVE,0
6,40,3,2,0,10,DOWN,DOWN,4,2,0,9,-1.88,MOVE,0
6,41,4,2,0,9,LEFT,LEFT,4,2,0,8,-4.88,WALL_HIT,0
6,42,4,2,0,8,UP,UP,3,2,0,7,0.11,MOVE,0
6,43,3,2,0,7,LEFT,LEFT,3,1,0,6,-1.88,MOVE,0
6,44,3,1,0,6,UP,RIGHT,3,2,0,5,0.11,MOVE,0
6,45,3,2,0,5,RIGHT,DOWN,4,2,0,4,-1.88,MOVE,0
6,46,4,2,0,4,DOWN,DOWN,5,2,0,3,-1.87,MOVE,0
6,47,5,2,0,3,LEFT,LEFT,5,1,0,2,-1.86,MOVE,0
6,48,5,1,0,2,LEFT,LEFT,5,0,0,1,-1.85,MOVE,0
6,49,5,0,0,1,LEFT,LEFT,5,0,0,0,-10.0,ENERGY_DEPLETED,1
7,0,0,0,0,50,DOWN,LEFT,0,0,0,49,-4.88,WALL_HIT,0
7,1,0,0,0,49,DOWN,DOWN,1,0,0,48,-1.87,MOVE,0
7,2,1,0,0,48,RIGHT,UP,0,0,0,47,0.12,MOVE,0
7,3,0,0,0,47,RIGHT,RIGHT,0,1,0,46,0.11,MOVE,0
7,4,0,1,0,46,UP,UP,0,1,0,45,-4.89,WALL_HIT,0
7,5,0,1,0,45,DOWN,DOWN,1,1,0,44,-1.88,MOVE,0
7,6,1,1,0,44,LEFT,LEFT,1,0,0,43,-1.87,MOVE,0
7,7,1,0,0,43,RIGHT,RIGHT,1,1,0,42,0.12,MOVE,0
7,8,1,1,0,42,DOWN,DOWN,2,1,0,41,0.11,MOVE,0
7,9,2,1,0,41,DOWN,DOWN,3,1,0,40,-1.88,MOVE,0
7,10,3,1,0,40,UP,UP,2,1,0,39,0.11,MOVE,0
7,11,2,1,0,39,UP,UP,1,1,0,38,-1.88,MOVE,0
7,12,1,1,0,38,DOWN,DOWN,2,1,0,37,0.11,MOVE,0
7,13,2,1,0,37,LEFT,LEFT,2,0,0,36,-1.88,MOVE,0
7,14,2,0,0,36,UP,UP,1,0,0,35,-1.87,MOVE,0
7,15,1,0,0,35,LEFT,LEFT,1,0,0,34,-4.87,WALL_HIT,0
7,16,1,0,0,34,LEFT,LEFT,1,0,0,33,-4.87,WALL_HIT,0
7,17,1,0,0,33,UP,RIGHT,1,1,0,32,0.12,MOVE,0
7,18,1,1,0,32,UP,UP,0,1,0,31,0.11,MOVE,0
7,19,0,1,0,31,LEFT,LEFT,0,0,0,30,-1.88,MOVE,0
7,20,0,0,0,30,LEFT,LEFT,0,0,0,29,-4.88,WALL_HIT,0
7,21,0,0,0,29,DOWN,DOWN,1,0,0,28,-1.87,MOVE,0
7,22,1,0,0,28,UP,UP,0,0,0,27,0.12,MOVE,0
7,23,0,0,0,27,LEFT,DOWN,1,0,0,26,-1.87,MOVE,0
7,24,1,0,0,26,DOWN,DOWN,2,0,0,25,0.12,MOVE,0
7,25,2,0,0,25,DOWN,DOWN,2,0,0,24,-4.88,WALL_HIT,0
7,26,2,0,0,24,RIGHT,RIGHT,2,1,0,23,0.11,MOVE,0
7,27,2,1,0,23,LEFT,LEFT,2,0,0,22,-1.88,MOVE,0
7,28,2,0,0,22,RIGHT,RIGHT,2,1,0,21,0.11,MOVE,0
7,29,2,1,0,21,DOWN,DOWN,3,1,0,20,-1.88,MOVE,0
7,30,3,1,0,20,LEFT,UP,2,1,0,19,0.11,MOVE,0
7,31,2,1,0,19,RIGHT,DOWN,3,1,0,18,-1.88,MOVE,0
7,32,3,1,0,18,DOWN,DOWN,3,1,0,17,-4.88,WALL_HIT,0
7,33,3,1,0,17,RIGHT,RIGHT,3,2,0,16,0.11,MOVE,0
7,34,3,2,0,16,LEFT,DOWN,4,2,0,15,-1.88,MOVE,0
7,35,4,2,0,15,LEFT,LEFT,4,2,0,14,-4.88,WALL_HIT,0
7,36,4,2,0,14,UP,UP,3,2,0,13,0.11,MOVE,0
7,37,3,2,0,13,DOWN,DOWN,4,2,0,12,-1.88,MOVE,0
7,38,4,2,0,12,LEFT,LEFT,4,2,0,11,-4.88,WALL_HIT,0
7,39,4,2,0,11,LEFT,LEFT,4,2,0,10,-4.88,WALL_HIT,0
7,40,4,2,0,10,LEFT,LEFT,4,2,0,9,-4.88,WALL_HIT,0
7,41,4,2,0,9,LEFT,LEFT,4,2,0,8,-4.88,WALL_HIT,0
7,42,4,2,0,8,DOWN,LEFT,4,2,0,7,-4.88,WALL_HIT,0
7,43,4,2,0,7,RIGHT,RIGHT,4,3,0,6,0.11,MOVE,0
7,44,4,3,0,6,RIGHT,RIGHT,4,4,0,5,0.1,MOVE,0
7,45,4,4,0,5,LEFT,LEFT,4,3,0,4,-1.89,MOVE,0
7,46,4,3,0,4,DOWN,DOWN,5,3,0,3,-1.88,MOVE,0
7,47,5,3,0,3,UP,UP,4,3,0,2,0.11,MOVE,0
7,48,4,3,0,2,LEFT,DOWN,5,3,0,1,-1.88,MOVE,0
7,49,5,3,0,1,UP,UP,4,3,0,0,-9.0,ENERGY_DEPLETED,1
8,0,0,0,0,50,RIGHT,RIGHT,0,1,0,49,0.11,MOVE,0
8,1,0,1,0,49,RIGHT,RIGHT,0,2,0,48,0.1,MOVE,0
8,2,0,2,0,48,UP,LEFT,0,1,0,47,-1.89,MOVE,0
8,3,0,1,0,47,DOWN,DOWN,1,1,0,46,-1.88,MOVE,0
8,4,1,1,0,46,RIGHT,RIGHT,1,1,0,45,-4.88,WALL_HIT,0
8,5,1,1,0,45,UP,UP,0,1,0,44,0.11,MOVE,0
8,6,0,1,0,44,RIGHT,RIGHT,0,2,0,43,0.1,MOVE,0
8,7,0,2,0,43,LEFT,LEFT,0,1,0,42,-1.89,MOVE,0
8,8,0,1,0,42,RIGHT,RIGHT,0,2,0,41,0.1,MOVE,0
8,9,0,2,0,41,RIGHT,UP,0,2,0,40,-4.9,WALL_HIT,0
8,10,0,2,0,40,UP,UP,0,2,0,39,-4.9,WALL_HIT,0
8,11,0,2,0,39,UP,UP,0,2,0,38,-4.9,WALL_HIT,0
8,12,0,2,0,38,UP,UP,0,2,0,37,-4.9,WALL_HIT,0
8,13,0,2,0,37,LEFT,DOWN,0,2,0,36,-4.9,WALL_HIT,0
8,14,0,2,0,36,UP,UP,0,2,0,35,-4.9,WALL_HIT,0
8,15,0,2,0,35,DOWN,LEFT,0,1,0,34,-1.89,MOVE,0
8,16,0,1,0,34,UP,UP,0,1,0,33,-4.89,WALL_HIT,0
8,17,0,1,0,33,RIGHT,RIGHT,0,2,0,32,0.1,MOVE,0
8,18,0,2,0,32,LEFT,LEFT,0,1,0,31,-1.89,MOVE,0
8,19,0,1,0,31,UP,LEFT,0,0,0,30,-1.88,MOVE,0
8,20,0,0,0,30,RIGHT,RIGHT,0,1,0,29,0.11,MOVE,0
8,21,0,1,0,29,RIGHT,RIGHT,0,2,0,28,0.1,MOVE,0
8,22,0,2,0,28,DOWN,LEFT,0,1,0,27,-1.89,MOVE,0
8,23,0,1,0,27,RIGHT,RIGHT,0,2,0,26,0.1,MOVE,0
8,24,0,2,0,26,RIGHT,RIGHT,0,3,0,25,0.09,MOVE,0
8,25,0,3,0,25,UP,UP,0,3,0,24,-4.91,WALL_HIT,0
8,26,0,3,0,24,RIGHT,RIGHT,0,3,0,23,-4.91,WALL_HIT,0
8,27,0,3,0,23,DOWN,DOWN,1,3,0,22,0.08,MOVE,0
8,28,1,3,0,22,LEFT,LEFT,1,3,0,21,-4.92,WALL_HIT,0
8,29,1,3,0,21,DOWN,DOWN,2,3,0,20,-1.91,MOVE,0
8,30,2,3,0,20,LEFT,LEFT,2,2,0,19,-1.9,MOVE,0
8,31,2,2,0,19,UP,UP,2,2,0,18,-4.9,WALL_HIT,0
8,32,2,2,0,18,UP,UP,2,2,0,17,-4.9,WALL_HIT,0
8,33,2,2,0,17,LEFT,UP,2,2,0,16,-4.9,WALL_HIT,0
8,34,2,2,0,16,DOWN,DOWN,3,2,0,15,-1.89,MOVE,0
8,35,3,2,0,15,LEFT,LEFT,3,1,0,14,-1.88,MOVE,0
8,36,3,1,0,14,LEFT,LEFT,3,1,0,13,-4.88,WALL_HIT,0
8,37,3,1,0,13,DOWN,DOWN,3,1,0,12,-4.88,WALL_HIT,0
8,38,3,1,0,12,UP,UP,2,1,0,11,0.11,MOVE,0
8,39,2,1,0,11,RIGHT,RIGHT,2,2,0,10,0.1,MOVE,0
8,40,2,2,0,10,DOWN,DOWN,3,2,0,9,-1.89,MOVE,0
8,41,3,2,0,9,DOWN,DOWN,4,2,0,8,-1.88,MOVE,0
8,42,4,2,0,8,LEFT,LEFT,4,2,0,7,-4.88,WALL_HIT,0
8,43,4,2,0,7,LEFT,LEFT,4,2,0,6,-4.88,WALL_HIT,0
8,44,4,2,0,6,DOWN,RIGHT,4,3,0,5,0.11,MOVE,0
8,45,4,3,0,5,DOWN,DOWN,5,3,0,4,-1.88,MOVE,0
8,46,5,3,0,4,UP,UP,4,3,0,3,0.11,MOVE,0
8,47,4,3,0,3,DOWN,DOWN,5,3,0,2,-1.88,MOVE,0
8,48,5,3,0,2,RIGHT,RIGHT,5,4,0,1,0.11,MOVE,0
8,49,5,4,0,1,UP,UP,4,4,0,0,-10.0,ENERGY_DEPLETED,1
9,0,0,0,0,50,UP,UP,0,0,0,49,-4.88,WALL_HIT,0
9,1,0,0,0,49,LEFT,LEFT,0,0,0,48,-4.88,WALL_HIT,0
9,2,0,0,0,48,RIGHT,UP,0,0,0,47,-4.88,WALL_HIT,0
9,3,0,0,0,47,LEFT,LEFT,0,0,0,46,-4.88,WALL_HIT,0
9,4,0,0,0,46,UP,UP,0,0,0,45,-4.88,WALL_HIT,0
9,5,0,0,0,45,LEFT,UP,0,0,0,44,-4.88,WALL_HIT,0
9,6,0,0,0,44,UP,UP,0,0,0,43,-4.88,WALL_HIT,0
9,7,0,0,0,43,UP,UP,0,0,0,42,-4.88,WALL_HIT,0
9,8,0,0,0,42,DOWN,LEFT,0,0,0,41,-4.88,WALL_HIT,0
9,9,0,0,0,41,UP,LEFT,0,0,0,40,-4.88,WALL_HIT,0
9,10,0,0,0,40,RIGHT,UP,0,0,0,39,-4.88,WALL_HIT,0
9,11,0,0,0,39,LEFT,LEFT,0,0,0,38,-4.88,WALL_HIT,0
9,12,0,0,0,38,UP,UP,0,0,0,37,-4.88,WALL_HIT,0
9,13,0,0,0,37,RIGHT,RIGHT,0,1,0,36,0.11,MOVE,0
9,14,0,1,0,36,LEFT,DOWN,1,1,0,35,-1.88,MOVE,0
9,15,1,1,0,35,UP,UP,0,1,0,34,0.11,MOVE,0
9,16,0,1,0,34,UP,UP,0,1,0,33,-4.89,WALL_HIT,0
9,17,0,1,0,33,UP,UP,0,1,0,32,-4.89,WALL_HIT,0
9,18,0,1,0,32,UP,UP,0,1,0,31,-4.89,WALL_HIT,0
9,19,0,1,0,31,LEFT,LEFT,0,0,0,30,-1.88,MOVE,0
9,20,0,0,0,30,UP,UP,0,0,0,29,-4.88,WALL_HIT,0
9,21,0,0,0,29,DOWN,DOWN,1,0,0,28,-1.87,MOVE,0
9,22,1,0,0,28,UP,UP,0,0,0,27,0.12,MOVE,0
9,23,0,0,0,27,DOWN,DOWN,1,0,0,26,-1.87,MOVE,0
9,24,1,0,0,26,LEFT,LEFT,1,0,0,25,-4.87,WALL_HIT,0
9,25,1,0,0,25,UP,UP,0,0,0,24,0.12,MOVE,0
9,26,0,0,0,24,DOWN,RIGHT,0,1,0,23,0.11,MOVE,0
9,27,0,1,0,23,RIGHT,DOWN,1,1,0,22,-1.88,MOVE,0
9,28,1,1,0,22,UP,UP,0,1,0,21,0.11,MOVE,0
9,29,0,1,0,21,RIGHT,RIGHT,0,2,0,20,0.1,MOVE,0
9,30,0,2,0,20,UP,RIGHT,0,3,0,19,0.09,MOVE,0
9,31,0,3,0,19,UP,UP,0,3,0,18,-4.91,WALL_HIT,0
9,32,0,3,0,18,UP,UP,0,3,0,17,-4.91,WALL_HIT,0
9,33,0,3,0,17,LEFT,LEFT,0,2,0,16,-1.9,MOVE,0
9,34,0,2,0,16,RIGHT,RIGHT,0,3,0,15,0.09,MOVE,0
9,35,0,3,0,15,UP,UP,0,3,0,14,-4.91,WALL_HIT,0
9,36,0,3,0,14,UP,UP,0,3,0,13,-4.91,WALL_HIT,0
9,37,0,3,0,13,UP,UP,0,3,0,12,-4.91,WALL_HIT,0
9,38,0,3,0,12,DOWN,DOWN,1,3,0,11,0.08,MOVE,0
9,39,1,3,0,11,DOWN,DOWN,2,3,0,10,-1.91,MOVE,0
9,40,2,3,0,10,DOWN,DOWN,3,3,0,9,-1.9,MOVE,0
9,41,3,3,0,9,DOWN,DOWN,4,3,0,8,-1.89,MOVE,0
9,42,4,3,0,8,UP,UP,3,3,0,7,0.1,MOVE,0
9,43,3,3,0,7,UP,UP,2,3,0,6,0.09,MOVE,0
9,44,2,3,0,6,UP,UP,1,3,0,5,0.08,MOVE,0
9,45,1,3,0,5,LEFT,LEFT,1,3,0,4,-4.92,WALL_HIT,0
9,46,1,3,0,4,LEFT,LEFT,1,3,0,3,-4.92,WALL_HIT,0
9,47,1,3,0,3,RIGHT,RIGHT,1,4,0,2,0.07,MOVE,0
9,48,1,4,0,2,LEFT,LEFT,1,3,0,1,-1.92,MOVE,0
9,49,1,3,0,1,UP,UP,0,3,0,0,-13.0,ENERGY_DEPLETED,1
10000,0,0,0,0,50,RIGHT,RIGHT,0,1,0,49,0.11,MOVE,0
10000,1,0,1,0,49,UP,UP,0,1,0,48,-4.89,WALL_HIT,0
10000,2,0,1,0,48,UP,UP,0,1,0,47,-4.89,WALL_HIT,0
10000,3,0,1,0,47,UP,UP,0,1,0,46,-4.89,WALL_HIT,0
10000,4,0,1,0,46,DOWN,DOWN,1,1,0,45,-1.88,MOVE,0
10000,5,1,1,0,45,RIGHT,RIGHT,1,1,0,44,-4.88,WALL_HIT,0
10000,6,1,1,0,44,LEFT,LEFT,1,0,0,43,-1.87,MOVE,0
10000,7,1,0,0,43,RIGHT,DOWN,2,0,0,42,0.12,MOVE,0
10000,8,2,0,0,42,LEFT,UP,1,0,0,41,-1.87,MOVE,0
10000,9,1,0,0,41,UP,UP,0,0,0,40,0.12,MOVE,0
10000,10,0,0,0,40,LEFT,LEFT,0,0,0,39,-4.88,WALL_HIT,0
10000,11,0,0,0,39,DOWN,DOWN,1,0,0,38,-1.87,MOVE,0
10000,12,1,0,0,38,RIGHT,RIGHT,1,1,0,37,0.12,MOVE,0
10000,13,1,1,0,37,RIGHT,RIGHT,1,1,0,36,-4.88,WALL_HIT,0
10000,14,1,1,0,36,RIGHT,RIGHT,1,1,0,35,-4.88,WALL_HIT,0
10000,15,1,1,0,35,RIGHT,RIGHT,1,1,0,34,-4.88,WALL_HIT,0
10000,16,1,1,0,34,RIGHT,RIGHT,1,1,0,33,-4.88,WALL_HIT,0
10000,17,1,1,0,33,RIGHT,RIGHT,1,1,0,32,-4.88,WALL_HIT,0
10000,18,1,1,0,32,UP,UP,0,1,0,31,0.11,MOVE,0
10000,19,0,1,0,31,LEFT,DOWN,1,1,0,30,-1.88,MOVE,0
10000,20,1,1,0,30,UP,UP,0,1,0,29,0.11,MOVE,0
10000,21,0,1,0,29,RIGHT,RIGHT,0,2,0,28,0.1,MOVE,0
10000,22,0,2,0,28,UP,UP,0,2,0,27,-4.9,WALL_HIT,0
10000,23,0,2,0,27,RIGHT,RIGHT,0,3,0,26,0.09,MOVE,0
10000,24,0,3,0,26,DOWN,DOWN,1,3,0,25,0.08,MOVE,0
10000,25,1,3,0,25,RIGHT,RIGHT,1,4,0,24,0.07,MOVE,0
10000,26,1,4,0,24,DOWN,RIGHT,1,5,0,23,0.06,MOVE,0
10000,27,1,5,0,23,RIGHT,RIGHT,1,6,0,22,0.05,MOVE,0
10000,28,1,6,0,22,LEFT,LEFT,1,5,0,21,-1.94,MOVE,0
10000,29,1,5,0,21,RIGHT,RIGHT,1,6,0,20,0.05,MOVE,0
10000,30,1,6,0,20,UP,RIGHT,1,7,0,19,0.04,MOVE,0
10000,31,1,7,0,19,RIGHT,RIGHT,1,8,0,18,0.03,MOVE,0
10000,32,1,8,0,18,UP,LEFT,1,7,0,17,-1.96,MOVE,0
10000,33,1,7,0,17,RIGHT,UP,0,7,0,16,0.03,MOVE,0
10000,34,0,7,0,16,RIGHT,RIGHT,0,8,0,15,0.02,MOVE,0
10000,35,0,8,0,15,LEFT,LEFT,0,7,0,14,-1.97,MOVE,0
10000,36,0,7,0,14,RIGHT,DOWN,1,7,0,13,-1.96,MOVE,0
10000,37,1,7,0,13,LEFT,LEFT,1,6,0,12,-1.95,MOVE,0
10000,38,1,6,0,12,UP,UP,0,6,0,11,0.04,MOVE,0
10000,39,0,6,0,11,RIGHT,RIGHT,0,7,0,10,0.03,MOVE,0
10000,40,0,7,0,10,DOWN,DOWN,1,7,0,9,-1.96,MOVE,0
10000,41,1,7,0,9,DOWN,DOWN,2,7,0,8,-1.95,MOVE,0
10000,42,2,7,0,8,UP,UP,1,7,0,7,0.04,MOVE,0
10000,43,1,7,0,7,LEFT,UP,0,7,0,6,0.03,MOVE,0
10000,44,0,7,0,6,DOWN,DOWN,1,7,0,5,-1.96,MOVE,0
10000,45,1,7,0,5,UP,UP,0,7,0,4,0.03,MOVE,0
10000,46,0,7,0,4,LEFT,LEFT,0,6,0,3,-1.96,MOVE,0
10000,47,0,6,0,3,LEFT,LEFT,0,5,0,2,-1.95,MOVE,0
10000,48,0,5,0,2,RIGHT,RIGHT,0,6,0,1,0.04,MOVE,0
10000,49,0,6,0,1,RIGHT,DOWN,1,6,0,0,-17.0,ENERGY_DEPLETED,1
20000,0,0,0,0,50,DOWN,DOWN,1,0,0,49,-1.87,MOVE,0
20000,1,1,0,0,49,RIGHT,RIGHT,1,1,0,48,0.12,MOVE,0
20000,2,1,1,0,48,RIGHT,RIGHT,1,1,0,47,-4.88,WALL_HIT,0
20000,3,1,1,0,47,LEFT,LEFT,1,0,0,46,-1.87,MOVE,0
20000,4,1,0,0,46,RIGHT,RIGHT,1,1,0,45,0.12,MOVE,0
20000,5,1,1,0,45,LEFT,LEFT,1,0,0,44,-1.87,MOVE,0
20000,6,1,0,0,44,DOWN,DOWN,2,0,0,43,0.12,MOVE,0
20000,7,2,0,0,43,UP,UP,1,0,0,42,-1.87,MOVE,0
20000,8,1,0,0,42,UP,UP,0,0,0,41,0.12,MOVE,0
20000,9,0,0,0,41,RIGHT,RIGHT,0,1,0,40,0.11,MOVE,0
20000,10,0,1,0,40,LEFT,LEFT,0,0,0,39,-1.88,MOVE,0
20000,11,0,0,0,39,DOWN,DOWN,1,0,0,38,-1.87,MOVE,0
20000,12,1,0,0,38,RIGHT,RIGHT,1,1,0,37,0.12,MOVE,0
20000,13,1,1,0,37,DOWN,LEFT,1,0,0,36,-1.87,MOVE,0
20000,14,1,0,0,36,DOWN,DOWN,2,0,0,35,0.12,MOVE,0
20000,15,2,0,0,35,LEFT,LEFT,2,0,0,34,-4.88,WALL_HIT,0
20000,16,2,0,0,34,RIGHT,RIGHT,2,1,0,33,0.11,MOVE,0
20000,17,2,1,0,33,RIGHT,RIGHT,2,2,0,32,0.1,MOVE,0
20000,18,2,2,0,32,DOWN,DOWN,3,2,0,31,-1.89,MOVE,0
20000,19,3,2,0,31,RIGHT,RIGHT,3,3,0,30,0.1,MOVE,0
20000,20,3,3,0,30,UP,UP,2,3,0,29,0.09,MOVE,0
20000,21,2,3,0,29,LEFT,LEFT,2,2,0,28,-1.9,MOVE,0
20000,22,2,2,0,28,LEFT,LEFT,2,1,0,27,-1.89,MOVE,0
20000,23,2,1,0,27,RIGHT,DOWN,3,1,0,26,-1.88,MOVE,0
20000,24,3,1,0,26,UP,UP,2,1,0,25,0.11,MOVE,0
20000,25,2,1,0,25,RIGHT,DOWN,3,1,0,24,-1.88,MOVE,0
20000,26,3,1,0,24,RIGHT,RIGHT,3,2,0,23,0.11,MOVE,0
20000,27,3,2,0,23,RIGHT,UP,2,2,0,22,0.1,MOVE,0
20000,28,2,2,0,22,UP,UP,2,2,0,21,-4.9,WALL_HIT,0
20000,29,2,2,0,21,LEFT,LEFT,2,1,0,20,-1.89,MOVE,0
20000,30,2,1,0,20,RIGHT,RIGHT,2,2,0,19,0.1,MOVE,0
20000,31,2,2,0,19,RIGHT,RIGHT,2,3,0,18,0.09,MOVE,0
20000,32,2,3,0,18,RIGHT,RIGHT,2,3,0,17,-4.91,WALL_HIT,0
20000,33,2,3,0,17,RIGHT,RIGHT,2,3,0,16,-4.91,WALL_HIT,0
20000,34,2,3,0,16,LEFT,LEFT,2,2,0,15,-1.9,MOVE,0
20000,35,2,2,0,15,LEFT,LEFT,2,1,0,14,-1.89,MOVE,0
20000,36,2,1,0,14,DOWN,DOWN,3,1,0,13,-1.88,MOVE,0
20000,37,3,1,0,13,RIGHT,RIGHT,3,2,0,12,0.11,MOVE,0
20000,38,3,2,0,12,LEFT,LEFT,3,1,0,11,-1.88,MOVE,0
20000,39,3,1,0,11,LEFT,LEFT,3,1,0,10,-4.88,WALL_HIT,0
20000,40,3,1,0,10,RIGHT,RIGHT,3,2,0,9,0.11,MOVE,0
20000,41,3,2,0,9,RIGHT,RIGHT,3,3,0,8,0.1,MOVE,0
20000,42,3,3,0,8,DOWN,RIGHT,3,3,0,7,-4.9,WALL_HIT,0
20000,43,3,3,0,7,UP,UP,2,3,0,6,0.09,MOVE,0
20000,44,2,3,0,6,UP,UP,1,3,0,5,0.08,MOVE,0
20000,45,1,3,0,5,UP,UP,0,3,0,4,-1.91,MOVE,0
20000,46,0,3,0,4,DOWN,RIGHT,0,3,0,3,-4.91,WALL_HIT,0
20000,47,0,3,0,3,LEFT,LEFT,0,2,0,2,-1.9,MOVE,0
20000,48,0,2,0,2,LEFT,LEFT,0,1,0,1,-1.89,MOVE,0
20000,49,0,1,0,1,DOWN,DOWN,1,1,0,0,-10.0,ENERGY_DEPLETED,1
30000,0,0,0,0,50,DOWN,LEFT,0,0,0,49,-4.88,WALL_HIT,0
30000,1,0,0,0,49,LEFT,LEFT,0,0,0,48,-4.88,WALL_HIT,0
30000,2,0,0,0,48,DOWN,DOWN,1,0,0,47,-1.87,MOVE,0
30000,3,1,0,0,47,RIGHT,RIGHT,1,1,0,46,0.12,MOVE,0
30000,4,1,1,0,46,LEFT,LEFT,1,0,0,45,-1.87,MOVE,0
30000,5,1,0,0,45,RIGHT,RIGHT,1,1,0,44,0.12,MOVE,0
30000,6,1,1,0,44,UP,RIGHT,1,1,0,43,-4.88,WALL_HIT,0
30000,7,1,1,0,43,UP,LEFT,1,0,0,42,-1.87,MOVE,0
30000,8,1,0,0,42,UP,UP,0,0,0,41,0.12,MOVE,0
30000,9,0,0,0,41,RIGHT,DOWN,1,0,0,40,-1.87,MOVE,0
30000,10,1,0,0,40,RIGHT,RIGHT,1,1,0,39,0.12,MOVE,0
30000,11,1,1,0,39,RIGHT,RIGHT,1,1,0,38,-4.88,WALL_HIT,0
30000,12,1,1,0,38,UP,LEFT,1,0,0,37,-1.87,MOVE,0
30000,13,1,0,0,37,DOWN,DOWN,2,0,0,36,0.12,MOVE,0
30000,14,2,0,0,36,RIGHT,RIGHT,2,1,0,35,0.11,MOVE,0
30000,15,2,1,0,35,RIGHT,RIGHT,2,2,0,34,0.1,MOVE,0
30000,16,2,2,0,34,RIGHT,RIGHT,2,3,0,33,0.09,MOVE,0
30000,17,2,3,0,33,RIGHT,DOWN,3,3,0,32,-1.9,MOVE,0
30000,18,3,3,0,32,UP,UP,2,3,0,31,0.09,MOVE,0
30000,19,2,3,0,31,RIGHT,RIGHT,2,3,0,30,-4.91,WALL_HIT,0
30000,20,2,3,0,30,LEFT,LEFT,2,2,0,29,-1.9,MOVE,0
30000,21,2,2,0,29,RIGHT,RIGHT,2,3,0,28,0.09,MOVE,0
30000,22,2,3,0,28,RIGHT,DOWN,3,3,0,27,-1.9,MOVE,0
30000,23,3,3,0,27,UP,UP,2,3,0,26,0.09,MOVE,0
30000,24,2,3,0,26,UP,UP,1,3,0,25,0.08,MOVE,0
30000,25,1,3,0,25,RIGHT,RIGHT,1,4,0,24,0.07,MOVE,0
30000,26,1,4,0,24,RIGHT,UP,1,4,0,23,-4.93,WALL_HIT,0
30000,27,1,4,0,23,LEFT,LEFT,1,3,0,22,-1.92,MOVE,0
30000,28,1,3,0,22,LEFT,LEFT,1,3,0,21,-4.92,WALL_HIT,0
30000,29,1,3,0,21,RIGHT,RIGHT,1,4,0,20,0.07,MOVE,0
30000,30,1,4,0,20,RIGHT,RIGHT,1,5,0,19,0.06,MOVE,0
30000,31,1,5,0,19,UP,UP,0,5,0,18,0.05,MOVE,0
30000,32,0,5,0,18,LEFT,LEFT,0,5,0,17,-4.95,WALL_HIT,0
30000,33,0,5,0,17,RIGHT,RIGHT,0,6,0,16,0.04,MOVE,0
30000,34,0,6,0,16,RIGHT,RIGHT,0,7,0,15,0.03,MOVE,0
30000,35,0,7,0,15,RIGHT,RIGHT,0,8,0,14,0.02,MOVE,0
30000,36,0,8,0,14,UP,UP,0,8,0,13,-4.98,WALL_HIT,0
30000,37,0,8,0,13,RIGHT,RIGHT,0,9,0,12,0.01,MOVE,0
30000,38,0,9,0,12,RIGHT,RIGHT,0,10,1,11,32.18,KEY_PICKUP,0
30000,39,0,10,1,11,LEFT,UP,0,10,1,10,-4.82,WALL_HIT,0
30000,40,0,10,1,10,DOWN,LEFT,0,9,1,9,-1.81,MOVE,0
30000,41,0,9,1,9,UP,UP,0,9,1,8,-4.81,WALL_HIT,0
30000,42,0,9,1,8,LEFT,LEFT,0,8,1,7,-1.8,MOVE,0
30000,43,0,8,1,7,DOWN,DOWN,1,8,1,6,0.19,MOVE,0
30000,44,1,8,1,6,LEFT,UP,0,8,1,5,-1.8,MOVE,0
30000,45,0,8,1,5,UP,LEFT,0,7,1,4,-1.79,MOVE,0
30000,46,0,7,1,4,DOWN,DOWN,1,7,1,3,0.2,MOVE,0
30000,47,1,7,1,3,RIGHT,RIGHT,1,8,1,2,0.19,MOVE,0
30000,48,1,8,1,2,LEFT,LEFT,1,7,1,1,-1.8,MOVE,0
30000,49,1,7,1,1,UP,LEFT,1,6,1,0,-1.0,ENERGY_DEPLETED,1
40000,0,0,0,0,50,RIGHT,RIGHT,0,1,0,49,0.11,MOVE,0
40000,1,0,1,0,49,RIGHT,RIGHT,0,2,0,48,0.1,MOVE,0
40000,2,0,2,0,48,LEFT,LEFT,0,1,0,47,-1.89,MOVE,0
40000,3,0,1,0,47,DOWN,DOWN,1,1,0,46,-1.88,MOVE,0
40000,4,1,1,0,46,LEFT,UP,0,1,0,45,0.11,MOVE,0
40000,5,0,1,0,45,RIGHT,RIGHT,0,2,0,44,0.1,MOVE,0
40000,6,0,2,0,44,LEFT,LEFT,0,1,0,43,-1.89,MOVE,0
40000,7,0,1,0,43,DOWN,LEFT,0,0,0,42,-1.88,MOVE,0
40000,8,0,0,0,42,RIGHT,RIGHT,0,1,0,41,0.11,MOVE,0
40000,9,0,1,0,41,RIGHT,RIGHT,0,2,0,40,0.1,MOVE,0
40000,10,0,2,0,40,RIGHT,RIGHT,0,3,0,39,0.09,MOVE,0
40000,11,0,3,0,39,UP,LEFT,0,2,0,38,-1.9,MOVE,0
40000,12,0,2,0,38,LEFT,LEFT,0,1,0,37,-1.89,MOVE,0
40000,13,0,1,0,37,RIGHT,RIGHT,0,2,0,36,0.1,MOVE,0
40000,14,0,2,0,36,RIGHT,RIGHT,0,3,0,35,0.09,MOVE,0
40000,15,0,3,0,35,UP,UP,0,3,0,34,-4.91,WALL_HIT,0
40000,16,0,3,0,34,DOWN,DOWN,1,3,0,33,0.08,MOVE,0
40000,17,1,3,0,33,RIGHT,RIGHT,1,4,0,32,0.07,MOVE,0
40000,18,1,4,0,32,RIGHT,RIGHT,1,5,0,31,0.06,MOVE,0
40000,19,1,5,0,31,RIGHT,UP,0,5,0,30,0.05,MOVE,0
40000,20,0,5,0,30,RIGHT,RIGHT,0,6,0,29,0.04,MOVE,0
40000,21,0,6,0,29,UP,LEFT,0,5,0,28,-1.95,MOVE,0
40000,22,0,5,0,28,RIGHT,RIGHT,0,6,0,27,0.04,MOVE,0
40000,23,0,6,0,27,LEFT,LEFT,0,5,0,26,-1.95,MOVE,0
40000,24,0,5,0,26,RIGHT,RIGHT,0,6,0,25,0.04,MOVE,0
40000,25,0,6,0,25,RIGHT,RIGHT,0,7,0,24,0.03,MOVE,0
40000,26,0,7,0,24,RIGHT,UP,0,7,0,23,-4.97,WALL_HIT,0
40000,27,0,7,0,23,RIGHT,RIGHT,0,8,0,22,0.02,MOVE,0
40000,28,0,8,0,22,DOWN,DOWN,1,8,0,21,-1.97,MOVE,0
40000,29,1,8,0,21,RIGHT,RIGHT,1,9,0,20,0.02,MOVE,0
40000,30,1,9,0,20,LEFT,LEFT,1,8,0,19,-1.97,MOVE,0
40000,31,1,8,0,19,UP,UP,0,8,0,18,0.02,MOVE,0
40000,32,0,8,0,18,LEFT,LEFT,0,7,0,17,-1.97,MOVE,0
40000,33,0,7,0,17,RIGHT,RIGHT,0,8,0,16,0.02,MOVE,0
40000,34,0,8,0,16,RIGHT,DOWN,1,8,0,15,-1.97,MOVE,0
40000,35,1,8,0,15,RIGHT,RIGHT,1,9,0,14,0.02,MOVE,0
40000,36,1,9,0,14,LEFT,UP,0,9,0,13,0.01,MOVE,0
40000,37,0,9,0,13,RIGHT,RIGHT,0,10,1,12,32.18,KEY_PICKUP,0
40000,38,0,10,1,12,DOWN,DOWN,1,10,1,11,0.17,MOVE,0
40000,39,1,10,1,11,DOWN,RIGHT,1,11,1,10,0.16,MOVE,0
40000,40,1,11,1,10,RIGHT,RIGHT,1,12,1,9,0.15,MOVE,0
40000,41,1,12,1,9,DOWN,DOWN,2,12,1,8,0.14,MOVE,0
40000,42,2,12,1,8,LEFT,DOWN,3,12,1,7,0.13,MOVE,0
40000,43,3,12,1,7,DOWN,RIGHT,3,13,1,6,0.12,MOVE,0
40000,44,3,13,1,6,DOWN,DOWN,4,13,1,5,0.11,MOVE,0
40000,45,4,13,1,5,DOWN,DOWN,5,13,1,4,0.1,MOVE,0
40000,46,5,13,1,4,UP,UP,4,13,1,3,-1.89,MOVE,0
40000,47,4,13,1,3,RIGHT,RIGHT,4,14,1,2,-1.88,MOVE,0
40000,48,4,14,1,2,DOWN,RIGHT,4,15,1,1,-1.87,MOVE,0
40000,49,4,15,1,1,LEFT,LEFT,4,14,1,0,-8.0,ENERGY_DEPLETED,1
50000,0,0,0,0,50,DOWN,RIGHT,0,1,0,49,0.11,MOVE,0
50000,1,0,1,0,49,DOWN,DOWN,1,1,0,48,-1.88,MOVE,0
50000,2,1,1,0,48,UP,UP,0,1,0,47,0.11,MOVE,0
50000,3,0,1,0,47,DOWN,LEFT,0,0,0,46,-1.88,MOVE,0
50000,4,0,0,0,46,RIGHT,RIGHT,0,1,0,45,0.11,MOVE,0
50000,5,0,1,0,45,DOWN,DOWN,1,1,0,44,-1.88,MOVE,0
50000,6,1,1,0,44,LEFT,LEFT,1,0,0,43,-1.87,MOVE,0
50000,7,1,0,0,43,UP,UP,0,0,0,42,0.12,MOVE,0
50000,8,0,0,0,42,RIGHT,RIGHT,0,1,0,41,0.11,MOVE,0
50000,9,0,1,0,41,RIGHT,DOWN,1,1,0,40,-1.88,MOVE,0
50000,10,1,1,0,40,UP,UP,0,1,0,39,0.11,MOVE,0
50000,11,0,1,0,39,RIGHT,RIGHT,0,2,0,38,0.1,MOVE,0
50000,12,0,2,0,38,RIGHT,RIGHT,0,3,0,37,0.09,MOVE,0
50000,13,0,3,0,37,RIGHT,RIGHT,0,3,0,36,-4.91,WALL_HIT,0
50000,14,0,3,0,36,DOWN,DOWN,1,3,0,35,0.08,MOVE,0
50000,15,1,3,0,35,RIGHT,RIGHT,1,4,0,34,0.07,MOVE,0
50000,16,1,4,0,34,RIGHT,DOWN,1,4,0,33,-4.93,WALL_HIT,0
50000,17,1,4,0,33,UP,UP,1,4,0,32,-4.93,WALL_HIT,0
50000,18,1,4,0,32,RIGHT,RIGHT,1,5,0,31,0.06,MOVE,0
50000,19,1,5,0,31,RIGHT,DOWN,1,5,0,30,-4.94,WALL_HIT,0
50000,20,1,5,0,30,RIGHT,RIGHT,1,6,0,29,0.05,MOVE,0
50000,21,1,6,0,29,RIGHT,RIGHT,1,7,0,28,0.04,MOVE,0
50000,22,1,7,0,28,RIGHT,RIGHT,1,8,0,27,0.03,MOVE,0
50000,23,1,8,0,27,RIGHT,DOWN,2,8,0,26,-1.96,MOVE,0
50000,24,2,8,0,26,RIGHT,RIGHT,2,9,0,25,0.03,MOVE,0
50000,25,2,9,0,25,LEFT,LEFT,2,8,0,24,-1.96,MOVE,0
50000,26,2,8,0,24,UP,UP,1,8,0,23,0.03,MOVE,0
50000,27,1,8,0,23,UP,UP,0,8,0,22,0.02,MOVE,0
50000,28,0,8,0,22,LEFT,LEFT,0,7,0,21,-1.97,MOVE,0
50000,29,0,7,0,21,DOWN,DOWN,1,7,0,20,-1.96,MOVE,0
50000,30,1,7,0,20,RIGHT,RIGHT,1,8,0,19,0.03,MOVE,0
50000,31,1,8,0,19,RIGHT,RIGHT,1,9,0,18,0.02,MOVE,0
50000,32,1,9,0,18,UP,UP,0,9,0,17,0.01,MOVE,0
50000,33,0,9,0,17,DOWN,DOWN,1,9,0,16,-1.98,MOVE,0
50000,34,1,9,0,16,UP,UP,0,9,0,15,0.01,MOVE,0
50000,35,0,9,0,15,RIGHT,RIGHT,0,10,1,14,32.18,KEY_PICKUP,0
50000,36,0,10,1,14,DOWN,DOWN,1,10,1,13,0.17,MOVE,0
50000,37,1,10,1,13,DOWN,DOWN,2,10,1,12,0.16,MOVE,0
50000,38,2,10,1,12,UP,UP,1,10,1,11,-1.83,MOVE,0
50000,39,1,10,1,11,DOWN,DOWN,2,10,1,10,0.16,MOVE,0
50000,40,2,10,1,10,DOWN,DOWN,3,10,1,9,0.15,MOVE,0
50000,41,3,10,1,9,LEFT,LEFT,3,9,1,8,-1.84,MOVE,0
50000,42,3,9,1,8,UP,LEFT,3,8,1,7,-1.83,MOVE,0
50000,43,3,8,1,7,RIGHT,DOWN,3,8,1,6,-4.83,WALL_HIT,0
50000,44,3,8,1,6,DOWN,LEFT,3,8,1,5,-4.83,WALL_HIT,0
50000,45,3,8,1,5,UP,UP,2,8,1,4,-1.82,MOVE,0
50000,46,2,8,1,4,UP,UP,1,8,1,3,-1.81,MOVE,0
50000,47,1,8,1,3,DOWN,DOWN,2,8,1,2,0.18,MOVE,0
50000,48,2,8,1,2,LEFT,UP,1,8,1,1,-1.81,MOVE,0
50000,49,1,8,1,1,UP,UP,0,8,1,0,-2.0,ENERGY_DEPLETED,1
60000,0,0,0,0,50,RIGHT,UP,0,0,0,49,-4.88,WALL_HIT,0
60000,1,0,0,0,49,LEFT,LEFT,0,0,0,48,-4.88,WALL_HIT,0
60000,2,0,0,0,48,DOWN,DOWN,1,0,0,47,-1.87,MOVE,0
60000,3,1,0,0,47,RIGHT,RIGHT,1,1,0,46,0.12,MOVE,0
60000,4,1,1,0,46,LEFT,LEFT,1,0,0,45,-1.87,MOVE,0
60000,5,1,0,0,45,UP,UP,0,0,0,44,0.12,MOVE,0
60000,6,0,0,0,44,RIGHT,RIGHT,0,1,0,43,0.11,MOVE,0
60000,7,0,1,0,43,LEFT,LEFT,0,0,0,42,-1.88,MOVE,0
60000,8,0,0,0,42,DOWN,DOWN,1,0,0,41,-1.87,MOVE,0
60000,9,1,0,0,41,RIGHT,RIGHT,1,1,0,40,0.12,MOVE,0
60000,10,1,1,0,40,DOWN,DOWN,2,1,0,39,0.11,MOVE,0
60000,11,2,1,0,39,RIGHT,UP,1,1,0,38,-1.88,MOVE,0
60000,12,1,1,0,38,UP,UP,0,1,0,37,0.11,MOVE,0
60000,13,0,1,0,37,RIGHT,RIGHT,0,2,0,36,0.1,MOVE,0
60000,14,0,2,0,36,RIGHT,UP,0,2,0,35,-4.9,WALL_HIT,0
60000,15,0,2,0,35,RIGHT,UP,0,2,0,34,-4.9,WALL_HIT,0
60000,16,0,2,0,34,UP,RIGHT,0,3,0,33,0.09,MOVE,0
60000,17,0,3,0,33,DOWN,DOWN,1,3,0,32,0.08,MOVE,0
60000,18,1,3,0,32,RIGHT,RIGHT,1,4,0,31,0.07,MOVE,0
60000,19,1,4,0,31,RIGHT,RIGHT,1,5,0,30,0.06,MOVE,0
60000,20,1,5,0,30,RIGHT,RIGHT,1,6,0,29,0.05,MOVE,0
60000,21,1,6,0,29,RIGHT,UP,0,6,0,28,0.04,MOVE,0
60000,22,0,6,0,28,RIGHT,RIGHT,0,7,0,27,0.03,MOVE,0
60000,23,0,7,0,27,RIGHT,UP,0,7,0,26,-4.97,WALL_HIT,0
60000,24,0,7,0,26,RIGHT,RIGHT,0,8,0,25,0.02,MOVE,0
60000,25,0,8,0,25,RIGHT,RIGHT,0,9,0,24,0.01,MOVE,0
60000,26,0,9,0,24,DOWN,DOWN,1,9,0,23,-1.98,MOVE,0
60000,27,1,9,0,23,UP,UP,0,9,0,22,0.01,MOVE,0
60000,28,0,9,0,22,RIGHT,RIGHT,0,10,1,21,32.18,KEY_PICKUP,0
60000,29,0,10,1,21,UP,UP,0,10,1,20,-4.82,WALL_HIT,0
60000,30,0,10,1,20,DOWN,DOWN,1,10,1,19,0.17,MOVE,0
60000,31,1,10,1,19,DOWN,DOWN,2,10,1,18,0.16,MOVE,0
60000,32,2,10,1,18,DOWN,DOWN,3,10,1,17,0.15,MOVE,0
60000,33,3,10,1,17,DOWN,DOWN,4,10,1,16,0.14,MOVE,0
60000,34,4,10,1,16,RIGHT,DOWN,5,10,1,15,0.13,MOVE,0
60000,35,5,10,1,15,RIGHT,RIGHT,5,11,1,14,0.12,MOVE,0
60000,36,5,11,1,14,DOWN,RIGHT,5,12,1,13,0.11,MOVE,0
60000,37,5,12,1,13,RIGHT,DOWN,6,12,1,12,0.1,MOVE,0
60000,38,6,12,1,12,RIGHT,RIGHT,6,13,1,11,0.09,MOVE,0
60000,39,6,13,1,11,DOWN,DOWN,7,13,1,10,0.08,MOVE,0
60000,40,7,13,1,10,LEFT,LEFT,7,13,1,9,-4.92,WALL_HIT,0
60000,41,7,13,1,9,LEFT,LEFT,7,13,1,8,-4.92,WALL_HIT,0
60000,42,7,13,1,8,LEFT,LEFT,7,13,1,7,-4.92,WALL_HIT,0
60000,43,7,13,1,7,RIGHT,RIGHT,7,14,1,6,-1.91,MOVE,0
60000,44,7,14,1,6,UP,UP,6,14,1,5,-1.9,MOVE,0
60000,45,6,14,1,5,RIGHT,DOWN,7,14,1,4,0.09,MOVE,0
60000,46,7,14,1,4,UP,UP,6,14,1,3,-1.9,MOVE,0
60000,47,6,14,1,3,LEFT,LEFT,6,13,1,2,0.09,MOVE,0
60000,48,6,13,1,2,DOWN,DOWN,7,13,1,1,0.08,MOVE,0
60000,49,7,13,1,1,RIGHT,RIGHT,7,14,1,0,-13.0,ENERGY_DEPLETED,1
70000,0,0,0,0,50,DOWN,RIGHT,0,1,0,49,0.11,MOVE,0
70000,1,0,1,0,49,LEFT,LEFT,0,0,0,48,-1.88,MOVE,0
70000,2,0,0,0,48,DOWN,DOWN,1,0,0,47,-1.87,MOVE,0
70000,3,1,0,0,47,RIGHT,RIGHT,1,1,0,46,0.12,MOVE,0
70000,4,1,1,0,46,LEFT,LEFT,1,0,0,45,-1.87,MOVE,0
70000,5,1,0,0,45,RIGHT,RIGHT,1,1,0,44,0.12,MOVE,0
70000,6,1,1,0,44,DOWN,DOWN,2,1,0,43,0.11,MOVE,0
70000,7,2,1,0,43,RIGHT,RIGHT,2,2,0,42,0.1,MOVE,0
70000,8,2,2,0,42,RIGHT,RIGHT,2,3,0,41,0.09,MOVE,0
70000,9,2,3,0,41,DOWN,DOWN,3,3,0,40,-1.9,MOVE,0
70000,10,3,3,0,40,UP,UP,2,3,0,39,0.09,MOVE,0
70000,11,2,3,0,39,UP,UP,1,3,0,38,0.08,MOVE,0
70000,12,1,3,0,38,RIGHT,RIGHT,1,4,0,37,0.07,MOVE,0
70000,13,1,4,0,37,RIGHT,RIGHT,1,5,0,36,0.06,MOVE,0
70000,14,1,5,0,36,UP,UP,0,5,0,35,0.05,MOVE,0
70000,15,0,5,0,35,RIGHT,RIGHT,0,6,0,34,0.04,MOVE,0
70000,16,0,6,0,34,RIGHT,RIGHT,0,7,0,33,0.03,MOVE,0
70000,17,0,7,0,33,DOWN,DOWN,1,7,0,32,-1.96,MOVE,0
70000,18,1,7,0,32,UP,UP,0,7,0,31,0.03,MOVE,0
70000,19,0,7,0,31,RIGHT,RIGHT,0,8,0,30,0.02,MOVE,0
70000,20,0,8,0,30,RIGHT,DOWN,1,8,0,29,-1.97,MOVE,0
70000,21,1,8,0,29,RIGHT,RIGHT,1,9,0,28,0.02,MOVE,0
70000,22,1,9,0,28,UP,UP,0,9,0,27,0.01,MOVE,0
70000,23,0,9,0,27,DOWN,DOWN,1,9,0,26,-1.98,MOVE,0
70000,24,1,9,0,26,UP,UP,0,9,0,25,0.01,MOVE,0
70000,25,0,9,0,25,RIGHT,RIGHT,0,10,1,24,32.18,KEY_PICKUP,0
70000,26,0,10,1,24,LEFT,DOWN,1,10,1,23,0.17,MOVE,0
70000,27,1,10,1,23,DOWN,DOWN,2,10,1,22,0.16,MOVE,0
70000,28,2,10,1,22,DOWN,DOWN,3,10,1,21,0.15,MOVE,0
70000,29,3,10,1,21,LEFT,LEFT,3,9,1,20,-1.84,MOVE,0
70000,30,3,9,1,20,RIGHT,RIGHT,3,10,1,19,0.15,MOVE,0
70000,31,3,10,1,19,DOWN,LEFT,3,9,1,18,-1.84,MOVE,0
70000,32,3,9,1,18,RIGHT,RIGHT,3,10,1,17,0.15,MOVE,0
70000,33,3,10,1,17,DOWN,DOWN,4,10,1,16,0.14,MOVE,0
70000,34,4,10,1,16,DOWN,DOWN,5,10,1,15,0.13,MOVE,0
70000,35,5,10,1,15,RIGHT,UP,4,10,1,14,-1.86,MOVE,0
70000,36,4,10,1,14,DOWN,DOWN,5,10,1,13,0.13,MOVE,0
70000,37,5,10,1,13,LEFT,DOWN,6,10,1,12,0.12,MOVE,0
70000,38,6,10,1,12,LEFT,LEFT,6,9,1,11,-1.87,MOVE,0
70000,39,6,9,1,11,DOWN,DOWN,7,9,1,10,-1.86,MOVE,0
70000,40,7,9,1,10,UP,RIGHT,7,9,1,9,-4.86,WALL_HIT,0
70000,41,7,9,1,9,LEFT,LEFT,7,8,1,8,0.13,MOVE,0
70000,42,7,8,1,8,DOWN,DOWN,8,8,1,7,0.12,MOVE,0
70000,43,8,8,1,7,DOWN,DOWN,9,8,1,6,0.11,MOVE,0
70000,44,9,8,1,6,DOWN,DOWN,10,8,1,5,0.1,MOVE,0
70000,45,10,8,1,5,LEFT,UP,9,8,1,4,-1.89,MOVE,0
70000,46,9,8,1,4,LEFT,UP,8,8,1,3,-1.88,MOVE,0
70000,47,8,8,1,3,LEFT,LEFT,8,7,1,2,-1.87,MOVE,0
70000,48,8,7,1,2,RIGHT,RIGHT,8,8,1,1,0.12,MOVE,0
70000,49,8,8,1,1,LEFT,DOWN,9,8,1,0,-9.0,ENERGY_DEPLETED,1
80000,0,0,0,0,50,DOWN,DOWN,1,0,0,49,-1.87,MOVE,0
80000,1,1,0,0,49,RIGHT,RIGHT,1,1,0,48,0.12,MOVE,0
80000,2,1,1,0,48,LEFT,LEFT,1,0,0,47,-1.87,MOVE,0
80000,3,1,0,0,47,RIGHT,RIGHT,1,1,0,46,0.12,MOVE,0
80000,4,1,1,0,46,UP,UP,0,1,0,45,0.11,MOVE,0
80000,5,0,1,0,45,RIGHT,UP,0,1,0,44,-4.89,WALL_HIT,0
80000,6,0,1,0,44,RIGHT,RIGHT,0,2,0,43,0.1,MOVE,0
80000,7,0,2,0,43,RIGHT,RIGHT,0,3,0,42,0.09,MOVE,0
80000,8,0,3,0,42,DOWN,DOWN,1,3,0,41,0.08,MOVE,0
80000,9,1,3,0,41,RIGHT,RIGHT,1,4,0,40,0.07,MOVE,0
80000,10,1,4,0,40,LEFT,LEFT,1,3,0,39,-1.92,MOVE,0
80000,11,1,3,0,39,RIGHT,RIGHT,1,4,0,38,0.07,MOVE,0
80000,12,1,4,0,38,DOWN,DOWN,1,4,0,37,-4.93,WALL_HIT,0
80000,13,1,4,0,37,RIGHT,RIGHT,1,5,0,36,0.06,MOVE,0
80000,14,1,5,0,36,RIGHT,DOWN,1,5,0,35,-4.94,WALL_HIT,0
80000,15,1,5,0,35,UP,UP,0,5,0,34,0.05,MOVE,0
80000,16,0,5,0,34,DOWN,DOWN,1,5,0,33,-1.94,MOVE,0
80000,17,1,5,0,33,RIGHT,UP,0,5,0,32,0.05,MOVE,0
80000,18,0,5,0,32,RIGHT,RIGHT,0,6,0,31,0.04,MOVE,0
80000,19,0,6,0,31,RIGHT,UP,0,6,0,30,-4.96,WALL_HIT,0
80000,20,0,6,0,30,RIGHT,DOWN,1,6,0,29,-1.95,MOVE,0
80000,21,1,6,0,29,RIGHT,UP,0,6,0,28,0.04,MOVE,0
80000,22,0,6,0,28,RIGHT,RIGHT,0,7,0,27,0.03,MOVE,0
80000,23,0,7,0,27,RIGHT,RIGHT,0,8,0,26,0.02,MOVE,0
80000,24,0,8,0,26,RIGHT,RIGHT,0,9,0,25,0.01,MOVE,0
80000,25,0,9,0,25,RIGHT,RIGHT,0,10,1,24,32.18,KEY_PICKUP,0
80000,26,0,10,1,24,DOWN,DOWN,1,10,1,23,0.17,MOVE,0
80000,27,1,10,1,23,RIGHT,DOWN,2,10,1,22,0.16,MOVE,0
80000,28,2,10,1,22,DOWN,DOWN,3,10,1,21,0.15,MOVE,0
80000,29,3,10,1,21,LEFT,LEFT,3,9,1,20,-1.84,MOVE,0
80000,30,3,9,1,20,RIGHT,RIGHT,3,10,1,19,0.15,MOVE,0
80000,31,3,10,1,19,DOWN,DOWN,4,10,1,18,0.14,MOVE,0
80000,32,4,10,1,18,DOWN,DOWN,5,10,1,17,0.13,MOVE,0
80000,33,5,10,1,17,RIGHT,UP,4,10,1,16,-1.86,MOVE,0
80000,34,4,10,1,16,DOWN,LEFT,4,10,1,15,-4.86,WALL_HIT,0
80000,35,4,10,1,15,UP,UP,3,10,1,14,-1.85,MOVE,0
80000,36,3,10,1,14,LEFT,UP,2,10,1,13,-1.84,MOVE,0
80000,37,2,10,1,13,DOWN,DOWN,3,10,1,12,0.15,MOVE,0
80000,38,3,10,1,12,LEFT,LEFT,3,9,1,11,-1.84,MOVE,0
80000,39,3,9,1,11,UP,RIGHT,3,10,1,10,0.15,MOVE,0
80000,40,3,10,1,10,LEFT,LEFT,3,9,1,9,-1.84,MOVE,0
80000,41,3,9,1,9,UP,UP,2,9,1,8,-1.83,MOVE,0
80000,42,2,9,1,8,UP,UP,1,9,1,7,-1.82,MOVE,0
80000,43,1,9,1,7,RIGHT,RIGHT,1,10,1,6,0.17,MOVE,0
80000,44,1,10,1,6,LEFT,LEFT,1,9,1,5,-1.82,MOVE,0
80000,45,1,9,1,5,RIGHT,RIGHT,1,10,1,4,0.17,MOVE,0
80000,46,1,10,1,4,DOWN,DOWN,2,10,1,3,0.16,MOVE,0
80000,47,2,10,1,3,RIGHT,RIGHT,2,11,1,2,0.15,MOVE,0
80000,48,2,11,1,2,UP,UP,1,11,1,1,-1.84,MOVE,0
80000,49,1,11,1,1,UP,UP,0,11,1,0,-5.0,ENERGY_DEPLETED,1
90000,0,0,0,0,50,DOWN,DOWN,1,0,0,49,-1.87,MOVE,0
90000,1,1,0,0,49,UP,RIGHT,1,1,0,48,0.12,MOVE,0
90000,2,1,1,0,48,LEFT,UP,0,1,0,47,0.11,MOVE,0
90000,3,0,1,0,47,DOWN,DOWN,1,1,0,46,-1.88,MOVE,0
90000,4,1,1,0,46,LEFT,LEFT,1,0,0,45,-1.87,MOVE,0
90000,5,1,0,0,45,DOWN,RIGHT,1,1,0,44,0.12,MOVE,0
90000,6,1,1,0,44,UP,UP,0,1,0,43,0.11,MOVE,0
90000,7,0,1,0,43,RIGHT,RIGHT,0,2,0,42,0.1,MOVE,0
90000,8,0,2,0,42,RIGHT,RIGHT,0,3,0,41,0.09,MOVE,0
90000,9,0,3,0,41,DOWN,DOWN,1,3,0,40,0.08,MOVE,0
90000,10,1,3,0,40,RIGHT,RIGHT,1,4,0,39,0.07,MOVE,0
90000,11,1,4,0,39,RIGHT,RIGHT,1,5,0,38,0.06,MOVE,0
90000,12,1,5,0,38,UP,UP,0,5,0,37,0.05,MOVE,0
90000,13,0,5,0,37,DOWN,LEFT,0,5,0,36,-4.95,WALL_HIT,0
90000,14,0,5,0,36,DOWN,DOWN,1,5,0,35,-1.94,MOVE,0
90000,15,1,5,0,35,RIGHT,RIGHT,1,6,0,34,0.05,MOVE,0
90000,16,1,6,0,34,RIGHT,RIGHT,1,7,0,33,0.04,MOVE,0
90000,17,1,7,0,33,RIGHT,UP,0,7,0,32,0.03,MOVE,0
90000,18,0,7,0,32,RIGHT,RIGHT,0,8,0,31,0.02,MOVE,0
90000,19,0,8,0,31,RIGHT,RIGHT,0,9,0,30,0.01,MOVE,0
90000,20,0,9,0,30,RIGHT,DOWN,1,9,0,29,-1.98,MOVE,0
90000,21,1,9,0,29,RIGHT,RIGHT,1,10,0,28,0.01,MOVE,0
90000,22,1,10,0,28,UP,UP,0,10,1,27,32.18,KEY_PICKUP,0
90000,23,0,10,1,27,RIGHT,RIGHT,0,11,1,26,0.17,MOVE,0
90000,24,0,11,1,26,DOWN,DOWN,1,11,1,25,0.16,MOVE,0
90000,25,1,11,1,25,RIGHT,RIGHT,1,12,1,24,0.15,MOVE,0
90000,26,1,12,1,24,DOWN,DOWN,2,12,1,23,0.14,MOVE,0
90000,27,2,12,1,23,DOWN,DOWN,3,12,1,22,0.13,MOVE,0
90000,28,3,12,1,22,DOWN,DOWN,4,12,1,21,0.12,MOVE,0
90000,29,4,12,1,21,DOWN,DOWN,5,12,1,20,0.11,MOVE,0
90000,30,5,12,1,20,RIGHT,RIGHT,5,13,1,19,0.1,MOVE,0
90000,31,5,13,1,19,DOWN,DOWN,6,13,1,18,0.09,MOVE,0
90000,32,6,13,1,18,DOWN,DOWN,7,13,1,17,0.08,MOVE,0
90000,33,7,13,1,17,RIGHT,RIGHT,7,14,1,16,-1.91,MOVE,0
90000,34,7,14,1,16,UP,RIGHT,7,15,1,15,-1.9,MOVE,0
90000,35,7,15,1,15,UP,UP,6,15,1,14,-1.89,MOVE,0
90000,36,6,15,1,14,LEFT,UP,5,15,1,13,-1.88,MOVE,0
90000,37,5,15,1,13,DOWN,DOWN,6,15,1,12,0.11,MOVE,0
90000,38,6,15,1,12,UP,UP,5,15,1,11,-1.88,MOVE,0
90000,39,5,15,1,11,LEFT,DOWN,6,15,1,10,0.11,MOVE,0
90000,40,6,15,1,10,LEFT,LEFT,6,14,1,9,0.1,MOVE,0
90000,41,6,14,1,9,UP,UP,5,14,1,8,-1.89,MOVE,0
90000,42,5,14,1,8,UP,LEFT,5,13,1,7,0.1,MOVE,0
90000,43,5,13,1,7,UP,UP,4,13,1,6,-1.89,MOVE,0
90000,44,4,13,1,6,DOWN,DOWN,5,13,1,5,0.1,MOVE,0
90000,45,5,13,1,5,UP,UP,4,13,1,4,-1.89,MOVE,0
90000,46,4,13,1,4,DOWN,RIGHT,4,14,1,3,-1.88,MOVE,0
90000,47,4,14,1,3,UP,UP,3,14,1,2,-1.87,MOVE,0
90000,48,3,14,1,2,RIGHT,RIGHT,3,15,1,1,-1.86,MOVE,0
90000,49,3,15,1,1,LEFT,LEFT,3,14,1,0,-7.0,ENERGY_DEPLETED,1
100000,0,0,0,0,50,RIGHT,RIGHT,0,1,0,49,0.11,MOVE,0
100000,1,0,1,0,49,DOWN,DOWN,1,1,0,48,-1.88,MOVE,0
100000,2,1,1,0,48,DOWN,DOWN,2,1,0,47,0.11,MOVE,0
100000,3,2,1,0,47,RIGHT,DOWN,3,1,0,46,-1.88,MOVE,0
100000,4,3,1,0,46,UP,LEFT,3,1,0,45,-4.88,WALL_HIT,0
100000,5,3,1,0,45,RIGHT,RIGHT,3,2,0,44,0.11,MOVE,0
100000,6,3,2,0,44,UP,UP,2,2,0,43,0.1,MOVE,0
100000,7,2,2,0,43,RIGHT,RIGHT,2,3,0,42,0.09,MOVE,0
100000,8,2,3,0,42,UP,UP,1,3,0,41,0.08,MOVE,0
100000,9,1,3,0,41,RIGHT,RIGHT,1,4,0,40,0.07,MOVE,0
100000,10,1,4,0,40,LEFT,LEFT,1,3,0,39,-1.92,MOVE,0
100000,11,1,3,0,39,RIGHT,UP,0,3,0,38,-1.91,MOVE,0
100000,12,0,3,0,38,DOWN,DOWN,1,3,0,37,0.08,MOVE,0
100000,13,1,3,0,37,RIGHT,RIGHT,1,4,0,36,0.07,MOVE,0
100000,14,1,4,0,36,RIGHT,RIGHT,1,5,0,35,0.06,MOVE,0
100000,15,1,5,0,35,RIGHT,RIGHT,1,6,0,34,0.05,MOVE,0
100000,16,1,6,0,34,RIGHT,RIGHT,1,7,0,33,0.04,MOVE,0
100000,17,1,7,0,33,RIGHT,RIGHT,1,8,0,32,0.03,MOVE,0
100000,18,1,8,0,32,UP,LEFT,1,7,0,31,-1.96,MOVE,0
100000,19,1,7,0,31,RIGHT,RIGHT,1,8,0,30,0.03,MOVE,0
100000,20,1,8,0,30,UP,RIGHT,1,9,0,29,0.02,MOVE,0
100000,21,1,9,0,29,UP,RIGHT,1,10,0,28,0.01,MOVE,0
100000,22,1,10,0,28,UP,UP,0,10,1,27,32.18,KEY_PICKUP,0
100000,23,0,10,1,27,DOWN,DOWN,1,10,1,26,0.17,MOVE,0
100000,24,1,10,1,26,DOWN,DOWN,2,10,1,25,0.16,MOVE,0
100000,25,2,10,1,25,RIGHT,RIGHT,2,11,1,24,0.15,MOVE,0
100000,26,2,11,1,24,RIGHT,RIGHT,2,12,1,23,0.14,MOVE,0
100000,27,2,12,1,23,DOWN,DOWN,3,12,1,22,0.13,MOVE,0
100000,28,3,12,1,22,DOWN,DOWN,4,12,1,21,0.12,MOVE,0
100000,29,4,12,1,21,DOWN,DOWN,5,12,1,20,0.11,MOVE,0
100000,30,5,12,1,20,RIGHT,UP,4,12,1,19,-1.88,MOVE,0
100000,31,4,12,1,19,DOWN,DOWN,5,12,1,18,0.11,MOVE,0
100000,32,5,12,1,18,DOWN,DOWN,6,12,1,17,0.1,MOVE,0
100000,33,6,12,1,17,RIGHT,RIGHT,6,13,1,16,0.09,MOVE,0
100000,34,6,13,1,16,DOWN,DOWN,7,13,1,15,0.08,MOVE,0
100000,35,7,13,1,15,DOWN,DOWN,8,13,1,14,0.07,MOVE,0
100000,36,8,13,1,14,LEFT,LEFT,8,13,1,13,-4.93,WALL_HIT,0
100000,37,8,13,1,13,LEFT,LEFT,8,13,1,12,-4.93,WALL_HIT,0
100000,38,8,13,1,12,DOWN,DOWN,9,13,1,11,0.06,MOVE,0
100000,39,9,13,1,11,DOWN,DOWN,10,13,1,10,0.05,MOVE,0
100000,40,10,13,1,10,DOWN,DOWN,11,13,1,9,0.04,MOVE,0
100000,41,11,13,1,9,DOWN,DOWN,12,13,1,8,0.03,MOVE,0
100000,42,12,13,1,8,DOWN,DOWN,12,13,1,7,-4.97,WALL_HIT,0
100000,43,12,13,1,7,RIGHT,UP,11,13,1,6,-1.96,MOVE,0
100000,44,11,13,1,6,DOWN,DOWN,12,13,1,5,0.03,MOVE,0
100000,45,12,13,1,5,RIGHT,RIGHT,12,14,1,4,0.02,MOVE,0
100000,46,12,14,1,4,DOWN,DOWN,13,14,1,3,0.01,DOOR_PASS,0
100000,47,13,14,1,3,UP,UP,12,14,1,2,-1.98,MOVE,0
100000,48,12,14,1,2,RIGHT,RIGHT,12,15,1,1,-1.97,MOVE,0
100000,49,12,15,1,1,LEFT,LEFT,12,14,1,0,-18.0,ENERGY_DEPLETED,1
110000,0,0,0,0,50,RIGHT,RIGHT,0,1,0,49,0.11,MOVE,0
110000,1,0,1,0,49,DOWN,DOWN,1,1,0,48,-1.88,MOVE,0
110000,2,1,1,0,48,LEFT,LEFT,1,0,0,47,-1.87,MOVE,0
110000,3,1,0,0,47,RIGHT,RIGHT,1,1,0,46,0.12,MOVE,0
110000,4,1,1,0,46,DOWN,DOWN,2,1,0,45,0.11,MOVE,0
110000,5,2,1,0,45,RIGHT,RIGHT,2,2,0,44,0.1,MOVE,0
110000,6,2,2,0,44,DOWN,DOWN,3,2,0,43,-1.89,MOVE,0
110000,7,3,2,0,43,UP,LEFT,3,1,0,42,-1.88,MOVE,0
110000,8,3,1,0,42,RIGHT,UP,2,1,0,41,0.11,MOVE,0
110000,9,2,1,0,41,RIGHT,RIGHT,2,2,0,40,0.1,MOVE,0
110000,10,2,2,0,40,RIGHT,RIGHT,2,3,0,39,0.09,MOVE,0
110000,11,2,3,0,39,UP,RIGHT,2,3,0,38,-4.91,WALL_HIT,0
110000,12,2,3,0,38,UP,UP,1,3,0,37,0.08,MOVE,0
110000,13,1,3,0,37,RIGHT,RIGHT,1,4,0,36,0.07,MOVE,0
110000,14,1,4,0,36,LEFT,LEFT,1,3,0,35,-1.92,MOVE,0
110000,15,1,3,0,35,RIGHT,UP,0,3,0,34,-1.91,MOVE,0
110000,16,0,3,0,34,DOWN,RIGHT,0,3,0,33,-4.91,WALL_HIT,0
110000,17,0,3,0,33,LEFT,DOWN,1,3,0,32,0.08,MOVE,0
110000,18,1,3,0,32,RIGHT,RIGHT,1,4,0,31,0.07,MOVE,0
110000,19,1,4,0,31,RIGHT,RIGHT,1,5,0,30,0.06,MOVE,0
110000,20,1,5,0,30,RIGHT,DOWN,1,5,0,29,-4.94,WALL_HIT,0
110000,21,1,5,0,29,RIGHT,RIGHT,1,6,0,28,0.05,MOVE,0
110000,22,1,6,0,28,RIGHT,RIGHT,1,7,0,27,0.04,MOVE,0
110000,23,1,7,0,27,UP,UP,0,7,0,26,0.03,MOVE,0
110000,24,0,7,0,26,RIGHT,UP,0,7,0,25,-4.97,WALL_HIT,0
110000,25,0,7,0,25,RIGHT,RIGHT,0,8,0,24,0.02,MOVE,0
110000,26,0,8,0,24,RIGHT,RIGHT,0,9,0,23,0.01,MOVE,0
110000,27,0,9,0,23,RIGHT,DOWN,1,9,0,22,-1.98,MOVE,0
110000,28,1,9,0,22,RIGHT,RIGHT,1,10,0,21,0.01,MOVE,0
110000,29,1,10,0,21,UP,RIGHT,1,11,0,20,-1.98,MOVE,0
110000,30,1,11,0,20,UP,UP,0,11,0,19,0.01,MOVE,0
110000,31,0,11,0,19,LEFT,LEFT,0,10,1,18,32.18,KEY_PICKUP,0
110000,32,0,10,1,18,DOWN,DOWN,1,10,1,17,0.17,MOVE,0
110000,33,1,10,1,17,DOWN,DOWN,2,10,1,16,0.16,MOVE,0
110000,34,2,10,1,16,DOWN,DOWN,3,10,1,15,0.15,MOVE,0
110000,35,3,10,1,15,DOWN,DOWN,4,10,1,14,0.14,MOVE,0
110000,36,4,10,1,14,RIGHT,UP,3,10,1,13,-1.85,MOVE,0
110000,37,3,10,1,13,LEFT,LEFT,3,9,1,12,-1.84,MOVE,0
110000,38,3,9,1,12,UP,LEFT,3,8,1,11,-1.83,MOVE,0
110000,39,3,8,1,11,UP,RIGHT,3,9,1,10,0.16,MOVE,0
110000,40,3,9,1,10,UP,UP,2,9,1,9,-1.83,MOVE,0
110000,41,2,9,1,9,UP,UP,1,9,1,8,-1.82,MOVE,0
110000,42,1,9,1,8,LEFT,LEFT,1,8,1,7,-1.81,MOVE,0
110000,43,1,8,1,7,UP,UP,0,8,1,6,-1.8,MOVE,0
110000,44,0,8,1,6,DOWN,DOWN,1,8,1,5,0.19,MOVE,0
110000,45,1,8,1,5,DOWN,DOWN,2,8,1,4,0.18,MOVE,0
110000,46,2,8,1,4,UP,UP,1,8,1,3,-1.81,MOVE,0
110000,47,1,8,1,3,UP,UP,0,8,1,2,-1.8,MOVE,0
110000,48,0,8,1,2,DOWN,DOWN,1,8,1,1,0.19,MOVE,0
110000,49,1,8,1,1,LEFT,LEFT,1,7,1,0,-2.0,ENERGY_DEPLETED,1
120000,0,0,0,0,50,DOWN,LEFT,0,0,0,49,-4.88,WALL_HIT,0
120000,1,0,0,0,49,DOWN,DOWN,1,0,0,48,-1.87,MOVE,0
120000,2,1,0,0,48,RIGHT,UP,0,0,0,47,0.12,MOVE,0
120000,3,0,0,0,47,RIGHT,RIGHT,0,1,0,46,0.11,MOVE,0
120000,4,0,1,0,46,DOWN,DOWN,1,1,0,45,-1.88,MOVE,0
120000,5,1,1,0,45,DOWN,DOWN,2,1,0,44,0.11,MOVE,0
120000,6,2,1,0,44,RIGHT,DOWN,3,1,0,43,-1.88,MOVE,0
120000,7,3,1,0,43,RIGHT,RIGHT,3,2,0,42,0.11,MOVE,0
120000,8,3,2,0,42,UP,UP,2,2,0,41,0.1,MOVE,0
120000,9,2,2,0,41,RIGHT,RIGHT,2,3,0,40,0.09,MOVE,0
120000,10,2,3,0,40,UP,LEFT,2,2,0,39,-1.9,MOVE,0
120000,11,2,2,0,39,RIGHT,RIGHT,2,3,0,38,0.09,MOVE,0
120000,12,2,3,0,38,UP,UP,1,3,0,37,0.08,MOVE,0
120000,13,1,3,0,37,RIGHT,RIGHT,1,4,0,36,0.07,MOVE,0
120000,14,1,4,0,36,RIGHT,RIGHT,1,5,0,35,0.06,MOVE,0
120000,15,1,5,0,35,RIGHT,RIGHT,1,6,0,34,0.05,MOVE,0
120000,16,1,6,0,34,RIGHT,RIGHT,1,7,0,33,0.04,MOVE,0
120000,17,1,7,0,33,RIGHT,RIGHT,1,8,0,32,0.03,MOVE,0
120000,18,1,8,0,32,RIGHT,UP,0,8,0,31,0.02,MOVE,0
120000,19,0,8,0,31,RIGHT,RIGHT,0,9,0,30,0.01,MOVE,0
120000,20,0,9,0,30,RIGHT,UP,0,9,0,29,-4.99,WALL_HIT,0
120000,21,0,9,0,29,RIGHT,RIGHT,0,10,1,28,32.18,KEY_PICKUP,0
120000,22,0,10,1,28,DOWN,RIGHT,0,11,1,27,0.17,MOVE,0
120000,23,0,11,1,27,DOWN,DOWN,1,11,1,26,0.16,MOVE,0
120000,24,1,11,1,26,DOWN,DOWN,2,11,1,25,0.15,MOVE,0
120000,25,2,11,1,25,RIGHT,DOWN,2,11,1,24,-4.85,WALL_HIT,0
120000,26,2,11,1,24,RIGHT,DOWN,2,11,1,23,-4.85,WALL_HIT,0
120000,27,2,11,1,23,RIGHT,RIGHT,2,12,1,22,0.14,MOVE,0
120000,28,2,12,1,22,DOWN,DOWN,3,12,1,21,0.13,MOVE,0
120000,29,3,12,1,21,DOWN,DOWN,4,12,1,20,0.12,MOVE,0
120000,30,4,12,1,20,RIGHT,RIGHT,4,13,1,19,0.11,MOVE,0
120000,31,4,13,1,19,DOWN,DOWN,5,13,1,18,0.1,MOVE,0
120000,32,5,13,1,18,DOWN,RIGHT,5,14,1,17,-1.89,MOVE,0
120000,33,5,14,1,17,DOWN,DOWN,6,14,1,16,0.1,MOVE,0
120000,34,6,14,1,16,DOWN,LEFT,6,13,1,15,0.09,MOVE,0
120000,35,6,13,1,15,DOWN,DOWN,7,13,1,14,0.08,MOVE,0
120000,36,7,13,1,14,DOWN,DOWN,8,13,1,13,0.07,MOVE,0
120000,37,8,13,1,13,DOWN,DOWN,9,13,1,12,0.06,MOVE,0
120000,38,9,13,1,12,DOWN,RIGHT,9,14,1,11,-1.93,MOVE,0
120000,39,9,14,1,11,LEFT,LEFT,9,13,1,10,0.06,MOVE,0
120000,40,9,13,1,10,DOWN,DOWN,10,13,1,9,0.05,MOVE,0
120000,41,10,13,1,9,DOWN,RIGHT,10,13,1,8,-4.95,WALL_HIT,0
120000,42,10,13,1,8,DOWN,RIGHT,10,13,1,7,-4.95,WALL_HIT,0
120000,43,10,13,1,7,DOWN,RIGHT,10,13,1,6,-4.95,WALL_HIT,0
120000,44,10,13,1,6,DOWN,DOWN,11,13,1,5,0.04,MOVE,0
120000,45,11,13,1,5,LEFT,LEFT,11,12,1,4,-1.95,MOVE,0
120000,46,11,12,1,4,DOWN,LEFT,11,11,1,3,-1.94,MOVE,0
120000,47,11,11,1,3,RIGHT,RIGHT,11,12,1,2,0.05,MOVE,0
120000,48,11,12,1,2,RIGHT,RIGHT,11,13,1,1,0.04,MOVE,0
120000,49,11,13,1,1,LEFT,DOWN,12,13,1,0,-17.0,ENERGY_DEPLETED,1
130000,0,0,0,0,50,DOWN,DOWN,1,0,0,49,-1.87,MOVE,0
130000,1,1,0,0,49,RIGHT,RIGHT,1,1,0,48,0.12,MOVE,0
130000,2,1,1,0,48,DOWN,DOWN,2,1,0,47,0.11,MOVE,0
130000,3,2,1,0,47,DOWN,DOWN,3,1,0,46,-1.88,MOVE,0
130000,4,3,1,0,46,RIGHT,RIGHT,3,2,0,45,0.11,MOVE,0
130000,5,3,2,0,45,RIGHT,RIGHT,3,3,0,44,0.1,MOVE,0
130000,6,3,3,0,44,UP,UP,2,3,0,43,0.09,MOVE,0
130000,7,2,3,0,43,UP,LEFT,2,2,0,42,-1.9,MOVE,0
130000,8,2,2,0,42,RIGHT,RIGHT,2,3,0,41,0.09,MOVE,0
130000,9,2,3,0,41,UP,UP,1,3,0,40,0.08,MOVE,0
130000,10,1,3,0,40,RIGHT,RIGHT,1,4,0,39,0.07,MOVE,0
130000,11,1,4,0,39,RIGHT,RIGHT,1,5,0,38,0.06,MOVE,0
130000,12,1,5,0,38,RIGHT,RIGHT,1,6,0,37,0.05,MOVE,0
130000,13,1,6,0,37,DOWN,DOWN,2,6,0,36,-1.94,MOVE,0
130000,14,2,6,0,36,UP,UP,1,6,0,35,0.05,MOVE,0
130000,15,1,6,0,35,RIGHT,RIGHT,1,7,0,34,0.04,MOVE,0
130000,16,1,7,0,34,RIGHT,RIGHT,1,8,0,33,0.03,MOVE,0
130000,17,1,8,0,33,UP,UP,0,8,0,32,0.02,MOVE,0
130000,18,0,8,0,32,RIGHT,RIGHT,0,9,0,31,0.01,MOVE,0
130000,19,0,9,0,31,RIGHT,RIGHT,0,10,1,30,32.18,KEY_PICKUP,0
130000,20,0,10,1,30,DOWN,DOWN,1,10,1,29,0.17,MOVE,0
130000,21,1,10,1,29,DOWN,DOWN,2,10,1,28,0.16,MOVE,0
130000,22,2,10,1,28,UP,UP,1,10,1,27,-1.83,MOVE,0
130000,23,1,10,1,27,DOWN,DOWN,2,10,1,26,0.16,MOVE,0
130000,24,2,10,1,26,RIGHT,RIGHT,2,11,1,25,0.15,MOVE,0
130000,25,2,11,1,25,RIGHT,RIGHT,2,12,1,24,0.14,MOVE,0
130000,26,2,12,1,24,DOWN,DOWN,3,12,1,23,0.13,MOVE,0
130000,27,3,12,1,23,RIGHT,RIGHT,3,13,1,22,0.12,MOVE,0
130000,28,3,13,1,22,DOWN,DOWN,4,13,1,21,0.11,MOVE,0
130000,29,4,13,1,21,LEFT,LEFT,4,12,1,20,-1.88,MOVE,0
130000,30,4,12,1,20,DOWN,DOWN,5,12,1,19,0.11,MOVE,0
130000,31,5,12,1,19,DOWN,DOWN,6,12,1,18,0.1,MOVE,0
130000,32,6,12,1,18,RIGHT,DOWN,6,12,1,17,-4.9,WALL_HIT,0
130000,33,6,12,1,17,RIGHT,RIGHT,6,13,1,16,0.09,MOVE,0
130000,34,6,13,1,16,RIGHT,DOWN,7,13,1,15,0.08,MOVE,0
130000,35,7,13,1,15,LEFT,LEFT,7,13,1,14,-4.92,WALL_HIT,0
130000,36,7,13,1,14,DOWN,DOWN,8,13,1,13,0.07,MOVE,0
130000,37,8,13,1,13,DOWN,DOWN,9,13,1,12,0.06,MOVE,0
130000,38,9,13,1,12,LEFT,LEFT,9,12,1,11,-1.93,MOVE,0
130000,39,9,12,1,11,RIGHT,DOWN,10,12,1,10,0.06,MOVE,0
130000,40,10,12,1,10,DOWN,DOWN,11,12,1,9,0.05,MOVE,0
130000,41,11,12,1,9,RIGHT,RIGHT,11,13,1,8,0.04,MOVE,0
130000,42,11,13,1,8,DOWN,DOWN,12,13,1,7,0.03,MOVE,0
130000,43,12,13,1,7,RIGHT,RIGHT,12,14,1,6,0.02,MOVE,0
130000,44,12,14,1,6,DOWN,DOWN,13,14,1,5,0.01,DOOR_PASS,0
130000,45,13,14,1,5,DOWN,DOWN,14,14,1,4,100.0,GOAL_REACHED,1
140000,0,0,0,0,50,RIGHT,RIGHT,0,1,0,49,0.11,MOVE,0
140000,1,0,1,0,49,DOWN,DOWN,1,1,0,48,-1.88,MOVE,0
140000,2,1,1,0,48,LEFT,LEFT,1,0,0,47,-1.87,MOVE,0
140000,3,1,0,0,47,RIGHT,RIGHT,1,1,0,46,0.12,MOVE,0
140000,4,1,1,0,46,LEFT,LEFT,1,0,0,45,-1.87,MOVE,0
140000,5,1,0,0,45,RIGHT,RIGHT,1,1,0,44,0.12,MOVE,0
140000,6,1,1,0,44,DOWN,DOWN,2,1,0,43,0.11,MOVE,0
140000,7,2,1,0,43,DOWN,DOWN,3,1,0,42,-1.88,MOVE,0
140000,8,3,1,0,42,RIGHT,RIGHT,3,2,0,41,0.11,MOVE,0
140000,9,3,2,0,41,RIGHT,RIGHT,3,3,0,40,0.1,MOVE,0
140000,10,3,3,0,40,UP,UP,2,3,0,39,0.09,MOVE,0
140000,11,2,3,0,39,UP,UP,1,3,0,38,0.08,MOVE,0
140000,12,1,3,0,38,RIGHT,RIGHT,1,4,0,37,0.07,MOVE,0
140000,13,1,4,0,37,RIGHT,UP,1,4,0,36,-4.93,WALL_HIT,0
140000,14,1,4,0,36,RIGHT,UP,1,4,0,35,-4.93,WALL_HIT,0
140000,15,1,4,0,35,RIGHT,RIGHT,1,5,0,34,0.06,MOVE,0
140000,16,1,5,0,34,UP,LEFT,1,4,0,33,-1.93,MOVE,0
140000,17,1,4,0,33,RIGHT,DOWN,1,4,0,32,-4.93,WALL_HIT,0
140000,18,1,4,0,32,RIGHT,RIGHT,1,5,0,31,0.06,MOVE,0
140000,19,1,5,0,31,RIGHT,RIGHT,1,6,0,30,0.05,MOVE,0
140000,20,1,6,0,30,UP,UP,0,6,0,29,0.04,MOVE,0
140000,21,0,6,0,29,RIGHT,RIGHT,0,7,0,28,0.03,MOVE,0
140000,22,0,7,0,28,RIGHT,UP,0,7,0,27,-4.97,WALL_HIT,0
140000,23,0,7,0,27,RIGHT,RIGHT,0,8,0,26,0.02,MOVE,0
140000,24,0,8,0,26,RIGHT,DOWN,1,8,0,25,-1.97,MOVE,0
140000,25,1,8,0,25,RIGHT,RIGHT,1,9,0,24,0.02,MOVE,0
140000,26,1,9,0,24,UP,UP,0,9,0,23,0.01,MOVE,0
140000,27,0,9,0,23,RIGHT,RIGHT,0,10,1,22,32.18,KEY_PICKUP,0
140000,28,0,10,1,22,DOWN,LEFT,0,9,1,21,-1.81,MOVE,0
140000,29,0,9,1,21,DOWN,DOWN,1,9,1,20,0.18,MOVE,0
140000,30,1,9,1,20,DOWN,DOWN,2,9,1,19,0.17,MOVE,0
140000,31,2,9,1,19,DOWN,DOWN,3,9,1,18,0.16,MOVE,0
140000,32,3,9,1,18,RIGHT,RIGHT,3,10,1,17,0.15,MOVE,0
140000,33,3,10,1,17,DOWN,LEFT,3,9,1,16,-1.84,MOVE,0
140000,34,3,9,1,16,UP,RIGHT,3,10,1,15,0.15,MOVE,0
140000,35,3,10,1,15,LEFT,DOWN,4,10,1,14,0.14,MOVE,0
140000,36,4,10,1,14,RIGHT,RIGHT,4,11,1,13,0.13,MOVE,0
140000,37,4,11,1,13,RIGHT,UP,4,11,1,12,-4.87,WALL_HIT,0
140000,38,4,11,1,12,DOWN,DOWN,5,11,1,11,0.12,MOVE,0
140000,39,5,11,1,11,LEFT,LEFT,5,10,1,10,-1.87,MOVE,0
140000,40,5,10,1,10,RIGHT,RIGHT,5,11,1,9,0.12,MOVE,0
140000,41,5,11,1,9,DOWN,DOWN,6,11,1,8,0.11,MOVE,0
140000,42,6,11,1,8,UP,UP,5,11,1,7,-1.88,MOVE,0
140000,43,5,11,1,7,DOWN,DOWN,6,11,1,6,0.11,MOVE,0
140000,44,6,11,1,6,UP,UP,5,11,1,5,-1.88,MOVE,0
140000,45,5,11,1,5,LEFT,LEFT,5,10,1,4,-1.87,MOVE,0
140000,46,5,10,1,4,LEFT,UP,4,10,1,3,-1.86,MOVE,0
140000,47,4,10,1,3,RIGHT,RIGHT,4,11,1,2,0.13,MOVE,0
140000,48,4,11,1,2,DOWN,DOWN,5,11,1,1,0.12,MOVE,0
140000,49,5,11,1,1,LEFT,LEFT,5,10,1,0,-9.0,ENERGY_DEPLETED,1
149990,0,0,0,0,50,RIGHT,RIGHT,0,1,0,49,0.11,MOVE,0
149990,1,0,1,0,49,DOWN,DOWN,1,1,0,48,-1.88,MOVE,0
149990,2,1,1,0,48,LEFT,LEFT,1,0,0,47,-1.87,MOVE,0
149990,3,1,0,0,47,RIGHT,RIGHT,1,1,0,46,0.12,MOVE,0
149990,4,1,1,0,46,DOWN,DOWN,2,1,0,45,0.11,MOVE,0
149990,5,2,1,0,45,RIGHT,DOWN,3,1,0,44,-1.88,MOVE,0
149990,6,3,1,0,44,UP,UP,2,1,0,43,0.11,MOVE,0
149990,7,2,1,0,43,RIGHT,RIGHT,2,2,0,42,0.1,MOVE,0
149990,8,2,2,0,42,RIGHT,UP,2,2,0,41,-4.9,WALL_HIT,0
149990,9,2,2,0,41,RIGHT,RIGHT,2,3,0,40,0.09,MOVE,0
149990,10,2,3,0,40,UP,UP,1,3,0,39,0.08,MOVE,0
149990,11,1,3,0,39,RIGHT,DOWN,2,3,0,38,-1.91,MOVE,0
149990,12,2,3,0,38,UP,UP,1,3,0,37,0.08,MOVE,0
149990,13,1,3,0,37,RIGHT,RIGHT,1,4,0,36,0.07,MOVE,0
149990,14,1,4,0,36,RIGHT,RIGHT,1,5,0,35,0.06,MOVE,0
149990,15,1,5,0,35,UP,RIGHT,1,6,0,34,0.05,MOVE,0
149990,16,1,6,0,34,RIGHT,RIGHT,1,7,0,33,0.04,MOVE,0
149990,17,1,7,0,33,UP,UP,0,7,0,32,0.03,MOVE,0
149990,18,0,7,0,32,RIGHT,RIGHT,0,8,0,31,0.02,MOVE,0
149990,19,0,8,0,31,RIGHT,RIGHT,0,9,0,30,0.01,MOVE,0
149990,20,0,9,0,30,RIGHT,RIGHT,0,10,1,29,32.18,KEY_PICKUP,0
149990,21,0,10,1,29,DOWN,DOWN,1,10,1,28,0.17,MOVE,0
149990,22,1,10,1,28,RIGHT,RIGHT,1,11,1,27,0.16,MOVE,0
149990,23,1,11,1,27,DOWN,DOWN,2,11,1,26,0.15,MOVE,0
149990,24,2,11,1,26,RIGHT,UP,1,11,1,25,-1.84,MOVE,0
149990,25,1,11,1,25,RIGHT,RIGHT,1,12,1,24,0.15,MOVE,0
149990,26,1,12,1,24,DOWN,DOWN,2,12,1,23,0.14,MOVE,0
149990,27,2,12,1,23,DOWN,DOWN,3,12,1,22,0.13,MOVE,0
149990,28,3,12,1,22,DOWN,DOWN,4,12,1,21,0.12,MOVE,0
149990,29,4,12,1,21,DOWN,DOWN,5,12,1,20,0.11,MOVE,0
149990,30,5,12,1,20,DOWN,DOWN,6,12,1,19,0.1,MOVE,0
149990,31,6,12,1,19,RIGHT,RIGHT,6,13,1,18,0.09,MOVE,0
149990,32,6,13,1,18,DOWN,DOWN,7,13,1,17,0.08,MOVE,0
149990,33,7,13,1,17,RIGHT,DOWN,8,13,1,16,0.07,MOVE,0
149990,34,8,13,1,16,LEFT,LEFT,8,13,1,15,-4.93,WALL_HIT,0
149990,35,8,13,1,15,DOWN,DOWN,9,13,1,14,0.06,MOVE,0
149990,36,9,13,1,14,LEFT,LEFT,9,12,1,13,-1.93,MOVE,0
149990,37,9,12,1,13,RIGHT,UP,9,12,1,12,-4.93,WALL_HIT,0
149990,38,9,12,1,12,UP,UP,9,12,1,11,-4.93,WALL_HIT,0
149990,39,9,12,1,11,DOWN,DOWN,10,12,1,10,0.06,MOVE,0
149990,40,10,12,1,10,RIGHT,RIGHT,10,13,1,9,0.05,MOVE,0
149990,41,10,13,1,9,DOWN,LEFT,10,12,1,8,-1.94,MOVE,0
149990,42,10,12,1,8,DOWN,DOWN,11,12,1,7,0.05,MOVE,0
149990,43,11,12,1,7,RIGHT,DOWN,12,12,1,6,0.04,MOVE,0
149990,44,12,12,1,6,RIGHT,RIGHT,12,13,1,5,0.03,MOVE,0
149990,45,12,13,1,5,RIGHT,RIGHT,12,14,1,4,0.02,MOVE,0
149990,46,12,14,1,4,DOWN,DOWN,13,14,1,3,0.01,DOOR_PASS,0
149990,47,13,14,1,3,DOWN,RIGHT,13,14,1,2,-4.99,WALL_HIT,0
149990,48,13,14,1,2,DOWN,DOWN,14,14,1,1,100.0,GOAL_REACHED,1
149991,0,0,0,0,50,RIGHT,DOWN,1,0,0,49,-1.87,MOVE,0
149991,1,1,0,0,49,DOWN,DOWN,2,0,0,48,0.12,MOVE,0
149991,2,2,0,0,48,RIGHT,RIGHT,2,1,0,47,0.11,MOVE,0
149991,3,2,1,0,47,RIGHT,RIGHT,2,2,0,46,0.1,MOVE,0
149991,4,2,2,0,46,DOWN,DOWN,3,2,0,45,-1.89,MOVE,0
149991,5,3,2,0,45,RIGHT,RIGHT,3,3,0,44,0.1,MOVE,0
149991,6,3,3,0,44,UP,UP,2,3,0,43,0.09,MOVE,0
149991,7,2,3,0,43,LEFT,LEFT,2,2,0,42,-1.9,MOVE,0
149991,8,2,2,0,42,RIGHT,RIGHT,2,3,0,41,0.09,MOVE,0
149991,9,2,3,0,41,UP,UP,1,3,0,40,0.08,MOVE,0
149991,10,1,3,0,40,RIGHT,DOWN,2,3,0,39,-1.91,MOVE,0
149991,11,2,3,0,39,UP,RIGHT,2,3,0,38,-4.91,WALL_HIT,0
149991,12,2,3,0,38,UP,UP,1,3,0,37,0.08,MOVE,0
149991,13,1,3,0,37,RIGHT,RIGHT,1,4,0,36,0.07,MOVE,0
149991,14,1,4,0,36,RIGHT,RIGHT,1,5,0,35,0.06,MOVE,0
149991,15,1,5,0,35,UP,UP,0,5,0,34,0.05,MOVE,0
149991,16,0,5,0,34,RIGHT,RIGHT,0,6,0,33,0.04,MOVE,0
149991,17,0,6,0,33,RIGHT,RIGHT,0,7,0,32,0.03,MOVE,0
149991,18,0,7,0,32,RIGHT,RIGHT,0,8,0,31,0.02,MOVE,0
149991,19,0,8,0,31,RIGHT,RIGHT,0,9,0,30,0.01,MOVE,0
149991,20,0,9,0,30,RIGHT,DOWN,1,9,0,29,-1.98,MOVE,0
149991,21,1,9,0,29,UP,UP,0,9,0,28,0.01,MOVE,0
149991,22,0,9,0,28,RIGHT,RIGHT,0,10,1,27,32.18,KEY_PICKUP,0
149991,23,0,10,1,27,DOWN,DOWN,1,10,1,26,0.17,MOVE,0
149991,24,1,10,1,26,DOWN,DOWN,2,10,1,25,0.16,MOVE,0
149991,25,2,10,1,25,DOWN,DOWN,3,10,1,24,0.15,MOVE,0
149991,26,3,10,1,24,DOWN,DOWN,4,10,1,23,0.14,MOVE,0
149991,27,4,10,1,23,RIGHT,RIGHT,4,11,1,22,0.13,MOVE,0
149991,28,4,11,1,22,UP,UP,4,11,1,21,-4.87,WALL_HIT,0
149991,29,4,11,1,21,DOWN,DOWN,5,11,1,20,0.12,MOVE,0
149991,30,5,11,1,20,DOWN,LEFT,5,10,1,19,-1.87,MOVE,0
149991,31,5,10,1,19,RIGHT,RIGHT,5,11,1,18,0.12,MOVE,0
149991,32,5,11,1,18,RIGHT,UP,4,11,1,17,-1.87,MOVE,0
149991,33,4,11,1,17,DOWN,DOWN,5,11,1,16,0.12,MOVE,0
149991,34,5,11,1,16,RIGHT,RIGHT,5,12,1,15,0.11,MOVE,0
149991,35,5,12,1,15,RIGHT,RIGHT,5,13,1,14,0.1,MOVE,0
149991,36,5,13,1,14,DOWN,DOWN,6,13,1,13,0.09,MOVE,0
149991,37,6,13,1,13,DOWN,DOWN,7,13,1,12,0.08,MOVE,0
149991,38,7,13,1,12,DOWN,RIGHT,7,14,1,11,-1.91,MOVE,0
149991,39,7,14,1,11,LEFT,LEFT,7,13,1,10,0.08,MOVE,0
149991,40,7,13,1,10,DOWN,DOWN,8,13,1,9,0.07,MOVE,0
149991,41,8,13,1,9,DOWN,DOWN,9,13,1,8,0.06,MOVE,0
149991,42,9,13,1,8,DOWN,DOWN,10,13,1,7,0.05,MOVE,0
149991,43,10,13,1,7,DOWN,DOWN,11,13,1,6,0.04,MOVE,0
149991,44,11,13,1,6,DOWN,DOWN,12,13,1,5,0.03,MOVE,0
149991,45,12,13,1,5,RIGHT,RIGHT,12,14,1,4,0.02,MOVE,0
149991,46,12,14,1,4,DOWN,LEFT,12,13,1,3,-1.97,MOVE,0
149991,47,12,13,1,3,RIGHT,DOWN,12,13,1,2,-4.97,WALL_HIT,0
149991,48,12,13,1,2,UP,UP,11,13,1,1,-1.96,MOVE,0
149991,49,11,13,1,1,LEFT,UP,10,13,1,0,-17.0,ENERGY_DEPLETED,1
149992,0,0,0,0,50,UP,UP,0,0,0,49,-4.88,WALL_HIT,0
149992,1,0,0,0,49,RIGHT,DOWN,1,0,0,48,-1.87,MOVE,0
149992,2,1,0,0,48,RIGHT,RIGHT,1,1,0,47,0.12,MOVE,0
149992,3,1,1,0,47,LEFT,DOWN,2,1,0,46,0.11,MOVE,0
149992,4,2,1,0,46,RIGHT,UP,1,1,0,45,-1.88,MOVE,0
149992,5,1,1,0,45,UP,UP,0,1,0,44,0.11,MOVE,0
149992,6,0,1,0,44,RIGHT,DOWN,1,1,0,43,-1.88,MOVE,0
149992,7,1,1,0,43,DOWN,DOWN,2,1,0,42,0.11,MOVE,0
149992,8,2,1,0,42,RIGHT,RIGHT,2,2,0,41,0.1,MOVE,0
149992,9,2,2,0,41,RIGHT,RIGHT,2,3,0,40,0.09,MOVE,0
149992,10,2,3,0,40,UP,UP,1,3,0,39,0.08,MOVE,0
149992,11,1,3,0,39,RIGHT,RIGHT,1,4,0,38,0.07,MOVE,0
149992,12,1,4,0,38,LEFT,DOWN,1,4,0,37,-4.93,WALL_HIT,0
149992,13,1,4,0,37,RIGHT,RIGHT,1,5,0,36,0.06,MOVE,0
149992,14,1,5,0,36,RIGHT,RIGHT,1,6,0,35,0.05,MOVE,0
149992,15,1,6,0,35,RIGHT,UP,0,6,0,34,0.04,MOVE,0
149992,16,0,6,0,34,RIGHT,RIGHT,0,7,0,33,0.03,MOVE,0
149992,17,0,7,0,33,RIGHT,RIGHT,0,8,0,32,0.02,MOVE,0
149992,18,0,8,0,32,DOWN,DOWN,1,8,0,31,-1.97,MOVE,0
149992,19,1,8,0,31,RIGHT,UP,0,8,0,30,0.02,MOVE,0
149992,20,0,8,0,30,RIGHT,RIGHT,0,9,0,29,0.01,MOVE,0
149992,21,0,9,0,29,RIGHT,RIGHT,0,10,1,28,32.18,KEY_PICKUP,0
149992,22,0,10,1,28,DOWN,DOWN,1,10,1,27,0.17,MOVE,0
149992,23,1,10,1,27,RIGHT,RIGHT,1,11,1,26,0.16,MOVE,0
149992,24,1,11,1,26,DOWN,DOWN,2,11,1,25,0.15,MOVE,0
149992,25,2,11,1,25,RIGHT,RIGHT,2,12,1,24,0.14,MOVE,0
149992,26,2,12,1,24,UP,UP,1,12,1,23,-1.85,MOVE,0
149992,27,1,12,1,23,DOWN,DOWN,2,12,1,22,0.14,MOVE,0
149992,28,2,12,1,22,DOWN,DOWN,3,12,1,21,0.13,MOVE,0
149992,29,3,12,1,21,RIGHT,RIGHT,3,13,1,20,0.12,MOVE,0
149992,30,3,13,1,20,LEFT,LEFT,3,12,1,19,-1.87,MOVE,0
149992,31,3,12,1,19,DOWN,RIGHT,3,13,1,18,0.12,MOVE,0
149992,32,3,13,1,18,DOWN,DOWN,4,13,1,17,0.11,MOVE,0
149992,33,4,13,1,17,DOWN,DOWN,5,13,1,16,0.1,MOVE,0
149992,34,5,13,1,16,DOWN,DOWN,6,13,1,15,0.09,MOVE,0
149992,35,6,13,1,15,DOWN,DOWN,7,13,1,14,0.08,MOVE,0
149992,36,7,13,1,14,DOWN,RIGHT,7,14,1,13,-1.91,MOVE,0
149992,37,7,14,1,13,LEFT,LEFT,7,13,1,12,0.08,MOVE,0
149992,38,7,13,1,12,DOWN,DOWN,8,13,1,11,0.07,MOVE,0
149992,39,8,13,1,11,DOWN,RIGHT,8,14,1,10,-10.92,PENALTY_CELL,0
149992,40,8,14,1,10,DOWN,DOWN,9,14,1,9,0.07,MOVE,0
149992,41,9,14,1,9,RIGHT,RIGHT,9,15,1,8,0.06,MOVE,0
149992,42,9,15,1,8,DOWN,DOWN,10,15,1,7,0.05,MOVE,0
149992,43,10,15,1,7,DOWN,DOWN,11,15,1,6,0.04,MOVE,0
149992,44,11,15,1,6,DOWN,DOWN,12,15,1,5,0.03,MOVE,0
149992,45,12,15,1,5,LEFT,LEFT,12,14,1,4,0.02,MOVE,0
149992,46,12,14,1,4,DOWN,DOWN,13,14,1,3,0.01,DOOR_PASS,0
149992,47,13,14,1,3,DOWN,DOWN,14,14,1,2,100.0,GOAL_REACHED,1
149993,0,0,0,0,50,RIGHT,RIGHT,0,1,0,49,0.11,MOVE,0
149993,1,0,1,0,49,DOWN,DOWN,1,1,0,48,-1.88,MOVE,0
149993,2,1,1,0,48,LEFT,LEFT,1,0,0,47,-1.87,MOVE,0
149993,3,1,0,0,47,RIGHT,RIGHT,1,1,0,46,0.12,MOVE,0
149993,4,1,1,0,46,DOWN,DOWN,2,1,0,45,0.11,MOVE,0
149993,5,2,1,0,45,RIGHT,RIGHT,2,2,0,44,0.1,MOVE,0
149993,6,2,2,0,44,RIGHT,RIGHT,2,3,0,43,0.09,MOVE,0
149993,7,2,3,0,43,LEFT,LEFT,2,2,0,42,-1.9,MOVE,0
149993,8,2,2,0,42,RIGHT,RIGHT,2,3,0,41,0.09,MOVE,0
149993,9,2,3,0,41,UP,UP,1,3,0,40,0.08,MOVE,0
149993,10,1,3,0,40,RIGHT,UP,0,3,0,39,-1.91,MOVE,0
149993,11,0,3,0,39,DOWN,DOWN,1,3,0,38,0.08,MOVE,0
149993,12,1,3,0,38,RIGHT,RIGHT,1,4,0,37,0.07,MOVE,0
149993,13,1,4,0,37,RIGHT,RIGHT,1,5,0,36,0.06,MOVE,0
149993,14,1,5,0,36,RIGHT,RIGHT,1,6,0,35,0.05,MOVE,0
149993,15,1,6,0,35,RIGHT,RIGHT,1,7,0,34,0.04,MOVE,0
149993,16,1,7,0,34,UP,UP,0,7,0,33,0.03,MOVE,0
149993,17,0,7,0,33,RIGHT,RIGHT,0,8,0,32,0.02,MOVE,0
149993,18,0,8,0,32,RIGHT,RIGHT,0,9,0,31,0.01,MOVE,0
149993,19,0,9,0,31,RIGHT,RIGHT,0,10,1,30,32.18,KEY_PICKUP,0
149993,20,0,10,1,30,DOWN,DOWN,1,10,1,29,0.17,MOVE,0
149993,21,1,10,1,29,DOWN,DOWN,2,10,1,28,0.16,MOVE,0
149993,22,2,10,1,28,RIGHT,DOWN,3,10,1,27,0.15,MOVE,0
149993,23,3,10,1,27,RIGHT,RIGHT,3,10,1,26,-4.85,WALL_HIT,0
149993,24,3,10,1,26,DOWN,DOWN,4,10,1,25,0.14,MOVE,0
149993,25,4,10,1,25,UP,UP,3,10,1,24,-1.85,MOVE,0
149993,26,3,10,1,24,DOWN,DOWN,4,10,1,23,0.14,MOVE,0
149993,27,4,10,1,23,RIGHT,UP,3,10,1,22,-1.85,MOVE,0
149993,28,3,10,1,22,DOWN,LEFT,3,9,1,21,-1.84,MOVE,0
149993,29,3,9,1,21,RIGHT,RIGHT,3,10,1,20,0.15,MOVE,0
149993,30,3,10,1,20,DOWN,DOWN,4,10,1,19,0.14,MOVE,0
149993,31,4,10,1,19,DOWN,DOWN,5,10,1,18,0.13,MOVE,0
149993,32,5,10,1,18,RIGHT,RIGHT,5,11,1,17,0.12,MOVE,0
149993,33,5,11,1,17,RIGHT,RIGHT,5,12,1,16,0.11,MOVE,0
149993,34,5,12,1,16,DOWN,DOWN,6,12,1,15,0.1,MOVE,0
149993,35,6,12,1,15,DOWN,DOWN,6,12,1,14,-4.9,WALL_HIT,0
149993,36,6,12,1,14,RIGHT,RIGHT,6,13,1,13,0.09,MOVE,0
149993,37,6,13,1,13,DOWN,DOWN,7,13,1,12,0.08,MOVE,0
149993,38,7,13,1,12,DOWN,DOWN,8,13,1,11,0.07,MOVE,0
149993,39,8,13,1,11,DOWN,DOWN,9,13,1,10,0.06,MOVE,0
149993,40,9,13,1,10,DOWN,DOWN,10,13,1,9,0.05,MOVE,0
149993,41,10,13,1,9,DOWN,RIGHT,10,13,1,8,-4.95,WALL_HIT,0
149993,42,10,13,1,8,DOWN,DOWN,11,13,1,7,0.04,MOVE,0
149993,43,11,13,1,7,DOWN,DOWN,12,13,1,6,0.03,MOVE,0
149993,44,12,13,1,6,RIGHT,RIGHT,12,14,1,5,0.02,MOVE,0
149993,45,12,14,1,5,DOWN,DOWN,13,14,1,4,0.01,DOOR_PASS,0
149993,46,13,14,1,4,DOWN,DOWN,14,14,1,3,100.0,GOAL_REACHED,1
149994,0,0,0,0,50,RIGHT,RIGHT,0,1,0,49,0.11,MOVE,0
149994,1,0,1,0,49,DOWN,DOWN,1,1,0,48,-1.88,MOVE,0
149994,2,1,1,0,48,LEFT,LEFT,1,0,0,47,-1.87,MOVE,0
149994,3,1,0,0,47,RIGHT,RIGHT,1,1,0,46,0.12,MOVE,0
149994,4,1,1,0,46,DOWN,DOWN,2,1,0,45,0.11,MOVE,0
149994,5,2,1,0,45,RIGHT,RIGHT,2,2,0,44,0.1,MOVE,0
149994,6,2,2,0,44,UP,UP,2,2,0,43,-4.9,WALL_HIT,0
149994,7,2,2,0,43,RIGHT,RIGHT,2,3,0,42,0.09,MOVE,0
149994,8,2,3,0,42,UP,UP,1,3,0,41,0.08,MOVE,0
149994,9,1,3,0,41,RIGHT,RIGHT,1,4,0,40,0.07,MOVE,0
149994,10,1,4,0,40,RIGHT,RIGHT,1,5,0,39,0.06,MOVE,0
149994,11,1,5,0,39,UP,UP,0,5,0,38,0.05,MOVE,0
149994,12,0,5,0,38,RIGHT,RIGHT,0,6,0,37,0.04,MOVE,0
149994,13,0,6,0,37,DOWN,DOWN,1,6,0,36,-1.95,MOVE,0
149994,14,1,6,0,36,RIGHT,RIGHT,1,7,0,35,0.04,MOVE,0
149994,15,1,7,0,35,RIGHT,RIGHT,1,8,0,34,0.03,MOVE,0
149994,16,1,8,0,34,UP,UP,0,8,0,33,0.02,MOVE,0
149994,17,0,8,0,33,RIGHT,RIGHT,0,9,0,32,0.01,MOVE,0
149994,18,0,9,0,32,RIGHT,RIGHT,0,10,1,31,32.18,KEY_PICKUP,0
149994,19,0,10,1,31,RIGHT,RIGHT,0,11,1,30,0.17,MOVE,0
149994,20,0,11,1,30,DOWN,RIGHT,0,12,1,29,0.16,MOVE,0
149994,21,0,12,1,29,DOWN,DOWN,1,12,1,28,0.15,MOVE,0
149994,22,1,12,1,28,DOWN,DOWN,2,12,1,27,0.14,MOVE,0
149994,23,2,12,1,27,DOWN,DOWN,3,12,1,26,0.13,MOVE,0
149994,24,3,12,1,26,RIGHT,RIGHT,3,13,1,25,0.12,MOVE,0
149994,25,3,13,1,25,LEFT,LEFT,3,12,1,24,-1.87,MOVE,0
149994,26,3,12,1,24,RIGHT,DOWN,4,12,1,23,0.12,MOVE,0
149994,27,4,12,1,23,DOWN,DOWN,5,12,1,22,0.11,MOVE,0
149994,28,5,12,1,22,RIGHT,RIGHT,5,13,1,21,0.1,MOVE,0
149994,29,5,13,1,21,DOWN,DOWN,6,13,1,20,0.09,MOVE,0
149994,30,6,13,1,20,UP,UP,5,13,1,19,-1.9,MOVE,0
149994,31,5,13,1,19,RIGHT,RIGHT,5,14,1,18,-1.89,MOVE,0
149994,32,5,14,1,18,DOWN,DOWN,6,14,1,17,0.1,MOVE,0
149994,33,6,14,1,17,RIGHT,RIGHT,6,15,1,16,-1.89,MOVE,0
149994,34,6,15,1,16,LEFT,LEFT,6,14,1,15,0.1,MOVE,0
149994,35,6,14,1,15,DOWN,DOWN,7,14,1,14,0.09,MOVE,0
149994,36,7,14,1,14,LEFT,LEFT,7,13,1,13,0.08,MOVE,0
149994,37,7,13,1,13,LEFT,LEFT,7,13,1,12,-4.92,WALL_HIT,0
149994,38,7,13,1,12,DOWN,DOWN,8,13,1,11,0.07,MOVE,0
149994,39,8,13,1,11,DOWN,LEFT,8,13,1,10,-4.93,WALL_HIT,0
149994,40,8,13,1,10,DOWN,DOWN,9,13,1,9,0.06,MOVE,0
149994,41,9,13,1,9,DOWN,DOWN,10,13,1,8,0.05,MOVE,0
149994,42,10,13,1,8,DOWN,DOWN,11,13,1,7,0.04,MOVE,0
149994,43,11,13,1,7,DOWN,DOWN,12,13,1,6,0.03,MOVE,0
149994,44,12,13,1,6,UP,UP,11,13,1,5,-1.96,MOVE,0
149994,45,11,13,1,5,DOWN,DOWN,12,13,1,4,0.03,MOVE,0
149994,46,12,13,1,4,DOWN,LEFT,12,12,1,3,-1.96,MOVE,0
149994,47,12,12,1,3,LEFT,LEFT,12,11,1,2,-1.95,MOVE,0
149994,48,12,11,1,2,RIGHT,RIGHT,12,12,1,1,0.04,MOVE,0
149994,49,12,12,1,1,DOWN,DOWN,13,12,1,0,-17.0,ENERGY_DEPLETED,1
149995,0,0,0,0,50,RIGHT,DOWN,1,0,0,49,-1.87,MOVE,0
149995,1,1,0,0,49,RIGHT,UP,0,0,0,48,0.12,MOVE,0
149995,2,0,0,0,48,RIGHT,DOWN,1,0,0,47,-1.87,MOVE,0
149995,3,1,0,0,47,RIGHT,RIGHT,1,1,0,46,0.12,MOVE,0
149995,4,1,1,0,46,DOWN,DOWN,2,1,0,45,0.11,MOVE,0
149995,5,2,1,0,45,RIGHT,RIGHT,2,2,0,44,0.1,MOVE,0
149995,6,2,2,0,44,RIGHT,RIGHT,2,3,0,43,0.09,MOVE,0
149995,7,2,3,0,43,LEFT,UP,1,3,0,42,0.08,MOVE,0
149995,8,1,3,0,42,RIGHT,RIGHT,1,4,0,41,0.07,MOVE,0
149995,9,1,4,0,41,RIGHT,UP,1,4,0,40,-4.93,WALL_HIT,0
149995,10,1,4,0,40,RIGHT,UP,1,4,0,39,-4.93,WALL_HIT,0
149995,11,1,4,0,39,RIGHT,DOWN,1,4,0,38,-4.93,WALL_HIT,0
149995,12,1,4,0,38,RIGHT,RIGHT,1,5,0,37,0.06,MOVE,0
149995,13,1,5,0,37,RIGHT,RIGHT,1,6,0,36,0.05,MOVE,0
149995,14,1,6,0,36,RIGHT,RIGHT,1,7,0,35,0.04,MOVE,0
149995,15,1,7,0,35,RIGHT,RIGHT,1,8,0,34,0.03,MOVE,0
149995,16,1,8,0,34,UP,UP,0,8,0,33,0.02,MOVE,0
149995,17,0,8,0,33,RIGHT,DOWN,1,8,0,32,-1.97,MOVE,0
149995,18,1,8,0,32,UP,UP,0,8,0,31,0.02,MOVE,0
149995,19,0,8,0,31,RIGHT,RIGHT,0,9,0,30,0.01,MOVE,0
149995,20,0,9,0,30,RIGHT,RIGHT,0,10,1,29,32.18,KEY_PICKUP,0
149995,21,0,10,1,29,DOWN,DOWN,1,10,1,28,0.17,MOVE,0
149995,22,1,10,1,28,RIGHT,RIGHT,1,11,1,27,0.16,MOVE,0
149995,23,1,11,1,27,DOWN,RIGHT,1,12,1,26,0.15,MOVE,0
149995,24,1,12,1,26,DOWN,DOWN,2,12,1,25,0.14,MOVE,0
149995,25,2,12,1,25,DOWN,DOWN,3,12,1,24,0.13,MOVE,0
149995,26,3,12,1,24,RIGHT,RIGHT,3,13,1,23,0.12,MOVE,0
149995,27,3,13,1,23,DOWN,DOWN,4,13,1,22,0.11,MOVE,0
149995,28,4,13,1,22,RIGHT,RIGHT,4,14,1,21,-1.88,MOVE,0
149995,29,4,14,1,21,LEFT,DOWN,5,14,1,20,0.11,MOVE,0
149995,30,5,14,1,20,LEFT,LEFT,5,13,1,19,0.1,MOVE,0
149995,31,5,13,1,19,DOWN,DOWN,6,13,1,18,0.09,MOVE,0
149995,32,6,13,1,18,LEFT,LEFT,6,12,1,17,-1.9,MOVE,0
149995,33,6,12,1,17,LEFT,LEFT,6,11,1,16,-1.89,MOVE,0
149995,34,6,11,1,16,RIGHT,RIGHT,6,12,1,15,0.1,MOVE,0
149995,35,6,12,1,15,DOWN,DOWN,6,12,1,14,-4.9,WALL_HIT,0
149995,36,6,12,1,14,RIGHT,RIGHT,6,13,1,13,0.09,MOVE,0
149995,37,6,13,1,13,DOWN,DOWN,7,13,1,12,0.08,MOVE,0
149995,38,7,13,1,12,DOWN,DOWN,8,13,1,11,0.07,MOVE,0
149995,39,8,13,1,11,DOWN,DOWN,9,13,1,10,0.06,MOVE,0
149995,40,9,13,1,10,DOWN,DOWN,10,13,1,9,0.05,MOVE,0
149995,41,10,13,1,9,DOWN,LEFT,10,12,1,8,-1.94,MOVE,0
149995,42,10,12,1,8,DOWN,DOWN,11,12,1,7,0.05,MOVE,0
149995,43,11,12,1,7,RIGHT,RIGHT,11,13,1,6,0.04,MOVE,0
149995,44,11,13,1,6,DOWN,RIGHT,11,13,1,5,-4.96,WALL_HIT,0
149995,45,11,13,1,5,DOWN,DOWN,12,13,1,4,0.03,MOVE,0
149995,46,12,13,1,4,DOWN,DOWN,12,13,1,3,-4.97,WALL_HIT,0
149995,47,12,13,1,3,RIGHT,RIGHT,12,14,1,2,0.02,MOVE,0
149995,48,12,14,1,2,DOWN,DOWN,13,14,1,1,0.01,DOOR_PASS,0
149995,49,13,14,1,1,DOWN,DOWN,14,14,1,0,100.0,GOAL_REACHED,1
149996,0,0,0,0,50,RIGHT,RIGHT,0,1,0,49,0.11,MOVE,0
149996,1,0,1,0,49,DOWN,LEFT,0,0,0,48,-1.88,MOVE,0
149996,2,0,0,0,48,RIGHT,RIGHT,0,1,0,47,0.11,MOVE,0
149996,3,0,1,0,47,RIGHT,DOWN,1,1,0,46,-1.88,MOVE,0
149996,4,1,1,0,46,DOWN,RIGHT,1,1,0,45,-4.88,WALL_HIT,0
149996,5,1,1,0,45,UP,UP,0,1,0,44,0.11,MOVE,0
149996,6,0,1,0,44,RIGHT,RIGHT,0,2,0,43,0.1,MOVE,0
149996,7,0,2,0,43,RIGHT,RIGHT,0,3,0,42,0.09,MOVE,0
149996,8,0,3,0,42,DOWN,DOWN,1,3,0,41,0.08,MOVE,0
149996,9,1,3,0,41,DOWN,DOWN,2,3,0,40,-1.91,MOVE,0
149996,10,2,3,0,40,UP,UP,1,3,0,39,0.08,MOVE,0
149996,11,1,3,0,39,RIGHT,RIGHT,1,4,0,38,0.07,MOVE,0
149996,12,1,4,0,38,RIGHT,RIGHT,1,5,0,37,0.06,MOVE,0
149996,13,1,5,0,37,RIGHT,RIGHT,1,6,0,36,0.05,MOVE,0
149996,14,1,6,0,36,RIGHT,RIGHT,1,7,0,35,0.04,MOVE,0
149996,15,1,7,0,35,RIGHT,RIGHT,1,8,0,34,0.03,MOVE,0
149996,16,1,8,0,34,UP,UP,0,8,0,33,0.02,MOVE,0
149996,17,0,8,0,33,RIGHT,RIGHT,0,9,0,32,0.01,MOVE,0
149996,18,0,9,0,32,RIGHT,RIGHT,0,10,1,31,32.18,KEY_PICKUP,0
149996,19,0,10,1,31,RIGHT,RIGHT,0,11,1,30,0.17,MOVE,0
149996,20,0,11,1,30,LEFT,LEFT,0,10,1,29,-1.82,MOVE,0
149996,21,0,10,1,29,DOWN,DOWN,1,10,1,28,0.17,MOVE,0
149996,22,1,10,1,28,RIGHT,RIGHT,1,11,1,27,0.16,MOVE,0
149996,23,1,11,1,27,DOWN,DOWN,2,11,1,26,0.15,MOVE,0
149996,24,2,11,1,26,RIGHT,RIGHT,2,12,1,25,0.14,MOVE,0
149996,25,2,12,1,25,DOWN,DOWN,3,12,1,24,0.13,MOVE,0
149996,26,3,12,1,24,RIGHT,RIGHT,3,13,1,23,0.12,MOVE,0
149996,27,3,13,1,23,DOWN,DOWN,4,13,1,22,0.11,MOVE,0
149996,28,4,13,1,22,UP,LEFT,4,12,1,21,-1.88,MOVE,0
149996,29,4,12,1,21,DOWN,DOWN,5,12,1,20,0.11,MOVE,0
149996,30,5,12,1,20,DOWN,DOWN,6,12,1,19,0.1,MOVE,0
149996,31,6,12,1,19,RIGHT,RIGHT,6,13,1,18,0.09,MOVE,0
149996,32,6,13,1,18,LEFT,LEFT,6,12,1,17,-1.9,MOVE,0
149996,33,6,12,1,17,DOWN,DOWN,6,12,1,16,-4.9,WALL_HIT,0
149996,34,6,12,1,16,RIGHT,RIGHT,6,13,1,15,0.09,MOVE,0
149996,35,6,13,1,15,DOWN,LEFT,6,12,1,14,-1.9,MOVE,0
149996,36,6,12,1,14,RIGHT,UP,5,12,1,13,-1.89,MOVE,0
149996,37,5,12,1,13,DOWN,DOWN,6,12,1,12,0.1,MOVE,0
149996,38,6,12,1,12,RIGHT,UP,5,12,1,11,-1.89,MOVE,0
149996,39,5,12,1,11,RIGHT,RIGHT,5,13,1,10,0.1,MOVE,0
149996,40,5,13,1,10,DOWN,DOWN,6,13,1,9,0.09,MOVE,0
149996,41,6,13,1,9,DOWN,DOWN,7,13,1,8,0.08,MOVE,0
149996,42,7,13,1,8,DOWN,DOWN,8,13,1,7,0.07,MOVE,0
149996,43,8,13,1,7,DOWN,DOWN,9,13,1,6,0.06,MOVE,0
149996,44,9,13,1,6,DOWN,DOWN,10,13,1,5,0.05,MOVE,0
149996,45,10,13,1,5,DOWN,DOWN,11,13,1,4,0.04,MOVE,0
149996,46,11,13,1,4,DOWN,DOWN,12,13,1,3,0.03,MOVE,0
149996,47,12,13,1,3,RIGHT,RIGHT,12,14,1,2,0.02,MOVE,0
149996,48,12,14,1,2,DOWN,DOWN,13,14,1,1,0.01,DOOR_PASS,0
149996,49,13,14,1,1,DOWN,DOWN,14,14,1,0,100.0,GOAL_REACHED,1
149997,0,0,0,0,50,RIGHT,RIGHT,0,1,0,49,0.11,MOVE,0
149997,1,0,1,0,49,DOWN,DOWN,1,1,0,48,-1.88,MOVE,0
149997,2,1,1,0,48,LEFT,LEFT,1,0,0,47,-1.87,MOVE,0
149997,3,1,0,0,47,UP,UP,0,0,0,46,0.12,MOVE,0
149997,4,0,0,0,46,RIGHT,DOWN,1,0,0,45,-1.87,MOVE,0
149997,5,1,0,0,45,RIGHT,RIGHT,1,1,0,44,0.12,MOVE,0
149997,6,1,1,0,44,UP,UP,0,1,0,43,0.11,MOVE,0
149997,7,0,1,0,43,RIGHT,RIGHT,0,2,0,42,0.1,MOVE,0
149997,8,0,2,0,42,RIGHT,RIGHT,0,3,0,41,0.09,MOVE,0
149997,9,0,3,0,41,DOWN,DOWN,1,3,0,40,0.08,MOVE,0
149997,10,1,3,0,40,RIGHT,RIGHT,1,4,0,39,0.07,MOVE,0
149997,11,1,4,0,39,RIGHT,RIGHT,1,5,0,38,0.06,MOVE,0
149997,12,1,5,0,38,UP,UP,0,5,0,37,0.05,MOVE,0
149997,13,0,5,0,37,RIGHT,RIGHT,0,6,0,36,0.04,MOVE,0
149997,14,0,6,0,36,DOWN,DOWN,1,6,0,35,-1.95,MOVE,0
149997,15,1,6,0,35,RIGHT,RIGHT,1,7,0,34,0.04,MOVE,0
149997,16,1,7,0,34,UP,RIGHT,1,8,0,33,0.03,MOVE,0
149997,17,1,8,0,33,UP,RIGHT,1,9,0,32,0.02,MOVE,0
149997,18,1,9,0,32,UP,UP,0,9,0,31,0.01,MOVE,0
149997,19,0,9,0,31,RIGHT,DOWN,1,9,0,30,-1.98,MOVE,0
149997,20,1,9,0,30,UP,UP,0,9,0,29,0.01,MOVE,0
149997,21,0,9,0,29,RIGHT,RIGHT,0,10,1,28,32.18,KEY_PICKUP,0
149997,22,0,10,1,28,DOWN,RIGHT,0,11,1,27,0.17,MOVE,0
149997,23,0,11,1,27,DOWN,DOWN,1,11,1,26,0.16,MOVE,0
149997,24,1,11,1,26,DOWN,DOWN,2,11,1,25,0.15,MOVE,0
149997,25,2,11,1,25,RIGHT,RIGHT,2,12,1,24,0.14,MOVE,0
149997,26,2,12,1,24,DOWN,DOWN,3,12,1,23,0.13,MOVE,0
149997,27,3,12,1,23,DOWN,LEFT,3,12,1,22,-4.87,WALL_HIT,0
149997,28,3,12,1,22,LEFT,LEFT,3,12,1,21,-4.87,WALL_HIT,0
149997,29,3,12,1,21,RIGHT,RIGHT,3,13,1,20,0.12,MOVE,0
149997,30,3,13,1,20,LEFT,LEFT,3,12,1,19,-1.87,MOVE,0
149997,31,3,12,1,19,DOWN,RIGHT,3,13,1,18,0.12,MOVE,0
149997,32,3,13,1,18,UP,RIGHT,3,14,1,17,-1.87,MOVE,0
149997,33,3,14,1,17,DOWN,DOWN,4,14,1,16,0.12,MOVE,0
149997,34,4,14,1,16,LEFT,LEFT,4,13,1,15,0.11,MOVE,0
149997,35,4,13,1,15,DOWN,DOWN,5,13,1,14,0.1,MOVE,0
149997,36,5,13,1,14,DOWN,DOWN,6,13,1,13,0.09,MOVE,0
149997,37,6,13,1,13,DOWN,DOWN,7,13,1,12,0.08,MOVE,0
149997,38,7,13,1,12,DOWN,DOWN,8,13,1,11,0.07,MOVE,0
149997,39,8,13,1,11,DOWN,DOWN,9,13,1,10,0.06,MOVE,0
149997,40,9,13,1,10,DOWN,DOWN,10,13,1,9,0.05,MOVE,0
149997,41,10,13,1,9,DOWN,DOWN,11,13,1,8,0.04,MOVE,0
149997,42,11,13,1,8,DOWN,DOWN,12,13,1,7,0.03,MOVE,0
149997,43,12,13,1,7,RIGHT,RIGHT,12,14,1,6,0.02,MOVE,0
149997,44,12,14,1,6,DOWN,DOWN,13,14,1,5,0.01,DOOR_PASS,0
149997,45,13,14,1,5,DOWN,DOWN,14,14,1,4,100.0,GOAL_REACHED,1
149998,0,0,0,0,50,RIGHT,RIGHT,0,1,0,49,0.11,MOVE,0
149998,1,0,1,0,49,DOWN,RIGHT,0,2,0,48,0.1,MOVE,0
149998,2,0,2,0,48,LEFT,LEFT,0,1,0,47,-1.89,MOVE,0
149998,3,0,1,0,47,RIGHT,DOWN,1,1,0,46,-1.88,MOVE,0
149998,4,1,1,0,46,DOWN,DOWN,2,1,0,45,0.11,MOVE,0
149998,5,2,1,0,45,RIGHT,RIGHT,2,2,0,44,0.1,MOVE,0
149998,6,2,2,0,44,RIGHT,RIGHT,2,3,0,43,0.09,MOVE,0
149998,7,2,3,0,43,LEFT,LEFT,2,2,0,42,-1.9,MOVE,0
149998,8,2,2,0,42,RIGHT,UP,2,2,0,41,-4.9,WALL_HIT,0
149998,9,2,2,0,41,RIGHT,UP,2,2,0,40,-4.9,WALL_HIT,0
149998,10,2,2,0,40,RIGHT,RIGHT,2,3,0,39,0.09,MOVE,0
149998,11,2,3,0,39,UP,UP,1,3,0,38,0.08,MOVE,0
149998,12,1,3,0,38,RIGHT,RIGHT,1,4,0,37,0.07,MOVE,0
149998,13,1,4,0,37,RIGHT,RIGHT,1,5,0,36,0.06,MOVE,0
149998,14,1,5,0,36,RIGHT,DOWN,1,5,0,35,-4.94,WALL_HIT,0
149998,15,1,5,0,35,UP,UP,0,5,0,34,0.05,MOVE,0
149998,16,0,5,0,34,RIGHT,RIGHT,0,6,0,33,0.04,MOVE,0
149998,17,0,6,0,33,RIGHT,RIGHT,0,7,0,32,0.03,MOVE,0
149998,18,0,7,0,32,DOWN,RIGHT,0,8,0,31,0.02,MOVE,0
149998,19,0,8,0,31,RIGHT,RIGHT,0,9,0,30,0.01,MOVE,0
149998,20,0,9,0,30,LEFT,LEFT,0,8,0,29,-1.98,MOVE,0
149998,21,0,8,0,29,RIGHT,RIGHT,0,9,0,28,0.01,MOVE,0
149998,22,0,9,0,28,RIGHT,RIGHT,0,10,1,27,32.18,KEY_PICKUP,0
149998,23,0,10,1,27,DOWN,DOWN,1,10,1,26,0.17,MOVE,0
149998,24,1,10,1,26,DOWN,DOWN,2,10,1,25,0.16,MOVE,0
149998,25,2,10,1,25,DOWN,DOWN,3,10,1,24,0.15,MOVE,0
149998,26,3,10,1,24,DOWN,DOWN,4,10,1,23,0.14,MOVE,0
149998,27,4,10,1,23,RIGHT,RIGHT,4,11,1,22,0.13,MOVE,0
149998,28,4,11,1,22,RIGHT,UP,4,11,1,21,-4.87,WALL_HIT,0
149998,29,4,11,1,21,DOWN,DOWN,5,11,1,20,0.12,MOVE,0
149998,30,5,11,1,20,DOWN,RIGHT,5,12,1,19,0.11,MOVE,0
149998,31,5,12,1,19,DOWN,DOWN,6,12,1,18,0.1,MOVE,0
149998,32,6,12,1,18,RIGHT,RIGHT,6,13,1,17,0.09,MOVE,0
149998,33,6,13,1,17,DOWN,LEFT,6,12,1,16,-1.9,MOVE,0
149998,34,6,12,1,16,RIGHT,RIGHT,6,13,1,15,0.09,MOVE,0
149998,35,6,13,1,15,DOWN,RIGHT,6,14,1,14,-1.9,MOVE,0
149998,36,6,14,1,14,LEFT,LEFT,6,13,1,13,0.09,MOVE,0
149998,37,6,13,1,13,DOWN,DOWN,7,13,1,12,0.08,MOVE,0
149998,38,7,13,1,12,DOWN,DOWN,8,13,1,11,0.07,MOVE,0
149998,39,8,13,1,11,DOWN,RIGHT,8,14,1,10,-10.92,PENALTY_CELL,0
149998,40,8,14,1,10,DOWN,DOWN,9,14,1,9,0.07,MOVE,0
149998,41,9,14,1,9,RIGHT,RIGHT,9,15,1,8,0.06,MOVE,0
149998,42,9,15,1,8,DOWN,DOWN,10,15,1,7,0.05,MOVE,0
149998,43,10,15,1,7,DOWN,DOWN,11,15,1,6,0.04,MOVE,0
149998,44,11,15,1,6,DOWN,DOWN,12,15,1,5,0.03,MOVE,0
149998,45,12,15,1,5,LEFT,LEFT,12,14,1,4,0.02,MOVE,0
149998,46,12,14,1,4,DOWN,LEFT,12,13,1,3,-1.97,MOVE,0
149998,47,12,13,1,3,RIGHT,RIGHT,12,14,1,2,0.02,MOVE,0
149998,48,12,14,1,2,DOWN,LEFT,12,13,1,1,-1.97,MOVE,0
149998,49,12,13,1,1,UP,UP,11,13,1,0,-18.0,ENERGY_DEPLETED,1
149999,0,0,0,0,50,RIGHT,RIGHT,0,1,0,49,0.11,MOVE,0
149999,1,0,1,0,49,DOWN,DOWN,1,1,0,48,-1.88,MOVE,0
149999,2,1,1,0,48,LEFT,LEFT,1,0,0,47,-1.87,MOVE,0
149999,3,1,0,0,47,RIGHT,RIGHT,1,1,0,46,0.12,MOVE,0
149999,4,1,1,0,46,DOWN,DOWN,2,1,0,45,0.11,MOVE,0
149999,5,2,1,0,45,RIGHT,RIGHT,2,2,0,44,0.1,MOVE,0
149999,6,2,2,0,44,RIGHT,RIGHT,2,3,0,43,0.09,MOVE,0
149999,7,2,3,0,43,DOWN,DOWN,3,3,0,42,-1.9,MOVE,0
149999,8,3,3,0,42,UP,UP,2,3,0,41,0.09,MOVE,0
149999,9,2,3,0,41,UP,UP,1,3,0,40,0.08,MOVE,0
149999,10,1,3,0,40,RIGHT,RIGHT,1,4,0,39,0.07,MOVE,0
149999,11,1,4,0,39,RIGHT,RIGHT,1,5,0,38,0.06,MOVE,0
149999,12,1,5,0,38,UP,UP,0,5,0,37,0.05,MOVE,0
149999,13,0,5,0,37,RIGHT,UP,0,5,0,36,-4.95,WALL_HIT,0
149999,14,0,5,0,36,RIGHT,UP,0,5,0,35,-4.95,WALL_HIT,0
149999,15,0,5,0,35,RIGHT,DOWN,1,5,0,34,-1.94,MOVE,0
149999,16,1,5,0,34,RIGHT,RIGHT,1,6,0,33,0.05,MOVE,0
149999,17,1,6,0,33,RIGHT,DOWN,2,6,0,32,-1.94,MOVE,0
149999,18,2,6,0,32,UP,LEFT,2,6,0,31,-4.94,WALL_HIT,0
149999,19,2,6,0,31,RIGHT,RIGHT,2,7,0,30,0.05,MOVE,0
149999,20,2,7,0,30,RIGHT,RIGHT,2,8,0,29,0.04,MOVE,0
149999,21,2,8,0,29,UP,UP,1,8,0,28,0.03,MOVE,0
149999,22,1,8,0,28,RIGHT,RIGHT,1,9,0,27,0.02,MOVE,0
149999,23,1,9,0,27,UP,UP,0,9,0,26,0.01,MOVE,0
149999,24,0,9,0,26,RIGHT,RIGHT,0,10,1,25,32.18,KEY_PICKUP,0
149999,25,0,10,1,25,DOWN,DOWN,1,10,1,24,0.17,MOVE,0
149999,26,1,10,1,24,DOWN,DOWN,2,10,1,23,0.16,MOVE,0
149999,27,2,10,1,23,DOWN,DOWN,3,10,1,22,0.15,MOVE,0
149999,28,3,10,1,22,DOWN,DOWN,4,10,1,21,0.14,MOVE,0
149999,29,4,10,1,21,RIGHT,RIGHT,4,11,1,20,0.13,MOVE,0
149999,30,4,11,1,20,DOWN,RIGHT,4,12,1,19,0.12,MOVE,0
149999,31,4,12,1,19,DOWN,LEFT,4,11,1,18,-1.87,MOVE,0
149999,32,4,11,1,18,DOWN,DOWN,5,11,1,17,0.12,MOVE,0
149999,33,5,11,1,17,RIGHT,RIGHT,5,12,1,16,0.11,MOVE,0
149999,34,5,12,1,16,DOWN,DOWN,6,12,1,15,0.1,MOVE,0
149999,35,6,12,1,15,DOWN,DOWN,6,12,1,14,-4.9,WALL_HIT,0
149999,36,6,12,1,14,RIGHT,RIGHT,6,13,1,13,0.09,MOVE,0
149999,37,6,13,1,13,DOWN,DOWN,7,13,1,12,0.08,MOVE,0
149999,38,7,13,1,12,DOWN,DOWN,8,13,1,11,0.07,MOVE,0
149999,39,8,13,1,11,DOWN,DOWN,9,13,1,10,0.06,MOVE,0
149999,40,9,13,1,10,DOWN,DOWN,10,13,1,9,0.05,MOVE,0
149999,41,10,13,1,9,DOWN,DOWN,11,13,1,8,0.04,MOVE,0
149999,42,11,13,1,8,DOWN,LEFT,11,12,1,7,-1.95,MOVE,0
149999,43,11,12,1,7,RIGHT,RIGHT,11,13,1,6,0.04,MOVE,0
149999,44,11,13,1,6,DOWN,DOWN,12,13,1,5,0.03,MOVE,0
149999,45,12,13,1,5,RIGHT,RIGHT,12,14,1,4,0.02,MOVE,0
149999,46,12,14,1,4,DOWN,DOWN,13,14,1,3,0.01,DOOR_PASS,0
149999,47,13,14,1,3,RIGHT,RIGHT,13,14,1,2,-4.99,WALL_HIT,0
149999,48,13,14,1,2,DOWN,DOWN,14,14,1,1,100.0,GOAL_REACHED,1
